{"textures":{"0":"modelengine:entity/alex"},"elements":[{"name":"left arm","from":[6.8,1.9999998,6.8],"to":[8.6,9.2,9.2],"rotation":{"angle":0.0,"axis":"x","origin":[11.0,-5.200001,8.0]},"faces":{"down":{"uv":[10.5,12.0,9.75,13.0],"rotation":0,"texture":"#0","tintindex":0},"east":{"uv":[8.0,13.0,9.0,16.0],"rotation":0,"texture":"#0","tintindex":0},"north":{"uv":[9.0,13.0,9.75,16.0],"rotation":0,"texture":"#0","tintindex":0},"south":{"uv":[10.75,13.0,11.5,16.0],"rotation":0,"texture":"#0","tintindex":0},"up":{"uv":[9.75,13.0,9.0,12.0],"rotation":0,"texture":"#0","tintindex":0},"west":{"uv":[9.75,13.0,10.75,16.0],"rotation":0,"texture":"#0","tintindex":0}}}],"display":{"head":{"translation":[0.0,-6.4,0.0],"rotation":[0.0,0.0,0.0],"scale":[3.8095,3.8095,3.8095]}}}