{"textures":{"0":"modelengine:entity/alex"},"elements":[{"name":"right arm","from":[7.4,1.9999998,6.8],"to":[9.2,9.2,9.2],"rotation":{"angle":0.0,"axis":"x","origin":[7.4,8.0,8.0]},"faces":{"down":{"uv":[12.5,4.0,11.75,5.0],"rotation":0,"texture":"#0","tintindex":0},"east":{"uv":[10.0,5.0,11.0,8.0],"rotation":0,"texture":"#0","tintindex":0},"north":{"uv":[11.0,5.0,11.75,8.0],"rotation":0,"texture":"#0","tintindex":0},"south":{"uv":[12.75,5.0,13.5,8.0],"rotation":0,"texture":"#0","tintindex":0},"up":{"uv":[11.75,5.0,11.0,4.0],"rotation":0,"texture":"#0","tintindex":0},"west":{"uv":[11.75,5.0,12.75,8.0],"rotation":0,"texture":"#0","tintindex":0}}}],"display":{"head":{"translation":[0.0,-6.4,0.0],"rotation":[0.0,0.0,0.0],"scale":[3.8095,3.8095,3.8095]}}}