{"textures":{"1":"modelengine:entity/armor"},"elements":[{"from":[7.5,9.0,3.0],"to":[8.5,10.0,5.0],"faces":{"east":{"uv":[4.0,7.25,4.5,7.5],"tintindex":0,"rotation":0,"texture":"#1"},"south":{"uv":[9.0,8.5,9.25,8.75],"tintindex":0,"rotation":0,"texture":"#1"},"north":{"uv":[8.25,6.0,8.5,6.25],"tintindex":0,"rotation":0,"texture":"#1"},"west":{"uv":[10.5,1.25,11.0,1.5],"tintindex":0,"rotation":0,"texture":"#1"},"up":{"uv":[3.5,6.75,3.25,6.25],"tintindex":0,"rotation":0,"texture":"#1"},"down":{"uv":[3.5,6.75,3.25,7.25],"tintindex":0,"rotation":0,"texture":"#1"}}},{"from":[5.75,8.0,7.25],"to":[10.25,11.0,9.25],"faces":{"east":{"uv":[11.5,6.75,12.0,7.5],"tintindex":0,"rotation":0,"texture":"#1"},"south":{"uv":[9.75,7.75,11.0,8.5],"tintindex":0,"rotation":0,"texture":"#1"},"north":{"uv":[9.75,7.0,11.0,7.75],"tintindex":0,"rotation":0,"texture":"#1"},"west":{"uv":[7.75,11.5,8.25,12.25],"tintindex":0,"rotation":0,"texture":"#1"},"up":{"uv":[12.0,4.75,10.75,4.25],"tintindex":0,"rotation":0,"texture":"#1"},"down":{"uv":[12.0,4.75,10.75,5.25],"tintindex":0,"rotation":0,"texture":"#1"}}},{"from":[5.75,11.0,4.75],"to":[10.25,13.0,9.25],"faces":{"east":{"uv":[10.75,2.75,12.0,3.25],"tintindex":0,"rotation":0,"texture":"#1"},"south":{"uv":[10.75,3.25,12.0,3.75],"tintindex":0,"rotation":0,"texture":"#1"},"north":{"uv":[10.75,2.25,12.0,2.75],"tintindex":0,"rotation":0,"texture":"#1"},"west":{"uv":[10.75,3.75,12.0,4.25],"tintindex":0,"rotation":0,"texture":"#1"},"up":{"uv":[9.75,6.25,8.5,5.0],"tintindex":0,"rotation":0,"texture":"#1"},"down":{"uv":[9.25,8.75,8.0,10.0],"tintindex":0,"rotation":0,"texture":"#1"}}},{"from":[6.0,8.0,5.0],"to":[10.0,12.0,9.0],"faces":{"east":{"uv":[9.25,9.5,10.25,10.5],"tintindex":0,"rotation":0,"texture":"#1"},"south":{"uv":[9.75,2.25,10.75,3.25],"tintindex":0,"rotation":0,"texture":"#1"},"north":{"uv":[0.0,9.5,1.0,10.5],"tintindex":0,"rotation":0,"texture":"#1"},"west":{"uv":[9.75,3.25,10.75,4.25],"tintindex":0,"rotation":0,"texture":"#1"},"up":{"uv":[10.75,5.25,9.75,4.25],"tintindex":0,"rotation":0,"texture":"#1"},"down":{"uv":[10.75,5.25,9.75,6.25],"tintindex":0,"rotation":0,"texture":"#1"}}}],"display":{"gui":{"rotation":[30,225,0]}}}