{"textures":{"1":"modelengine:entity/armor"},"elements":[{"from":[7.0,1.0,7.0],"to":[9.0,8.0,9.0],"faces":{"east":{"uv":[5.75,10.0,6.25,11.75],"tintindex":0,"rotation":0,"texture":"#1"},"south":{"uv":[6.25,10.0,6.75,11.75],"tintindex":0,"rotation":0,"texture":"#1"},"north":{"uv":[4.75,10.0,5.25,11.75],"tintindex":0,"rotation":0,"texture":"#1"},"west":{"uv":[6.75,10.0,7.25,11.75],"tintindex":0,"rotation":0,"texture":"#1"},"up":{"uv":[12.25,8.75,11.75,8.25],"tintindex":0,"rotation":0,"texture":"#1"},"down":{"uv":[12.25,8.75,11.75,9.25],"tintindex":0,"rotation":0,"texture":"#1"}}}],"display":{"gui":{"rotation":[30,225,0]}}}