{"textures":{"1":"modelengine:entity/armor"},"elements":[{"from":[7.0,5.0,7.0],"to":[9.0,10.0,9.0],"faces":{"east":{"uv":[9.75,10.5,10.25,11.75],"tintindex":0,"rotation":0,"texture":"#1"},"south":{"uv":[10.5,10.0,11.0,11.25],"tintindex":0,"rotation":0,"texture":"#1"},"north":{"uv":[9.25,10.5,9.75,11.75],"tintindex":0,"rotation":0,"texture":"#1"},"west":{"uv":[1.0,10.75,1.5,12.0],"tintindex":0,"rotation":0,"texture":"#1"},"up":{"uv":[1.0,12.25,0.5,11.75],"tintindex":0,"rotation":0,"texture":"#1"},"down":{"uv":[4.25,11.75,3.75,12.25],"tintindex":0,"rotation":0,"texture":"#1"}}}],"display":{"gui":{"rotation":[30,225,0]}}}