{"textures":{"1":"modelengine:entity/armor"},"elements":[{"from":[6.0,1.0,3.0],"to":[10.0,2.25,10.25],"faces":{"east":{"uv":[11.5,1.25,13.25,1.5],"tintindex":0,"rotation":0,"texture":"#1"},"south":{"uv":[2.75,11.75,3.75,12.0],"tintindex":0,"rotation":0,"texture":"#1"},"north":{"uv":[1.75,11.75,2.75,12.0],"tintindex":0,"rotation":0,"texture":"#1"},"west":{"uv":[11.5,1.5,13.25,1.75],"tintindex":0,"rotation":0,"texture":"#1"},"up":{"uv":[9.0,5.0,8.0,3.25],"tintindex":0,"rotation":0,"texture":"#1"},"down":{"uv":[9.0,7.0,8.0,8.75],"tintindex":0,"rotation":0,"texture":"#1"}}},{"from":[7.0,2.0,7.0],"to":[9.0,8.0,9.0],"faces":{"east":{"uv":[2.75,10.25,3.25,11.75],"tintindex":0,"rotation":0,"texture":"#1"},"south":{"uv":[3.25,10.25,3.75,11.75],"tintindex":0,"rotation":0,"texture":"#1"},"north":{"uv":[2.25,10.25,2.75,11.75],"tintindex":0,"rotation":0,"texture":"#1"},"west":{"uv":[10.25,8.5,10.75,10.0],"tintindex":0,"rotation":0,"texture":"#1"},"up":{"uv":[12.0,11.75,11.5,11.25],"tintindex":0,"rotation":0,"texture":"#1"},"down":{"uv":[0.5,11.75,0.0,12.25],"tintindex":0,"rotation":0,"texture":"#1"}}},{"from":[6.5,1.0,4.0],"to":[9.5,2.0,10.0],"faces":{"east":{"uv":[11.5,5.5,13.0,5.75],"tintindex":0,"rotation":0,"texture":"#1"},"south":{"uv":[12.0,0.25,12.75,0.5],"tintindex":0,"rotation":0,"texture":"#1"},"north":{"uv":[12.0,0.0,12.75,0.25],"tintindex":0,"rotation":0,"texture":"#1"},"west":{"uv":[11.5,5.75,13.0,6.0],"tintindex":0,"rotation":0,"texture":"#1"},"up":{"uv":[10.0,1.5,9.25,0.0],"tintindex":0,"rotation":0,"texture":"#1"},"down":{"uv":[1.75,9.25,1.0,10.75],"tintindex":0,"rotation":0,"texture":"#1"}}},{"from":[6.0,2.0,6.0],"to":[10.0,10.0,10.0],"faces":{"east":{"uv":[1.0,7.25,2.0,9.25],"tintindex":0,"rotation":0,"texture":"#1"},"south":{"uv":[2.0,7.25,3.0,9.25],"tintindex":0,"rotation":0,"texture":"#1"},"north":{"uv":[7.0,7.0,8.0,9.0],"tintindex":0,"rotation":0,"texture":"#1"},"west":{"uv":[3.0,7.25,4.0,9.25],"tintindex":0,"rotation":0,"texture":"#1"},"up":{"uv":[3.75,10.25,2.75,9.25],"tintindex":0,"rotation":0,"texture":"#1"},"down":{"uv":[10.25,8.5,9.25,9.5],"tintindex":0,"rotation":0,"texture":"#1"}}}],"display":{"gui":{"rotation":[30,225,0]}}}