{"textures":{"1":"modelengine:entity/armor"},"elements":[{"from":[8.0,5.0,7.0],"to":[10.0,9.0,9.0],"faces":{"east":{"uv":[11.0,0.0,11.5,1.0],"tintindex":0,"rotation":0,"texture":"#1"},"south":{"uv":[11.0,1.0,11.5,2.0],"tintindex":0,"rotation":0,"texture":"#1"},"north":{"uv":[10.75,8.5,11.25,9.5],"tintindex":0,"rotation":0,"texture":"#1"},"west":{"uv":[11.0,6.75,11.5,7.75],"tintindex":0,"rotation":0,"texture":"#1"},"up":{"uv":[4.75,12.25,4.25,11.75],"tintindex":0,"rotation":0,"texture":"#1"},"down":{"uv":[5.25,11.75,4.75,12.25],"tintindex":0,"rotation":0,"texture":"#1"}}}],"display":{"gui":{"rotation":[30,225,0]}}}