{"textures":{"1":"modelengine:entity/armor"},"elements":[{"from":[7.0,1.0,7.0],"to":[9.0,8.0,9.0],"faces":{"east":{"uv":[5.25,9.5,5.75,11.25],"tintindex":0,"rotation":0,"texture":"#1"},"south":{"uv":[3.75,10.0,4.25,11.75],"tintindex":0,"rotation":0,"texture":"#1"},"north":{"uv":[4.5,5.25,5.0,7.0],"tintindex":0,"rotation":0,"texture":"#1"},"west":{"uv":[4.25,10.0,4.75,11.75],"tintindex":0,"rotation":0,"texture":"#1"},"up":{"uv":[6.25,12.25,5.75,11.75],"tintindex":0,"rotation":0,"texture":"#1"},"down":{"uv":[6.75,11.75,6.25,12.25],"tintindex":0,"rotation":0,"texture":"#1"}}}],"display":{"gui":{"rotation":[30,225,0]}}}