{"textures":{"1":"modelengine:entity/armor"},"elements":[{"from":[7.0,5.0,7.0],"to":[9.0,10.0,9.0],"faces":{"east":{"uv":[10.5,0.0,11.0,1.25],"tintindex":0,"rotation":0,"texture":"#1"},"south":{"uv":[0.5,10.5,1.0,11.75],"tintindex":0,"rotation":0,"texture":"#1"},"north":{"uv":[0.0,10.5,0.5,11.75],"tintindex":0,"rotation":0,"texture":"#1"},"west":{"uv":[7.25,10.5,7.75,11.75],"tintindex":0,"rotation":0,"texture":"#1"},"up":{"uv":[12.0,10.75,11.5,10.25],"tintindex":0,"rotation":0,"texture":"#1"},"down":{"uv":[12.0,10.75,11.5,11.25],"tintindex":0,"rotation":0,"texture":"#1"}}}],"display":{"gui":{"rotation":[30,225,0]}}}