{"textures":{"1":"modelengine:entity/armor"},"elements":[{"from":[6.0,2.0,6.0],"to":[10.0,10.0,10.0],"faces":{"east":{"uv":[7.0,0.0,8.0,2.0],"tintindex":0,"rotation":0,"texture":"#1"},"south":{"uv":[7.0,2.0,8.0,4.0],"tintindex":0,"rotation":0,"texture":"#1"},"north":{"uv":[3.5,5.25,4.5,7.25],"tintindex":0,"rotation":0,"texture":"#1"},"west":{"uv":[6.0,7.0,7.0,9.0],"tintindex":0,"rotation":0,"texture":"#1"},"up":{"uv":[8.0,5.0,7.0,4.0],"tintindex":0,"rotation":0,"texture":"#1"},"down":{"uv":[2.75,9.25,1.75,10.25],"tintindex":0,"rotation":0,"texture":"#1"}}},{"from":[6.0,1.0,3.0],"to":[10.0,2.25,10.25],"faces":{"east":{"uv":[11.25,9.25,13.0,9.5],"tintindex":0,"rotation":0,"texture":"#1"},"south":{"uv":[11.5,10.0,12.5,10.25],"tintindex":0,"rotation":0,"texture":"#1"},"north":{"uv":[11.5,7.5,12.5,7.75],"tintindex":0,"rotation":0,"texture":"#1"},"west":{"uv":[11.5,1.0,13.25,1.25],"tintindex":0,"rotation":0,"texture":"#1"},"up":{"uv":[1.0,9.5,0.0,7.75],"tintindex":0,"rotation":0,"texture":"#1"},"down":{"uv":[9.0,1.5,8.0,3.25],"tintindex":0,"rotation":0,"texture":"#1"}}},{"from":[6.5,1.0,4.0],"to":[9.5,2.0,10.0],"faces":{"east":{"uv":[11.5,1.75,13.0,2.0],"tintindex":0,"rotation":0,"texture":"#1"},"south":{"uv":[11.5,11.75,12.25,12.0],"tintindex":0,"rotation":0,"texture":"#1"},"north":{"uv":[10.25,6.75,11.0,7.0],"tintindex":0,"rotation":0,"texture":"#1"},"west":{"uv":[11.5,5.25,13.0,5.5],"tintindex":0,"rotation":0,"texture":"#1"},"up":{"uv":[9.75,8.5,9.0,7.0],"tintindex":0,"rotation":0,"texture":"#1"},"down":{"uv":[8.0,9.0,7.25,10.5],"tintindex":0,"rotation":0,"texture":"#1"}}},{"from":[7.0,2.0,7.0],"to":[9.0,8.0,9.0],"faces":{"east":{"uv":[8.0,10.0,8.5,11.5],"tintindex":0,"rotation":0,"texture":"#1"},"south":{"uv":[8.5,10.0,9.0,11.5],"tintindex":0,"rotation":0,"texture":"#1"},"north":{"uv":[10.0,0.0,10.5,1.5],"tintindex":0,"rotation":0,"texture":"#1"},"west":{"uv":[1.75,10.25,2.25,11.75],"tintindex":0,"rotation":0,"texture":"#1"},"up":{"uv":[5.0,7.5,4.5,7.0],"tintindex":0,"rotation":0,"texture":"#1"},"down":{"uv":[9.0,11.5,8.5,12.0],"tintindex":0,"rotation":0,"texture":"#1"}}}],"display":{"gui":{"rotation":[30,225,0]}}}