{"textures":{"1":"modelengine:entity/armor"},"elements":[{"from":[4.0,8.0,5.0],"to":[12.0,13.0,6.0],"faces":{"east":{"uv":[1.5,10.75,1.75,12.0],"tintindex":0,"rotation":0,"texture":"#1"},"south":{"uv":[5.0,3.75,7.0,5.0],"tintindex":0,"rotation":0,"texture":"#1"},"north":{"uv":[5.0,2.5,7.0,3.75],"tintindex":0,"rotation":0,"texture":"#1"},"west":{"uv":[8.25,11.5,8.5,12.75],"tintindex":0,"rotation":0,"texture":"#1"},"up":{"uv":[12.75,6.25,10.75,6.0],"tintindex":0,"rotation":0,"texture":"#1"},"down":{"uv":[13.0,2.0,11.0,2.25],"tintindex":0,"rotation":0,"texture":"#1"}}},{"from":[3.25,13.25,5.25],"to":[12.75,17.25,10.25],"faces":{"east":{"uv":[4.0,9.0,5.25,10.0],"tintindex":0,"rotation":0,"texture":"#1"},"south":{"uv":[6.0,5.0,8.5,6.0],"tintindex":0,"rotation":0,"texture":"#1"},"north":{"uv":[1.0,5.25,3.5,6.25],"tintindex":0,"rotation":0,"texture":"#1"},"west":{"uv":[6.0,9.0,7.25,10.0],"tintindex":0,"rotation":0,"texture":"#1"},"up":{"uv":[2.5,5.25,0.0,4.0],"tintindex":0,"rotation":0,"texture":"#1"},"down":{"uv":[5.0,4.0,2.5,5.25],"tintindex":0,"rotation":0,"texture":"#1"}}},{"from":[3.5,7.0,6.0],"to":[12.5,17.0,10.0],"faces":{"east":{"uv":[5.0,5.0,6.0,7.5],"tintindex":0,"rotation":0,"texture":"#1"},"south":{"uv":[2.25,0.0,4.5,2.5],"tintindex":0,"rotation":0,"texture":"#1"},"north":{"uv":[0.0,0.0,2.25,2.5],"tintindex":0,"rotation":0,"texture":"#1"},"west":{"uv":[0.0,5.25,1.0,7.75],"tintindex":0,"rotation":0,"texture":"#1"},"up":{"uv":[8.25,7.0,6.0,6.0],"tintindex":0,"rotation":0,"texture":"#1"},"down":{"uv":[3.25,6.25,1.0,7.25],"tintindex":0,"rotation":0,"texture":"#1"}}}],"display":{"gui":{"rotation":[30,225,0]}}}