{"textures":{"0":"modelengine:entity/rockgolem","1":"modelengine:entity/rockgolemjaw"},"elements":[{"name":"cube","from":[5.6,6.4000006,7.3],"to":[10.4,8.200001,11.500001],"rotation":{"angle":0.0,"axis":"x","origin":[11.0,-2.6,7.9]},"faces":{"down":{"uv":[1.5625,7.75,1.0625,8.1875],"rotation":0,"texture":"#0","tintindex":0},"east":{"uv":[2.5,4.5625,2.9375,4.75],"rotation":0,"texture":"#0","tintindex":0},"north":{"uv":[6.1875,5.5,6.6875,5.6875],"rotation":0,"texture":"#0","tintindex":0},"south":{"uv":[8.0,3.375,8.5,3.5625],"rotation":0,"texture":"#0","tintindex":0},"up":{"uv":[3.25,8.125,2.75,7.6875],"rotation":0,"texture":"#0","tintindex":0},"west":{"uv":[6.0,2.5,6.4375,2.6875],"rotation":0,"texture":"#0","tintindex":0}}},{"name":"cube","from":[1.9999998,8.200001,4.9],"to":[14.0,10.6,11.500001],"rotation":{"angle":0.0,"axis":"x","origin":[11.0,-2.6,7.9]},"faces":{"down":{"uv":[6.3125,3.1875,5.0625,3.875],"rotation":0,"texture":"#0","tintindex":0},"east":{"uv":[7.9375,3.8125,8.625,4.0625],"rotation":0,"texture":"#0","tintindex":0},"north":{"uv":[6.4375,6.9375,7.6875,7.1875],"rotation":0,"texture":"#0","tintindex":0},"south":{"uv":[7.0,0.4375,8.25,0.6875],"rotation":0,"texture":"#0","tintindex":0},"up":{"uv":[6.0,0.6875,4.75,0.0],"rotation":0,"texture":"#0","tintindex":0},"west":{"uv":[7.9375,4.0625,8.625,4.3125],"rotation":0,"texture":"#0","tintindex":0}}},{"name":"cube","from":[1.9999998,10.6,4.3],"to":[14.0,14.8,12.1],"rotation":{"angle":0.0,"axis":"x","origin":[11.0,-2.6,7.9]},"faces":{"down":{"uv":[5.0625,3.4375,3.8125,4.25],"rotation":0,"texture":"#0","tintindex":0},"east":{"uv":[0.5625,6.75,1.375,7.1875],"rotation":0,"texture":"#0","tintindex":0},"north":{"uv":[5.1875,2.6875,6.4375,3.125],"rotation":0,"texture":"#0","tintindex":0},"south":{"uv":[6.0,0.0,7.25,0.4375],"rotation":0,"texture":"#0","tintindex":0},"up":{"uv":[2.5625,4.5625,1.3125,3.75],"rotation":0,"texture":"#0","tintindex":0},"west":{"uv":[1.375,6.75,2.1875,7.1875],"rotation":0,"texture":"#0","tintindex":0}}}],"display":{"head":{"translation":[0.0,-6.4,0.0],"rotation":[0.0,0.0,0.0],"scale":[3.8095,3.8095,3.8095]}}}