{"textures":{"0":"modelengine:entity/rockgolem","1":"modelengine:entity/rockgolemjaw"},"elements":[{"name":"cube","from":[0.7999997,12.8,1.3999997],"to":[8.0,16.400002,12.8],"rotation":{"angle":0.0,"axis":"x","origin":[-1.0000005,-18.400002,8.0]},"faces":{"down":{"uv":[3.25,4.75,2.5,5.9375],"rotation":0,"texture":"#0","tintindex":0},"east":{"uv":[5.8125,6.3125,7.0,6.6875],"rotation":0,"texture":"#0","tintindex":0},"north":{"uv":[7.1875,3.875,7.9375,4.25],"rotation":0,"texture":"#0","tintindex":0},"south":{"uv":[7.1875,4.25,7.9375,4.625],"rotation":0,"texture":"#0","tintindex":0},"up":{"uv":[5.3125,5.4375,4.5625,4.25],"rotation":0,"texture":"#0","tintindex":0},"west":{"uv":[0.5625,6.375,1.75,6.75],"rotation":0,"texture":"#0","tintindex":0}}},{"name":"cube","from":[4.3999996,8.0,3.1999998],"to":[9.2,12.8,11.0],"rotation":{"angle":0.0,"axis":"x","origin":[-1.0000005,-18.400002,8.0]},"faces":{"down":{"uv":[5.3125,6.6875,4.8125,7.5],"rotation":0,"texture":"#0","tintindex":0},"east":{"uv":[6.5625,1.25,7.375,1.75],"rotation":0,"texture":"#0","tintindex":0},"north":{"uv":[3.25,7.5,3.75,8.0],"rotation":0,"texture":"#0","tintindex":0},"south":{"uv":[4.5,7.5,5.0,8.0],"rotation":0,"texture":"#0","tintindex":0},"up":{"uv":[7.1875,4.6875,6.6875,3.875],"rotation":0,"texture":"#0","tintindex":0},"west":{"uv":[6.5625,1.75,7.375,2.25],"rotation":0,"texture":"#0","tintindex":0}}}],"display":{"head":{"translation":[0.0,-6.4,0.0],"rotation":[0.0,0.0,0.0],"scale":[3.8095,3.8095,3.8095]}}}