{"textures":{"0":"modelengine:entity/rockgolem","1":"modelengine:entity/rockgolemjaw"},"elements":[{"name":"cube","from":[3.7999997,4.3999996,7.4],"to":[12.2,12.2,9.2],"rotation":{"angle":0.0,"axis":"x","origin":[11.0,-20.2,15.2]},"faces":{"down":{"uv":[8.8125,4.3125,7.9375,4.5],"rotation":0,"texture":"#0","tintindex":0},"east":{"uv":[1.3125,2.625,1.5,3.4375],"rotation":0,"texture":"#0","tintindex":0},"north":{"uv":[5.3125,4.875,6.1875,5.6875],"rotation":0,"texture":"#0","tintindex":0},"south":{"uv":[3.25,5.5,4.125,6.3125],"rotation":0,"texture":"#0","tintindex":0},"up":{"uv":[8.25,2.25,7.375,2.0625],"rotation":0,"texture":"#0","tintindex":0},"west":{"uv":[2.5625,3.75,2.75,4.5625],"rotation":0,"texture":"#0","tintindex":0}}},{"name":"cube","from":[3.1999998,3.1999998,2.6],"to":[12.8,12.8,8.6],"rotation":{"angle":0.0,"axis":"x","origin":[11.0,-20.2,15.2]},"faces":{"down":{"uv":[6.8125,5.6875,5.8125,6.3125],"rotation":0,"texture":"#0","tintindex":0},"east":{"uv":[4.5625,5.4375,5.1875,6.4375],"rotation":0,"texture":"#0","tintindex":0},"north":{"uv":[0.0,3.875,1.0,4.875],"rotation":0,"texture":"#0","tintindex":0},"south":{"uv":[4.125,0.9375,5.125,1.9375],"rotation":0,"texture":"#0","tintindex":0},"up":{"uv":[1.8125,6.375,0.8125,5.75],"rotation":0,"texture":"#0","tintindex":0},"west":{"uv":[5.1875,5.6875,5.8125,6.6875],"rotation":0,"texture":"#0","tintindex":0}}}],"display":{"head":{"translation":[0.0,-6.4,0.0],"rotation":[0.0,0.0,0.0],"scale":[3.8095,3.8095,3.8095]}}}