{"textures":{"0":"modelengine:entity/rockgolem","1":"modelengine:entity/rockgolemjaw"},"elements":[{"name":"cube","from":[2.8999999,10.4,7.4],"to":[13.1,14.6,11.0],"rotation":{"angle":0.0,"axis":"x","origin":[8.0,8.0,8.0]},"faces":{"down":{"uv":[8.5,0.0,4.25,1.5],"rotation":0,"texture":"#1","tintindex":0},"east":{"uv":[4.25,6.5,5.75,8.25],"rotation":0,"texture":"#1","tintindex":0},"north":{"uv":[0.0,0.0,4.25,1.75],"rotation":0,"texture":"#1","tintindex":0},"south":{"uv":[0.0,1.75,4.25,3.5],"rotation":0,"texture":"#1","tintindex":0},"up":{"uv":[4.25,5.0,0.0,3.5],"rotation":0,"texture":"#1","tintindex":0},"west":{"uv":[5.75,6.5,7.25,8.25],"rotation":0,"texture":"#1","tintindex":0}}},{"name":"cube","from":[2.8999999,10.4,11.0],"to":[13.1,14.0,12.2],"rotation":{"angle":0.0,"axis":"x","origin":[8.0,8.0,8.0]},"faces":{"down":{"uv":[11.5,6.5,7.25,7.0],"rotation":0,"texture":"#1","tintindex":0},"east":{"uv":[0.0,8.5,0.5,10.0],"rotation":0,"texture":"#1","tintindex":0},"north":{"uv":[4.25,1.5,8.5,3.0],"rotation":0,"texture":"#1","tintindex":0},"south":{"uv":[4.25,3.0,8.5,4.5],"rotation":0,"texture":"#1","tintindex":0},"up":{"uv":[4.25,7.5,0.0,7.0],"rotation":0,"texture":"#1","tintindex":0},"west":{"uv":[8.5,0.0,9.0,1.5],"rotation":0,"texture":"#1","tintindex":0}}},{"name":"cube","from":[2.8999999,10.4,12.2],"to":[13.1,13.400001,12.8],"rotation":{"angle":0.0,"axis":"x","origin":[8.0,8.0,8.0]},"faces":{"down":{"uv":[11.5,7.75,7.25,8.0],"rotation":0,"texture":"#1","tintindex":0},"east":{"uv":[0.5,8.5,0.75,9.75],"rotation":0,"texture":"#1","tintindex":0},"north":{"uv":[4.25,4.5,8.5,5.75],"rotation":0,"texture":"#1","tintindex":0},"south":{"uv":[0.0,5.0,4.25,6.25],"rotation":0,"texture":"#1","tintindex":0},"up":{"uv":[11.5,7.75,7.25,7.5],"rotation":0,"texture":"#1","tintindex":0},"west":{"uv":[0.75,8.5,1.0,9.75],"rotation":0,"texture":"#1","tintindex":0}}},{"name":"cube","from":[2.8999999,10.4,12.8],"to":[13.1,12.2,13.400001],"rotation":{"angle":0.0,"axis":"x","origin":[8.0,8.0,8.0]},"faces":{"down":{"uv":[11.5,8.0,7.25,8.25],"rotation":0,"texture":"#1","tintindex":0},"east":{"uv":[1.0,8.5,1.25,9.25],"rotation":0,"texture":"#1","tintindex":0},"north":{"uv":[4.25,5.75,8.5,6.5],"rotation":0,"texture":"#1","tintindex":0},"south":{"uv":[0.0,6.25,4.25,7.0],"rotation":0,"texture":"#1","tintindex":0},"up":{"uv":[4.25,8.25,0.0,8.0],"rotation":0,"texture":"#1","tintindex":0},"west":{"uv":[1.25,8.5,1.5,9.25],"rotation":0,"texture":"#1","tintindex":0}}},{"name":"cube","from":[2.8999999,10.4,13.400001],"to":[13.1,11.6,14.0],"rotation":{"angle":0.0,"axis":"x","origin":[8.0,8.0,8.0]},"faces":{"down":{"uv":[8.5,8.25,4.25,8.5],"rotation":0,"texture":"#1","tintindex":0},"east":{"uv":[1.5,8.5,1.75,9.0],"rotation":0,"texture":"#1","tintindex":0},"north":{"uv":[7.25,7.0,11.5,7.5],"rotation":0,"texture":"#1","tintindex":0},"south":{"uv":[0.0,7.5,4.25,8.0],"rotation":0,"texture":"#1","tintindex":0},"up":{"uv":[4.25,8.5,0.0,8.25],"rotation":0,"texture":"#1","tintindex":0},"west":{"uv":[8.5,1.5,8.75,2.0],"rotation":0,"texture":"#1","tintindex":0}}}],"display":{"head":{"translation":[0.0,-6.4,0.0],"rotation":[0.0,0.0,0.0],"scale":[3.8095,3.8095,3.8095]}}}