{"textures":{"0":"modelengine:entity/rockgolem","1":"modelengine:entity/rockgolemjaw"},"elements":[{"name":"cube","from":[6.2,8.0,6.8],"to":[10.4,9.2,9.2],"rotation":{"angle":0.0,"axis":"x","origin":[8.6,8.0,8.0]},"faces":{"down":{"uv":[8.5625,6.6875,8.125,6.9375],"rotation":0,"texture":"#0","tintindex":0},"east":{"uv":[0.5625,6.0,0.8125,6.125],"rotation":0,"texture":"#0","tintindex":0},"north":{"uv":[8.25,0.4375,8.6875,0.5625],"rotation":0,"texture":"#0","tintindex":0},"south":{"uv":[8.25,0.5625,8.6875,0.6875],"rotation":0,"texture":"#0","tintindex":0},"up":{"uv":[8.5,2.5,8.0625,2.25],"rotation":0,"texture":"#0","tintindex":0},"west":{"uv":[2.9375,6.0625,3.1875,6.1875],"rotation":0,"texture":"#0","tintindex":0}}},{"name":"cube","from":[6.2,9.2,6.2],"to":[10.4,10.4,9.8],"rotation":{"angle":0.0,"axis":"x","origin":[8.6,8.0,8.0]},"faces":{"down":{"uv":[3.6875,8.0,3.25,8.375],"rotation":0,"texture":"#0","tintindex":0},"east":{"uv":[4.8125,6.4375,5.1875,6.5625],"rotation":0,"texture":"#0","tintindex":0},"north":{"uv":[1.3125,8.25,1.75,8.375],"rotation":0,"texture":"#0","tintindex":0},"south":{"uv":[8.25,2.0625,8.6875,2.1875],"rotation":0,"texture":"#0","tintindex":0},"up":{"uv":[8.4375,3.375,8.0,3.0],"rotation":0,"texture":"#0","tintindex":0},"west":{"uv":[4.8125,6.5625,5.1875,6.6875],"rotation":0,"texture":"#0","tintindex":0}}},{"name":"cube","from":[6.2,10.4,5.6],"to":[10.4,13.400001,9.8],"rotation":{"angle":0.0,"axis":"x","origin":[8.6,8.0,8.0]},"faces":{"down":{"uv":[8.3125,5.0625,7.875,5.5],"rotation":0,"texture":"#0","tintindex":0},"east":{"uv":[7.875,8.0,8.3125,8.3125],"rotation":0,"texture":"#0","tintindex":0},"north":{"uv":[8.0,7.5625,8.4375,7.875],"rotation":0,"texture":"#0","tintindex":0},"south":{"uv":[2.4375,8.125,2.875,8.4375],"rotation":0,"texture":"#0","tintindex":0},"up":{"uv":[2.4375,8.3125,2.0,7.875],"rotation":0,"texture":"#0","tintindex":0},"west":{"uv":[8.125,5.8125,8.5625,6.125],"rotation":0,"texture":"#0","tintindex":0}}}],"display":{"head":{"translation":[0.0,-6.4,0.0],"rotation":[0.0,0.0,0.0],"scale":[3.8095,3.8095,3.8095]}}}