{"textures":{"0":"modelengine:entity/rockgolem","1":"modelengine:entity/rockgolemjaw"},"elements":[{"name":"cube","from":[6.8,-1.6000185,2.6000261],"to":[12.2,7.999982,10.400026],"rotation":{"angle":0.0,"axis":"y","origin":[7.4,16.400002,6.8]},"faces":{"down":{"uv":[3.5,6.3125,2.9375,7.125],"rotation":0,"texture":"#0","tintindex":0},"east":{"uv":[5.1875,1.6875,6.0,2.6875],"rotation":0,"texture":"#0","tintindex":0},"north":{"uv":[5.9375,0.6875,6.5,1.6875],"rotation":0,"texture":"#0","tintindex":0},"south":{"uv":[2.375,5.9375,2.9375,6.9375],"rotation":0,"texture":"#0","tintindex":0},"up":{"uv":[6.75,5.5,6.1875,4.6875],"rotation":0,"texture":"#0","tintindex":0},"west":{"uv":[5.3125,3.875,6.125,4.875],"rotation":0,"texture":"#0","tintindex":0}}}],"display":{"head":{"translation":[0.0,-6.4,0.0],"rotation":[0.0,0.0,0.0],"scale":[3.8095,3.8095,3.8095]}}}