{"textures":{"0":"modelengine:entity/rockgolem","1":"modelengine:entity/rockgolemjaw"},"elements":[{"name":"cube","from":[6.2,2.6,4.9999995],"to":[11.0,8.0,10.4],"rotation":{"angle":0.0,"axis":"y","origin":[8.0,8.000018,7.999974]},"faces":{"down":{"uv":[4.5,7.25,4.0,7.8125],"rotation":0,"texture":"#0","tintindex":0},"east":{"uv":[5.3125,6.9375,5.875,7.5],"rotation":0,"texture":"#0","tintindex":0},"north":{"uv":[6.4375,7.1875,6.9375,7.75],"rotation":0,"texture":"#0","tintindex":0},"south":{"uv":[6.9375,7.1875,7.4375,7.75],"rotation":0,"texture":"#0","tintindex":0},"up":{"uv":[7.75,3.0625,7.25,2.5],"rotation":0,"texture":"#0","tintindex":0},"west":{"uv":[5.875,6.9375,6.4375,7.5],"rotation":0,"texture":"#0","tintindex":0}}},{"name":"cube","from":[7.4,-1.0000005,4.3999996],"to":[12.2,2.6,11.0],"rotation":{"angle":0.0,"axis":"y","origin":[8.0,8.000018,7.999974]},"faces":{"down":{"uv":[7.3125,5.375,6.8125,6.0625],"rotation":0,"texture":"#0","tintindex":0},"east":{"uv":[7.4375,7.1875,8.125,7.5625],"rotation":0,"texture":"#0","tintindex":0},"north":{"uv":[7.9375,1.3125,8.4375,1.6875],"rotation":0,"texture":"#0","tintindex":0},"south":{"uv":[7.9375,1.6875,8.4375,2.0625],"rotation":0,"texture":"#0","tintindex":0},"up":{"uv":[4.0,7.5,3.5,6.8125],"rotation":0,"texture":"#0","tintindex":0},"west":{"uv":[2.0625,7.5,2.75,7.875],"rotation":0,"texture":"#0","tintindex":0}}}],"display":{"head":{"translation":[0.0,-6.4,0.0],"rotation":[0.0,0.0,0.0],"scale":[3.8095,3.8095,3.8095]}}}