{"textures":{"0":"modelengine:entity/rockgolem","1":"modelengine:entity/rockgolemjaw"},"elements":[{"name":"cube","from":[4.3999996,3.1999998,6.2],"to":[9.8,8.0,10.4],"rotation":{"angle":0.0,"axis":"x","origin":[15.2,-2.8000002,8.6]},"faces":{"down":{"uv":[1.0625,7.75,0.5,8.1875],"rotation":0,"texture":"#0","tintindex":0},"east":{"uv":[7.75,2.5,8.1875,3.0],"rotation":0,"texture":"#0","tintindex":0},"north":{"uv":[7.375,1.0625,7.9375,1.5625],"rotation":0,"texture":"#0","tintindex":0},"south":{"uv":[7.375,1.5625,7.9375,2.0625],"rotation":0,"texture":"#0","tintindex":0},"up":{"uv":[8.0,8.0,7.4375,7.5625],"rotation":0,"texture":"#0","tintindex":0},"west":{"uv":[6.125,7.75,6.5625,8.25],"rotation":0,"texture":"#0","tintindex":0}}}],"display":{"head":{"translation":[0.0,-6.4,0.0],"rotation":[0.0,0.0,0.0],"scale":[3.8095,3.8095,3.8095]}}}