{"textures":{"0":"modelengine:entity/rockgolem","1":"modelengine:entity/rockgolemjaw"},"elements":[{"name":"cube","from":[8.0,1.9999998,5.6],"to":[9.8,3.1999998,8.0],"rotation":{"angle":0.0,"axis":"x","origin":[5.6,1.9999998,8.0]},"faces":{"down":{"uv":[4.3125,1.9375,4.125,2.1875],"rotation":0,"texture":"#0","tintindex":0},"east":{"uv":[0.5625,6.125,0.8125,6.25],"rotation":0,"texture":"#0","tintindex":0},"north":{"uv":[0.8125,5.125,1.0,5.25],"rotation":0,"texture":"#0","tintindex":0},"south":{"uv":[0.8125,5.25,1.0,5.375],"rotation":0,"texture":"#0","tintindex":0},"up":{"uv":[1.1875,4.375,1.0,4.125],"rotation":0,"texture":"#0","tintindex":0},"west":{"uv":[2.9375,6.1875,3.1875,6.3125],"rotation":0,"texture":"#0","tintindex":0}}},{"name":"cube","from":[5.6,1.9999998,5.6],"to":[7.4,3.1999998,8.0],"rotation":{"angle":0.0,"axis":"x","origin":[5.6,1.9999998,8.0]},"faces":{"down":{"uv":[2.9375,4.25,2.75,4.5],"rotation":0,"texture":"#0","tintindex":0},"east":{"uv":[0.5625,6.25,0.8125,6.375],"rotation":0,"texture":"#0","tintindex":0},"north":{"uv":[0.8125,5.375,1.0,5.5],"rotation":0,"texture":"#0","tintindex":0},"south":{"uv":[0.8125,5.5,1.0,5.625],"rotation":0,"texture":"#0","tintindex":0},"up":{"uv":[4.375,2.4375,4.1875,2.1875],"rotation":0,"texture":"#0","tintindex":0},"west":{"uv":[4.3125,6.3125,4.5625,6.4375],"rotation":0,"texture":"#0","tintindex":0}}},{"name":"cube","from":[5.6,1.9999998,8.0],"to":[9.8,3.7999997,12.2],"rotation":{"angle":0.0,"axis":"x","origin":[5.6,1.9999998,8.0]},"faces":{"down":{"uv":[8.375,0.0,7.9375,0.4375],"rotation":0,"texture":"#0","tintindex":0},"east":{"uv":[8.1875,2.5,8.625,2.6875],"rotation":0,"texture":"#0","tintindex":0},"north":{"uv":[0.875,8.1875,1.3125,8.375],"rotation":0,"texture":"#0","tintindex":0},"south":{"uv":[8.1875,2.6875,8.625,2.875],"rotation":0,"texture":"#0","tintindex":0},"up":{"uv":[0.4375,8.375,0.0,7.9375],"rotation":0,"texture":"#0","tintindex":0},"west":{"uv":[6.5625,8.1875,7.0,8.375],"rotation":0,"texture":"#0","tintindex":0}}}],"display":{"head":{"translation":[0.0,-6.4,0.0],"rotation":[0.0,0.0,0.0],"scale":[3.8095,3.8095,3.8095]}}}