{"textures":{"0":"modelengine:entity/rockgolem","1":"modelengine:entity/rockgolemjaw"},"elements":[{"name":"cube","from":[6.2,2.5999815,5.5999994],"to":[11.0,7.999982,11.0],"rotation":{"angle":0.0,"axis":"y","origin":[8.0,7.999982,8.0]},"faces":{"down":{"uv":[2.0625,7.1875,1.5625,7.75],"rotation":0,"texture":"#0","tintindex":0},"east":{"uv":[0.0,6.875,0.5625,7.4375],"rotation":0,"texture":"#0","tintindex":0},"north":{"uv":[2.75,7.125,3.25,7.6875],"rotation":0,"texture":"#0","tintindex":0},"south":{"uv":[0.5625,7.1875,1.0625,7.75],"rotation":0,"texture":"#0","tintindex":0},"up":{"uv":[1.5625,7.75,1.0625,7.1875],"rotation":0,"texture":"#0","tintindex":0},"west":{"uv":[2.1875,6.9375,2.75,7.5],"rotation":0,"texture":"#0","tintindex":0}}},{"name":"cube","from":[7.4,-1.0000186,4.9999995],"to":[12.2,2.5999815,11.6],"rotation":{"angle":0.0,"axis":"y","origin":[8.0,8.0,8.0]},"faces":{"down":{"uv":[7.25,4.6875,6.75,5.375],"rotation":0,"texture":"#0","tintindex":0},"east":{"uv":[7.25,0.0,7.9375,0.375],"rotation":0,"texture":"#0","tintindex":0},"north":{"uv":[7.75,6.3125,8.25,6.6875],"rotation":0,"texture":"#0","tintindex":0},"south":{"uv":[7.9375,0.9375,8.4375,1.3125],"rotation":0,"texture":"#0","tintindex":0},"up":{"uv":[3.75,5.4375,3.25,4.75],"rotation":0,"texture":"#0","tintindex":0},"west":{"uv":[7.3125,5.625,8.0,6.0],"rotation":0,"texture":"#0","tintindex":0}}}],"display":{"head":{"translation":[0.0,-6.4,0.0],"rotation":[0.0,0.0,0.0],"scale":[3.8095,3.8095,3.8095]}}}