{"textures":{"0":"modelengine:entity/rockgolem","1":"modelengine:entity/rockgolemjaw"},"elements":[{"name":"cube","from":[8.6,1.9999998,6.2],"to":[10.4,3.1999998,8.6],"rotation":{"angle":0.0,"axis":"x","origin":[6.2,1.9999998,8.6]},"faces":{"down":{"uv":[2.9375,3.75,2.75,4.0],"rotation":0,"texture":"#0","tintindex":0},"east":{"uv":[5.0625,4.0,5.3125,4.125],"rotation":0,"texture":"#0","tintindex":0},"north":{"uv":[0.8125,4.875,1.0,5.0],"rotation":0,"texture":"#0","tintindex":0},"south":{"uv":[4.875,3.1875,5.0625,3.3125],"rotation":0,"texture":"#0","tintindex":0},"up":{"uv":[1.5,3.6875,1.3125,3.4375],"rotation":0,"texture":"#0","tintindex":0},"west":{"uv":[5.0625,4.125,5.3125,4.25],"rotation":0,"texture":"#0","tintindex":0}}},{"name":"cube","from":[6.2,1.9999998,6.2],"to":[8.0,3.1999998,8.6],"rotation":{"angle":0.0,"axis":"x","origin":[6.2,1.9999998,8.6]},"faces":{"down":{"uv":[2.9375,4.0,2.75,4.25],"rotation":0,"texture":"#0","tintindex":0},"east":{"uv":[0.5625,5.875,0.8125,6.0],"rotation":0,"texture":"#0","tintindex":0},"north":{"uv":[4.875,3.3125,5.0625,3.4375],"rotation":0,"texture":"#0","tintindex":0},"south":{"uv":[0.8125,5.0,1.0,5.125],"rotation":0,"texture":"#0","tintindex":0},"up":{"uv":[1.1875,4.125,1.0,3.875],"rotation":0,"texture":"#0","tintindex":0},"west":{"uv":[2.9375,5.9375,3.1875,6.0625],"rotation":0,"texture":"#0","tintindex":0}}},{"name":"cube","from":[6.2,1.9999998,8.6],"to":[10.4,3.7999997,12.8],"rotation":{"angle":0.0,"axis":"x","origin":[6.2,1.9999998,8.6]},"faces":{"down":{"uv":[8.25,4.625,7.8125,5.0625],"rotation":0,"texture":"#0","tintindex":0},"east":{"uv":[8.125,7.1875,8.5625,7.375],"rotation":0,"texture":"#0","tintindex":0},"north":{"uv":[8.125,6.125,8.5625,6.3125],"rotation":0,"texture":"#0","tintindex":0},"south":{"uv":[8.125,7.375,8.5625,7.5625],"rotation":0,"texture":"#0","tintindex":0},"up":{"uv":[4.1875,8.25,3.75,7.8125],"rotation":0,"texture":"#0","tintindex":0},"west":{"uv":[0.4375,8.1875,0.875,8.375],"rotation":0,"texture":"#0","tintindex":0}}}],"display":{"head":{"translation":[0.0,-6.4,0.0],"rotation":[0.0,0.0,0.0],"scale":[3.8095,3.8095,3.8095]}}}