{"textures":{"0":"modelengine:entity/rockgolem","1":"modelengine:entity/rockgolemjaw"},"elements":[{"name":"cube","from":[5.6,8.0,6.8],"to":[9.8,9.2,9.2],"rotation":{"angle":0.0,"axis":"x","origin":[8.0,8.0,8.0]},"faces":{"down":{"uv":[6.4375,0.4375,6.0,0.6875],"rotation":0,"texture":"#0","tintindex":0},"east":{"uv":[1.0,4.375,1.25,4.5],"rotation":0,"texture":"#0","tintindex":0},"north":{"uv":[6.4375,3.0,6.875,3.125],"rotation":0,"texture":"#0","tintindex":0},"south":{"uv":[8.0,7.875,8.4375,8.0],"rotation":0,"texture":"#0","tintindex":0},"up":{"uv":[4.875,3.4375,4.4375,3.1875],"rotation":0,"texture":"#0","tintindex":0},"west":{"uv":[5.0625,3.875,5.3125,4.0],"rotation":0,"texture":"#0","tintindex":0}}},{"name":"cube","from":[5.6,9.2,6.2],"to":[9.8,10.4,9.8],"rotation":{"angle":0.0,"axis":"x","origin":[8.0,8.0,8.0]},"faces":{"down":{"uv":[5.875,7.9375,5.4375,8.3125],"rotation":0,"texture":"#0","tintindex":0},"east":{"uv":[4.75,0.6875,5.125,0.8125],"rotation":0,"texture":"#0","tintindex":0},"north":{"uv":[8.1875,2.875,8.625,3.0],"rotation":0,"texture":"#0","tintindex":0},"south":{"uv":[7.0,8.1875,7.4375,8.3125],"rotation":0,"texture":"#0","tintindex":0},"up":{"uv":[5.4375,8.3125,5.0,7.9375],"rotation":0,"texture":"#0","tintindex":0},"west":{"uv":[4.75,0.8125,5.125,0.9375],"rotation":0,"texture":"#0","tintindex":0}}},{"name":"cube","from":[5.6,10.4,5.6],"to":[9.8,13.400001,9.8],"rotation":{"angle":0.0,"axis":"x","origin":[8.0,8.0,8.0]},"faces":{"down":{"uv":[7.4375,7.75,7.0,8.1875],"rotation":0,"texture":"#0","tintindex":0},"east":{"uv":[4.1875,8.0,4.625,8.3125],"rotation":0,"texture":"#0","tintindex":0},"north":{"uv":[4.125,6.0,4.5625,6.3125],"rotation":0,"texture":"#0","tintindex":0},"south":{"uv":[8.0,5.5,8.4375,5.8125],"rotation":0,"texture":"#0","tintindex":0},"up":{"uv":[7.0,8.1875,6.5625,7.75],"rotation":0,"texture":"#0","tintindex":0},"west":{"uv":[7.4375,8.0,7.875,8.3125],"rotation":0,"texture":"#0","tintindex":0}}}],"display":{"head":{"translation":[0.0,-6.4,0.0],"rotation":[0.0,0.0,0.0],"scale":[3.8095,3.8095,3.8095]}}}