{"textures":{"0":"modelengine:entity/rockgolem","1":"modelengine:entity/rockgolemjaw"},"elements":[{"name":"cube","from":[5.0,8.0,2.6],"to":[12.2,11.6,14.0],"rotation":{"angle":0.0,"axis":"x","origin":[3.1999998,-23.2,9.2]},"faces":{"down":{"uv":[2.5,4.5625,1.75,5.75],"rotation":0,"texture":"#0","tintindex":0},"east":{"uv":[6.3125,3.125,7.5,3.5],"rotation":0,"texture":"#0","tintindex":0},"north":{"uv":[7.0,0.6875,7.75,1.0625],"rotation":0,"texture":"#0","tintindex":0},"south":{"uv":[7.0,6.3125,7.75,6.6875],"rotation":0,"texture":"#0","tintindex":0},"up":{"uv":[1.75,5.75,1.0,4.5625],"rotation":0,"texture":"#0","tintindex":0},"west":{"uv":[6.3125,3.5,7.5,3.875],"rotation":0,"texture":"#0","tintindex":0}}},{"name":"cube","from":[8.6,3.1999998,4.3999996],"to":[13.400001,8.0,12.2],"rotation":{"angle":0.0,"axis":"x","origin":[3.1999998,-23.2,9.2]},"faces":{"down":{"uv":[7.0,0.4375,6.5,1.25],"rotation":0,"texture":"#0","tintindex":0},"east":{"uv":[3.5,6.3125,4.3125,6.8125],"rotation":0,"texture":"#0","tintindex":0},"north":{"uv":[0.0,7.4375,0.5,7.9375],"rotation":0,"texture":"#0","tintindex":0},"south":{"uv":[7.5,3.0625,8.0,3.5625],"rotation":0,"texture":"#0","tintindex":0},"up":{"uv":[4.8125,7.25,4.3125,6.4375],"rotation":0,"texture":"#0","tintindex":0},"west":{"uv":[6.4375,2.5,7.25,3.0],"rotation":0,"texture":"#0","tintindex":0}}}],"display":{"head":{"translation":[0.0,-6.4,0.0],"rotation":[0.0,0.0,0.0],"scale":[3.8095,3.8095,3.8095]}}}