{"textures":{"0":"modelengine:entity/rockgolem","1":"modelengine:entity/rockgolemjaw"},"elements":[{"name":"cube","from":[6.8,-1.6000185,5.5999994],"to":[12.2,7.999982,13.400001],"rotation":{"angle":0.0,"axis":"y","origin":[7.4,16.400002,9.199974]},"faces":{"down":{"uv":[6.6875,3.875,6.125,4.6875],"rotation":0,"texture":"#0","tintindex":0},"east":{"uv":[0.0,4.875,0.8125,5.875],"rotation":0,"texture":"#0","tintindex":0},"north":{"uv":[1.8125,5.75,2.375,6.75],"rotation":0,"texture":"#0","tintindex":0},"south":{"uv":[0.0,5.875,0.5625,6.875],"rotation":0,"texture":"#0","tintindex":0},"up":{"uv":[6.5625,2.5,6.0,1.6875],"rotation":0,"texture":"#0","tintindex":0},"west":{"uv":[5.125,0.6875,5.9375,1.6875],"rotation":0,"texture":"#0","tintindex":0}}}],"display":{"head":{"translation":[0.0,-6.4,0.0],"rotation":[0.0,0.0,0.0],"scale":[3.8095,3.8095,3.8095]}}}