{"textures":{"0":"modelengine:entity/rockgolem","1":"modelengine:entity/rockgolemjaw"},"elements":[{"name":"cube","from":[6.2,3.1999998,6.8],"to":[11.6,8.0,11.0],"rotation":{"angle":0.0,"axis":"x","origin":[6.8,-2.8000002,9.2]},"faces":{"down":{"uv":[6.125,7.5,5.5625,7.9375],"rotation":0,"texture":"#0","tintindex":0},"east":{"uv":[4.125,5.5,4.5625,6.0],"rotation":0,"texture":"#0","tintindex":0},"north":{"uv":[7.25,4.625,7.8125,5.125],"rotation":0,"texture":"#0","tintindex":0},"south":{"uv":[7.3125,5.125,7.875,5.625],"rotation":0,"texture":"#0","tintindex":0},"up":{"uv":[5.5625,7.9375,5.0,7.5],"rotation":0,"texture":"#0","tintindex":0},"west":{"uv":[1.5625,7.75,2.0,8.25],"rotation":0,"texture":"#0","tintindex":0}}}],"display":{"head":{"translation":[0.0,-6.4,0.0],"rotation":[0.0,0.0,0.0],"scale":[3.8095,3.8095,3.8095]}}}