{"textures":{"0":"modelengine:entity/rockgolem","1":"modelengine:entity/rockgolemjaw"},"elements":[{"name":"cube","from":[0.7999997,6.9675617,4.125526],"to":[15.2,9.367562,13.125526],"rotation":{"angle":0.0,"axis":"x","origin":[11.0,-10.432439,8.925526]},"faces":{"down":{"uv":[4.75,0.0,3.25,0.9375],"rotation":0,"texture":"#0","tintindex":0},"east":{"uv":[3.25,2.25,4.1875,2.5],"rotation":0,"texture":"#0","tintindex":0},"north":{"uv":[6.5625,2.25,8.0625,2.5],"rotation":0,"texture":"#0","tintindex":0},"south":{"uv":[5.3125,6.6875,6.8125,6.9375],"rotation":0,"texture":"#0","tintindex":0},"up":{"uv":[4.4375,3.4375,2.9375,2.5],"rotation":0,"texture":"#0","tintindex":0},"west":{"uv":[7.5,3.5625,8.4375,3.8125],"rotation":0,"texture":"#0","tintindex":0}}},{"name":"cube","from":[0.19999981,9.367562,1.7255259],"to":[15.8,21.367561,14.325526],"rotation":{"angle":0.0,"axis":"x","origin":[11.0,-10.432439,8.925526]},"faces":{"down":{"uv":[1.625,1.3125,0.0,2.625],"rotation":0,"texture":"#0","tintindex":0},"east":{"uv":[1.625,2.5,2.9375,3.75],"rotation":0,"texture":"#0","tintindex":0},"north":{"uv":[1.625,0.0,3.25,1.25],"rotation":0,"texture":"#0","tintindex":0},"south":{"uv":[1.625,1.25,3.25,2.5],"rotation":0,"texture":"#0","tintindex":0},"up":{"uv":[1.625,1.3125,0.0,0.0],"rotation":0,"texture":"#0","tintindex":0},"west":{"uv":[0.0,2.625,1.3125,3.875],"rotation":0,"texture":"#0","tintindex":0}}},{"name":"cube","from":[4.3999996,21.367561,2.3255258],"to":[11.6,21.967564,14.325526],"rotation":{"angle":0.0,"axis":"x","origin":[11.0,-10.432439,8.925526]},"faces":{"down":{"uv":[5.1875,1.9375,4.4375,3.1875],"rotation":0,"texture":"#0","tintindex":0},"east":{"uv":[7.9375,4.5,9.1875,4.5625],"rotation":0,"texture":"#0","tintindex":0},"north":{"uv":[5.1875,3.125,5.9375,3.1875],"rotation":0,"texture":"#0","tintindex":0},"south":{"uv":[7.3125,6.0,8.0625,6.0625],"rotation":0,"texture":"#0","tintindex":0},"up":{"uv":[4.5625,5.5,3.8125,4.25],"rotation":0,"texture":"#0","tintindex":0},"west":{"uv":[7.9375,4.5625,9.1875,4.625],"rotation":0,"texture":"#0","tintindex":0}}},{"name":"cube","from":[3.7999997,21.967564,1.7255259],"to":[12.2,24.367561,14.325526],"rotation":{"angle":0.0,"axis":"x","origin":[11.0,-10.432439,8.925526]},"faces":{"down":{"uv":[3.8125,3.4375,2.9375,4.75],"rotation":0,"texture":"#0","tintindex":0},"east":{"uv":[6.8125,6.0625,8.125,6.3125],"rotation":0,"texture":"#0","tintindex":0},"north":{"uv":[7.6875,6.9375,8.5625,7.1875],"rotation":0,"texture":"#0","tintindex":0},"south":{"uv":[7.75,0.6875,8.625,0.9375],"rotation":0,"texture":"#0","tintindex":0},"up":{"uv":[4.125,2.25,3.25,0.9375],"rotation":0,"texture":"#0","tintindex":0},"west":{"uv":[6.8125,6.6875,8.125,6.9375],"rotation":0,"texture":"#0","tintindex":0}}}],"display":{"head":{"translation":[0.0,-6.4,0.0],"rotation":[0.0,0.0,0.0],"scale":[3.8095,3.8095,3.8095]}}}