{
	"parent": "minecraft:block/orientable",
  "textures": {
    "top": "minecraft:block/pumpkin_top",
    "front": "minecraft:block/carved_pumpkin",
    "side": "minecraft:block/pumpkin_side"
  },

	"overrides": [{
			"predicate": {
				"custom_model_data": 123456
			},
			"model": "item/ChainsawMan"
		},
		{
			"predicate": {
				"custom_model_data": 123457
			},
			"model": "item/HazmatSuit"
		},
		{
			"predicate": {
				"custom_model_data": 123458
			},
			"model": "item/KanekiMask"
		}

	]


}