{
	"credit": "Made with Blockbench",
	"texture_size": [128, 128],
	"textures": {
		"2": "items/CatgirlDakimura",
		"particle": "items/CatgirlDakimura"
	},
	"elements": [
		{
			"from": [3, 1, 5.999],
			"to": [13, 31, 6],
			"faces": {
				"north": {"uv": [0, 0, 1.25, 3.75], "texture": "#2"},
				"east": {"uv": [3.5, 4.75, 3.50391, 8.5], "texture": "#2"},
				"south": {"uv": [1.25, 0, 2.5, 3.75], "texture": "#2"},
				"west": {"uv": [3.625, 4.75, 3.62891, 8.5], "texture": "#2"},
				"up": {"uv": [6.125, 3.75391, 4.875, 3.75], "texture": "#2"},
				"down": {"uv": [6.125, 3.875, 4.875, 3.87891], "texture": "#2"}
			}
		},
		{
			"from": [3, 1, 10],
			"to": [13, 31, 10.001],
			"faces": {
				"north": {"uv": [2.5, 0, 3.75, 3.75], "texture": "#2"},
				"east": {"uv": [3.75, 4.75, 3.75391, 8.5], "texture": "#2"},
				"south": {"uv": [0, 3.75, 1.25, 7.5], "texture": "#2"},
				"west": {"uv": [4.75, 3.75, 4.75391, 7.5], "texture": "#2"},
				"up": {"uv": [6.125, 4.00391, 4.875, 4], "texture": "#2"},
				"down": {"uv": [6.125, 4.125, 4.875, 4.12891], "texture": "#2"}
			}
		},
		{
			"from": [3, 1, 6],
			"to": [13, 31, 10],
			"faces": {
				"north": {"uv": [3.75, 0, 5, 3.75], "texture": "#2"},
				"east": {"uv": [2.5, 3.75, 3, 7.5], "texture": "#2"},
				"south": {"uv": [1.25, 3.75, 2.5, 7.5], "texture": "#2"},
				"west": {"uv": [3, 3.75, 3.5, 7.5], "texture": "#2"},
				"up": {"uv": [4.75, 4.25, 3.5, 3.75], "texture": "#2"},
				"down": {"uv": [4.75, 4.25, 3.5, 4.75], "texture": "#2"}
			}
		}
	],
	"display": {
		"thirdperson_righthand": {
			"rotation": [113.1, 88.98, -45.6],
			"translation": [-0.75, -1.5, -6]
		},
		"thirdperson_lefthand": {
			"rotation": [-134.35, -87.81, 158.16],
			"translation": [-0.5, -0.25, -5.75]
		},
		"firstperson_righthand": {
			"rotation": [180, 23, 180],
			"translation": [11, 0, -10.25]
		},
		"firstperson_lefthand": {
			"rotation": [0, -27.25, 0],
			"translation": [9, 0, -8.75]
		},
		"ground": {
			"rotation": [100.03, 4.17, 8.83],
			"translation": [0, 0, -6.25]
		},
		"gui": {
			"rotation": [0, 0, -38.25],
			"translation": [-3.75, -7, 0]
		},
		"fixed": {
			"translation": [0, -7.25, 0]
		}
	},
	"groups": [
		{
			"name": "CatgirlDakimura",
			"origin": [8, 8, 8],
			"color": 0,
			"children": [
				0,
				1,
				{
					"name": "Pillow",
					"origin": [8, 8, 8],
					"color": 0,
					"children": [2]
				}
			]
		}
	]
}