{"credit":"Made with Blockbench","texture_size":[64,64],"textures":{"particle":"items/zenitsus_sword","sword":"items/zenitsus_sword"},"elements":[{"name":"handle0","from":[7.5,0.02,-8],"to":[8.5,1.02,-0.5],"rotation":{"angle":0,"axis":"z","origin":[8,0.5,2]},"faces":{"north":{"uv":[0,4.75,1.5,6.25],"rotation":180,"texture":"#sword","cullface":"north"},"east":{"uv":[0,3,6,3.75],"rotation":180,"texture":"#sword","cullface":"north"},"west":{"uv":[0,3,6,3.75],"texture":"#sword","cullface":"north"},"up":{"uv":[0,3,6,3.75],"rotation":90,"texture":"#sword","cullface":"north"},"down":{"uv":[0,3,6,3.75],"rotation":270,"texture":"#sword","cullface":"north"}}},{"name":"handle1","from":[7.25,-0.25,-0.5],"to":[8.75,1.25,0.5],"rotation":{"angle":0,"axis":"z","origin":[8,5,2]},"faces":{"north":{"uv":[0,4.75,1.5,6.25],"rotation":180,"texture":"#sword","cullface":"north"},"east":{"uv":[0,4.75,1.5,6.25],"rotation":180,"texture":"#sword"},"west":{"uv":[0,4.75,1.5,6.25],"texture":"#sword"},"up":{"uv":[0,4.75,1.5,6.25],"rotation":90,"texture":"#sword"},"down":{"uv":[0,4.75,1.5,6.25],"rotation":270,"texture":"#sword","cullface":"down"}}},{"name":"handle2","from":[6.5,-1,0.5],"to":[9.5,2,0.75],"rotation":{"angle":0,"axis":"z","origin":[8,0.05,2]},"faces":{"north":{"uv":[0,3.75,1,4.75],"rotation":180,"texture":"#sword"},"east":{"uv":[0,3.75,1,4.75],"rotation":180,"texture":"#sword"},"south":{"uv":[0,3.75,1,4.75],"rotation":180,"texture":"#sword"},"west":{"uv":[0,3.75,1,4.75],"texture":"#sword"},"up":{"uv":[0,3.75,1,4.75],"rotation":90,"texture":"#sword"},"down":{"uv":[0,3.75,1,4.75],"rotation":270,"texture":"#sword","cullface":"down"}}},{"name":"blade0","from":[7.875,-0.25,0.75],"to":[8.125,0,22.5],"faces":{"east":{"uv":[0,1.25,16,1.5],"rotation":180,"texture":"#sword"},"south":{"uv":[0,0,14.75,0.25],"texture":"#sword"},"west":{"uv":[0,1.5,16,1.75],"texture":"#sword"},"up":{"uv":[0,0,14.75,0.25],"texture":"#sword"},"down":{"uv":[0,1.25,16,1.5],"rotation":270,"texture":"#sword"}}},{"name":"blade1","from":[7.875,0,0.75],"to":[8.125,0.25,22.25],"faces":{"east":{"uv":[0,1,15.75,1.25],"rotation":180,"texture":"#sword"},"south":{"uv":[0,0,14.75,0.25],"texture":"#sword"},"west":{"uv":[0,1.75,15.75,2],"texture":"#sword"},"up":{"uv":[0,0,14.75,0.25],"texture":"#sword"}}},{"name":"blade3","from":[7.875,0.25,0.75],"to":[8.125,0.5,22],"faces":{"east":{"uv":[0,0.75,15.5,1],"rotation":180,"texture":"#sword"},"south":{"uv":[0,0,14.75,0.25],"texture":"#sword"},"west":{"uv":[0,2,15.5,2.25],"texture":"#sword"},"up":{"uv":[0,0,14.75,0.25],"texture":"#sword"}}},{"name":"blade4","from":[7.875,0.5,0.75],"to":[8.125,0.75,21.75],"faces":{"east":{"uv":[0,0.5,15.25,0.75],"rotation":180,"texture":"#sword"},"south":{"uv":[0,0,14.75,0.25],"texture":"#sword"},"west":{"uv":[0,2.25,15.25,2.5],"texture":"#sword"},"up":{"uv":[0,0,14.75,0.25],"texture":"#sword"}}},{"name":"blade5","from":[7.875,0.75,0.75],"to":[8.125,1,21.5],"faces":{"east":{"uv":[0,0.25,15,0.5],"rotation":180,"texture":"#sword"},"south":{"uv":[0,0,14.75,0.25],"texture":"#sword"},"west":{"uv":[0,2.5,15,2.75],"texture":"#sword"},"up":{"uv":[14.75,0,0,0.25],"texture":"#sword"}}},{"name":"blade6","from":[7.875,1,0.75],"to":[8.125,1.25,21.25],"faces":{"east":{"uv":[0,0,14.75,0.25],"texture":"#sword"},"south":{"uv":[14.75,0,0,0.25],"texture":"#sword"},"west":{"uv":[0,2.75,14.75,3],"texture":"#sword"},"up":{"uv":[0,0,14.75,0.25],"rotation":90,"texture":"#sword"}}}],"display":{"thirdperson_righthand":{"rotation":[-90,0,0],"translation":[0,9,-6.75],"scale":[0.95,0.95,0.95]},"thirdperson_lefthand":{"rotation":[-90,0,0],"translation":[0,9,-6.75],"scale":[0.95,0.95,0.95]},"firstperson_righthand":{"rotation":[-75,-3,5],"translation":[1,6,-4.5],"scale":[0.68,0.68,0.68]},"firstperson_lefthand":{"rotation":[-75,-3,5],"translation":[1,6,-4.5],"scale":[0.68,0.68,0.68]},"ground":{"rotation":[0,0,90],"translation":[-3.5,-2.5,0],"scale":[0.5,0.5,0.5]},"gui":{"rotation":[-45,45,45],"translation":[-2.5,4.25,0],"scale":[0.625,0.625,0.625]},"head":{"rotation":[15,0,0],"translation":[0,14.75,2],"scale":[2,2,2]},"fixed":{"rotation":[90,180,90],"translation":[5,0,-0.25],"scale":[0.6,0.6,0.6]}},"groups":[{"name":"diamond_sword","origin":[8,8,8],"children":[{"name":"handle","origin":[8,8,0],"children":[0,1,2]},{"name":"blade","origin":[8,8,8],"children":[3,4,5,6,7,8]}]}]}