{
	"credit": "Made with Blockbench",
	"texture_size": [64, 64],
	"textures": {
		"0": "items/GunSword",
		"particle": "items/GunSword"
	},
	"elements": [
		{
			"from": [6, 0, 9],
			"to": [8, 6, 11],
			"faces": {
				"north": {"uv": [1.5, 8.25, 2, 9.75], "texture": "#0"},
				"east": {"uv": [8.25, 1.75, 8.75, 3.25], "texture": "#0"},
				"south": {"uv": [2, 8.25, 2.5, 9.75], "texture": "#0"},
				"west": {"uv": [2.5, 8.25, 3, 9.75], "texture": "#0"},
				"up": {"uv": [3, 7.75, 2.5, 7.25], "texture": "#0"},
				"down": {"uv": [1, 9.25, 0.5, 9.75], "texture": "#0"}
			}
		},
		{
			"from": [5, 5, 3],
			"to": [9, 6, 17],
			"faces": {
				"north": {"uv": [6, 7.5, 7, 7.75], "texture": "#0"},
				"east": {"uv": [6, 7.75, 9.5, 8], "texture": "#0"},
				"south": {"uv": [1, 7.75, 2, 8], "texture": "#0"},
				"west": {"uv": [1, 8, 4.5, 8.25], "texture": "#0"},
				"up": {"uv": [4, 3.5, 3, 0], "texture": "#0"},
				"down": {"uv": [4, 3.5, 3, 7], "texture": "#0"}
			}
		},
		{
			"from": [6, 6, 7],
			"to": [8, 23, 13],
			"faces": {
				"north": {"uv": [4, 0, 4.5, 4.25], "texture": "#0"},
				"east": {"uv": [0, 0, 1.5, 4.25], "texture": "#0"},
				"south": {"uv": [0, 4.25, 0.5, 8.5], "texture": "#0"},
				"west": {"uv": [1.5, 0, 3, 4.25], "texture": "#0"},
				"up": {"uv": [3.5, 9.75, 3, 8.25], "texture": "#0"},
				"down": {"uv": [8.75, 3.25, 8.25, 4.75], "texture": "#0"}
			}
		},
		{
			"from": [6, 6, 5],
			"to": [8, 15, 5.99],
			"faces": {
				"north": {"uv": [2.5, 4.25, 3, 7.25], "texture": "#0"},
				"east": {"uv": [4.5, 7.75, 4.75, 10.75], "texture": "#0"},
				"south": {"uv": [5, 4.5, 5.5, 7.5], "texture": "#0"},
				"west": {"uv": [3.5, 8.25, 3.75, 11.25], "texture": "#0"},
				"up": {"uv": [6, 2, 5.5, 1.75], "texture": "#0"},
				"down": {"uv": [6.5, 3, 6, 3.25], "texture": "#0"}
			}
		},
		{
			"from": [5, 6, 4],
			"to": [9, 10, 6],
			"faces": {
				"north": {"uv": [3, 7, 4, 8], "texture": "#0"},
				"east": {"uv": [4.5, 3.25, 5, 4.25], "texture": "#0"},
				"south": {"uv": [7.25, 0, 8.25, 1], "texture": "#0"},
				"west": {"uv": [8.75, 1.5, 9.25, 2.5], "texture": "#0"},
				"up": {"uv": [9.5, 7.75, 8.5, 7.25], "texture": "#0"},
				"down": {"uv": [9.75, 2.5, 8.75, 3], "texture": "#0"}
			}
		},
		{
			"from": [6, 6, 3],
			"to": [8, 13, 5],
			"faces": {
				"north": {"uv": [5.5, 0, 6, 1.75], "texture": "#0"},
				"east": {"uv": [6, 8, 6.5, 9.75], "texture": "#0"},
				"south": {"uv": [6.5, 8, 7, 9.75], "texture": "#0"},
				"west": {"uv": [7, 8, 7.5, 9.75], "texture": "#0"},
				"up": {"uv": [9.75, 5.75, 9.25, 5.25], "texture": "#0"},
				"down": {"uv": [9.75, 5.75, 9.25, 6.25], "texture": "#0"}
			}
		},
		{
			"from": [5, 6, 14],
			"to": [9, 10, 16],
			"faces": {
				"north": {"uv": [7.25, 1, 8.25, 2], "texture": "#0"},
				"east": {"uv": [8.75, 3, 9.25, 4], "texture": "#0"},
				"south": {"uv": [7.25, 2, 8.25, 3], "texture": "#0"},
				"west": {"uv": [8.75, 5.25, 9.25, 6.25], "texture": "#0"},
				"up": {"uv": [9.75, 4.5, 8.75, 4], "texture": "#0"},
				"down": {"uv": [9.5, 8.75, 8.5, 9.25], "texture": "#0"}
			}
		},
		{
			"from": [6, 6, 14.01],
			"to": [8, 15, 15.01],
			"faces": {
				"north": {"uv": [5.5, 4.5, 6, 7.5], "texture": "#0"},
				"east": {"uv": [3.75, 8.25, 4, 11.25], "texture": "#0"},
				"south": {"uv": [6, 0, 6.5, 3], "texture": "#0"},
				"west": {"uv": [4, 8.25, 4.25, 11.25], "texture": "#0"},
				"up": {"uv": [4.5, 8, 4, 7.75], "texture": "#0"},
				"down": {"uv": [9.25, 6.25, 8.75, 6.5], "texture": "#0"}
			}
		},
		{
			"from": [6, 6, 15],
			"to": [8, 13, 17],
			"faces": {
				"north": {"uv": [7.5, 8, 8, 9.75], "texture": "#0"},
				"east": {"uv": [8, 8, 8.5, 9.75], "texture": "#0"},
				"south": {"uv": [8.25, 0, 8.75, 1.75], "texture": "#0"},
				"west": {"uv": [1, 8.25, 1.5, 10], "texture": "#0"},
				"up": {"uv": [9.75, 6.75, 9.25, 6.25], "texture": "#0"},
				"down": {"uv": [9.75, 6.75, 9.25, 7.25], "texture": "#0"}
			}
		},
		{
			"from": [6, 4, 4],
			"to": [8, 5, 16],
			"faces": {
				"north": {"uv": [8.75, 9.25, 9.25, 9.5], "texture": "#0"},
				"east": {"uv": [8.25, 4.75, 11.25, 5], "texture": "#0"},
				"south": {"uv": [9.25, 9.25, 9.75, 9.5], "texture": "#0"},
				"west": {"uv": [8.25, 5, 11.25, 5.25], "texture": "#0"},
				"up": {"uv": [6.5, 7.5, 6, 4.5], "texture": "#0"},
				"down": {"uv": [1, 6.25, 0.5, 9.25], "texture": "#0"}
			}
		},
		{
			"from": [5, 3, 8],
			"to": [9, 5, 12],
			"faces": {
				"north": {"uv": [9.25, 1.5, 10.25, 2], "texture": "#0"},
				"east": {"uv": [9.25, 2, 10.25, 2.5], "texture": "#0"},
				"south": {"uv": [9.25, 3, 10.25, 3.5], "texture": "#0"},
				"west": {"uv": [9.25, 3.5, 10.25, 4], "texture": "#0"},
				"up": {"uv": [8.25, 4, 7.25, 3], "texture": "#0"},
				"down": {"uv": [8.25, 4, 7.25, 5], "texture": "#0"}
			}
		},
		{
			"from": [6.25, 23, 7],
			"to": [7.75, 28, 13],
			"faces": {
				"north": {"uv": [8.25, 5.25, 8.75, 6.5], "texture": "#0"},
				"east": {"uv": [4.5, 2, 6, 3.25], "texture": "#0"},
				"south": {"uv": [0, 8.5, 0.5, 9.75], "texture": "#0"},
				"west": {"uv": [5, 3.25, 6.5, 4.5], "texture": "#0"},
				"up": {"uv": [5.25, 9.75, 4.75, 8.25], "texture": "#0"},
				"down": {"uv": [5.75, 8.25, 5.25, 9.75], "texture": "#0"}
			}
		},
		{
			"from": [6.5, 28, 7.5],
			"to": [7.5, 32, 12.5],
			"faces": {
				"north": {"uv": [9.25, 8, 9.5, 8.75], "texture": "#0"},
				"east": {"uv": [7.25, 7, 8.5, 7.75], "texture": "#0"},
				"south": {"uv": [8.5, 9.25, 8.75, 10], "texture": "#0"},
				"west": {"uv": [4.75, 7.5, 6, 8.25], "texture": "#0"},
				"up": {"uv": [5, 7.5, 4.75, 6.25], "texture": "#0"},
				"down": {"uv": [4.5, 8.25, 4.25, 9.5], "texture": "#0"}
			}
		},
		{
			"from": [5.5, 6, 6],
			"to": [8.5, 12, 9],
			"faces": {
				"north": {"uv": [1, 6.25, 1.75, 7.75], "texture": "#0"},
				"east": {"uv": [1.75, 6.25, 2.5, 7.75], "texture": "#0"},
				"south": {"uv": [4, 6.25, 4.75, 7.75], "texture": "#0"},
				"west": {"uv": [6.5, 0, 7.25, 1.5], "texture": "#0"},
				"up": {"uv": [9.25, 7.25, 8.5, 6.5], "texture": "#0"},
				"down": {"uv": [9.25, 8, 8.5, 8.75], "texture": "#0"}
			}
		},
		{
			"from": [5.5, 6, 11],
			"to": [8.5, 12, 14],
			"faces": {
				"north": {"uv": [6.5, 1.5, 7.25, 3], "texture": "#0"},
				"east": {"uv": [6.5, 3, 7.25, 4.5], "texture": "#0"},
				"south": {"uv": [6.5, 4.5, 7.25, 6], "texture": "#0"},
				"west": {"uv": [6.5, 6, 7.25, 7.5], "texture": "#0"},
				"up": {"uv": [9.5, 0.75, 8.75, 0], "texture": "#0"},
				"down": {"uv": [9.5, 0.75, 8.75, 1.5], "texture": "#0"}
			}
		},
		{
			"from": [5, 7, 8],
			"to": [9, 15, 12],
			"faces": {
				"north": {"uv": [0.5, 4.25, 1.5, 6.25], "texture": "#0"},
				"east": {"uv": [1.5, 4.25, 2.5, 6.25], "texture": "#0"},
				"south": {"uv": [4, 4.25, 5, 6.25], "texture": "#0"},
				"west": {"uv": [4.5, 0, 5.5, 2], "texture": "#0"},
				"up": {"uv": [8.25, 6, 7.25, 5], "texture": "#0"},
				"down": {"uv": [8.25, 6, 7.25, 7], "texture": "#0"}
			}
		}
	],
	"display": {
		"thirdperson_righthand": {
			"translation": [1, 5.5, 0.25]
		},
		"thirdperson_lefthand": {
			"translation": [-1, 5.5, 0]
		},
		"firstperson_righthand": {
			"translation": [2.5, 2.75, -4.25]
		},
		"firstperson_lefthand": {
			"translation": [2.5, 2.75, -4.75]
		},
		"ground": {
			"rotation": [2.41, 26.15, -87.02],
			"translation": [0, -2, 0]
		},
		"gui": {
			"rotation": [90, 45, -90],
			"translation": [-6.75, -5, 0]
		},
		"head": {
			"translation": [1, 7, -2]
		},
		"fixed": {
			"rotation": [-90, 38.75, 90],
			"translation": [4.25, -6, -2.25]
		}
	},
	"groups": [
		{
			"name": "GunSword",
			"origin": [8, 8, 8],
			"color": 0,
			"children": [0, 1, 2, 3, 4, 5, 6, 7, 8, 9, 10, 11, 12, 13, 14, 15]
		}
	]
}