{
	"credit": "Made with Blockbench",
	"texture_size": [128, 128],
	"textures": {
		"0": "items/HazmatSuit",
		"particle": "items/HazmatSuit"
	},
	"elements": [
		{
			"from": [1.5, 18, 0],
			"to": [16.5, 32, 15],
			"faces": {
				"north": {"uv": [0, 0, 1.75, 1.75], "texture": "#0"},
				"east": {"uv": [0, 1.75, 1.75, 3.5], "texture": "#0"},
				"south": {"uv": [1.75, 0, 3.5, 1.75], "texture": "#0"},
				"west": {"uv": [1.75, 1.75, 3.5, 3.5], "texture": "#0"},
				"up": {"uv": [1.75, 5.25, 0, 3.5], "texture": "#0"},
				"down": {"uv": [5.25, 0, 3.5, 1.75], "texture": "#0"}
			}
		},
		{
			"from": [4, 17, -2],
			"to": [14, 22, 3],
			"faces": {
				"north": {"uv": [0, 7, 1.25, 7.625], "texture": "#0"},
				"east": {"uv": [1, 7.625, 1.625, 8.25], "texture": "#0"},
				"south": {"uv": [1.25, 7, 2.5, 7.625], "texture": "#0"},
				"west": {"uv": [1.625, 7.625, 2.25, 8.25], "texture": "#0"},
				"up": {"uv": [8.5, 2.375, 7.25, 1.75], "texture": "#0"},
				"down": {"uv": [8.5, 2.375, 7.25, 3], "texture": "#0"}
			}
		},
		{
			"from": [7, 22, -1.5],
			"to": [11, 24.5, 0],
			"faces": {
				"north": {"uv": [4.5, 7.875, 5, 8.25], "texture": "#0"},
				"east": {"uv": [1.5, 5.25, 1.75, 5.625], "texture": "#0"},
				"south": {"uv": [6.625, 7.875, 7.125, 8.25], "texture": "#0"},
				"west": {"uv": [5, 5.875, 5.25, 6.25], "texture": "#0"},
				"up": {"uv": [3, 7.25, 2.5, 7], "texture": "#0"},
				"down": {"uv": [8.5, 4.125, 8, 4.375], "texture": "#0"}
			}
		},
		{
			"from": [11, 22, -1],
			"to": [13, 23, 0],
			"faces": {
				"north": {"uv": [3, 7, 3.25, 7.125], "texture": "#0"},
				"east": {"uv": [7.625, 0.75, 7.75, 0.875], "texture": "#0"},
				"south": {"uv": [3, 7.125, 3.25, 7.25], "texture": "#0"},
				"west": {"uv": [7.625, 0.875, 7.75, 1], "texture": "#0"},
				"up": {"uv": [2.5, 7.75, 2.25, 7.625], "texture": "#0"},
				"down": {"uv": [4, 7.75, 3.75, 7.875], "texture": "#0"}
			}
		},
		{
			"from": [5, 22, -1],
			"to": [7, 23, 0],
			"faces": {
				"north": {"uv": [8, 5.125, 8.25, 5.25], "texture": "#0"},
				"east": {"uv": [0.25, 8.125, 0.375, 8.25], "texture": "#0"},
				"south": {"uv": [7.75, 8, 8, 8.125], "texture": "#0"},
				"west": {"uv": [0.375, 8.125, 0.5, 8.25], "texture": "#0"},
				"up": {"uv": [8.25, 8.125, 8, 8], "texture": "#0"},
				"down": {"uv": [0.25, 8.125, 0, 8.25], "texture": "#0"}
			}
		},
		{
			"from": [3, 25, -0.5],
			"to": [15, 31, 0.5],
			"faces": {
				"north": {"uv": [0, 6.25, 1.5, 7], "texture": "#0"},
				"east": {"uv": [7.125, 7.875, 7.25, 8.625], "texture": "#0"},
				"south": {"uv": [6.25, 1, 7.75, 1.75], "texture": "#0"},
				"west": {"uv": [7.25, 7.875, 7.375, 8.625], "texture": "#0"},
				"up": {"uv": [8.75, 4, 7.25, 3.875], "texture": "#0"},
				"down": {"uv": [9.125, 7.375, 7.625, 7.5], "texture": "#0"}
			}
		},
		{
			"from": [2, 15, -3.5],
			"to": [7, 20, -0.5],
			"faces": {
				"north": {"uv": [7.625, 6.5, 8.25, 7.125], "texture": "#0"},
				"east": {"uv": [3.75, 7.875, 4.125, 8.5], "texture": "#0"},
				"south": {"uv": [7.75, 0.75, 8.375, 1.375], "texture": "#0"},
				"west": {"uv": [4.125, 7.875, 4.5, 8.5], "texture": "#0"},
				"up": {"uv": [8.375, 6.375, 7.75, 6], "texture": "#0"},
				"down": {"uv": [6.625, 7.875, 6, 8.25], "texture": "#0"}
			}
		},
		{
			"from": [3, 16, 11],
			"to": [15, 18, 13],
			"faces": {
				"north": {"uv": [7.625, 7.125, 9.125, 7.375], "texture": "#0"},
				"east": {"uv": [3.25, 5.625, 3.5, 5.875], "texture": "#0"},
				"south": {"uv": [7.75, 1.375, 9.25, 1.625], "texture": "#0"},
				"west": {"uv": [5, 6.25, 5.25, 6.5], "texture": "#0"},
				"up": {"uv": [3.75, 8, 2.25, 7.75], "texture": "#0"},
				"down": {"uv": [9.25, 5.25, 7.75, 5.5], "texture": "#0"}
			}
		}
	],
	"display": {
		"thirdperson_righthand": {
			"translation": [0, -6.5, 0],
			"scale": [0.75, 0.75, 0.75]
		},
		"thirdperson_lefthand": {
			"translation": [1, -8.75, 0],
			"scale": [0.75, 0.75, 0.75]
		},
		"firstperson_righthand": {
			"translation": [13.5, -5.25, -15]
		},
		"firstperson_lefthand": {
			"translation": [18, -3, -16.25]
		},
		"ground": {
			"scale": [0.75, 0.75, 0.75]
		},
		"gui": {
			"rotation": [-180, -0.25, -180],
			"translation": [0.25, -6.5, 0],
			"scale": [0.75, 0.75, 0.75]
		},
		"head": {
			"rotation": [-1, 0, 0],
			"translation": [-1, -17, 0.75]
		},
		"fixed": {
			"translation": [-0.75, -8.75, 1.75]
		}
	},
	"groups": [
		{
			"name": "Hazmatsuit",
			"origin": [0, 0, 0],
			"color": 0,
			"children": [0, 1, 2, 3, 4, 5, 6, 7]
		}
	]
}