{
	"credit": "Made with Blockbench",
	"texture_size": [32, 32],
	"textures": {
		"0": "items/JettKnife",
		"particle": "items/JettKnife"
	},
	"elements": [
		{
			"from": [7, 0, 7.125],
			"to": [8.5, 4, 8.875],
			"faces": {
				"north": {"uv": [1, 2, 1.75, 4], "texture": "#0"},
				"east": {"uv": [0, 0, 1, 2], "texture": "#0"},
				"south": {"uv": [2, 2, 2.75, 4], "texture": "#0"},
				"west": {"uv": [1, 0, 2, 2], "texture": "#0"},
				"up": {"uv": [3.75, 5, 3, 4], "texture": "#0"},
				"down": {"uv": [4.75, 4, 4, 5], "texture": "#0"}
			}
		},
		{
			"from": [7.25, 3.75, 6.75],
			"to": [8.25, 4.5, 7.5],
			"rotation": {"angle": -45, "axis": "x", "origin": [7.75, 4.125, 7]},
			"faces": {
				"north": {"uv": [8.5, 4.5, 9, 5], "texture": "#0"},
				"east": {"uv": [0, 9, 0.5, 9.5], "texture": "#0"},
				"south": {"uv": [9, 0, 9.5, 0.5], "texture": "#0"},
				"west": {"uv": [9, 0.5, 9.5, 1], "texture": "#0"},
				"up": {"uv": [9.5, 1.5, 9, 1], "texture": "#0"},
				"down": {"uv": [2, 9, 1.5, 9.5], "texture": "#0"}
			}
		},
		{
			"from": [7.25, 3.75, 8.5],
			"to": [8.25, 4.5, 9.25],
			"rotation": {"angle": 45, "axis": "x", "origin": [7.75, 4.125, 9]},
			"faces": {
				"north": {"uv": [9, 1.5, 9.5, 2], "texture": "#0"},
				"east": {"uv": [2, 9, 2.5, 9.5], "texture": "#0"},
				"south": {"uv": [9, 2, 9.5, 2.5], "texture": "#0"},
				"west": {"uv": [2.5, 9, 3, 9.5], "texture": "#0"},
				"up": {"uv": [9.5, 3, 9, 2.5], "texture": "#0"},
				"down": {"uv": [9.5, 3, 9, 3.5], "texture": "#0"}
			}
		},
		{
			"from": [7.25, 5.5, 8.5],
			"to": [8.25, 6.25, 9.25],
			"rotation": {"angle": -45, "axis": "x", "origin": [7.75, 5.875, 9]},
			"faces": {
				"north": {"uv": [9, 3.5, 9.5, 4], "texture": "#0"},
				"east": {"uv": [9, 4, 9.5, 4.5], "texture": "#0"},
				"south": {"uv": [9, 4.5, 9.5, 5], "texture": "#0"},
				"west": {"uv": [5, 9, 5.5, 9.5], "texture": "#0"},
				"up": {"uv": [9.5, 5.5, 9, 5], "texture": "#0"},
				"down": {"uv": [6, 9, 5.5, 9.5], "texture": "#0"}
			}
		},
		{
			"from": [7.25, 5.5, 6.75],
			"to": [8.25, 6.25, 7.5],
			"rotation": {"angle": 45, "axis": "x", "origin": [7.75, 5.875, 7]},
			"faces": {
				"north": {"uv": [9, 5.5, 9.5, 6], "texture": "#0"},
				"east": {"uv": [9, 6, 9.5, 6.5], "texture": "#0"},
				"south": {"uv": [9, 6.5, 9.5, 7], "texture": "#0"},
				"west": {"uv": [7, 9, 7.5, 9.5], "texture": "#0"},
				"up": {"uv": [9.5, 7.5, 9, 7], "texture": "#0"},
				"down": {"uv": [9.5, 7.5, 9, 8], "texture": "#0"}
			}
		},
		{
			"from": [7.25, 4.25, 8.75],
			"to": [8.25, 5.75, 9.5],
			"rotation": {"angle": 0, "axis": "y", "origin": [7.75, 4.425, 9.25]},
			"faces": {
				"north": {"uv": [7.5, 6, 8, 6.75], "texture": "#0"},
				"east": {"uv": [7.5, 7, 8, 7.75], "texture": "#0"},
				"south": {"uv": [8, 0, 8.5, 0.75], "texture": "#0"},
				"west": {"uv": [8, 1, 8.5, 1.75], "texture": "#0"},
				"up": {"uv": [9.5, 8.5, 9, 8], "texture": "#0"},
				"down": {"uv": [9.5, 8.5, 9, 9], "texture": "#0"}
			}
		},
		{
			"from": [7.25, 4.25, 6.5],
			"to": [8.25, 5.75, 7.25],
			"rotation": {"angle": 0, "axis": "y", "origin": [7.75, 4.425, 6.75]},
			"faces": {
				"north": {"uv": [8, 2, 8.5, 2.75], "texture": "#0"},
				"east": {"uv": [2.5, 8, 3, 8.75], "texture": "#0"},
				"south": {"uv": [8, 3, 8.5, 3.75], "texture": "#0"},
				"west": {"uv": [8, 4, 8.5, 4.75], "texture": "#0"},
				"up": {"uv": [9.5, 9.5, 9, 9], "texture": "#0"},
				"down": {"uv": [0.5, 9.5, 0, 10], "texture": "#0"}
			}
		},
		{
			"from": [7.25, 0.125, 7],
			"to": [8.25, 4.25, 9],
			"faces": {
				"north": {"uv": [3, 0, 3.5, 2], "texture": "#0"},
				"east": {"uv": [0, 2, 1, 4], "texture": "#0"},
				"south": {"uv": [3, 2, 3.5, 4], "texture": "#0"},
				"west": {"uv": [2, 0, 3, 2], "texture": "#0"},
				"up": {"uv": [5, 3, 4.5, 2], "texture": "#0"},
				"down": {"uv": [5, 3, 4.5, 4], "texture": "#0"}
			}
		},
		{
			"from": [7.25, 5.75, 7.1],
			"to": [8.25, 6.32, 8.9],
			"faces": {
				"north": {"uv": [9.5, 9, 10, 9.25], "texture": "#0"},
				"east": {"uv": [9.5, 0, 10.5, 0.25], "texture": "#0"},
				"south": {"uv": [9.5, 9.5, 10, 9.75], "texture": "#0"},
				"west": {"uv": [9.5, 0.5, 10.5, 0.75], "texture": "#0"},
				"up": {"uv": [0.5, 7, 0, 6], "texture": "#0"},
				"down": {"uv": [6.5, 0, 6, 1], "texture": "#0"}
			}
		},
		{
			"from": [7.375, 6, 7.1],
			"to": [8.125, 6.75, 8.9],
			"faces": {
				"north": {"uv": [9.5, 1, 10, 1.5], "texture": "#0"},
				"east": {"uv": [0.5, 6, 1.5, 6.5], "texture": "#0"},
				"south": {"uv": [1.5, 9.5, 2, 10], "texture": "#0"},
				"west": {"uv": [6, 1, 7, 1.5], "texture": "#0"},
				"up": {"uv": [2, 7, 1.5, 6], "texture": "#0"},
				"down": {"uv": [6.5, 1.5, 6, 2.5], "texture": "#0"}
			}
		},
		{
			"from": [7.5625, 10.1, 7.1],
			"to": [7.9375, 11.85, 8.9],
			"faces": {
				"north": {"uv": [9.5, 1.5, 9.75, 2.5], "texture": "#0"},
				"east": {"uv": [3.5, 0, 4.5, 1], "texture": "#0"},
				"south": {"uv": [2, 9.5, 2.25, 10.5], "texture": "#0"},
				"west": {"uv": [3.5, 1, 4.5, 2], "texture": "#0"},
				"up": {"uv": [2.75, 10.5, 2.5, 9.5], "texture": "#0"},
				"down": {"uv": [9.75, 2.5, 9.5, 3.5], "texture": "#0"}
			}
		},
		{
			"from": [7.5625, 11.1, 7.5],
			"to": [7.9375, 12.85, 8.5],
			"faces": {
				"north": {"uv": [3, 9.5, 3.25, 10.5], "texture": "#0"},
				"east": {"uv": [2, 6, 2.5, 7], "texture": "#0"},
				"south": {"uv": [3.5, 9.5, 3.75, 10.5], "texture": "#0"},
				"west": {"uv": [2.5, 6, 3, 7], "texture": "#0"},
				"up": {"uv": [0.25, 10.5, 0, 10], "texture": "#0"},
				"down": {"uv": [0.75, 10, 0.5, 10.5], "texture": "#0"}
			}
		},
		{
			"from": [7.5625, 6.3, 6.4],
			"to": [7.9375, 7.05, 7.9],
			"rotation": {"angle": 22.5, "axis": "x", "origin": [7.75, 6.75, 7.15]},
			"faces": {
				"north": {"uv": [1, 10, 1.25, 10.5], "texture": "#0"},
				"east": {"uv": [8, 5, 8.75, 5.5], "texture": "#0"},
				"south": {"uv": [10, 1, 10.25, 1.5], "texture": "#0"},
				"west": {"uv": [8, 5.5, 8.75, 6], "texture": "#0"},
				"up": {"uv": [9.75, 7.75, 9.5, 7], "texture": "#0"},
				"down": {"uv": [7.75, 9.5, 7.5, 10.25], "texture": "#0"}
			}
		},
		{
			"from": [7.6563, 6.5, 6.4],
			"to": [7.8438, 7.25, 8.9],
			"rotation": {"angle": 22.5, "axis": "x", "origin": [7.75, 6.75, 7.15]},
			"faces": {
				"north": {"uv": [1.5, 10, 1.75, 10.5], "texture": "#0"},
				"east": {"uv": [4.5, 0, 5.75, 0.5], "texture": "#0"},
				"south": {"uv": [10, 1.5, 10.25, 2], "texture": "#0"},
				"west": {"uv": [4.5, 0.5, 5.75, 1], "texture": "#0"},
				"up": {"uv": [8.25, 8.25, 8, 7], "texture": "#0"},
				"down": {"uv": [7.75, 8, 7.5, 9.25], "texture": "#0"}
			}
		},
		{
			"from": [7.5625, 6.3, 8.11],
			"to": [7.9375, 7.05, 9.61],
			"rotation": {"angle": -22.5, "axis": "x", "origin": [7.75, 6.75, 8.86]},
			"faces": {
				"north": {"uv": [10, 2, 10.25, 2.5], "texture": "#0"},
				"east": {"uv": [8, 6, 8.75, 6.5], "texture": "#0"},
				"south": {"uv": [10, 2.5, 10.25, 3], "texture": "#0"},
				"west": {"uv": [8, 6.5, 8.75, 7], "texture": "#0"},
				"up": {"uv": [9.75, 8.75, 9.5, 8], "texture": "#0"},
				"down": {"uv": [9.25, 9.5, 9, 10.25], "texture": "#0"}
			}
		},
		{
			"from": [7.6563, 6.5, 7.11],
			"to": [7.8438, 7.25, 9.61],
			"rotation": {"angle": -22.5, "axis": "x", "origin": [7.75, 6.75, 8.86]},
			"faces": {
				"north": {"uv": [10, 3, 10.25, 3.5], "texture": "#0"},
				"east": {"uv": [4.5, 1, 5.75, 1.5], "texture": "#0"},
				"south": {"uv": [10, 3.5, 10.25, 4], "texture": "#0"},
				"west": {"uv": [4.5, 1.5, 5.75, 2], "texture": "#0"},
				"up": {"uv": [8.75, 1.25, 8.5, 0], "texture": "#0"},
				"down": {"uv": [0.75, 8.5, 0.5, 9.75], "texture": "#0"}
			}
		},
		{
			"from": [7.5625, 6.75, 8.875],
			"to": [7.9375, 10.75, 9.625],
			"rotation": {"angle": 0, "axis": "y", "origin": [7.75, 9, 9.25]},
			"faces": {
				"north": {"uv": [6, 2.5, 6.25, 4.5], "texture": "#0"},
				"east": {"uv": [3.5, 2, 4, 4], "texture": "#0"},
				"south": {"uv": [6, 4.5, 6.25, 6.5], "texture": "#0"},
				"west": {"uv": [0, 4, 0.5, 6], "texture": "#0"},
				"up": {"uv": [10.25, 4.5, 10, 4], "texture": "#0"},
				"down": {"uv": [4.75, 10, 4.5, 10.5], "texture": "#0"}
			}
		},
		{
			"from": [7.5625, 6.75, 8.5],
			"to": [7.9375, 10.75, 8.75],
			"rotation": {"angle": -22.5, "axis": "x", "origin": [7.75, 9, 9.25]},
			"faces": {
				"north": {"uv": [0.5, 6.5, 0.75, 8.5], "texture": "#0"},
				"east": {"uv": [1, 6.5, 1.25, 8.5], "texture": "#0"},
				"south": {"uv": [6.5, 1.5, 6.75, 3.5], "texture": "#0"},
				"west": {"uv": [6.5, 3.5, 6.75, 5.5], "texture": "#0"},
				"up": {"uv": [10.75, 0.75, 10.5, 0.5], "texture": "#0"},
				"down": {"uv": [1.25, 10.5, 1, 10.75], "texture": "#0"}
			}
		},
		{
			"from": [7.6563, 8.125, 8.25],
			"to": [7.8438, 10.625, 8.5],
			"rotation": {"angle": -22.5, "axis": "x", "origin": [7.75, 9, 9.25]},
			"faces": {
				"north": {"uv": [1, 8.5, 1.25, 9.75], "texture": "#0"},
				"east": {"uv": [8.5, 1.5, 8.75, 2.75], "texture": "#0"},
				"south": {"uv": [8.5, 3, 8.75, 4.25], "texture": "#0"},
				"west": {"uv": [6, 8.5, 6.25, 9.75], "texture": "#0"},
				"up": {"uv": [10.75, 1.25, 10.5, 1], "texture": "#0"},
				"down": {"uv": [1.75, 10.5, 1.5, 10.75], "texture": "#0"}
			}
		},
		{
			"from": [7.5625, 8.75, 8.6],
			"to": [7.9375, 10.75, 9.35],
			"rotation": {"angle": -22.5, "axis": "x", "origin": [7.75, 9, 9.25]},
			"faces": {
				"north": {"uv": [9.5, 3.5, 9.75, 4.5], "texture": "#0"},
				"east": {"uv": [6.5, 0, 7, 1], "texture": "#0"},
				"south": {"uv": [4, 9.5, 4.25, 10.5], "texture": "#0"},
				"west": {"uv": [6.5, 5.5, 7, 6.5], "texture": "#0"},
				"up": {"uv": [10.25, 5, 10, 4.5], "texture": "#0"},
				"down": {"uv": [5.25, 10, 5, 10.5], "texture": "#0"}
			}
		},
		{
			"from": [7.65625, 6.65, 9.5],
			"to": [7.84375, 10.9, 9.75],
			"rotation": {"angle": 0, "axis": "y", "origin": [7.75, 9, 9.25]},
			"faces": {
				"north": {"uv": [5, 2, 5.25, 4.25], "texture": "#0"},
				"east": {"uv": [3, 5, 3.25, 7.25], "texture": "#0"},
				"south": {"uv": [3.5, 5, 3.75, 7.25], "texture": "#0"},
				"west": {"uv": [4, 5, 4.25, 7.25], "texture": "#0"},
				"up": {"uv": [10.75, 1.75, 10.5, 1.5], "texture": "#0"},
				"down": {"uv": [2.25, 10.5, 2, 10.75], "texture": "#0"}
			}
		},
		{
			"from": [7.65625, 6.65, 6.25],
			"to": [7.84375, 10.9, 6.5],
			"rotation": {"angle": 0, "axis": "y", "origin": [7.75, 9, 9.25]},
			"faces": {
				"north": {"uv": [4.5, 5, 4.75, 7.25], "texture": "#0"},
				"east": {"uv": [5, 4.5, 5.25, 6.75], "texture": "#0"},
				"south": {"uv": [5.5, 2, 5.75, 4.25], "texture": "#0"},
				"west": {"uv": [5.5, 4.5, 5.75, 6.75], "texture": "#0"},
				"up": {"uv": [10.75, 2.25, 10.5, 2], "texture": "#0"},
				"down": {"uv": [2.75, 10.5, 2.5, 10.75], "texture": "#0"}
			}
		},
		{
			"from": [7.5625, 10.75, 8.5],
			"to": [7.9375, 14, 9.25],
			"rotation": {"angle": -22.5, "axis": "x", "origin": [7.75, 11.75, 9.25]},
			"faces": {
				"north": {"uv": [7, 3, 7.25, 4.75], "texture": "#0"},
				"east": {"uv": [1.5, 4, 2, 5.75], "texture": "#0"},
				"south": {"uv": [5, 7, 5.25, 8.75], "texture": "#0"},
				"west": {"uv": [2, 4, 2.5, 5.75], "texture": "#0"},
				"up": {"uv": [10.25, 5.5, 10, 5], "texture": "#0"},
				"down": {"uv": [5.75, 10, 5.5, 10.5], "texture": "#0"}
			}
		},
		{
			"from": [7.6563, 10.75, 9.125],
			"to": [7.8438, 14, 9.375],
			"rotation": {"angle": -22.5, "axis": "x", "origin": [7.75, 11.75, 9.25]},
			"faces": {
				"north": {"uv": [7, 5, 7.25, 6.75], "texture": "#0"},
				"east": {"uv": [5.5, 7, 5.75, 8.75], "texture": "#0"},
				"south": {"uv": [7, 7, 7.25, 8.75], "texture": "#0"},
				"west": {"uv": [7.5, 0, 7.75, 1.75], "texture": "#0"},
				"up": {"uv": [10.75, 2.75, 10.5, 2.5], "texture": "#0"},
				"down": {"uv": [3.25, 10.5, 3, 10.75], "texture": "#0"}
			}
		},
		{
			"from": [7.5625, 10.75, 6.75],
			"to": [7.9375, 14, 7.5],
			"rotation": {"angle": 22.5, "axis": "x", "origin": [7.75, 11.75, 6.74]},
			"faces": {
				"north": {"uv": [7.5, 2, 7.75, 3.75], "texture": "#0"},
				"east": {"uv": [4, 2, 4.5, 3.75], "texture": "#0"},
				"south": {"uv": [3, 7.5, 3.25, 9.25], "texture": "#0"},
				"west": {"uv": [2.5, 4, 3, 5.75], "texture": "#0"},
				"up": {"uv": [10.25, 6, 10, 5.5], "texture": "#0"},
				"down": {"uv": [6.25, 10, 6, 10.5], "texture": "#0"}
			}
		},
		{
			"from": [7.6563, 10.75, 6.625],
			"to": [7.8438, 14, 6.875],
			"rotation": {"angle": 22.5, "axis": "x", "origin": [7.75, 11.75, 6.74]},
			"faces": {
				"north": {"uv": [3.5, 7.5, 3.75, 9.25], "texture": "#0"},
				"east": {"uv": [4, 7.5, 4.25, 9.25], "texture": "#0"},
				"south": {"uv": [7.5, 4, 7.75, 5.75], "texture": "#0"},
				"west": {"uv": [4.5, 7.5, 4.75, 9.25], "texture": "#0"},
				"up": {"uv": [10.75, 3.25, 10.5, 3], "texture": "#0"},
				"down": {"uv": [3.75, 10.5, 3.5, 10.75], "texture": "#0"}
			}
		},
		{
			"from": [7.5625, 13.5, 7.375],
			"to": [7.9375, 14.15, 8.025],
			"rotation": {"angle": -45, "axis": "x", "origin": [7.75, 14.125, 8]},
			"faces": {
				"north": {"uv": [10.5, 3.5, 10.75, 3.75], "texture": "#0"},
				"east": {"uv": [4, 10.5, 4.25, 10.75], "texture": "#0"},
				"south": {"uv": [10.5, 4, 10.75, 4.25], "texture": "#0"},
				"west": {"uv": [4.5, 10.5, 4.75, 10.75], "texture": "#0"},
				"up": {"uv": [10.75, 4.75, 10.5, 4.5], "texture": "#0"},
				"down": {"uv": [5.25, 10.5, 5, 10.75], "texture": "#0"}
			}
		},
		{
			"from": [7.6563, 13.5, 7.375],
			"to": [7.8438, 14.275, 8.15],
			"rotation": {"angle": -45, "axis": "x", "origin": [7.75, 14.125, 8]},
			"faces": {
				"north": {"uv": [10, 6, 10.25, 6.5], "texture": "#0"},
				"east": {"uv": [4.5, 9.5, 5, 10], "texture": "#0"},
				"south": {"uv": [6.5, 10, 6.75, 10.5], "texture": "#0"},
				"west": {"uv": [9.5, 4.5, 10, 5], "texture": "#0"},
				"up": {"uv": [10.25, 7, 10, 6.5], "texture": "#0"},
				"down": {"uv": [10.25, 7, 10, 7.5], "texture": "#0"}
			}
		},
		{
			"from": [7.5625, 6.75, 6.365],
			"to": [7.9375, 10.75, 7.115],
			"rotation": {"angle": 0, "axis": "y", "origin": [7.75, 6.75, 7]},
			"faces": {
				"north": {"uv": [6, 6.5, 6.25, 8.5], "texture": "#0"},
				"east": {"uv": [0.5, 4, 1, 6], "texture": "#0"},
				"south": {"uv": [6.5, 6.5, 6.75, 8.5], "texture": "#0"},
				"west": {"uv": [1, 4, 1.5, 6], "texture": "#0"},
				"up": {"uv": [10.25, 8, 10, 7.5], "texture": "#0"},
				"down": {"uv": [8.25, 10, 8, 10.5], "texture": "#0"}
			}
		},
		{
			"from": [7.6563, 7, 6.615],
			"to": [7.8438, 8, 7.365],
			"rotation": {"angle": 0, "axis": "y", "origin": [7.75, 6.75, 7]},
			"faces": {
				"north": {"uv": [10, 8, 10.25, 8.5], "texture": "#0"},
				"east": {"uv": [5, 9.5, 5.5, 10], "texture": "#0"},
				"south": {"uv": [8.5, 10, 8.75, 10.5], "texture": "#0"},
				"west": {"uv": [9.5, 5, 10, 5.5], "texture": "#0"},
				"up": {"uv": [10.25, 9, 10, 8.5], "texture": "#0"},
				"down": {"uv": [10.25, 9, 10, 9.5], "texture": "#0"}
			}
		},
		{
			"from": [7.6563, 7, 8.615],
			"to": [7.8438, 8, 9.365],
			"rotation": {"angle": 0, "axis": "y", "origin": [7.75, 6.75, 7]},
			"faces": {
				"north": {"uv": [9.5, 10, 9.75, 10.5], "texture": "#0"},
				"east": {"uv": [5.5, 9.5, 6, 10], "texture": "#0"},
				"south": {"uv": [10, 9.5, 10.25, 10], "texture": "#0"},
				"west": {"uv": [9.5, 5.5, 10, 6], "texture": "#0"},
				"up": {"uv": [10.25, 10.5, 10, 10], "texture": "#0"},
				"down": {"uv": [0.25, 10.5, 0, 11], "texture": "#0"}
			}
		},
		{
			"from": [7.5625, 6.75, 7.15],
			"to": [7.9375, 10.75, 7.4],
			"rotation": {"angle": 22.5, "axis": "x", "origin": [7.75, 8.75, 6.74]},
			"faces": {
				"north": {"uv": [0, 7, 0.25, 9], "texture": "#0"},
				"east": {"uv": [7, 0, 7.25, 2], "texture": "#0"},
				"south": {"uv": [1.5, 7, 1.75, 9], "texture": "#0"},
				"west": {"uv": [2, 7, 2.25, 9], "texture": "#0"},
				"up": {"uv": [10.75, 5.25, 10.5, 5], "texture": "#0"},
				"down": {"uv": [5.75, 10.5, 5.5, 10.75], "texture": "#0"}
			}
		},
		{
			"from": [7.6563, 8.125, 7.4],
			"to": [7.8438, 10.625, 7.65],
			"rotation": {"angle": 22.5, "axis": "x", "origin": [7.75, 8.75, 6.74]},
			"faces": {
				"north": {"uv": [6.5, 8.5, 6.75, 9.75], "texture": "#0"},
				"east": {"uv": [8.5, 7, 8.75, 8.25], "texture": "#0"},
				"south": {"uv": [8, 8.5, 8.25, 9.75], "texture": "#0"},
				"west": {"uv": [8.5, 8.5, 8.75, 9.75], "texture": "#0"},
				"up": {"uv": [10.75, 5.75, 10.5, 5.5], "texture": "#0"},
				"down": {"uv": [6.25, 10.5, 6, 10.75], "texture": "#0"}
			}
		},
		{
			"from": [7.5625, 8.75, 6.5],
			"to": [7.9375, 10.75, 7.25],
			"rotation": {"angle": 22.5, "axis": "x", "origin": [7.75, 8.75, 6.74]},
			"faces": {
				"north": {"uv": [9.5, 6, 9.75, 7], "texture": "#0"},
				"east": {"uv": [7, 2, 7.5, 3], "texture": "#0"},
				"south": {"uv": [7, 9.5, 7.25, 10.5], "texture": "#0"},
				"west": {"uv": [2.5, 7, 3, 8], "texture": "#0"},
				"up": {"uv": [10.75, 0.5, 10.5, 0], "texture": "#0"},
				"down": {"uv": [0.75, 10.5, 0.5, 11], "texture": "#0"}
			}
		}
	],
	"display": {
		"thirdperson_righthand": {
			"rotation": [-36.75, 0, 0],
			"translation": [0, 1, -1],
			"scale": [0.5, 0.5, 0.5]
		},
		"thirdperson_lefthand": {
			"rotation": [-36.5, 0, 0],
			"translation": [-0.25, 1, -1],
			"scale": [0.5, 0.5, 0.5]
		},
		"firstperson_righthand": {
			"rotation": [-162.19, -77.01, -63.42],
			"translation": [0.5, 11.25, 0],
			"scale": [0.5, 0.5, 0.5]
		},
		"firstperson_lefthand": {
			"rotation": [93.01, 63.67, 176.84],
			"translation": [0.5, 10.75, -0.75],
			"scale": [0.5, 0.5, 0.5]
		},
		"ground": {
			"rotation": [-26.27, -21.29, 77.68]
		},
		"gui": {
			"rotation": [0, 90, 0]
		},
		"fixed": {
			"rotation": [0, -90, 0],
			"translation": [0, 0, -0.75]
		}
	},
	"groups": [
		{
			"name": "JettKnife",
			"origin": [8, 8, 8],
			"color": 0,
			"children": [0, 1, 2, 3, 4, 5, 6, 7, 8, 9, 10, 11, 12, 13, 14, 15, 16, 17, 18, 19, 20, 21, 22, 23, 24, 25, 26, 27, 28, 29, 30, 31, 32, 33]
		}
	]
}