{"data":86,"parent":"item/generated","textures":{"layer0":"item/leather_horse_armor"},"overrides":[{"predicate":{"custom_model_data":1},"model":"modelengine:biggiecheese/lowerrarm"},{"predicate":{"custom_model_data":2},"model":"modelengine:biggiecheese/rarms"},{"predicate":{"custom_model_data":3},"model":"modelengine:biggiecheese/lowerlarm"},{"predicate":{"custom_model_data":4},"model":"modelengine:biggiecheese/larm"},{"predicate":{"custom_model_data":5},"model":"modelengine:biggiecheese/head"},{"predicate":{"custom_model_data":6},"model":"modelengine:biggiecheese/upperbody"},{"predicate":{"custom_model_data":7},"model":"modelengine:biggiecheese/lowerbody"},{"predicate":{"custom_model_data":8},"model":"modelengine:biggiecheese/lowerrleg"},{"predicate":{"custom_model_data":9},"model":"modelengine:biggiecheese/rleg"},{"predicate":{"custom_model_data":10},"model":"modelengine:biggiecheese/lowerlleg"},{"predicate":{"custom_model_data":11},"model":"modelengine:biggiecheese/lleg"},{"predicate":{"custom_model_data":12},"model":"modelengine:crystal/base"},{"predicate":{"custom_model_data":13},"model":"modelengine:crystal/crystal"},{"predicate":{"custom_model_data":14},"model":"modelengine:flashdrivemob/flashdrivemob"},{"predicate":{"custom_model_data":15},"model":"modelengine:gunsword/gunsword"},{"predicate":{"custom_model_data":16},"model":"modelengine:potatomine/layer1"},{"predicate":{"custom_model_data":17},"model":"modelengine:potatomine/layer2"},{"predicate":{"custom_model_data":18},"model":"modelengine:potatomine/stick"},{"predicate":{"custom_model_data":19},"model":"modelengine:potatomine/ball"},{"predicate":{"custom_model_data":20},"model":"modelengine:redstonegolem/lkneeup"},{"predicate":{"custom_model_data":21},"model":"modelengine:redstonegolem/lkneebelow"},{"predicate":{"custom_model_data":22},"model":"modelengine:redstonegolem/rkneeup"},{"predicate":{"custom_model_data":23},"model":"modelengine:redstonegolem/rkneebelow"},{"predicate":{"custom_model_data":24},"model":"modelengine:redstonegolem/lowerbody"},{"predicate":{"custom_model_data":25},"model":"modelengine:redstonegolem/upperbody"},{"predicate":{"custom_model_data":26},"model":"modelengine:redstonegolem/core"},{"predicate":{"custom_model_data":27},"model":"modelengine:redstonegolem/rupperarm"},{"predicate":{"custom_model_data":28},"model":"modelengine:redstonegolem/rlowerarm"},{"predicate":{"custom_model_data":29},"model":"modelengine:redstonegolem/llowerarm"},{"predicate":{"custom_model_data":30},"model":"modelengine:redstonegolem/lupperarm"},{"predicate":{"custom_model_data":31},"model":"modelengine:redstonegolem/head"},{"predicate":{"custom_model_data":32},"model":"modelengine:rockgolem/rhand"},{"predicate":{"custom_model_data":33},"model":"modelengine:rockgolem/lrarm"},{"predicate":{"custom_model_data":34},"model":"modelengine:rockgolem/rarm"},{"predicate":{"custom_model_data":35},"model":"modelengine:rockgolem/lhand"},{"predicate":{"custom_model_data":36},"model":"modelengine:rockgolem/llarm"},{"predicate":{"custom_model_data":37},"model":"modelengine:rockgolem/emergencywork"},{"predicate":{"custom_model_data":38},"model":"modelengine:rockgolem/jaw"},{"predicate":{"custom_model_data":39},"model":"modelengine:rockgolem/head"},{"predicate":{"custom_model_data":40},"model":"modelengine:rockgolem/upperbody"},{"predicate":{"custom_model_data":41},"model":"modelengine:rockgolem/body"},{"predicate":{"custom_model_data":42},"model":"modelengine:rockgolem/rankle"},{"predicate":{"custom_model_data":43},"model":"modelengine:rockgolem/lrleg"},{"predicate":{"custom_model_data":44},"model":"modelengine:rockgolem/rleg"},{"predicate":{"custom_model_data":45},"model":"modelengine:rockgolem/lankle"},{"predicate":{"custom_model_data":46},"model":"modelengine:rockgolem/llleg"},{"predicate":{"custom_model_data":47},"model":"modelengine:rockgolem/lleg"},{"predicate":{"custom_model_data":48},"model":"modelengine:sans/head"},{"predicate":{"custom_model_data":49},"model":"modelengine:sans/rlowerarm"},{"predicate":{"custom_model_data":50},"model":"modelengine:sans/rarm"},{"predicate":{"custom_model_data":51},"model":"modelengine:sans/llowerarm"},{"predicate":{"custom_model_data":52},"model":"modelengine:sans/larm"},{"predicate":{"custom_model_data":53},"model":"modelengine:sans/upperbody"},{"predicate":{"custom_model_data":54},"model":"modelengine:sans/llowerleg"},{"predicate":{"custom_model_data":55},"model":"modelengine:sans/lleg"},{"predicate":{"custom_model_data":56},"model":"modelengine:sans/rlowerleg"},{"predicate":{"custom_model_data":57},"model":"modelengine:sans/rleg"},{"predicate":{"custom_model_data":58},"model":"modelengine:sans/lowerbody"},{"predicate":{"custom_model_data":59},"model":"modelengine:sans/cutmark"},{"predicate":{"custom_model_data":60},"model":"modelengine:testbigblock/testbigblock"},{"predicate":{"custom_model_data":61},"model":"modelengine:toyrobot/head"},{"predicate":{"custom_model_data":62},"model":"modelengine:toyrobot/body"},{"predicate":{"custom_model_data":63},"model":"modelengine:toyrobot/rightarm"},{"predicate":{"custom_model_data":64},"model":"modelengine:toyrobot/leftarm"},{"predicate":{"custom_model_data":65},"model":"modelengine:toyrobot/rightleg"},{"predicate":{"custom_model_data":66},"model":"modelengine:toyrobot/leftleg"},{"predicate":{"custom_model_data":67},"model":"modelengine:amongus/body2"},{"predicate":{"custom_model_data":68},"model":"modelengine:amongus/body1"},{"predicate":{"custom_model_data":69},"model":"modelengine:amongus/rleg"},{"predicate":{"custom_model_data":70},"model":"modelengine:amongus/lleg"},{"predicate":{"custom_model_data":71},"model":"modelengine:bcaafc/rleg"},{"predicate":{"custom_model_data":72},"model":"modelengine:bcaafc/lleg"},{"predicate":{"custom_model_data":73},"model":"modelengine:bcaafc/rarm"},{"predicate":{"custom_model_data":74},"model":"modelengine:bcaafc/larm"},{"predicate":{"custom_model_data":75},"model":"modelengine:bcaafc/head"},{"predicate":{"custom_model_data":76},"model":"modelengine:bcaafc/body"},{"predicate":{"custom_model_data":77},"model":"modelengine:bfb/front"},{"predicate":{"custom_model_data":78},"model":"modelengine:bfb/emergencyfix1"},{"predicate":{"custom_model_data":79},"model":"modelengine:bfb/back"},{"predicate":{"custom_model_data":80},"model":"modelengine:bfb/fin1"},{"predicate":{"custom_model_data":81},"model":"modelengine:bfb/fin2"},{"predicate":{"custom_model_data":82},"model":"modelengine:bfb/propellerbase"},{"predicate":{"custom_model_data":83},"model":"modelengine:bfb/propeller1"},{"predicate":{"custom_model_data":84},"model":"modelengine:bfb/propeller2"},{"predicate":{"custom_model_data":85},"model":"modelengine:moab/propl"},{"predicate":{"custom_model_data":86},"model":"modelengine:moab/blimp"}]}