{
	"credit": "Made with Blockbench",
	"texture_size": [32, 32],
	"textures": {
		"0": "items/SerpentTrident",
		"particle": "items/SerpentTrident"
	},
	"elements": [
		{
			"from": [8.125, 9, 8.865],
			"to": [8.875, 23, 9.115],
			"faces": {
				"north": {"uv": [5, 0, 5.375, 7], "texture": "#0"},
				"east": {"uv": [2, 7.5, 2.125, 14.5], "texture": "#0"},
				"south": {"uv": [5.5, 0, 5.875, 7], "texture": "#0"},
				"west": {"uv": [2.5, 7.5, 2.625, 14.5], "texture": "#0"},
				"up": {"uv": [13.375, 13.125, 13, 13], "texture": "#0"},
				"down": {"uv": [0.375, 13.5, 0, 13.625], "texture": "#0"}
			}
		},
		{
			"from": [7.865, 9, 8.125],
			"to": [8.115, 24, 8.875],
			"faces": {
				"north": {"uv": [7, 1, 7.125, 8.5], "texture": "#0"},
				"east": {"uv": [3, 0, 3.375, 7.5], "texture": "#0"},
				"south": {"uv": [4, 7, 4.125, 14.5], "texture": "#0"},
				"west": {"uv": [3.5, 0, 3.875, 7.5], "texture": "#0"},
				"up": {"uv": [12.625, 13.375, 12.5, 13], "texture": "#0"},
				"down": {"uv": [13.125, 12.5, 13, 12.875], "texture": "#0"}
			}
		},
		{
			"from": [8.125, 9, 7.865],
			"to": [8.875, 23, 8.115],
			"faces": {
				"north": {"uv": [4, 0, 4.375, 7], "texture": "#0"},
				"east": {"uv": [5.5, 7, 5.625, 14], "texture": "#0"},
				"south": {"uv": [4.5, 0, 4.875, 7], "texture": "#0"},
				"west": {"uv": [7.5, 1, 7.625, 8], "texture": "#0"},
				"up": {"uv": [12.375, 13.125, 12, 13], "texture": "#0"},
				"down": {"uv": [13.375, 12, 13, 12.125], "texture": "#0"}
			}
		},
		{
			"from": [8.865, 9, 8.125],
			"to": [9.115, 24, 8.875],
			"faces": {
				"north": {"uv": [6, 6, 6.125, 13.5], "texture": "#0"},
				"east": {"uv": [2, 0, 2.375, 7.5], "texture": "#0"},
				"south": {"uv": [6.5, 1, 6.625, 8.5], "texture": "#0"},
				"west": {"uv": [2.5, 0, 2.875, 7.5], "texture": "#0"},
				"up": {"uv": [11.625, 13.375, 11.5, 13], "texture": "#0"},
				"down": {"uv": [13.125, 11.5, 13, 11.875], "texture": "#0"}
			}
		},
		{
			"from": [7.625, 4.5, 7.625],
			"to": [9.375, 6, 9.375],
			"faces": {
				"north": {"uv": [8.5, 3.5, 9.375, 4.25], "texture": "#0"},
				"east": {"uv": [8.5, 4.5, 9.375, 5.25], "texture": "#0"},
				"south": {"uv": [8.5, 5.5, 9.375, 6.25], "texture": "#0"},
				"west": {"uv": [6.5, 8.5, 7.375, 9.25], "texture": "#0"},
				"up": {"uv": [3.875, 8.375, 3, 7.5], "texture": "#0"},
				"down": {"uv": [8.875, 1, 8, 1.875], "texture": "#0"}
			}
		},
		{
			"from": [7.75, 5.5, 7.75],
			"to": [9.25, 6.5, 9.25],
			"faces": {
				"north": {"uv": [10.5, 5, 11.25, 5.5], "texture": "#0"},
				"east": {"uv": [10.5, 5.5, 11.25, 6], "texture": "#0"},
				"south": {"uv": [6.5, 10.5, 7.25, 11], "texture": "#0"},
				"west": {"uv": [7.5, 10.5, 8.25, 11], "texture": "#0"},
				"up": {"uv": [10.25, 3.75, 9.5, 3], "texture": "#0"},
				"down": {"uv": [10.25, 4, 9.5, 4.75], "texture": "#0"}
			}
		},
		{
			"from": [7.75, 7, 7.75],
			"to": [9.25, 8, 9.25],
			"faces": {
				"north": {"uv": [10.5, 3, 11.25, 3.5], "texture": "#0"},
				"east": {"uv": [10.5, 3.5, 11.25, 4], "texture": "#0"},
				"south": {"uv": [10.5, 4, 11.25, 4.5], "texture": "#0"},
				"west": {"uv": [10.5, 4.5, 11.25, 5], "texture": "#0"},
				"up": {"uv": [9.75, 2.75, 9, 2], "texture": "#0"},
				"down": {"uv": [1.25, 9.5, 0.5, 10.25], "texture": "#0"}
			}
		},
		{
			"from": [7.865, 4, 7.865],
			"to": [9.115, 5, 9.115],
			"faces": {
				"north": {"uv": [11.5, 2.5, 12.125, 3], "texture": "#0"},
				"east": {"uv": [11.5, 3, 12.125, 3.5], "texture": "#0"},
				"south": {"uv": [11.5, 3.5, 12.125, 4], "texture": "#0"},
				"west": {"uv": [11.5, 4, 12.125, 4.5], "texture": "#0"},
				"up": {"uv": [11.125, 1.625, 10.5, 1], "texture": "#0"},
				"down": {"uv": [11.125, 2, 10.5, 2.625], "texture": "#0"}
			}
		},
		{
			"from": [8.125, 3, 8.125],
			"to": [8.875, 4, 8.875],
			"faces": {
				"north": {"uv": [12.5, 1.5, 12.875, 2], "texture": "#0"},
				"east": {"uv": [12.5, 2, 12.875, 2.5], "texture": "#0"},
				"south": {"uv": [12.5, 2.5, 12.875, 3], "texture": "#0"},
				"west": {"uv": [3, 12.5, 3.375, 13], "texture": "#0"},
				"up": {"uv": [12.875, 3.375, 12.5, 3], "texture": "#0"},
				"down": {"uv": [3.875, 12.5, 3.5, 12.875], "texture": "#0"}
			}
		},
		{
			"from": [8, 6, 8],
			"to": [9, 25, 9],
			"faces": {
				"north": {"uv": [0, 0, 0.5, 9.5], "texture": "#0"},
				"east": {"uv": [0.5, 0, 1, 9.5], "texture": "#0"},
				"south": {"uv": [1, 0, 1.5, 9.5], "texture": "#0"},
				"west": {"uv": [1.5, 0, 2, 9.5], "texture": "#0"},
				"up": {"uv": [9.5, 3.5, 9, 3], "texture": "#0"},
				"down": {"uv": [7, 11.5, 6.5, 12], "texture": "#0"}
			}
		},
		{
			"from": [8.865, 24.125, 9.125],
			"to": [9.115, 24.875, 10.875],
			"faces": {
				"north": {"uv": [13.5, 0, 13.625, 0.375], "texture": "#0"},
				"east": {"uv": [11, 6, 11.875, 6.375], "texture": "#0"},
				"south": {"uv": [13.5, 0.5, 13.625, 0.875], "texture": "#0"},
				"west": {"uv": [6.5, 11, 7.375, 11.375], "texture": "#0"},
				"up": {"uv": [0.625, 13.875, 0.5, 13], "texture": "#0"},
				"down": {"uv": [13.125, 0.5, 13, 1.375], "texture": "#0"}
			}
		},
		{
			"from": [8, 24, 6],
			"to": [9, 25, 11],
			"faces": {
				"north": {"uv": [7, 11.5, 7.5, 12], "texture": "#0"},
				"east": {"uv": [6, 0, 8.5, 0.5], "texture": "#0"},
				"south": {"uv": [7.5, 11.5, 8, 12], "texture": "#0"},
				"west": {"uv": [6, 0.5, 8.5, 1], "texture": "#0"},
				"up": {"uv": [6.5, 3.5, 6, 1], "texture": "#0"},
				"down": {"uv": [6.5, 3.5, 6, 6], "texture": "#0"}
			}
		},
		{
			"from": [8.865, 23.125, 7.625],
			"to": [9.115, 24.125, 9.375],
			"faces": {
				"north": {"uv": [9.5, 13, 9.625, 13.5], "texture": "#0"},
				"east": {"uv": [0.5, 10.5, 1.375, 11], "texture": "#0"},
				"south": {"uv": [13, 9.5, 13.125, 10], "texture": "#0"},
				"west": {"uv": [10.5, 0.5, 11.375, 1], "texture": "#0"},
				"up": {"uv": [13.125, 5.375, 13, 4.5], "texture": "#0"},
				"down": {"uv": [5.125, 13, 5, 13.875], "texture": "#0"}
			}
		},
		{
			"from": [8.865, 24.125, 6.125],
			"to": [9.115, 24.875, 7.875],
			"faces": {
				"north": {"uv": [13.5, 1, 13.625, 1.375], "texture": "#0"},
				"east": {"uv": [11, 6.5, 11.875, 6.875], "texture": "#0"},
				"south": {"uv": [13.5, 1.5, 13.625, 1.875], "texture": "#0"},
				"west": {"uv": [11, 7, 11.875, 7.375], "texture": "#0"},
				"up": {"uv": [1.125, 13.875, 1, 13], "texture": "#0"},
				"down": {"uv": [1.625, 13, 1.5, 13.875], "texture": "#0"}
			}
		},
		{
			"from": [8, 23, 7.5],
			"to": [9, 24, 9.5],
			"faces": {
				"north": {"uv": [8, 11.5, 8.5, 12], "texture": "#0"},
				"east": {"uv": [9.5, 5, 10.5, 5.5], "texture": "#0"},
				"south": {"uv": [8.5, 11.5, 9, 12], "texture": "#0"},
				"west": {"uv": [9.5, 5.5, 10.5, 6], "texture": "#0"},
				"up": {"uv": [5.5, 10.5, 5, 9.5], "texture": "#0"},
				"down": {"uv": [10, 6, 9.5, 7], "texture": "#0"}
			}
		},
		{
			"from": [7.865, 23.125, 7.625],
			"to": [8.115, 24.125, 9.375],
			"faces": {
				"north": {"uv": [9, 13, 9.125, 13.5], "texture": "#0"},
				"east": {"uv": [9.5, 10, 10.375, 10.5], "texture": "#0"},
				"south": {"uv": [13, 9, 13.125, 9.5], "texture": "#0"},
				"west": {"uv": [10.5, 0, 11.375, 0.5], "texture": "#0"},
				"up": {"uv": [13.125, 2.375, 13, 1.5], "texture": "#0"},
				"down": {"uv": [13.125, 2.5, 13, 3.375], "texture": "#0"}
			}
		},
		{
			"from": [7.865, 24.5, 5.5],
			"to": [9.115, 26.5, 6.5],
			"faces": {
				"north": {"uv": [8.5, 6.5, 9.125, 7.5], "texture": "#0"},
				"east": {"uv": [6.5, 9.5, 7, 10.5], "texture": "#0"},
				"south": {"uv": [8.5, 7.5, 9.125, 8.5], "texture": "#0"},
				"west": {"uv": [7, 9.5, 7.5, 10.5], "texture": "#0"},
				"up": {"uv": [11.625, 9.5, 11, 9], "texture": "#0"},
				"down": {"uv": [11.625, 9.5, 11, 10], "texture": "#0"}
			}
		},
		{
			"from": [8, 26.5, 5.5],
			"to": [9, 28.5, 6.25],
			"faces": {
				"north": {"uv": [9.5, 7, 10, 8], "texture": "#0"},
				"east": {"uv": [5, 10.5, 5.375, 11.5], "texture": "#0"},
				"south": {"uv": [7.5, 9.5, 8, 10.5], "texture": "#0"},
				"west": {"uv": [8.5, 10.5, 8.875, 11.5], "texture": "#0"},
				"up": {"uv": [8, 12.375, 7.5, 12], "texture": "#0"},
				"down": {"uv": [8.5, 12, 8, 12.375], "texture": "#0"}
			}
		},
		{
			"from": [7.865, 24.5, 10.5],
			"to": [9.115, 26.5, 11.5],
			"faces": {
				"north": {"uv": [8.5, 8.5, 9.125, 9.5], "texture": "#0"},
				"east": {"uv": [8, 9.5, 8.5, 10.5], "texture": "#0"},
				"south": {"uv": [9, 1, 9.625, 2], "texture": "#0"},
				"west": {"uv": [9.5, 8, 10, 9], "texture": "#0"},
				"up": {"uv": [11.125, 11.5, 10.5, 11], "texture": "#0"},
				"down": {"uv": [12.125, 0, 11.5, 0.5], "texture": "#0"}
			}
		},
		{
			"from": [8.125, 28.5, 11],
			"to": [8.875, 29.5, 11.5],
			"faces": {
				"north": {"uv": [12, 8, 12.375, 8.5], "texture": "#0"},
				"east": {"uv": [12.5, 3.5, 12.75, 4], "texture": "#0"},
				"south": {"uv": [8.5, 12, 8.875, 12.5], "texture": "#0"},
				"west": {"uv": [12.5, 4, 12.75, 4.5], "texture": "#0"},
				"up": {"uv": [13.375, 5.75, 13, 5.5], "texture": "#0"},
				"down": {"uv": [13.375, 6, 13, 6.25], "texture": "#0"}
			}
		},
		{
			"from": [8.125, 28.5, 5.5],
			"to": [8.875, 29.5, 6],
			"faces": {
				"north": {"uv": [12, 8.5, 12.375, 9], "texture": "#0"},
				"east": {"uv": [4.5, 12.5, 4.75, 13], "texture": "#0"},
				"south": {"uv": [9, 12, 9.375, 12.5], "texture": "#0"},
				"west": {"uv": [12.5, 4.5, 12.75, 5], "texture": "#0"},
				"up": {"uv": [6.875, 13.25, 6.5, 13], "texture": "#0"},
				"down": {"uv": [13.375, 6.5, 13, 6.75], "texture": "#0"}
			}
		},
		{
			"from": [8, 26.5, 10.75],
			"to": [9, 28.5, 11.5],
			"faces": {
				"north": {"uv": [8.5, 9.5, 9, 10.5], "texture": "#0"},
				"east": {"uv": [9, 10.5, 9.375, 11.5], "texture": "#0"},
				"south": {"uv": [9, 9.5, 9.5, 10.5], "texture": "#0"},
				"west": {"uv": [10.5, 9, 10.875, 10], "texture": "#0"},
				"up": {"uv": [12.5, 9.375, 12, 9], "texture": "#0"},
				"down": {"uv": [10, 12, 9.5, 12.375], "texture": "#0"}
			}
		},
		{
			"from": [7.865, 24.125, 6.125],
			"to": [8.115, 24.875, 7.875],
			"faces": {
				"north": {"uv": [13.5, 2, 13.625, 2.375], "texture": "#0"},
				"east": {"uv": [7.5, 11, 8.375, 11.375], "texture": "#0"},
				"south": {"uv": [13.5, 2.5, 13.625, 2.875], "texture": "#0"},
				"west": {"uv": [11, 7.5, 11.875, 7.875], "texture": "#0"},
				"up": {"uv": [3.125, 13.875, 3, 13], "texture": "#0"},
				"down": {"uv": [3.625, 13, 3.5, 13.875], "texture": "#0"}
			}
		},
		{
			"from": [7.865, 24.125, 9.125],
			"to": [8.115, 24.875, 10.875],
			"faces": {
				"north": {"uv": [13.5, 3, 13.625, 3.375], "texture": "#0"},
				"east": {"uv": [11, 8, 11.875, 8.375], "texture": "#0"},
				"south": {"uv": [13.5, 3.5, 13.625, 3.875], "texture": "#0"},
				"west": {"uv": [11, 8.5, 11.875, 8.875], "texture": "#0"},
				"up": {"uv": [13.125, 4.375, 13, 3.5], "texture": "#0"},
				"down": {"uv": [4.625, 13, 4.5, 13.875], "texture": "#0"}
			}
		},
		{
			"from": [8, 23.5, 7],
			"to": [9, 24.5, 10],
			"faces": {
				"north": {"uv": [12, 5.5, 12.5, 6], "texture": "#0"},
				"east": {"uv": [8.5, 0, 10, 0.5], "texture": "#0"},
				"south": {"uv": [12, 6, 12.5, 6.5], "texture": "#0"},
				"west": {"uv": [8.5, 0.5, 10, 1], "texture": "#0"},
				"up": {"uv": [9, 3.5, 8.5, 2], "texture": "#0"},
				"down": {"uv": [3.5, 8.5, 3, 10], "texture": "#0"}
			}
		},
		{
			"from": [10, 27.25, 6.25],
			"to": [11, 28.25, 7.25],
			"faces": {
				"north": {"uv": [12, 0.5, 12.5, 1], "texture": "#0"},
				"east": {"uv": [12, 1, 12.5, 1.5], "texture": "#0"},
				"south": {"uv": [12, 1.5, 12.5, 2], "texture": "#0"},
				"west": {"uv": [12, 2, 12.5, 2.5], "texture": "#0"},
				"up": {"uv": [12.5, 5, 12, 4.5], "texture": "#0"},
				"down": {"uv": [12.5, 5, 12, 5.5], "texture": "#0"}
			}
		},
		{
			"from": [8, 25, 8],
			"to": [9, 27, 9],
			"faces": {
				"north": {"uv": [9.5, 9, 10, 10], "texture": "#0"},
				"east": {"uv": [10, 0, 10.5, 1], "texture": "#0"},
				"south": {"uv": [10, 1, 10.5, 2], "texture": "#0"},
				"west": {"uv": [10, 2, 10.5, 3], "texture": "#0"},
				"up": {"uv": [9.5, 12, 9, 11.5], "texture": "#0"},
				"down": {"uv": [10, 11.5, 9.5, 12], "texture": "#0"}
			}
		},
		{
			"from": [9, 23.75, 6.25],
			"to": [9.5, 25.25, 7.25],
			"faces": {
				"north": {"uv": [12, 9.5, 12.25, 10.25], "texture": "#0"},
				"east": {"uv": [9.5, 10.5, 10, 11.25], "texture": "#0"},
				"south": {"uv": [10, 12, 10.25, 12.75], "texture": "#0"},
				"west": {"uv": [10, 10.5, 10.5, 11.25], "texture": "#0"},
				"up": {"uv": [12.75, 5.5, 12.5, 5], "texture": "#0"},
				"down": {"uv": [12.75, 5.5, 12.5, 6], "texture": "#0"}
			}
		},
		{
			"from": [9, 22.75, 6.5],
			"to": [9.5, 23.75, 7.25],
			"faces": {
				"north": {"uv": [12.5, 6, 12.75, 6.5], "texture": "#0"},
				"east": {"uv": [10.5, 12, 10.875, 12.5], "texture": "#0"},
				"south": {"uv": [6.5, 12.5, 6.75, 13], "texture": "#0"},
				"west": {"uv": [12, 10.5, 12.375, 11], "texture": "#0"},
				"up": {"uv": [7.25, 13.375, 7, 13], "texture": "#0"},
				"down": {"uv": [13.25, 7, 13, 7.375], "texture": "#0"}
			}
		},
		{
			"from": [9, 21.25, 6.75],
			"to": [9.5, 22.75, 7.25],
			"faces": {
				"north": {"uv": [11, 12, 11.25, 12.75], "texture": "#0"},
				"east": {"uv": [12, 11, 12.25, 11.75], "texture": "#0"},
				"south": {"uv": [11.5, 12, 11.75, 12.75], "texture": "#0"},
				"west": {"uv": [12, 12, 12.25, 12.75], "texture": "#0"},
				"up": {"uv": [10.25, 13.25, 10, 13], "texture": "#0"},
				"down": {"uv": [13.25, 10, 13, 10.25], "texture": "#0"}
			}
		},
		{
			"from": [8, 25, 6.75],
			"to": [9.5, 25.5, 7.75],
			"faces": {
				"north": {"uv": [0, 12.5, 0.75, 12.75], "texture": "#0"},
				"east": {"uv": [12.5, 6.5, 13, 6.75], "texture": "#0"},
				"south": {"uv": [12.5, 0, 13.25, 0.25], "texture": "#0"},
				"west": {"uv": [12.5, 7, 13, 7.25], "texture": "#0"},
				"up": {"uv": [11.25, 10.5, 10.5, 10], "texture": "#0"},
				"down": {"uv": [11.25, 10.5, 10.5, 11], "texture": "#0"}
			}
		},
		{
			"from": [9, 22.5, 8],
			"to": [9.5, 25.5, 9],
			"faces": {
				"north": {"uv": [0.5, 11, 0.75, 12.5], "texture": "#0"},
				"east": {"uv": [8, 2, 8.5, 3.5], "texture": "#0"},
				"south": {"uv": [1, 11, 1.25, 12.5], "texture": "#0"},
				"west": {"uv": [8, 3.5, 8.5, 5], "texture": "#0"},
				"up": {"uv": [7.75, 13, 7.5, 12.5], "texture": "#0"},
				"down": {"uv": [12.75, 7.5, 12.5, 8], "texture": "#0"}
			}
		},
		{
			"from": [7.5, 18, 8.25],
			"to": [8, 19, 9.25],
			"faces": {
				"north": {"uv": [8, 12.5, 8.25, 13], "texture": "#0"},
				"east": {"uv": [10, 11.5, 10.5, 12], "texture": "#0"},
				"south": {"uv": [12.5, 8, 12.75, 8.5], "texture": "#0"},
				"west": {"uv": [11.5, 10, 12, 10.5], "texture": "#0"},
				"up": {"uv": [8.75, 13, 8.5, 12.5], "texture": "#0"},
				"down": {"uv": [12.75, 8.5, 12.5, 9], "texture": "#0"}
			}
		},
		{
			"from": [7.5, 23, 7.25],
			"to": [8, 25.25, 8.25],
			"faces": {
				"north": {"uv": [11.5, 4.5, 11.75, 5.625], "texture": "#0"},
				"east": {"uv": [1.5, 9.5, 2, 10.625], "texture": "#0"},
				"south": {"uv": [5, 11.5, 5.25, 12.625], "texture": "#0"},
				"west": {"uv": [4.5, 9.5, 5, 10.625], "texture": "#0"},
				"up": {"uv": [9.25, 13, 9, 12.5], "texture": "#0"},
				"down": {"uv": [12.75, 9, 12.5, 9.5], "texture": "#0"}
			}
		},
		{
			"from": [7.5, 18.5, 7.75],
			"to": [8, 23.5, 8.5],
			"faces": {
				"north": {"uv": [3.5, 8.5, 3.75, 11], "texture": "#0"},
				"east": {"uv": [4.5, 7, 4.875, 9.5], "texture": "#0"},
				"south": {"uv": [0, 9.5, 0.25, 12], "texture": "#0"},
				"west": {"uv": [5, 7, 5.375, 9.5], "texture": "#0"},
				"up": {"uv": [7.75, 13.375, 7.5, 13], "texture": "#0"},
				"down": {"uv": [13.25, 7.5, 13, 7.875], "texture": "#0"}
			}
		},
		{
			"from": [8.25, 20.5, 9],
			"to": [9.25, 23.5, 9.5],
			"faces": {
				"north": {"uv": [8, 5, 8.5, 6.5], "texture": "#0"},
				"east": {"uv": [1.5, 11, 1.75, 12.5], "texture": "#0"},
				"south": {"uv": [8, 6.5, 8.5, 8], "texture": "#0"},
				"west": {"uv": [3, 11, 3.25, 12.5], "texture": "#0"},
				"up": {"uv": [10, 12.75, 9.5, 12.5], "texture": "#0"},
				"down": {"uv": [13, 9.5, 12.5, 9.75], "texture": "#0"}
			}
		},
		{
			"from": [7.5, 18.5, 9],
			"to": [8.5, 21.5, 9.5],
			"faces": {
				"north": {"uv": [7.5, 8, 8, 9.5], "texture": "#0"},
				"east": {"uv": [3.5, 11, 3.75, 12.5], "texture": "#0"},
				"south": {"uv": [8, 8, 8.5, 9.5], "texture": "#0"},
				"west": {"uv": [4.5, 11, 4.75, 12.5], "texture": "#0"},
				"up": {"uv": [13, 10.25, 12.5, 10], "texture": "#0"},
				"down": {"uv": [11, 12.5, 10.5, 12.75], "texture": "#0"}
			}
		},
		{
			"from": [8.25, 26.5, 8],
			"to": [10.25, 27.5, 9],
			"faces": {
				"north": {"uv": [10, 6, 11, 6.5], "texture": "#0"},
				"east": {"uv": [10.5, 11.5, 11, 12], "texture": "#0"},
				"south": {"uv": [10, 6.5, 11, 7], "texture": "#0"},
				"west": {"uv": [11.5, 10.5, 12, 11], "texture": "#0"},
				"up": {"uv": [11, 7.5, 10, 7], "texture": "#0"},
				"down": {"uv": [11, 7.5, 10, 8], "texture": "#0"}
			}
		},
		{
			"from": [10, 27, 6.75],
			"to": [11, 28, 8.75],
			"faces": {
				"north": {"uv": [11, 11.5, 11.5, 12], "texture": "#0"},
				"east": {"uv": [10, 8, 11, 8.5], "texture": "#0"},
				"south": {"uv": [11.5, 11, 12, 11.5], "texture": "#0"},
				"west": {"uv": [10, 8.5, 11, 9], "texture": "#0"},
				"up": {"uv": [3.5, 11, 3, 10], "texture": "#0"},
				"down": {"uv": [10.5, 9, 10, 10], "texture": "#0"}
			}
		},
		{
			"from": [10, 26.75, 7.75],
			"to": [11, 27, 8.75],
			"faces": {
				"north": {"uv": [10.5, 13, 11, 13.125], "texture": "#0"},
				"east": {"uv": [13, 10.5, 13.5, 10.625], "texture": "#0"},
				"south": {"uv": [11, 13, 11.5, 13.125], "texture": "#0"},
				"west": {"uv": [13, 11, 13.5, 11.125], "texture": "#0"},
				"up": {"uv": [12, 12, 11.5, 11.5], "texture": "#0"},
				"down": {"uv": [0.5, 12, 0, 12.5], "texture": "#0"}
			}
		},
		{
			"from": [9.25, 27.5, 8.25],
			"to": [10, 27.75, 8.75],
			"faces": {
				"north": {"uv": [13.5, 4, 13.875, 4.125], "texture": "#0"},
				"east": {"uv": [13.5, 5, 13.75, 5.125], "texture": "#0"},
				"south": {"uv": [13.5, 4.5, 13.875, 4.625], "texture": "#0"},
				"west": {"uv": [13.5, 5.5, 13.75, 5.625], "texture": "#0"},
				"up": {"uv": [8.375, 13.25, 8, 13], "texture": "#0"},
				"down": {"uv": [13.375, 8, 13, 8.25], "texture": "#0"}
			}
		},
		{
			"from": [10, 27.3, 5.25],
			"to": [11, 28.2, 5.75],
			"faces": {
				"north": {"uv": [6.5, 12, 7, 12.5], "texture": "#0"},
				"east": {"uv": [12.5, 10.5, 12.75, 11], "texture": "#0"},
				"south": {"uv": [12, 6.5, 12.5, 7], "texture": "#0"},
				"west": {"uv": [12.5, 11, 12.75, 11.5], "texture": "#0"},
				"up": {"uv": [13, 11.75, 12.5, 11.5], "texture": "#0"},
				"down": {"uv": [13, 12, 12.5, 12.25], "texture": "#0"}
			}
		},
		{
			"from": [10, 27.25, 5.5],
			"to": [11, 28.5, 6.25],
			"faces": {
				"north": {"uv": [11.5, 0.5, 12, 1.125], "texture": "#0"},
				"east": {"uv": [7, 12, 7.375, 12.625], "texture": "#0"},
				"south": {"uv": [11.5, 1.5, 12, 2.125], "texture": "#0"},
				"west": {"uv": [12, 7, 12.375, 7.625], "texture": "#0"},
				"up": {"uv": [13, 0.875, 12.5, 0.5], "texture": "#0"},
				"down": {"uv": [1.5, 12.5, 1, 12.875], "texture": "#0"}
			}
		},
		{
			"from": [10, 27.35, 4.75],
			"to": [11, 28.15, 5.25],
			"faces": {
				"north": {"uv": [12.5, 1, 13, 1.375], "texture": "#0"},
				"east": {"uv": [8.5, 13, 8.75, 13.375], "texture": "#0"},
				"south": {"uv": [1.5, 12.5, 2, 12.875], "texture": "#0"},
				"west": {"uv": [13, 8.5, 13.25, 8.875], "texture": "#0"},
				"up": {"uv": [13, 12.75, 12.5, 12.5], "texture": "#0"},
				"down": {"uv": [0.5, 13, 0, 13.25], "texture": "#0"}
			}
		}
	],
	"display": {
		"thirdperson_righthand": {
			"translation": [-0.5, -5.5, 1.25]
		},
		"thirdperson_lefthand": {
			"translation": [0.5, -5.5, 1.25]
		},
		"firstperson_righthand": {
			"rotation": [14.25, 0, 0],
			"translation": [1.5, -5, -5.75]
		},
		"firstperson_lefthand": {
			"rotation": [6, 0, 0],
			"translation": [2.75, -6, -3.75]
		},
		"gui": {
			"rotation": [-90, -52.5, -90],
			"translation": [-5.25, -7.75, 0]
		},
		"fixed": {
			"rotation": [-9.5, 0, 0],
			"translation": [0, -10.5, 0]
		}
	},
	"groups": [
		{
			"name": "SerpentTrident",
			"origin": [8, 8, 8],
			"color": 0,
			"children": [
				{
					"name": "part 1",
					"origin": [8, 8, 8],
					"color": 0,
					"children": [0, 1, 2, 3, 4, 5, 6, 7, 8, 9]
				},
				{
					"name": "Part 2",
					"origin": [8, 8, 8],
					"color": 0,
					"children": [10, 11, 12, 13, 14, 15, 16, 17, 18, 19, 20, 21, 22, 23, 24]
				},
				{
					"name": "Part 3",
					"origin": [8, 8, 8],
					"color": 0,
					"children": [25, 26, 27, 28, 29, 30, 31, 32, 33, 34, 35, 36, 37, 38, 39, 40, 41, 42, 43]
				}
			]
		}
	]
}