{
 "parent": "item/handheld",
 "textures": {
  "layer0": "item/stick"
 },

 "overrides": [
  { "predicate": {"custom_model_data": 123456}, "model": "item/asdf"},
  { "predicate": {"custom_model_data": 123457}, "model": "item/GunSword"},
  { "predicate": {"custom_model_data": 123458}, "model": "item/Spear"},
  { "predicate": {"custom_model_data": 123459}, "model": "item/PigheadStick"},
  { "predicate": {"custom_model_data": 123460}, "model": "item/fc95ace8-3db0-4e51-b3a2-3f008208122c"},
  { "predicate": {"custom_model_data": 123461}, "model": "item/Jezail"},
  { "predicate": {"custom_model_data": 123462}, "model": "item/sword2"},
  { "predicate": {"custom_model_data": 123463}, "model": "item/sword1"},
  { "predicate": {"custom_model_data": 123464}, "model": "item/ChainsawManBlade"},
  { "predicate": {"custom_model_data": 123465}, "model": "item/SerpentTrident"},
  { "predicate": {"custom_model_data": 123466}, "model": "item/ElementalBlade"},
  { "predicate": {"custom_model_data": 123467}, "model": "item/ExcaliburBlade"},
  { "predicate": {"custom_model_data": 123468}, "model": "item/WarAxe"},
  { "predicate": {"custom_model_data": 123469}, "model": "item/CatgirlDakimura"},
  { "predicate": {"custom_model_data": 123470}, "model": "item/JettKnife"},
  { "predicate": {"custom_model_data": 123471}, "model": "item/FlashDrive"}

 ]

 
}