{"credit":"Made with Blockbench","texture_size":[32,32],"textures":{"2":"items/blade_sword/handle","3":"items/blade_sword/handle2","4":"items/blade_sword/blade","5":"items/blade_sword/garde","particle":"items/blade_sword/blade"},"elements":[{"from":[0.46,2.9,7.42],"to":[1.04,3.48,8],"rotation":{"angle":0,"axis":"y","origin":[-5.92,2.32,3.36]},"faces":{"north":{"uv":[5,8,5.5,8.5],"texture":"#5"},"east":{"uv":[5,8,5.5,8.5],"texture":"#5"},"south":{"uv":[5,8,5.5,8.5],"texture":"#5"},"west":{"uv":[5,8,5.5,8.5],"texture":"#5"},"up":{"uv":[5,8,5.5,8.5],"texture":"#5"},"down":{"uv":[5,8,5.5,8.5],"texture":"#5"}}},{"from":[1.04,2.32,7.42],"to":[8,3.48,8],"rotation":{"angle":0,"axis":"y","origin":[6.26,2.32,3.36]},"faces":{"north":{"uv":[0,0,7,1.25],"texture":"#5"},"east":{"uv":[0,0,7,1.25],"texture":"#5"},"south":{"uv":[0,0,7,1.25],"texture":"#5"},"west":{"uv":[0,0,7,1.25],"texture":"#5"},"up":{"uv":[0,0,7,1.25],"texture":"#5"},"down":{"uv":[0,0,7,1.25],"texture":"#5"}}},{"from":[7.51951,3.828,7.44],"to":[8.33151,4.64,7.999],"rotation":{"angle":-45,"axis":"z","origin":[6.35951,3.48,3.36]},"faces":{"north":{"uv":[3,7,3.75,7.75],"texture":"#5"},"east":{"uv":[3,7,3.75,7.75],"texture":"#5"},"south":{"uv":[3,7,3.75,7.75],"texture":"#5"},"west":{"uv":[3,7,3.75,7.75],"texture":"#5"},"up":{"uv":[3,7,3.75,7.75],"texture":"#5"},"down":{"uv":[3,7,3.75,7.75],"texture":"#5"}}},{"from":[8,2.9,7.42],"to":[8.58,3.48,8],"rotation":{"angle":0,"axis":"z","origin":[6.84,2.32,3.36]},"faces":{"north":{"uv":[0,9,0.5,9.5],"texture":"#5"},"east":{"uv":[0,9,0.5,9.5],"texture":"#5"},"south":{"uv":[0,9,0.5,9.5],"texture":"#5"},"west":{"uv":[0,9,0.5,9.5],"texture":"#5"},"up":{"uv":[0,9,0.5,9.5],"texture":"#5"},"down":{"uv":[0,9,0.5,9.5],"texture":"#5"}}},{"from":[4.97134,4.4289,7.421],"to":[5.37734,5.2409,8.001],"rotation":{"angle":45,"axis":"z","origin":[5.55134,-1.3711,3.36]},"faces":{"north":{"uv":[6,7,6.5,7.75],"texture":"#5"},"east":{"uv":[6,7,6.5,7.75],"texture":"#5"},"south":{"uv":[6,7,6.5,7.75],"texture":"#5"},"west":{"uv":[6,7,6.5,7.75],"texture":"#5"},"up":{"uv":[6,7,6.5,7.75],"texture":"#5"},"down":{"uv":[6,7,6.5,7.75],"texture":"#5"}}},{"from":[-5.03734,4.4289,7.479],"to":[-4.63134,5.2409,7.939],"rotation":{"angle":-45,"axis":"z","origin":[-5.21134,-1.3711,3.417]},"faces":{"north":{"uv":[8,1,8.5,1.75],"texture":"#5"},"east":{"uv":[8,1,8.5,1.75],"texture":"#5"},"south":{"uv":[8,1,8.5,1.75],"texture":"#5"},"west":{"uv":[8,1,8.5,1.75],"texture":"#5"},"up":{"uv":[8,1,8.5,1.75],"texture":"#5"},"down":{"uv":[8,1,8.5,1.75],"texture":"#5"}}},{"from":[-0.7,2.9,7.478],"to":[0.46,3.48,7.942],"rotation":{"angle":0,"axis":"y","origin":[-5.92,2.32,3.36]},"faces":{"north":{"uv":[2,6,3.25,6.5],"texture":"#5"},"east":{"uv":[2,6,3.25,6.5],"texture":"#5"},"south":{"uv":[2,6,3.25,6.5],"texture":"#5"},"west":{"uv":[2,6,3.25,6.5],"texture":"#5"},"up":{"uv":[2,6,3.25,6.5],"texture":"#5"},"down":{"uv":[2,6,3.25,6.5],"texture":"#5"}}},{"from":[-1.048,2.32,7.478],"to":[-0.7,3.48,7.942],"rotation":{"angle":0,"axis":"y","origin":[-5.92,2.32,3.36]},"faces":{"north":{"uv":[4,8,4.25,9.25],"texture":"#5"},"east":{"uv":[4,8,4.25,9.25],"texture":"#5"},"south":{"uv":[4,8,4.25,9.25],"texture":"#5"},"west":{"uv":[4,8,4.25,9.25],"texture":"#5"},"up":{"uv":[4,8,4.25,9.25],"texture":"#5"},"down":{"uv":[4,8,4.25,9.25],"texture":"#5"}}},{"from":[-5.92,2.32,7.478],"to":[-1.28,3.48,7.942],"rotation":{"angle":0,"axis":"y","origin":[-5.92,2.32,3.36]},"faces":{"north":{"uv":[0,0,7,6],"texture":"#2"},"east":{"uv":[0,0,7,6],"texture":"#2"},"south":{"uv":[0,0,7,6],"texture":"#2"},"west":{"uv":[0,0,7,6],"texture":"#2"},"up":{"uv":[0,3,7,6],"texture":"#2"},"down":{"uv":[0,3,7,6],"texture":"#2"}}},{"from":[-6.43297,1.95,7.48],"to":[-5.98297,3.02,7.94],"shade":false,"rotation":{"angle":-22.5,"axis":"z","origin":[-5.02297,1.9611,3.361]},"faces":{"north":{"uv":[0,0,6,2],"rotation":90,"texture":"#5"},"east":{"uv":[0,0,6,2],"rotation":90,"texture":"#5"},"south":{"uv":[0,0,6,2],"rotation":90,"texture":"#5"},"west":{"uv":[0,0,6,2],"rotation":90,"texture":"#5"},"up":{"uv":[0,0,6,2],"rotation":90,"texture":"#5"},"down":{"uv":[0,0,6,2],"rotation":90,"texture":"#5"}}},{"from":[-1.28,2.262,7.42],"to":[-1.048,3.538,8],"rotation":{"angle":0,"axis":"y","origin":[-5.92,2.32,3.36]},"faces":{"north":{"uv":[6,1,6.5,1.5],"texture":"#5"},"east":{"uv":[6,1,6.5,1.5],"texture":"#5"},"south":{"uv":[6,1,6.5,1.5],"texture":"#5"},"west":{"uv":[6,1,6.5,1.5],"texture":"#5"},"up":{"uv":[6,1,6.5,1.5],"texture":"#5"},"down":{"uv":[6,1,6.5,1.5],"texture":"#5"}}},{"from":[-0.1517,7.79056,7.47788],"to":[0.1383,8.08056,7.94188],"rotation":{"angle":-45,"axis":"z","origin":[-9.62654,9.00856,3.36]},"faces":{"north":{"uv":[0.5,9.5,14,0.5],"texture":"#3"},"east":{"uv":[0.5,9.5,14,0.5],"texture":"#3"},"south":{"uv":[0.5,9.5,14,0.5],"texture":"#3"},"west":{"uv":[0.5,9.5,14,0.5],"texture":"#3"},"up":{"uv":[0.5,9.5,14,0.5],"texture":"#3"},"down":{"uv":[0.5,9.5,14,0.5],"texture":"#3"}}},{"from":[-3.58301,1.30465,7.478],"to":[0.99899,1.65265,7.942],"shade":false,"rotation":{"angle":0,"axis":"z","origin":[8.82899,2.46465,3.36]},"faces":{"north":{"uv":[0.5,9.5,14,0.5],"texture":"#3"},"east":{"uv":[0.5,9.5,14,0.5],"texture":"#3"},"south":{"uv":[0.5,9.5,14,0.5],"texture":"#3"},"west":{"uv":[0.5,9.5,14,0.5],"texture":"#3"},"up":{"uv":[0.5,9.5,14,0.5],"texture":"#3"},"down":{"uv":[0.5,9.5,14,0.5],"texture":"#3"}}},{"from":[-3.58301,1.13065,7.42],"to":[0.99899,1.30465,8],"rotation":{"angle":0,"axis":"z","origin":[8.82899,2.46465,3.36]},"faces":{"north":{"uv":[0.5,9.5,14,0.5],"texture":"#3"},"east":{"uv":[0.5,9.5,14,0.5],"texture":"#3"},"south":{"uv":[0.5,9.5,14,0.5],"texture":"#3"},"west":{"uv":[0.5,9.5,14,0.5],"texture":"#3"},"up":{"uv":[0.5,9.5,14,0.5],"texture":"#3"},"down":{"uv":[0.5,9.5,14,0.5],"texture":"#3"}}},{"from":[-2.38712,5.01344,7.47742],"to":[-0.70512,5.53544,7.94142],"shade":false,"rotation":{"angle":45,"axis":"z","origin":[3.99288,7.15944,3.36]},"faces":{"north":{"uv":[0.5,9.5,14,0.5],"texture":"#3"},"east":{"uv":[0.5,9.5,14,0.5],"texture":"#3"},"south":{"uv":[0.5,9.5,14,0.5],"texture":"#3"},"west":{"uv":[0.5,9.5,14,0.5],"texture":"#3"},"up":{"uv":[0.5,9.5,14,0.5],"texture":"#3"},"down":{"uv":[0.5,9.5,14,0.5],"texture":"#3"}}},{"from":[2.548,1.74,7.478],"to":[20.47,3.422,7.942],"rotation":{"angle":0,"axis":"z","origin":[6.84,2.32,3.36]},"faces":{"north":{"uv":[0,0,14,4.5],"texture":"#4"},"east":{"uv":[0,0,14,4.5],"texture":"#4"},"south":{"uv":[0,0,14,4.5],"texture":"#4"},"west":{"uv":[0,0,14,4.5],"texture":"#4"},"up":{"uv":[0,0,14,0.5],"texture":"#4"},"down":{"uv":[0,0,14,4.5],"texture":"#4"}}},{"from":[18.788,2.42,7.4787],"to":[20.995,3.42142,7.9407],"shade":false,"rotation":{"angle":0,"axis":"z","origin":[6.84,2.32,3.36]},"faces":{"north":{"uv":[9,9,11,12.5],"texture":"#4"},"east":{"uv":[0,0,2,2.5],"texture":"#4"},"south":{"uv":[0,0,2,2.5],"texture":"#4"},"west":{"uv":[0,0,2,2.5],"texture":"#4"},"up":{"uv":[0,0,2,0.5],"texture":"#4"},"down":{"uv":[0,0,2,2.5],"texture":"#4"}}},{"from":[21.32668,4.83642,7.479],"to":[21.84868,6.65442,7.9413],"rotation":{"angle":-45,"axis":"z","origin":[17.42163,4.95242,3.36023]},"faces":{"north":{"uv":[5.5,9.5,7.5,11],"texture":"#4"},"east":{"uv":[2.5,2,3.5,4.5],"rotation":90,"texture":"#4"},"south":{"uv":[2.5,2,3.5,4.5],"rotation":270,"texture":"#4"},"west":{"uv":[2.5,2,3.5,4.5],"rotation":90,"texture":"#4"},"up":{"uv":[2.5,2,3.5,4.5],"rotation":90,"texture":"#4"},"down":{"uv":[2.5,2,3.5,4.5],"rotation":90,"texture":"#4"}}},{"from":[20.99,3.01,7.478],"to":[21.34,3.422,7.942],"rotation":{"angle":0,"axis":"z","origin":[6.84,2.32,3.36]},"faces":{"north":{"uv":[7.5,8,8.5,10],"texture":"#4"},"east":{"uv":[0.5,2.5,4,3.5],"texture":"#4"},"south":{"uv":[0.5,2.5,4,3.5],"texture":"#4"},"west":{"uv":[0.5,2.5,4,3.5],"texture":"#4"},"up":{"uv":[0,0,2,1],"texture":"#4"},"down":{"uv":[0.5,2.5,4,3.5],"texture":"#4"}}},{"from":[21.34,3.025,7.478],"to":[21.755,3.422,7.942],"rotation":{"angle":0,"axis":"z","origin":[6.22,2.535,3.36]},"faces":{"north":{"uv":[7,7.5,7.5,10.5],"texture":"#4"},"east":{"uv":[0,2,4,4.5],"rotation":90,"texture":"#4"},"south":{"uv":[0,2,4,4.5],"rotation":270,"texture":"#4"},"west":{"uv":[0,2,4,4.5],"rotation":90,"texture":"#4"},"up":{"uv":[0,0,4,0.5],"rotation":90,"texture":"#4"},"down":{"uv":[0,2,4,4.5],"rotation":90,"texture":"#4"}}}],"display":{"thirdperson_righthand":{"rotation":[93,92,0],"translation":[0,9,6.5]},"thirdperson_lefthand":{"rotation":[67,4,-47],"translation":[-4.5,-4.25,12.5]},"firstperson_righthand":{"rotation":[0,76,99],"translation":[5,5.75,5.75],"scale":[1,1.72,1]},"firstperson_lefthand":{"rotation":[-171,-84,-180],"translation":[-80,6.75,3.75]},"ground":{"rotation":[-90,0,0],"translation":[0,-1.25,-2.75]},"gui":{"rotation":[0,-180,45],"translation":[2.25,2.75,0],"scale":[0.7168,0.73633,1]},"fixed":{"translation":[0,8.5,-1],"scale":[1.2207,1.45313,1.17383]}},"groups":[{"name":"group","origin":[-5.92,2.32,3.36],"color":0,"children":[0,1,2,3,4,5,6,7]},{"name":"group","origin":[-5.02297,1.9611,3.361],"color":0,"children":[8,9]},{"name":"group","origin":[-5.92,2.32,3.36],"color":0,"children":[10]},{"name":"group","origin":[3.99288,7.15944,3.36],"color":0,"children":[11,12,13,14]},{"name":"group","origin":[6.84,2.32,3.36],"color":0,"children":[15,16,17,18,19]}]}