{
	"credit": "Made with Blockbench",
	"texture_size": [32, 32],
	"textures": {
		"0": "items/WarAxe",
		"particle": "items/WarAxe"
	},
	"elements": [
		{
			"from": [8, 0, 7],
			"to": [9.5, 29, 8.5],
			"faces": {
				"north": {"uv": [0, 0, 0.75, 14.5], "texture": "#0"},
				"east": {"uv": [1, 0, 1.75, 14.5], "texture": "#0"},
				"south": {"uv": [2, 0, 2.75, 14.5], "texture": "#0"},
				"west": {"uv": [3, 0, 3.75, 14.5], "texture": "#0"},
				"up": {"uv": [12.25, 5.25, 11.5, 4.5], "texture": "#0"},
				"down": {"uv": [12.25, 5.5, 11.5, 6.25], "texture": "#0"}
			}
		},
		{
			"from": [7.75, 1, 6.75],
			"to": [9.75, 2, 8.75],
			"faces": {
				"north": {"uv": [12, 2.5, 13, 3], "texture": "#0"},
				"east": {"uv": [12, 3, 13, 3.5], "texture": "#0"},
				"south": {"uv": [12, 3.5, 13, 4], "texture": "#0"},
				"west": {"uv": [12, 4, 13, 4.5], "texture": "#0"},
				"up": {"uv": [10, 6, 9, 5], "texture": "#0"},
				"down": {"uv": [10, 6, 9, 7], "texture": "#0"}
			}
		},
		{
			"from": [7.75, 27.5, 6.75],
			"to": [9.75, 28.5, 8.75],
			"faces": {
				"north": {"uv": [12, 11.5, 13, 12], "texture": "#0"},
				"east": {"uv": [12, 12, 13, 12.5], "texture": "#0"},
				"south": {"uv": [12.5, 0, 13.5, 0.5], "texture": "#0"},
				"west": {"uv": [12.5, 0.5, 13.5, 1], "texture": "#0"},
				"up": {"uv": [10, 8, 9, 7], "texture": "#0"},
				"down": {"uv": [10, 8, 9, 9], "texture": "#0"}
			}
		},
		{
			"from": [7.75, 24, 6.75],
			"to": [9.75, 27, 9.25],
			"faces": {
				"north": {"uv": [4.5, 6.5, 5.5, 8], "texture": "#0"},
				"east": {"uv": [4.5, 5, 5.75, 6.5], "texture": "#0"},
				"south": {"uv": [6.5, 5, 7.5, 6.5], "texture": "#0"},
				"west": {"uv": [5.5, 0, 6.75, 1.5], "texture": "#0"},
				"up": {"uv": [8.5, 3.25, 7.5, 2], "texture": "#0"},
				"down": {"uv": [8.5, 3.5, 7.5, 4.75], "texture": "#0"}
			}
		},
		{
			"from": [8, 23, 5.75],
			"to": [9.5, 27, 6.75],
			"faces": {
				"north": {"uv": [6.5, 6.5, 7.25, 8.5], "texture": "#0"},
				"east": {"uv": [8, 0, 8.5, 2], "texture": "#0"},
				"south": {"uv": [7, 0, 7.75, 2], "texture": "#0"},
				"west": {"uv": [9, 9, 9.5, 11], "texture": "#0"},
				"up": {"uv": [13.75, 7, 13, 6.5], "texture": "#0"},
				"down": {"uv": [13.75, 7, 13, 7.5], "texture": "#0"}
			}
		},
		{
			"from": [8, 24.5, 9.25],
			"to": [9.5, 27, 10.25],
			"faces": {
				"north": {"uv": [10, 5, 10.75, 6.25], "texture": "#0"},
				"east": {"uv": [11, 6.5, 11.5, 7.75], "texture": "#0"},
				"south": {"uv": [10, 6.5, 10.75, 7.75], "texture": "#0"},
				"west": {"uv": [7, 11, 7.5, 12.25], "texture": "#0"},
				"up": {"uv": [13.75, 8, 13, 7.5], "texture": "#0"},
				"down": {"uv": [13.75, 8, 13, 8.5], "texture": "#0"}
			}
		},
		{
			"from": [8.25, 23, 5.25],
			"to": [9.25, 27, 5.75],
			"faces": {
				"north": {"uv": [9.5, 0, 10, 2], "texture": "#0"},
				"east": {"uv": [11, 12, 11.25, 14], "texture": "#0"},
				"south": {"uv": [9.5, 2, 10, 4], "texture": "#0"},
				"west": {"uv": [12.5, 4.5, 12.75, 6.5], "texture": "#0"},
				"up": {"uv": [11, 14.25, 10.5, 14], "texture": "#0"},
				"down": {"uv": [11.5, 14, 11, 14.25], "texture": "#0"}
			}
		},
		{
			"from": [8.25, 25, 10.25],
			"to": [9.25, 27, 11.25],
			"faces": {
				"north": {"uv": [11, 3, 11.5, 4], "texture": "#0"},
				"east": {"uv": [12.5, 1, 13, 2], "texture": "#0"},
				"south": {"uv": [6.5, 12.5, 7, 13.5], "texture": "#0"},
				"west": {"uv": [12.5, 6.5, 13, 7.5], "texture": "#0"},
				"up": {"uv": [14, 10.5, 13.5, 10], "texture": "#0"},
				"down": {"uv": [11, 13.5, 10.5, 14], "texture": "#0"}
			}
		},
		{
			"from": [8.5, 24.75, 11.25],
			"to": [9, 27.25, 11.75],
			"faces": {
				"north": {"uv": [6, 13.5, 6.25, 14.75], "texture": "#0"},
				"east": {"uv": [6.5, 13.5, 6.75, 14.75], "texture": "#0"},
				"south": {"uv": [7.5, 13.5, 7.75, 14.75], "texture": "#0"},
				"west": {"uv": [8.5, 13.5, 8.75, 14.75], "texture": "#0"},
				"up": {"uv": [0.75, 15.25, 0.5, 15], "texture": "#0"},
				"down": {"uv": [15.25, 0.5, 15, 0.75], "texture": "#0"}
			}
		},
		{
			"from": [8.5, 22.75, 4.75],
			"to": [9, 27.25, 5.25],
			"faces": {
				"north": {"uv": [5.5, 11.5, 5.75, 13.75], "texture": "#0"},
				"east": {"uv": [11.5, 6.5, 11.75, 8.75], "texture": "#0"},
				"south": {"uv": [11.5, 9, 11.75, 11.25], "texture": "#0"},
				"west": {"uv": [11.5, 11.5, 11.75, 13.75], "texture": "#0"},
				"up": {"uv": [1.25, 15.25, 1, 15], "texture": "#0"},
				"down": {"uv": [15.25, 1, 15, 1.25], "texture": "#0"}
			}
		},
		{
			"from": [8.625, 21, 3.5],
			"to": [8.875, 28, 4.5],
			"faces": {
				"north": {"uv": [4, 10, 4.25, 13.5], "texture": "#0"},
				"east": {"uv": [5.5, 1.5, 6, 5], "texture": "#0"},
				"south": {"uv": [7.5, 10, 7.75, 13.5], "texture": "#0"},
				"west": {"uv": [6, 1.5, 6.5, 5], "texture": "#0"},
				"up": {"uv": [14.25, 11.5, 14, 11], "texture": "#0"},
				"down": {"uv": [11.75, 14, 11.5, 14.5], "texture": "#0"}
			}
		},
		{
			"from": [8.625, 22, 4.5],
			"to": [8.875, 28, 5.5],
			"faces": {
				"north": {"uv": [4.5, 10.5, 4.75, 13.5], "texture": "#0"},
				"east": {"uv": [5.5, 6.5, 6, 9.5], "texture": "#0"},
				"south": {"uv": [5, 10.5, 5.25, 13.5], "texture": "#0"},
				"west": {"uv": [7, 2, 7.5, 5], "texture": "#0"},
				"up": {"uv": [14.25, 12, 14, 11.5], "texture": "#0"},
				"down": {"uv": [12.25, 14, 12, 14.5], "texture": "#0"}
			}
		},
		{
			"from": [8.625, 24, 10.5],
			"to": [8.875, 27.5, 11.5],
			"faces": {
				"north": {"uv": [13, 2.5, 13.25, 4.25], "texture": "#0"},
				"east": {"uv": [8, 10, 8.5, 11.75], "texture": "#0"},
				"south": {"uv": [13, 4.5, 13.25, 6.25], "texture": "#0"},
				"west": {"uv": [10, 8, 10.5, 9.75], "texture": "#0"},
				"up": {"uv": [14.25, 12.5, 14, 12], "texture": "#0"},
				"down": {"uv": [12.75, 14, 12.5, 14.5], "texture": "#0"}
			}
		},
		{
			"from": [8.625, 23, 11.5],
			"to": [8.875, 28, 12.5],
			"faces": {
				"north": {"uv": [11, 8, 11.25, 10.5], "texture": "#0"},
				"east": {"uv": [7.5, 5, 8, 7.5], "texture": "#0"},
				"south": {"uv": [9, 11, 9.25, 13.5], "texture": "#0"},
				"west": {"uv": [7.5, 7.5, 8, 10], "texture": "#0"},
				"up": {"uv": [14.25, 13, 14, 12.5], "texture": "#0"},
				"down": {"uv": [13.25, 14, 13, 14.5], "texture": "#0"}
			}
		},
		{
			"from": [8.625, 22.5, 12.5],
			"to": [8.875, 27, 13.5],
			"faces": {
				"north": {"uv": [12, 0, 12.25, 2.25], "texture": "#0"},
				"east": {"uv": [6.5, 8.5, 7, 10.75], "texture": "#0"},
				"south": {"uv": [12, 6.5, 12.25, 8.75], "texture": "#0"},
				"west": {"uv": [7, 8.5, 7.5, 10.75], "texture": "#0"},
				"up": {"uv": [14.25, 13.5, 14, 13], "texture": "#0"},
				"down": {"uv": [13.75, 14, 13.5, 14.5], "texture": "#0"}
			}
		},
		{
			"from": [8.625, 22, 5.5],
			"to": [8.875, 27, 6.5],
			"faces": {
				"north": {"uv": [9.5, 11, 9.75, 13.5], "texture": "#0"},
				"east": {"uv": [4.5, 8, 5, 10.5], "texture": "#0"},
				"south": {"uv": [10.5, 11, 10.75, 13.5], "texture": "#0"},
				"west": {"uv": [5, 8, 5.5, 10.5], "texture": "#0"},
				"up": {"uv": [14.25, 14, 14, 13.5], "texture": "#0"},
				"down": {"uv": [14.25, 14, 14, 14.5], "texture": "#0"}
			}
		},
		{
			"from": [8.625, 19, 2.5],
			"to": [8.875, 29, 3.5],
			"faces": {
				"north": {"uv": [8, 5, 8.25, 10], "texture": "#0"},
				"east": {"uv": [4, 0, 4.5, 5], "texture": "#0"},
				"south": {"uv": [8.5, 0, 8.75, 5], "texture": "#0"},
				"west": {"uv": [4.5, 0, 5, 5], "texture": "#0"},
				"up": {"uv": [0.25, 15, 0, 14.5], "texture": "#0"},
				"down": {"uv": [14.75, 0, 14.5, 0.5], "texture": "#0"}
			}
		},
		{
			"from": [8.685, 29, 2.5],
			"to": [8.81, 30, 3.5],
			"rotation": {"angle": 22.5, "axis": "x", "origin": [8.7475, 29.5, 3]},
			"faces": {
				"north": {"uv": [0.5, 14.5, 0.75, 15], "texture": "#0"},
				"east": {"uv": [13.5, 10.5, 14, 11], "texture": "#0"},
				"south": {"uv": [14.5, 0.5, 14.75, 1], "texture": "#0"},
				"west": {"uv": [13.5, 11, 14, 11.5], "texture": "#0"},
				"up": {"uv": [1.25, 15, 1, 14.5], "texture": "#0"},
				"down": {"uv": [14.75, 1, 14.5, 1.5], "texture": "#0"}
			}
		},
		{
			"from": [8.685, 26.8, 0],
			"to": [8.81, 31.3, 1],
			"rotation": {"angle": 45, "axis": "x", "origin": [8.7475, 27.5, 0]},
			"faces": {
				"north": {"uv": [8, 12, 8.25, 14.25], "texture": "#0"},
				"east": {"uv": [9, 0, 9.5, 2.25], "texture": "#0"},
				"south": {"uv": [12, 9, 12.25, 11.25], "texture": "#0"},
				"west": {"uv": [9, 2.5, 9.5, 4.75], "texture": "#0"},
				"up": {"uv": [1.75, 15, 1.5, 14.5], "texture": "#0"},
				"down": {"uv": [14.75, 1.5, 14.5, 2], "texture": "#0"}
			}
		},
		{
			"from": [8.685, 28, 11.5],
			"to": [8.81, 29, 12.7],
			"rotation": {"angle": 22.5, "axis": "x", "origin": [8.7475, 28.5, 12]},
			"faces": {
				"north": {"uv": [2, 14.5, 2.25, 15], "texture": "#0"},
				"east": {"uv": [13.5, 11.5, 14, 12], "texture": "#0"},
				"south": {"uv": [14.5, 2, 14.75, 2.5], "texture": "#0"},
				"west": {"uv": [13.5, 12, 14, 12.5], "texture": "#0"},
				"up": {"uv": [2.75, 15, 2.5, 14.5], "texture": "#0"},
				"down": {"uv": [14.75, 2.5, 14.5, 3], "texture": "#0"}
			}
		},
		{
			"from": [8.685, 27, 12.5],
			"to": [8.81, 28, 13.5],
			"faces": {
				"north": {"uv": [3, 14.5, 3.25, 15], "texture": "#0"},
				"east": {"uv": [13.5, 12.5, 14, 13], "texture": "#0"},
				"south": {"uv": [14.5, 3, 14.75, 3.5], "texture": "#0"},
				"west": {"uv": [13, 13.5, 13.5, 14], "texture": "#0"},
				"up": {"uv": [3.75, 15, 3.5, 14.5], "texture": "#0"},
				"down": {"uv": [14.75, 3.5, 14.5, 4], "texture": "#0"}
			}
		},
		{
			"from": [8.685, 26.75, 13],
			"to": [8.81, 29.25, 14],
			"rotation": {"angle": -45, "axis": "x", "origin": [8.7475, 27.5, 14]},
			"faces": {
				"north": {"uv": [13.5, 8.5, 13.75, 9.75], "texture": "#0"},
				"east": {"uv": [11, 10.5, 11.5, 11.75], "texture": "#0"},
				"south": {"uv": [9, 13.5, 9.25, 14.75], "texture": "#0"},
				"west": {"uv": [11.5, 0, 12, 1.25], "texture": "#0"},
				"up": {"uv": [14.75, 4.5, 14.5, 4], "texture": "#0"},
				"down": {"uv": [14.75, 4.5, 14.5, 5], "texture": "#0"}
			}
		},
		{
			"from": [8.685, 23, 12.5],
			"to": [8.81, 24, 13.5],
			"faces": {
				"north": {"uv": [14.5, 5, 14.75, 5.5], "texture": "#0"},
				"east": {"uv": [13.5, 13, 14, 13.5], "texture": "#0"},
				"south": {"uv": [14.5, 5.5, 14.75, 6], "texture": "#0"},
				"west": {"uv": [13.5, 13.5, 14, 14], "texture": "#0"},
				"up": {"uv": [14.75, 6.5, 14.5, 6], "texture": "#0"},
				"down": {"uv": [14.75, 6.5, 14.5, 7], "texture": "#0"}
			}
		},
		{
			"from": [8.685, 20.1, 12],
			"to": [8.81, 21.4, 13],
			"rotation": {"angle": 45, "axis": "x", "origin": [8.7475, 21.00503, 12.78787]},
			"faces": {
				"north": {"uv": [14, 4, 14.25, 4.75], "texture": "#0"},
				"east": {"uv": [13, 8.5, 13.5, 9.25], "texture": "#0"},
				"south": {"uv": [14, 5, 14.25, 5.75], "texture": "#0"},
				"west": {"uv": [13, 11.5, 13.5, 12.25], "texture": "#0"},
				"up": {"uv": [7.25, 15, 7, 14.5], "texture": "#0"},
				"down": {"uv": [14.75, 7, 14.5, 7.5], "texture": "#0"}
			}
		},
		{
			"from": [8.685, 21.4293, 12.75],
			"to": [8.81, 22.9293, 13.75],
			"rotation": {"angle": 22.5, "axis": "x", "origin": [8.7475, 22.42929, 12.78787]},
			"faces": {
				"north": {"uv": [5.5, 14, 5.75, 14.75], "texture": "#0"},
				"east": {"uv": [12, 13, 12.5, 13.75], "texture": "#0"},
				"south": {"uv": [14, 6, 14.25, 6.75], "texture": "#0"},
				"west": {"uv": [12.5, 13, 13, 13.75], "texture": "#0"},
				"up": {"uv": [14.75, 8, 14.5, 7.5], "texture": "#0"},
				"down": {"uv": [8.25, 14.5, 8, 15], "texture": "#0"}
			}
		},
		{
			"from": [8.685, 21.3, 12.42678],
			"to": [8.81, 23.1, 14.02678],
			"rotation": {"angle": 22.5, "axis": "x", "origin": [8.7475, 23.10104, 13.17678]},
			"faces": {
				"north": {"uv": [14, 0, 14.25, 1], "texture": "#0"},
				"east": {"uv": [10, 3, 10.75, 4], "texture": "#0"},
				"south": {"uv": [14, 1, 14.25, 2], "texture": "#0"},
				"west": {"uv": [10.5, 4, 11.25, 5], "texture": "#0"},
				"up": {"uv": [14.25, 7.75, 14, 7], "texture": "#0"},
				"down": {"uv": [14.25, 8, 14, 8.75], "texture": "#0"}
			}
		},
		{
			"from": [8.685, 22.8, 13.25],
			"to": [8.81, 24.3, 14.25],
			"rotation": {"angle": 22.5, "axis": "x", "origin": [8.7475, 23.5, 14]},
			"faces": {
				"north": {"uv": [14, 9, 14.25, 9.75], "texture": "#0"},
				"east": {"uv": [13, 12.5, 13.5, 13.25], "texture": "#0"},
				"south": {"uv": [14, 10, 14.25, 10.75], "texture": "#0"},
				"west": {"uv": [13.5, 0, 14, 0.75], "texture": "#0"},
				"up": {"uv": [14.75, 8.5, 14.5, 8], "texture": "#0"},
				"down": {"uv": [14.75, 8.5, 14.5, 9], "texture": "#0"}
			}
		},
		{
			"from": [8.685, 24, 13.5],
			"to": [8.81, 27, 14.5],
			"faces": {
				"north": {"uv": [13.5, 2, 13.75, 3.5], "texture": "#0"},
				"east": {"uv": [10.5, 8, 11, 9.5], "texture": "#0"},
				"south": {"uv": [13.5, 3.5, 13.75, 5], "texture": "#0"},
				"west": {"uv": [10.5, 9.5, 11, 11], "texture": "#0"},
				"up": {"uv": [14.75, 9.5, 14.5, 9], "texture": "#0"},
				"down": {"uv": [14.75, 9.5, 14.5, 10], "texture": "#0"}
			}
		},
		{
			"from": [8.685, 18, 2.5],
			"to": [8.81, 19, 3.5],
			"faces": {
				"north": {"uv": [14.5, 10, 14.75, 10.5], "texture": "#0"},
				"east": {"uv": [14, 2, 14.5, 2.5], "texture": "#0"},
				"south": {"uv": [10.5, 14.5, 10.75, 15], "texture": "#0"},
				"west": {"uv": [14, 2.5, 14.5, 3], "texture": "#0"},
				"up": {"uv": [14.75, 11, 14.5, 10.5], "texture": "#0"},
				"down": {"uv": [11.25, 14.5, 11, 15], "texture": "#0"}
			}
		},
		{
			"from": [8.685, 21.25, 0.25],
			"to": [8.81, 23.5, 1.25],
			"rotation": {"angle": -22.5, "axis": "x", "origin": [8.7475, 21.5, 1]},
			"faces": {
				"north": {"uv": [9.5, 13.5, 9.75, 14.75], "texture": "#0"},
				"east": {"uv": [11.5, 1.5, 12, 2.75], "texture": "#0"},
				"south": {"uv": [10, 13.5, 10.25, 14.75], "texture": "#0"},
				"west": {"uv": [11.5, 3, 12, 4.25], "texture": "#0"},
				"up": {"uv": [14.75, 11.5, 14.5, 11], "texture": "#0"},
				"down": {"uv": [11.75, 14.5, 11.5, 15], "texture": "#0"}
			}
		},
		{
			"from": [8.685, 19, 0.75],
			"to": [8.81, 22, 1.75],
			"rotation": {"angle": -22.5, "axis": "x", "origin": [8.7475, 20.5, 1]},
			"faces": {
				"north": {"uv": [4, 13.5, 4.25, 15], "texture": "#0"},
				"east": {"uv": [11, 0, 11.5, 1.5], "texture": "#0"},
				"south": {"uv": [4.5, 13.5, 4.75, 15], "texture": "#0"},
				"west": {"uv": [11, 1.5, 11.5, 3], "texture": "#0"},
				"up": {"uv": [14.75, 12, 14.5, 11.5], "texture": "#0"},
				"down": {"uv": [12.25, 14.5, 12, 15], "texture": "#0"}
			}
		},
		{
			"from": [8.685, 17, 3.35],
			"to": [8.81, 18, 4.45],
			"faces": {
				"north": {"uv": [14.5, 12, 14.75, 12.5], "texture": "#0"},
				"east": {"uv": [14, 3, 14.5, 3.5], "texture": "#0"},
				"south": {"uv": [12.5, 14.5, 12.75, 15], "texture": "#0"},
				"west": {"uv": [14, 3.5, 14.5, 4], "texture": "#0"},
				"up": {"uv": [14.75, 13, 14.5, 12.5], "texture": "#0"},
				"down": {"uv": [13.25, 14.5, 13, 15], "texture": "#0"}
			}
		},
		{
			"from": [8.685, 17, 3],
			"to": [8.81, 19.75, 4],
			"rotation": {"angle": -45, "axis": "x", "origin": [8.7475, 17.5, 3]},
			"faces": {
				"north": {"uv": [5, 13.5, 5.25, 15], "texture": "#0"},
				"east": {"uv": [11, 5, 11.5, 6.5], "texture": "#0"},
				"south": {"uv": [13.5, 5, 13.75, 6.5], "texture": "#0"},
				"west": {"uv": [6.5, 11, 7, 12.5], "texture": "#0"},
				"up": {"uv": [14.75, 13.5, 14.5, 13], "texture": "#0"},
				"down": {"uv": [13.75, 14.5, 13.5, 15], "texture": "#0"}
			}
		},
		{
			"from": [8.625, 19.4, 1.5],
			"to": [8.875, 28.6, 2.5],
			"faces": {
				"north": {"uv": [8.5, 5, 8.75, 10], "texture": "#0"},
				"east": {"uv": [5, 0, 5.5, 5], "texture": "#0"},
				"south": {"uv": [6, 8.5, 6.25, 13.5], "texture": "#0"},
				"west": {"uv": [4, 5, 4.5, 10], "texture": "#0"},
				"up": {"uv": [14.75, 14, 14.5, 13.5], "texture": "#0"},
				"down": {"uv": [14.25, 14.5, 14, 15], "texture": "#0"}
			}
		},
		{
			"from": [8.625, 21.2, 0.5],
			"to": [8.875, 27.7, 1.5],
			"faces": {
				"north": {"uv": [8.5, 10, 8.75, 13.5], "texture": "#0"},
				"east": {"uv": [6, 5, 6.5, 8.5], "texture": "#0"},
				"south": {"uv": [10, 10, 10.25, 13.5], "texture": "#0"},
				"west": {"uv": [6.5, 1.5, 7, 5], "texture": "#0"},
				"up": {"uv": [14.75, 14.5, 14.5, 14], "texture": "#0"},
				"down": {"uv": [14.75, 14.5, 14.5, 15], "texture": "#0"}
			}
		},
		{
			"from": [8.685, 23, -0.5],
			"to": [8.81, 27, 0.5],
			"faces": {
				"north": {"uv": [7, 12.5, 7.25, 14.5], "texture": "#0"},
				"east": {"uv": [5.5, 9.5, 6, 11.5], "texture": "#0"},
				"south": {"uv": [12.5, 7.5, 12.75, 9.5], "texture": "#0"},
				"west": {"uv": [9.5, 9, 10, 11], "texture": "#0"},
				"up": {"uv": [0.25, 15.5, 0, 15], "texture": "#0"},
				"down": {"uv": [15.25, 0, 15, 0.5], "texture": "#0"}
			}
		},
		{
			"from": [7.75, 23, 6.75],
			"to": [9.75, 24, 8.75],
			"faces": {
				"north": {"uv": [12.5, 2, 13.5, 2.5], "texture": "#0"},
				"east": {"uv": [12.5, 9.5, 13.5, 10], "texture": "#0"},
				"south": {"uv": [12.5, 10, 13.5, 10.5], "texture": "#0"},
				"west": {"uv": [12.5, 10.5, 13.5, 11], "texture": "#0"},
				"up": {"uv": [10.5, 5, 9.5, 4], "texture": "#0"},
				"down": {"uv": [11, 0, 10, 1], "texture": "#0"}
			}
		},
		{
			"from": [7.75, -1, 6.75],
			"to": [9.75, 0, 8.75],
			"faces": {
				"north": {"uv": [12.5, 11, 13.5, 11.5], "texture": "#0"},
				"east": {"uv": [12, 12.5, 13, 13], "texture": "#0"},
				"south": {"uv": [13, 1, 14, 1.5], "texture": "#0"},
				"west": {"uv": [13, 1.5, 14, 2], "texture": "#0"},
				"up": {"uv": [11, 2, 10, 1], "texture": "#0"},
				"down": {"uv": [11, 2, 10, 3], "texture": "#0"}
			}
		}
	],
	"display": {
		"thirdperson_righthand": {
			"translation": [-0.75, -2, 2.25]
		},
		"thirdperson_lefthand": {
			"translation": [0.75, -2, 2.25]
		},
		"firstperson_righthand": {
			"translation": [3.25, -0.5, -3.25]
		},
		"firstperson_lefthand": {
			"translation": [3.25, -0.5, -3.25]
		},
		"ground": {
			"rotation": [-4.66, -3.89, 80.49],
			"translation": [3.75, 0, 0]
		},
		"gui": {
			"rotation": [-90, 46.75, 90],
			"translation": [3.75, -4.5, 0]
		},
		"fixed": {
			"rotation": [0, 90, 0],
			"translation": [0, -5.5, 0]
		}
	},
	"groups": [
		{
			"name": "WarAxe",
			"origin": [8, 8, 8],
			"color": 0,
			"children": [0, 1, 2, 3, 4, 5, 6, 7, 8, 9, 10, 11, 12, 13, 14, 15, 16, 17, 18, 19, 20, 21, 22, 23, 24, 25, 26, 27, 28, 29, 30, 31, 32, 33, 34, 35, 36, 37]
		}
	]
}