{"textures":{"1":"modelengine:entity/armor"},"elements":[{"from":[3.0,3.5,5.5],"to":[13.0,9.5,10.5],"faces":{"east":{"uv":[4.0,7.5,5.25,9.0],"tintindex":0,"rotation":0,"texture":"#1"},"south":{"uv":[2.5,2.5,5.0,4.0],"tintindex":0,"rotation":0,"texture":"#1"},"north":{"uv":[0.0,2.5,2.5,4.0],"tintindex":0,"rotation":0,"texture":"#1"},"west":{"uv":[8.0,0.0,9.25,1.5],"tintindex":0,"rotation":0,"texture":"#1"},"up":{"uv":[7.0,1.25,4.5,0.0],"tintindex":0,"rotation":0,"texture":"#1"},"down":{"uv":[7.0,1.25,4.5,2.5],"tintindex":0,"rotation":0,"texture":"#1"}}}],"display":{"gui":{"rotation":[30,225,0]}}}