{"textures":{"1":"modelengine:entity/armor"},"elements":[{"from":[6.0,5.0,7.0],"to":[8.0,9.0,9.0],"faces":{"east":{"uv":[11.25,8.25,11.75,9.25],"tintindex":0,"rotation":0,"texture":"#1"},"south":{"uv":[10.5,11.25,11.0,12.25],"tintindex":0,"rotation":0,"texture":"#1"},"north":{"uv":[5.25,11.25,5.75,12.25],"tintindex":0,"rotation":0,"texture":"#1"},"west":{"uv":[11.5,0.0,12.0,1.0],"tintindex":0,"rotation":0,"texture":"#1"},"up":{"uv":[9.75,12.25,9.25,11.75],"tintindex":0,"rotation":0,"texture":"#1"},"down":{"uv":[12.25,9.5,11.75,10.0],"tintindex":0,"rotation":0,"texture":"#1"}}}],"display":{"gui":{"rotation":[30,225,0]}}}