{"textures":{"1":"modelengine:entity/armor"},"elements":[{"from":[7.5,7.5,3.3333335],"to":[8.5,8.5,15.333334],"faces":{"east":{"uv":[10.25,6.25,13.25,6.5],"tintindex":0,"rotation":0,"texture":"#1"},"south":{"uv":[3.75,9.5,4.0,9.75],"tintindex":0,"rotation":0,"texture":"#1"},"north":{"uv":[3.75,9.25,4.0,9.5],"tintindex":0,"rotation":0,"texture":"#1"},"west":{"uv":[10.25,6.5,13.25,6.75],"tintindex":0,"rotation":0,"texture":"#1"},"up":{"uv":[9.25,13.0,9.0,10.0],"tintindex":0,"rotation":0,"texture":"#1"},"down":{"uv":[10.5,10.0,10.25,13.0],"tintindex":0,"rotation":0,"texture":"#1"}}},{"from":[6.5,6.5,1.3333335],"to":[9.5,9.5,9.333334],"faces":{"east":{"uv":[8.25,6.25,10.25,7.0],"tintindex":0,"rotation":0,"texture":"#1"},"south":{"uv":[10.75,5.25,11.5,6.0],"tintindex":0,"rotation":0,"texture":"#1"},"north":{"uv":[9.0,4.25,9.75,5.0],"tintindex":0,"rotation":0,"texture":"#1"},"west":{"uv":[9.0,1.5,11.0,2.25],"tintindex":0,"rotation":0,"texture":"#1"},"up":{"uv":[6.0,9.5,5.25,7.5],"tintindex":0,"rotation":0,"texture":"#1"},"down":{"uv":[9.75,2.25,9.0,4.25],"tintindex":0,"rotation":0,"texture":"#1"}}},{"from":[7.0,7.0,7.3333335],"to":[9.0,9.0,11.333334],"faces":{"east":{"uv":[10.75,9.5,11.75,10.0],"tintindex":0,"rotation":0,"texture":"#1"},"south":{"uv":[7.25,11.75,7.75,12.25],"tintindex":0,"rotation":0,"texture":"#1"},"north":{"uv":[6.75,11.75,7.25,12.25],"tintindex":0,"rotation":0,"texture":"#1"},"west":{"uv":[11.0,7.75,12.0,8.25],"tintindex":0,"rotation":0,"texture":"#1"},"up":{"uv":[11.5,11.0,11.0,10.0],"tintindex":0,"rotation":0,"texture":"#1"},"down":{"uv":[11.5,11.0,11.0,12.0],"tintindex":0,"rotation":0,"texture":"#1"}}}],"display":{"gui":{"rotation":[30,225,0]}}}