{"textures":{"0":"modelengine:entity/sans","1":"modelengine:entity/texture"},"elements":[{"name":"cube","from":[5.6,5.6,7.4],"to":[10.4,11.0,8.0],"rotation":{"angle":0.0,"axis":"x","origin":[8.0,8.0,8.0]},"faces":{"down":{"uv":[5.0,5.0,1.0,5.5],"rotation":0,"texture":"#1","tintindex":0},"east":{"uv":[0.0,4.5,0.5,9.0],"rotation":0,"texture":"#1","tintindex":0},"north":{"uv":[0.0,0.0,4.0,4.5],"rotation":0,"texture":"#1","tintindex":0},"south":{"uv":[4.0,0.0,8.0,4.5],"rotation":0,"texture":"#1","tintindex":0},"up":{"uv":[5.0,5.0,1.0,4.5],"rotation":0,"texture":"#1","tintindex":0},"west":{"uv":[0.5,4.5,1.0,9.0],"rotation":0,"texture":"#1","tintindex":0}}}],"display":{"head":{"translation":[0.0,-6.4,0.0],"rotation":[0.0,0.0,0.0],"scale":[3.8095,3.8095,3.8095]}}}