{"textures":{"0":"modelengine:entity/sans","1":"modelengine:entity/texture"},"elements":[{"name":"cube","from":[5.0,8.0,6.2],"to":[11.0,13.400001,9.8],"rotation":{"angle":0.0,"axis":"x","origin":[8.0,-3.4000006,7.4]},"faces":{"down":{"uv":[5.5,4.5,3.5,6.0],"rotation":0,"texture":"#0","tintindex":0},"east":{"uv":[5.0,2.0,6.5,3.75],"rotation":0,"texture":"#0","tintindex":0},"north":{"uv":[0.0,0.0,2.0,1.75],"rotation":0,"texture":"#0","tintindex":0},"south":{"uv":[0.0,1.75,2.0,3.5],"rotation":0,"texture":"#0","tintindex":0},"up":{"uv":[3.5,6.0,1.5,4.5],"rotation":0,"texture":"#0","tintindex":0},"west":{"uv":[0.0,5.5,1.5,7.25],"rotation":0,"texture":"#0","tintindex":0}}}],"display":{"head":{"translation":[0.0,-6.4,0.0],"rotation":[0.0,0.0,0.0],"scale":[3.8095,3.8095,3.8095]}}}