{"textures":{"0":"modelengine:entity/sans","1":"modelengine:entity/texture"},"elements":[{"name":"cube","from":[6.2,6.8,6.8],"to":[8.0,8.6,9.2],"rotation":{"angle":0.0,"axis":"x","origin":[8.0,8.0,8.0]},"faces":{"down":{"uv":[6.25,10.75,5.5,11.75],"rotation":0,"texture":"#0","tintindex":0},"east":{"uv":[10.75,3.5,11.75,4.25],"rotation":0,"texture":"#0","tintindex":0},"north":{"uv":[1.5,12.25,2.25,13.0],"rotation":0,"texture":"#0","tintindex":0},"south":{"uv":[12.25,1.5,13.0,2.25],"rotation":0,"texture":"#0","tintindex":0},"up":{"uv":[5.5,11.75,4.75,10.75],"rotation":0,"texture":"#0","tintindex":0},"west":{"uv":[3.75,10.75,4.75,11.5],"rotation":0,"texture":"#0","tintindex":0}}},{"name":"cube","from":[5.6,6.2,6.8],"to":[7.4,6.8,9.2],"rotation":{"angle":0.0,"axis":"x","origin":[11.0,-1.6000004,7.4]},"faces":{"down":{"uv":[11.5,6.5,10.75,7.5],"rotation":0,"texture":"#0","tintindex":0},"east":{"uv":[12.75,2.25,13.75,2.5],"rotation":0,"texture":"#0","tintindex":0},"north":{"uv":[8.25,11.5,9.0,11.75],"rotation":0,"texture":"#0","tintindex":0},"south":{"uv":[0.0,11.75,0.75,12.0],"rotation":0,"texture":"#0","tintindex":0},"up":{"uv":[7.0,11.75,6.25,10.75],"rotation":0,"texture":"#0","tintindex":0},"west":{"uv":[12.75,2.5,13.75,2.75],"rotation":0,"texture":"#0","tintindex":0}}}],"display":{"head":{"translation":[0.0,-6.4,0.0],"rotation":[0.0,0.0,0.0],"scale":[3.8095,3.8095,3.8095]}}}