{"textures":{"0":"modelengine:entity/sans","1":"modelengine:entity/texture"},"elements":[{"name":"cube","from":[6.5,6.8,6.8],"to":[8.9,8.6,9.2],"rotation":{"angle":0.0,"axis":"x","origin":[9.8,2.6,7.4]},"faces":{"down":{"uv":[7.5,9.0,6.5,10.0],"rotation":0,"texture":"#0","tintindex":0},"east":{"uv":[11.25,0.75,12.25,1.5],"rotation":0,"texture":"#0","tintindex":0},"north":{"uv":[11.25,0.0,12.25,0.75],"rotation":0,"texture":"#0","tintindex":0},"south":{"uv":[11.25,1.5,12.25,2.25],"rotation":0,"texture":"#0","tintindex":0},"up":{"uv":[10.0,2.0,9.0,1.0],"rotation":0,"texture":"#0","tintindex":0},"west":{"uv":[11.25,4.25,12.25,5.0],"rotation":0,"texture":"#0","tintindex":0}}}],"display":{"head":{"translation":[0.0,-6.4,0.0],"rotation":[0.0,0.0,0.0],"scale":[3.8095,3.8095,3.8095]}}}