{"textures":{"0":"modelengine:entity/sans","1":"modelengine:entity/texture"},"elements":[{"name":"cube","from":[6.8,6.2,6.8],"to":[8.6,8.0,9.2],"rotation":{"angle":0.0,"axis":"x","origin":[8.0,0.19999981,7.4]},"faces":{"down":{"uv":[11.75,2.5,11.0,3.5],"rotation":0,"texture":"#0","tintindex":0},"east":{"uv":[10.75,7.5,11.75,8.25],"rotation":0,"texture":"#0","tintindex":0},"north":{"uv":[2.25,12.25,3.0,13.0],"rotation":0,"texture":"#0","tintindex":0},"south":{"uv":[3.0,12.25,3.75,13.0],"rotation":0,"texture":"#0","tintindex":0},"up":{"uv":[1.5,12.0,0.75,11.0],"rotation":0,"texture":"#0","tintindex":0},"west":{"uv":[10.75,10.5,11.75,11.25],"rotation":0,"texture":"#0","tintindex":0}}},{"name":"cube","from":[7.4,5.6,7.4],"to":[8.6,6.2,8.6],"rotation":{"angle":0.0,"axis":"x","origin":[12.2,0.19999981,7.4]},"faces":{"down":{"uv":[13.25,3.25,12.75,3.75],"rotation":0,"texture":"#0","tintindex":0},"east":{"uv":[13.0,2.0,13.5,2.25],"rotation":0,"texture":"#0","tintindex":0},"north":{"uv":[11.25,2.25,11.75,2.5],"rotation":0,"texture":"#0","tintindex":0},"south":{"uv":[3.5,13.0,4.0,13.25],"rotation":0,"texture":"#0","tintindex":0},"up":{"uv":[13.25,3.25,12.75,2.75],"rotation":0,"texture":"#0","tintindex":0},"west":{"uv":[4.0,13.0,4.5,13.25],"rotation":0,"texture":"#0","tintindex":0}}}],"display":{"head":{"translation":[0.0,-6.4,0.0],"rotation":[0.0,0.0,0.0],"scale":[3.8095,3.8095,3.8095]}}}