{"textures":{"0":"modelengine:entity/sans","1":"modelengine:entity/texture"},"elements":[{"name":"cube","from":[6.8,3.7999997,5.0],"to":[9.2,5.6,7.4],"rotation":{"angle":0.0,"axis":"x","origin":[10.4,3.7999997,7.4]},"faces":{"down":{"uv":[9.5,9.0,8.5,10.0],"rotation":0,"texture":"#0","tintindex":0},"east":{"uv":[11.25,5.75,12.25,6.5],"rotation":0,"texture":"#0","tintindex":0},"north":{"uv":[11.25,5.0,12.25,5.75],"rotation":0,"texture":"#0","tintindex":0},"south":{"uv":[9.0,11.25,10.0,12.0],"rotation":0,"texture":"#0","tintindex":0},"up":{"uv":[8.5,10.0,7.5,9.0],"rotation":0,"texture":"#0","tintindex":0},"west":{"uv":[10.75,11.25,11.75,12.0],"rotation":0,"texture":"#0","tintindex":0}}},{"name":"cube","from":[6.8,3.7999997,7.4],"to":[9.2,4.3999996,9.8],"rotation":{"angle":0.0,"axis":"x","origin":[10.4,3.7999997,7.4]},"faces":{"down":{"uv":[3.0,9.5,2.0,10.5],"rotation":0,"texture":"#0","tintindex":0},"east":{"uv":[4.75,12.75,5.75,13.0],"rotation":0,"texture":"#0","tintindex":0},"north":{"uv":[3.75,12.75,4.75,13.0],"rotation":0,"texture":"#0","tintindex":0},"south":{"uv":[5.75,12.75,6.75,13.0],"rotation":0,"texture":"#0","tintindex":0},"up":{"uv":[10.25,3.0,9.25,2.0],"rotation":0,"texture":"#0","tintindex":0},"west":{"uv":[6.75,12.75,7.75,13.0],"rotation":0,"texture":"#0","tintindex":0}}},{"name":"cube","from":[7.4,4.3999996,7.4],"to":[8.6,5.0,8.6],"rotation":{"angle":0.0,"axis":"x","origin":[10.4,3.7999997,7.4]},"faces":{"down":{"uv":[8.25,12.75,7.75,13.25],"rotation":0,"texture":"#0","tintindex":0},"east":{"uv":[5.0,13.0,5.5,13.25],"rotation":0,"texture":"#0","tintindex":0},"north":{"uv":[4.5,13.0,5.0,13.25],"rotation":0,"texture":"#0","tintindex":0},"south":{"uv":[5.5,13.0,6.0,13.25],"rotation":0,"texture":"#0","tintindex":0},"up":{"uv":[13.25,7.75,12.75,7.25],"rotation":0,"texture":"#0","tintindex":0},"west":{"uv":[6.0,13.0,6.5,13.25],"rotation":0,"texture":"#0","tintindex":0}}},{"name":"cube","from":[7.4,5.0,7.4],"to":[8.6,6.2,8.6],"rotation":{"angle":0.0,"axis":"x","origin":[10.4,3.7999997,7.4]},"faces":{"down":{"uv":[13.25,11.75,12.75,12.25],"rotation":0,"texture":"#0","tintindex":0},"east":{"uv":[10.0,12.75,10.5,13.25],"rotation":0,"texture":"#0","tintindex":0},"north":{"uv":[12.75,9.75,13.25,10.25],"rotation":0,"texture":"#0","tintindex":0},"south":{"uv":[12.75,10.25,13.25,10.75],"rotation":0,"texture":"#0","tintindex":0},"up":{"uv":[13.25,11.75,12.75,11.25],"rotation":0,"texture":"#0","tintindex":0},"west":{"uv":[12.75,10.75,13.25,11.25],"rotation":0,"texture":"#0","tintindex":0}}},{"name":"cube","from":[6.8,6.2,6.8],"to":[9.2,8.0,9.2],"rotation":{"angle":0.0,"axis":"x","origin":[10.4,3.7999997,7.4]},"faces":{"down":{"uv":[10.5,4.5,9.5,5.5],"rotation":0,"texture":"#0","tintindex":0},"east":{"uv":[11.5,6.5,12.5,7.25],"rotation":0,"texture":"#0","tintindex":0},"north":{"uv":[3.0,11.5,4.0,12.25],"rotation":0,"texture":"#0","tintindex":0},"south":{"uv":[11.5,8.25,12.5,9.0],"rotation":0,"texture":"#0","tintindex":0},"up":{"uv":[4.0,10.5,3.0,9.5],"rotation":0,"texture":"#0","tintindex":0},"west":{"uv":[11.5,9.0,12.5,9.75],"rotation":0,"texture":"#0","tintindex":0}}}],"display":{"head":{"translation":[0.0,-6.4,0.0],"rotation":[0.0,0.0,0.0],"scale":[3.8095,3.8095,3.8095]}}}