{"textures":{"0":"modelengine:entity/sans","1":"modelengine:entity/texture"},"elements":[{"name":"cube","from":[4.7,6.2,5.8999996],"to":[7.7,8.6,10.1],"rotation":{"angle":0.0,"axis":"x","origin":[8.0,0.7999997,7.4]},"faces":{"down":{"uv":[6.75,5.5,5.5,7.25],"rotation":0,"texture":"#0","tintindex":0},"east":{"uv":[6.75,5.5,8.5,6.5],"rotation":0,"texture":"#0","tintindex":0},"north":{"uv":[8.5,7.0,9.75,8.0],"rotation":0,"texture":"#0","tintindex":0},"south":{"uv":[8.5,8.0,9.75,9.0],"rotation":0,"texture":"#0","tintindex":0},"up":{"uv":[6.75,5.5,5.5,3.75],"rotation":0,"texture":"#0","tintindex":0},"west":{"uv":[6.75,6.5,8.5,7.5],"rotation":0,"texture":"#0","tintindex":0}}},{"name":"cube","from":[8.3,6.2,5.8999996],"to":[11.3,8.6,10.1],"rotation":{"angle":0.0,"axis":"x","origin":[8.0,0.7999997,7.4]},"faces":{"down":{"uv":[2.75,6.0,1.5,7.75],"rotation":0,"texture":"#0","tintindex":0},"east":{"uv":[7.25,0.0,9.0,1.0],"rotation":0,"texture":"#0","tintindex":0},"north":{"uv":[4.25,8.75,5.5,9.75],"rotation":0,"texture":"#0","tintindex":0},"south":{"uv":[9.0,0.0,10.25,1.0],"rotation":0,"texture":"#0","tintindex":0},"up":{"uv":[7.25,1.75,6.0,0.0],"rotation":0,"texture":"#0","tintindex":0},"west":{"uv":[2.75,7.25,4.5,8.25],"rotation":0,"texture":"#0","tintindex":0}}},{"name":"cube","from":[7.4,6.2,6.2],"to":[8.6,8.6,10.1],"rotation":{"angle":0.0,"axis":"x","origin":[8.0,0.7999997,7.4]},"faces":{"down":{"uv":[12.0,12.0,11.5,13.25],"rotation":0,"texture":"#0","tintindex":0},"east":{"uv":[10.0,1.0,11.25,1.75],"rotation":0,"texture":"#0","tintindex":0},"north":{"uv":[1.5,3.5,2.0,4.25],"rotation":0,"texture":"#0","tintindex":0},"south":{"uv":[5.0,3.75,5.5,4.5],"rotation":0,"texture":"#0","tintindex":0},"up":{"uv":[11.5,13.25,11.0,12.0],"rotation":0,"texture":"#0","tintindex":0},"west":{"uv":[6.0,10.0,7.25,10.75],"rotation":0,"texture":"#0","tintindex":0}}}],"display":{"head":{"translation":[0.0,-6.4,0.0],"rotation":[0.0,0.0,0.0],"scale":[3.8095,3.8095,3.8095]}}}