{"textures":{"0":"modelengine:entity/sans","1":"modelengine:entity/texture"},"elements":[{"name":"cube","from":[8.0,6.8,6.8],"to":[9.8,8.6,9.2],"rotation":{"angle":0.0,"axis":"x","origin":[5.0,-1.6000004,7.4]},"faces":{"down":{"uv":[11.25,4.5,10.5,5.5],"rotation":0,"texture":"#0","tintindex":0},"east":{"uv":[10.25,0.0,11.25,0.75],"rotation":0,"texture":"#0","tintindex":0},"north":{"uv":[7.25,1.0,8.0,1.75],"rotation":0,"texture":"#0","tintindex":0},"south":{"uv":[12.0,12.0,12.75,12.75],"rotation":0,"texture":"#0","tintindex":0},"up":{"uv":[3.75,11.5,3.0,10.5],"rotation":0,"texture":"#0","tintindex":0},"west":{"uv":[10.25,1.75,11.25,2.5],"rotation":0,"texture":"#0","tintindex":0}}},{"name":"cube","from":[8.6,6.2,6.8],"to":[10.4,6.8,9.2],"rotation":{"angle":0.0,"axis":"x","origin":[5.0,-1.6000004,7.4]},"faces":{"down":{"uv":[9.0,10.5,8.25,11.5],"rotation":0,"texture":"#0","tintindex":0},"east":{"uv":[12.5,9.25,13.5,9.5],"rotation":0,"texture":"#0","tintindex":0},"north":{"uv":[10.75,8.25,11.5,8.5],"rotation":0,"texture":"#0","tintindex":0},"south":{"uv":[4.0,11.5,4.75,11.75],"rotation":0,"texture":"#0","tintindex":0},"up":{"uv":[11.25,6.5,10.5,5.5],"rotation":0,"texture":"#0","tintindex":0},"west":{"uv":[12.5,9.5,13.5,9.75],"rotation":0,"texture":"#0","tintindex":0}}}],"display":{"head":{"translation":[0.0,-6.4,0.0],"rotation":[0.0,0.0,0.0],"scale":[3.8095,3.8095,3.8095]}}}