{"textures":{"0":"modelengine:entity/sans","1":"modelengine:entity/texture"},"elements":[{"name":"cube","from":[7.1,6.8,6.8],"to":[9.5,8.6,9.2],"rotation":{"angle":0.0,"axis":"x","origin":[6.8,2.6,7.4]},"faces":{"down":{"uv":[10.5,9.0,9.5,10.0],"rotation":0,"texture":"#0","tintindex":0},"east":{"uv":[11.75,3.0,12.75,3.75],"rotation":0,"texture":"#0","tintindex":0},"north":{"uv":[11.75,2.25,12.75,3.0],"rotation":0,"texture":"#0","tintindex":0},"south":{"uv":[4.0,11.75,5.0,12.5],"rotation":0,"texture":"#0","tintindex":0},"up":{"uv":[10.5,6.5,9.5,5.5],"rotation":0,"texture":"#0","tintindex":0},"west":{"uv":[5.0,11.75,6.0,12.5],"rotation":0,"texture":"#0","tintindex":0}}}],"display":{"head":{"translation":[0.0,-6.4,0.0],"rotation":[0.0,0.0,0.0],"scale":[3.8095,3.8095,3.8095]}}}