{"textures":{"0":"modelengine:entity/sans","1":"modelengine:entity/texture"},"elements":[{"name":"cube","from":[7.4,6.2,6.8],"to":[9.2,8.0,9.2],"rotation":{"angle":0.0,"axis":"x","origin":[3.7999997,0.19999981,7.4]},"faces":{"down":{"uv":[0.75,10.75,0.0,11.75],"rotation":0,"texture":"#0","tintindex":0},"east":{"uv":[9.0,10.5,10.0,11.25],"rotation":0,"texture":"#0","tintindex":0},"north":{"uv":[12.25,0.0,13.0,0.75],"rotation":0,"texture":"#0","tintindex":0},"south":{"uv":[12.25,0.75,13.0,1.5],"rotation":0,"texture":"#0","tintindex":0},"up":{"uv":[10.75,11.5,10.0,10.5],"rotation":0,"texture":"#0","tintindex":0},"west":{"uv":[10.5,9.0,11.5,9.75],"rotation":0,"texture":"#0","tintindex":0}}},{"name":"cube","from":[7.4,5.6,7.4],"to":[8.6,6.2,8.6],"rotation":{"angle":0.0,"axis":"x","origin":[3.7999997,0.19999981,7.4]},"faces":{"down":{"uv":[1.0,12.75,0.5,13.25],"rotation":0,"texture":"#0","tintindex":0},"east":{"uv":[6.0,1.75,6.5,2.0],"rotation":0,"texture":"#0","tintindex":0},"north":{"uv":[1.5,4.25,2.0,4.5],"rotation":0,"texture":"#0","tintindex":0},"south":{"uv":[6.0,9.75,6.5,10.0],"rotation":0,"texture":"#0","tintindex":0},"up":{"uv":[0.5,13.25,0.0,12.75],"rotation":0,"texture":"#0","tintindex":0},"west":{"uv":[10.75,4.25,11.25,4.5],"rotation":0,"texture":"#0","tintindex":0}}}],"display":{"head":{"translation":[0.0,-6.4,0.0],"rotation":[0.0,0.0,0.0],"scale":[3.8095,3.8095,3.8095]}}}