{"textures":{"0":"modelengine:entity/sans","1":"modelengine:entity/texture"},"elements":[{"name":"cube","from":[6.8,3.7999997,5.0],"to":[9.2,5.6,7.4],"rotation":{"angle":0.0,"axis":"x","origin":[1.3999997,3.7999997,7.4]},"faces":{"down":{"uv":[5.0,9.75,4.0,10.75],"rotation":0,"texture":"#0","tintindex":0},"east":{"uv":[7.0,11.75,8.0,12.5],"rotation":0,"texture":"#0","tintindex":0},"north":{"uv":[6.0,11.75,7.0,12.5],"rotation":0,"texture":"#0","tintindex":0},"south":{"uv":[11.75,7.25,12.75,8.0],"rotation":0,"texture":"#0","tintindex":0},"up":{"uv":[1.0,10.75,0.0,9.75],"rotation":0,"texture":"#0","tintindex":0},"west":{"uv":[8.0,11.75,9.0,12.5],"rotation":0,"texture":"#0","tintindex":0}}},{"name":"cube","from":[6.8,3.7999997,7.4],"to":[9.2,4.3999996,9.8],"rotation":{"angle":0.0,"axis":"x","origin":[3.7999997,3.7999997,7.4]},"faces":{"down":{"uv":[10.75,6.5,9.75,7.5],"rotation":0,"texture":"#0","tintindex":0},"east":{"uv":[12.0,12.75,13.0,13.0],"rotation":0,"texture":"#0","tintindex":0},"north":{"uv":[12.75,7.75,13.75,8.0],"rotation":0,"texture":"#0","tintindex":0},"south":{"uv":[12.75,12.25,13.75,12.5],"rotation":0,"texture":"#0","tintindex":0},"up":{"uv":[6.0,10.75,5.0,9.75],"rotation":0,"texture":"#0","tintindex":0},"west":{"uv":[12.75,12.5,13.75,12.75],"rotation":0,"texture":"#0","tintindex":0}}},{"name":"cube","from":[7.4,4.3999996,7.4],"to":[8.6,5.0,8.6],"rotation":{"angle":0.0,"axis":"x","origin":[3.7999997,3.7999997,7.4]},"faces":{"down":{"uv":[13.5,0.5,13.0,1.0],"rotation":0,"texture":"#0","tintindex":0},"east":{"uv":[7.0,13.0,7.5,13.25],"rotation":0,"texture":"#0","tintindex":0},"north":{"uv":[6.5,13.0,7.0,13.25],"rotation":0,"texture":"#0","tintindex":0},"south":{"uv":[8.25,13.0,8.75,13.25],"rotation":0,"texture":"#0","tintindex":0},"up":{"uv":[13.5,0.5,13.0,0.0],"rotation":0,"texture":"#0","tintindex":0},"west":{"uv":[12.0,13.0,12.5,13.25],"rotation":0,"texture":"#0","tintindex":0}}},{"name":"cube","from":[7.4,5.0,7.4],"to":[8.6,6.2,8.6],"rotation":{"angle":0.0,"axis":"x","origin":[3.7999997,3.7999997,7.4]},"faces":{"down":{"uv":[3.5,13.0,3.0,13.5],"rotation":0,"texture":"#0","tintindex":0},"east":{"uv":[1.5,13.0,2.0,13.5],"rotation":0,"texture":"#0","tintindex":0},"north":{"uv":[13.0,1.0,13.5,1.5],"rotation":0,"texture":"#0","tintindex":0},"south":{"uv":[13.0,1.5,13.5,2.0],"rotation":0,"texture":"#0","tintindex":0},"up":{"uv":[3.0,13.5,2.5,13.0],"rotation":0,"texture":"#0","tintindex":0},"west":{"uv":[2.0,13.0,2.5,13.5],"rotation":0,"texture":"#0","tintindex":0}}},{"name":"cube","from":[6.8,6.2,6.8],"to":[9.2,8.0,9.2],"rotation":{"angle":0.0,"axis":"x","origin":[3.7999997,3.7999997,7.4]},"faces":{"down":{"uv":[2.0,10.0,1.0,11.0],"rotation":0,"texture":"#0","tintindex":0},"east":{"uv":[11.75,10.5,12.75,11.25],"rotation":0,"texture":"#0","tintindex":0},"north":{"uv":[11.75,9.75,12.75,10.5],"rotation":0,"texture":"#0","tintindex":0},"south":{"uv":[11.75,11.25,12.75,12.0],"rotation":0,"texture":"#0","tintindex":0},"up":{"uv":[10.75,8.5,9.75,7.5],"rotation":0,"texture":"#0","tintindex":0},"west":{"uv":[0.0,12.0,1.0,12.75],"rotation":0,"texture":"#0","tintindex":0}}}],"display":{"head":{"translation":[0.0,-6.4,0.0],"rotation":[0.0,0.0,0.0],"scale":[3.8095,3.8095,3.8095]}}}