{"textures":{"0":"modelengine:entity/sans","1":"modelengine:entity/texture"},"elements":[{"name":"cube","from":[5.0,8.0,6.2],"to":[7.4,11.0,9.8],"rotation":{"angle":0.0,"axis":"x","origin":[8.0,0.7999997,7.4]},"faces":{"down":{"uv":[6.5,7.25,5.5,8.75],"rotation":0,"texture":"#0","tintindex":0},"east":{"uv":[2.75,6.0,4.25,7.25],"rotation":0,"texture":"#0","tintindex":0},"north":{"uv":[1.25,7.75,2.25,9.0],"rotation":0,"texture":"#0","tintindex":0},"south":{"uv":[8.0,1.0,9.0,2.25],"rotation":0,"texture":"#0","tintindex":0},"up":{"uv":[5.5,8.75,4.5,7.25],"rotation":0,"texture":"#0","tintindex":0},"west":{"uv":[6.5,1.75,8.0,3.0],"rotation":0,"texture":"#0","tintindex":0}}},{"name":"cube","from":[8.6,8.0,6.2],"to":[11.0,11.0,9.8],"rotation":{"angle":0.0,"axis":"x","origin":[8.0,0.7999997,7.4]},"faces":{"down":{"uv":[8.5,7.5,7.5,9.0],"rotation":0,"texture":"#0","tintindex":0},"east":{"uv":[6.75,3.0,8.25,4.25],"rotation":0,"texture":"#0","tintindex":0},"north":{"uv":[2.25,8.25,3.25,9.5],"rotation":0,"texture":"#0","tintindex":0},"south":{"uv":[8.25,2.25,9.25,3.5],"rotation":0,"texture":"#0","tintindex":0},"up":{"uv":[7.5,9.0,6.5,7.5],"rotation":0,"texture":"#0","tintindex":0},"west":{"uv":[6.75,4.25,8.25,5.5],"rotation":0,"texture":"#0","tintindex":0}}},{"name":"cube","from":[7.4,8.0,6.8],"to":[8.6,11.0,9.8],"rotation":{"angle":0.0,"axis":"x","origin":[8.0,0.7999997,7.4]},"faces":{"down":{"uv":[9.5,12.0,9.0,13.25],"rotation":0,"texture":"#0","tintindex":0},"east":{"uv":[4.25,6.0,5.5,7.25],"rotation":0,"texture":"#0","tintindex":0},"north":{"uv":[1.5,11.0,2.0,12.25],"rotation":0,"texture":"#0","tintindex":0},"south":{"uv":[10.0,11.5,10.5,12.75],"rotation":0,"texture":"#0","tintindex":0},"up":{"uv":[1.5,13.25,1.0,12.0],"rotation":0,"texture":"#0","tintindex":0},"west":{"uv":[0.0,7.25,1.25,8.5],"rotation":0,"texture":"#0","tintindex":0}}},{"name":"cube","from":[3.7999997,11.0,5.6],"to":[7.4,11.6,10.4],"rotation":{"angle":0.0,"axis":"x","origin":[8.0,0.7999997,7.4]},"faces":{"down":{"uv":[1.5,3.5,0.0,5.5],"rotation":0,"texture":"#0","tintindex":0},"east":{"uv":[11.75,3.75,13.75,4.0],"rotation":0,"texture":"#0","tintindex":0},"north":{"uv":[3.75,12.5,5.25,12.75],"rotation":0,"texture":"#0","tintindex":0},"south":{"uv":[5.25,12.5,6.75,12.75],"rotation":0,"texture":"#0","tintindex":0},"up":{"uv":[3.5,4.5,2.0,2.5],"rotation":0,"texture":"#0","tintindex":0},"west":{"uv":[11.75,4.0,13.75,4.25],"rotation":0,"texture":"#0","tintindex":0}}},{"name":"cube","from":[8.6,11.0,5.6],"to":[12.2,11.6,10.4],"rotation":{"angle":0.0,"axis":"x","origin":[8.0,0.7999997,7.4]},"faces":{"down":{"uv":[6.0,0.0,4.5,2.0],"rotation":0,"texture":"#0","tintindex":0},"east":{"uv":[11.75,8.0,13.75,8.25],"rotation":0,"texture":"#0","tintindex":0},"north":{"uv":[12.5,6.5,14.0,6.75],"rotation":0,"texture":"#0","tintindex":0},"south":{"uv":[6.75,12.5,8.25,12.75],"rotation":0,"texture":"#0","tintindex":0},"up":{"uv":[5.0,4.5,3.5,2.5],"rotation":0,"texture":"#0","tintindex":0},"west":{"uv":[12.25,4.25,14.25,4.5],"rotation":0,"texture":"#0","tintindex":0}}},{"name":"cube","from":[5.0,11.0,9.2],"to":[11.0,14.0,10.4],"rotation":{"angle":0.0,"axis":"x","origin":[8.0,0.7999997,7.4]},"faces":{"down":{"uv":[10.75,4.0,8.25,4.5],"rotation":0,"texture":"#0","tintindex":0},"east":{"uv":[9.5,12.0,10.0,13.25],"rotation":0,"texture":"#0","tintindex":0},"north":{"uv":[2.0,0.0,4.5,1.25],"rotation":0,"texture":"#0","tintindex":0},"south":{"uv":[2.0,1.25,4.5,2.5],"rotation":0,"texture":"#0","tintindex":0},"up":{"uv":[10.75,4.0,8.25,3.5],"rotation":0,"texture":"#0","tintindex":0},"west":{"uv":[10.5,12.0,11.0,13.25],"rotation":0,"texture":"#0","tintindex":0}}},{"name":"cube","from":[4.3999996,11.6,6.8],"to":[6.8,12.2,9.8],"rotation":{"angle":0.0,"axis":"x","origin":[8.0,0.7999997,7.4]},"faces":{"down":{"uv":[1.0,8.5,0.0,9.75],"rotation":0,"texture":"#0","tintindex":0},"east":{"uv":[10.5,9.75,11.75,10.0],"rotation":0,"texture":"#0","tintindex":0},"north":{"uv":[10.25,0.75,11.25,1.0],"rotation":0,"texture":"#0","tintindex":0},"south":{"uv":[12.5,8.5,13.5,8.75],"rotation":0,"texture":"#0","tintindex":0},"up":{"uv":[4.25,9.5,3.25,8.25],"rotation":0,"texture":"#0","tintindex":0},"west":{"uv":[12.5,6.75,13.75,7.0],"rotation":0,"texture":"#0","tintindex":0}}},{"name":"cube","from":[9.2,11.6,6.8],"to":[11.6,12.2,9.8],"rotation":{"angle":0.0,"axis":"x","origin":[8.0,0.7999997,7.4]},"faces":{"down":{"uv":[9.5,5.75,8.5,7.0],"rotation":0,"texture":"#0","tintindex":0},"east":{"uv":[12.5,7.0,13.75,7.25],"rotation":0,"texture":"#0","tintindex":0},"north":{"uv":[12.5,8.75,13.5,9.0],"rotation":0,"texture":"#0","tintindex":0},"south":{"uv":[12.5,9.0,13.5,9.25],"rotation":0,"texture":"#0","tintindex":0},"up":{"uv":[9.5,5.75,8.5,4.5],"rotation":0,"texture":"#0","tintindex":0},"west":{"uv":[12.5,8.25,13.75,8.5],"rotation":0,"texture":"#0","tintindex":0}}},{"name":"cube","from":[4.3999996,11.6,6.2],"to":[5.6,12.8,10.4],"rotation":{"angle":0.0,"axis":"x","origin":[8.0,0.7999997,7.4]},"faces":{"down":{"uv":[8.25,10.0,7.75,11.75],"rotation":0,"texture":"#0","tintindex":0},"east":{"uv":[9.25,3.0,11.0,3.5],"rotation":0,"texture":"#0","tintindex":0},"north":{"uv":[4.5,2.0,5.0,2.5],"rotation":0,"texture":"#0","tintindex":0},"south":{"uv":[2.25,7.75,2.75,8.25],"rotation":0,"texture":"#0","tintindex":0},"up":{"uv":[7.75,11.75,7.25,10.0],"rotation":0,"texture":"#0","tintindex":0},"west":{"uv":[9.75,8.5,11.5,9.0],"rotation":0,"texture":"#0","tintindex":0}}},{"name":"cube","from":[10.4,11.6,6.2],"to":[11.6,12.8,10.4],"rotation":{"angle":0.0,"axis":"x","origin":[8.0,0.7999997,7.4]},"faces":{"down":{"uv":[3.0,10.5,2.5,12.25],"rotation":0,"texture":"#0","tintindex":0},"east":{"uv":[8.25,10.0,10.0,10.5],"rotation":0,"texture":"#0","tintindex":0},"north":{"uv":[10.25,2.5,10.75,3.0],"rotation":0,"texture":"#0","tintindex":0},"south":{"uv":[8.25,12.5,8.75,13.0],"rotation":0,"texture":"#0","tintindex":0},"up":{"uv":[2.5,12.25,2.0,10.5],"rotation":0,"texture":"#0","tintindex":0},"west":{"uv":[10.0,10.0,11.75,10.5],"rotation":0,"texture":"#0","tintindex":0}}},{"name":"cube","from":[6.8,11.0,6.8],"to":[9.2,12.2,9.2],"rotation":{"angle":0.0,"axis":"x","origin":[8.0,0.7999997,7.4]},"faces":{"down":{"uv":[2.0,9.0,1.0,10.0],"rotation":0,"texture":"#0","tintindex":0},"east":{"uv":[12.25,5.0,13.25,5.5],"rotation":0,"texture":"#0","tintindex":0},"north":{"uv":[12.25,4.5,13.25,5.0],"rotation":0,"texture":"#0","tintindex":0},"south":{"uv":[12.25,5.5,13.25,6.0],"rotation":0,"texture":"#0","tintindex":0},"up":{"uv":[6.5,9.75,5.5,8.75],"rotation":0,"texture":"#0","tintindex":0},"west":{"uv":[12.25,6.0,13.25,6.5],"rotation":0,"texture":"#0","tintindex":0}}}],"display":{"head":{"translation":[0.0,-6.4,0.0],"rotation":[0.0,0.0,0.0],"scale":[3.8095,3.8095,3.8095]}}}