{"textures":{"0":"modelengine:entity/airdragonfly"},"elements":[{"from":[5.75,0.0,3.75],"to":[6.75,5.0,4.75],"faces":{"east":{"uv":[7.75,10.75,8.0,12.0],"tintindex":0,"rotation":0,"texture":"#0"},"south":{"uv":[8.0,10.75,8.25,12.0],"tintindex":0,"rotation":0,"texture":"#0"},"north":{"uv":[7.5,10.75,7.75,12.0],"tintindex":0,"rotation":0,"texture":"#0"},"west":{"uv":[8.25,10.75,8.5,12.0],"tintindex":0,"rotation":0,"texture":"#0"},"up":{"uv":[5.5,8.75,5.25,8.5],"tintindex":0,"rotation":0,"texture":"#0"},"down":{"uv":[7.75,8.75,7.5,9.0],"tintindex":0,"rotation":0,"texture":"#0"}}},{"from":[9.25,0.0,5.0],"to":[10.25,5.0,6.0],"faces":{"east":{"uv":[5.0,11.0,5.25,12.25],"tintindex":0,"rotation":0,"texture":"#0"},"south":{"uv":[5.25,11.0,5.5,12.25],"tintindex":0,"rotation":0,"texture":"#0"},"north":{"uv":[4.75,11.0,5.0,12.25],"tintindex":0,"rotation":0,"texture":"#0"},"west":{"uv":[5.5,11.0,5.75,12.25],"tintindex":0,"rotation":0,"texture":"#0"},"up":{"uv":[8.0,9.5,7.75,9.25],"tintindex":0,"rotation":0,"texture":"#0"},"down":{"uv":[4.5,9.5,4.25,9.75],"tintindex":0,"rotation":0,"texture":"#0"}}},{"from":[5.75,0.0,5.0],"to":[6.75,5.0,6.0],"faces":{"east":{"uv":[9.5,10.75,9.75,12.0],"tintindex":0,"rotation":0,"texture":"#0"},"south":{"uv":[9.75,10.75,10.0,12.0],"tintindex":0,"rotation":0,"texture":"#0"},"north":{"uv":[9.25,10.75,9.5,12.0],"tintindex":0,"rotation":0,"texture":"#0"},"west":{"uv":[1.5,11.0,1.75,12.25],"tintindex":0,"rotation":0,"texture":"#0"},"up":{"uv":[8.0,9.0,7.75,8.75],"tintindex":0,"rotation":0,"texture":"#0"},"down":{"uv":[7.75,9.0,7.5,9.25],"tintindex":0,"rotation":0,"texture":"#0"}}},{"from":[6.5,5.0,12.0],"to":[9.5,8.0,32.0],"faces":{"east":{"uv":[0.0,6.0,5.0,6.75],"tintindex":0,"rotation":0,"texture":"#0"},"south":{"uv":[8.5,9.75,9.25,10.5],"tintindex":0,"rotation":0,"texture":"#0"},"north":{"uv":[4.5,8.0,5.25,8.75],"tintindex":0,"rotation":0,"texture":"#0"},"west":{"uv":[5.0,6.0,10.0,6.75],"tintindex":0,"rotation":0,"texture":"#0"},"up":{"uv":[0.75,11.75,0.0,6.75],"tintindex":0,"rotation":0,"texture":"#0"},"down":{"uv":[1.5,6.75,0.75,11.75],"tintindex":0,"rotation":0,"texture":"#0"}}},{"from":[6.5,10.0,4.0],"to":[9.5,11.0,10.0],"faces":{"east":{"uv":[10.5,8.0,12.0,8.25],"tintindex":0,"rotation":0,"texture":"#0"},"south":{"uv":[10.5,8.75,11.25,9.0],"tintindex":0,"rotation":0,"texture":"#0"},"north":{"uv":[10.5,8.5,11.25,8.75],"tintindex":0,"rotation":0,"texture":"#0"},"west":{"uv":[10.5,8.25,12.0,8.5],"tintindex":0,"rotation":0,"texture":"#0"},"up":{"uv":[10.0,10.75,9.25,9.25],"tintindex":0,"rotation":0,"texture":"#0"},"down":{"uv":[2.25,9.5,1.5,11.0],"tintindex":0,"rotation":0,"texture":"#0"}}},{"from":[5.75,0.0,6.25],"to":[6.75,5.0,7.25],"faces":{"east":{"uv":[2.0,11.0,2.25,12.25],"tintindex":0,"rotation":0,"texture":"#0"},"south":{"uv":[4.25,11.0,4.5,12.25],"tintindex":0,"rotation":0,"texture":"#0"},"north":{"uv":[1.75,11.0,2.0,12.25],"tintindex":0,"rotation":0,"texture":"#0"},"west":{"uv":[4.5,11.0,4.75,12.25],"tintindex":0,"rotation":0,"texture":"#0"},"up":{"uv":[8.0,9.25,7.75,9.0],"tintindex":0,"rotation":0,"texture":"#0"},"down":{"uv":[7.75,9.25,7.5,9.5],"tintindex":0,"rotation":0,"texture":"#0"}}},{"from":[9.25,0.0,6.25],"to":[10.25,5.0,7.25],"faces":{"east":{"uv":[6.0,11.0,6.25,12.25],"tintindex":0,"rotation":0,"texture":"#0"},"south":{"uv":[6.25,11.0,6.5,12.25],"tintindex":0,"rotation":0,"texture":"#0"},"north":{"uv":[5.75,11.0,6.0,12.25],"tintindex":0,"rotation":0,"texture":"#0"},"west":{"uv":[6.5,11.0,6.75,12.25],"tintindex":0,"rotation":0,"texture":"#0"},"up":{"uv":[7.75,9.75,7.5,9.5],"tintindex":0,"rotation":0,"texture":"#0"},"down":{"uv":[8.0,9.5,7.75,9.75],"tintindex":0,"rotation":0,"texture":"#0"}}},{"from":[5.5,5.0,4.0],"to":[10.5,10.0,12.0],"faces":{"east":{"uv":[1.5,6.75,3.5,8.0],"tintindex":0,"rotation":0,"texture":"#0"},"south":{"uv":[9.25,8.0,10.5,9.25],"tintindex":0,"rotation":0,"texture":"#0"},"north":{"uv":[9.25,6.75,10.5,8.0],"tintindex":0,"rotation":0,"texture":"#0"},"west":{"uv":[3.5,6.75,5.5,8.0],"tintindex":0,"rotation":0,"texture":"#0"},"up":{"uv":[6.75,8.75,5.5,6.75],"tintindex":0,"rotation":0,"texture":"#0"},"down":{"uv":[8.0,6.75,6.75,8.75],"tintindex":0,"rotation":0,"texture":"#0"}}},{"from":[9.25,0.0,3.75],"to":[10.25,5.0,4.75],"faces":{"east":{"uv":[8.5,10.5,8.75,11.75],"tintindex":0,"rotation":0,"texture":"#0"},"south":{"uv":[8.75,10.5,9.0,11.75],"tintindex":0,"rotation":0,"texture":"#0"},"north":{"uv":[7.25,10.0,7.5,11.25],"tintindex":0,"rotation":0,"texture":"#0"},"west":{"uv":[9.0,10.5,9.25,11.75],"tintindex":0,"rotation":0,"texture":"#0"},"up":{"uv":[5.5,8.25,5.25,8.0],"tintindex":0,"rotation":0,"texture":"#0"},"down":{"uv":[5.5,8.25,5.25,8.5],"tintindex":0,"rotation":0,"texture":"#0"}}}],"display":{"gui":{"rotation":[30,225,0]}}}