{"textures":{"0":"modelengine:entity/airdragonfly"},"elements":[{"from":[3.75,7.5,2.0],"to":[7.75,11.5,6.0],"faces":{"east":{"uv":[10.0,10.25,11.0,11.25],"tintindex":0,"rotation":0,"texture":"#0"},"south":{"uv":[2.25,10.5,3.25,11.5],"tintindex":0,"rotation":0,"texture":"#0"},"north":{"uv":[10.0,9.25,11.0,10.25],"tintindex":0,"rotation":0,"texture":"#0"},"west":{"uv":[3.25,10.5,4.25,11.5],"tintindex":0,"rotation":0,"texture":"#0"},"up":{"uv":[11.5,7.0,10.5,6.0],"tintindex":0,"rotation":0,"texture":"#0"},"down":{"uv":[11.5,7.0,10.5,8.0],"tintindex":0,"rotation":0,"texture":"#0"}}},{"from":[8.25,7.5,2.0],"to":[12.25,11.5,6.0],"faces":{"east":{"uv":[3.25,9.5,4.25,10.5],"tintindex":0,"rotation":0,"texture":"#0"},"south":{"uv":[7.5,9.75,8.5,10.75],"tintindex":0,"rotation":0,"texture":"#0"},"north":{"uv":[2.25,9.5,3.25,10.5],"tintindex":0,"rotation":0,"texture":"#0"},"west":{"uv":[4.25,10.0,5.25,11.0],"tintindex":0,"rotation":0,"texture":"#0"},"up":{"uv":[6.25,11.0,5.25,10.0],"tintindex":0,"rotation":0,"texture":"#0"},"down":{"uv":[7.25,10.0,6.25,11.0],"tintindex":0,"rotation":0,"texture":"#0"}}},{"from":[5.0,5.5,3.0],"to":[11.0,11.25,8.0],"faces":{"east":{"uv":[8.0,6.75,9.25,8.25],"tintindex":0,"rotation":0,"texture":"#0"},"south":{"uv":[3.0,8.0,4.5,9.5],"tintindex":0,"rotation":0,"texture":"#0"},"north":{"uv":[1.5,8.0,3.0,9.5],"tintindex":0,"rotation":0,"texture":"#0"},"west":{"uv":[8.0,8.25,9.25,9.75],"tintindex":0,"rotation":0,"texture":"#0"},"up":{"uv":[6.0,10.0,4.5,8.75],"tintindex":0,"rotation":0,"texture":"#0"},"down":{"uv":[7.5,8.75,6.0,10.0],"tintindex":0,"rotation":0,"texture":"#0"}}}],"display":{"gui":{"rotation":[30,225,0]}}}