{"textures":{"0":"modelengine:entity/crystal"},"elements":[{"name":"cube","from":[-3.4000006,7.4,-4.6000004],"to":[14.6,11.0,12.8],"rotation":{"angle":0.0,"axis":"x","origin":[8.0,8.0,8.0]},"faces":{"down":{"uv":[4.0,1.8125,2.125,3.625],"rotation":0,"texture":"#0","tintindex":0},"east":{"uv":[13.125,2.75,14.9375,3.125],"rotation":0,"texture":"#0","tintindex":0},"north":{"uv":[13.125,2.0,15.0,2.375],"rotation":0,"texture":"#0","tintindex":0},"south":{"uv":[13.125,2.375,15.0,2.75],"rotation":0,"texture":"#0","tintindex":0},"up":{"uv":[4.0,1.8125,2.125,0.0],"rotation":0,"texture":"#0","tintindex":0},"west":{"uv":[13.1875,11.5,15.0,11.875],"rotation":0,"texture":"#0","tintindex":0}}},{"name":"cube","from":[-4.6000004,5.6,-5.8],"to":[15.8,8.6,14.0],"rotation":{"angle":0.0,"axis":"x","origin":[8.0,8.0,8.0]},"faces":{"down":{"uv":[2.125,2.0625,0.0,4.125],"rotation":0,"texture":"#0","tintindex":0},"east":{"uv":[13.3125,4.25,15.375,4.5625],"rotation":0,"texture":"#0","tintindex":0},"north":{"uv":[13.1875,11.875,15.3125,12.1875],"rotation":0,"texture":"#0","tintindex":0},"south":{"uv":[13.1875,12.1875,15.3125,12.5],"rotation":0,"texture":"#0","tintindex":0},"up":{"uv":[2.125,2.0625,0.0,0.0],"rotation":0,"texture":"#0","tintindex":0},"west":{"uv":[13.3125,4.5625,15.375,4.875],"rotation":0,"texture":"#0","tintindex":0}}}],"display":{"head":{"translation":[0.0,-6.4,0.0],"rotation":[0.0,0.0,0.0],"scale":[3.8095,3.8095,3.8095]}}}