{"textures":{"0":"modelengine:entity/crystal"},"elements":[{"name":"cube","from":[1.5714283,-4.4285736,0.7142854],"to":[10.571428,11.8571415,9.714285],"rotation":{"angle":0.0,"axis":"x","origin":[7.1428566,-4.4285736,7.1428566]},"faces":{"down":{"uv":[1.3125,9.0,0.0,10.3125],"rotation":0,"texture":"#0","tintindex":0},"east":{"uv":[3.4375,3.625,4.75,6.0],"rotation":0,"texture":"#0","tintindex":0},"north":{"uv":[2.125,3.625,3.4375,6.0],"rotation":0,"texture":"#0","tintindex":0},"south":{"uv":[4.0,0.0,5.3125,2.375],"rotation":0,"texture":"#0","tintindex":0},"up":{"uv":[5.25,9.875,3.9375,8.5625],"rotation":0,"texture":"#0","tintindex":0},"west":{"uv":[0.0,4.125,1.3125,6.5],"rotation":0,"texture":"#0","tintindex":0}}},{"name":"cube","from":[8.428572,3.2857122,-1.8571434],"to":[12.714286,12.714283,7.5714283],"rotation":{"angle":0.0,"axis":"x","origin":[8.0,-4.4285736,8.0]},"faces":{"down":{"uv":[10.8125,12.5625,10.1875,13.9375],"rotation":0,"texture":"#0","tintindex":0},"east":{"uv":[7.8125,5.5625,9.1875,6.9375],"rotation":0,"texture":"#0","tintindex":0},"north":{"uv":[4.625,9.875,5.25,11.25],"rotation":0,"texture":"#0","tintindex":0},"south":{"uv":[12.5,7.5,13.125,8.875],"rotation":0,"texture":"#0","tintindex":0},"up":{"uv":[5.1875,13.9375,4.5625,12.5625],"rotation":0,"texture":"#0","tintindex":0},"west":{"uv":[8.4375,0.0,9.8125,1.375],"rotation":0,"texture":"#0","tintindex":0}}},{"name":"cube","from":[3.7142854,3.714283,-1.4285717],"to":[11.428572,12.285711,2.4285712],"rotation":{"angle":0.0,"axis":"x","origin":[8.0,-4.4285736,8.0]},"faces":{"down":{"uv":[14.4375,6.625,13.3125,7.1875],"rotation":0,"texture":"#0","tintindex":0},"east":{"uv":[12.75,6.0625,13.3125,7.3125],"rotation":0,"texture":"#0","tintindex":0},"north":{"uv":[0.0,10.3125,1.125,11.5625],"rotation":0,"texture":"#0","tintindex":0},"south":{"uv":[10.3125,4.0625,11.4375,5.3125],"rotation":0,"texture":"#0","tintindex":0},"up":{"uv":[14.4375,6.625,13.3125,6.0625],"rotation":0,"texture":"#0","tintindex":0},"west":{"uv":[12.8125,8.875,13.375,10.125],"rotation":0,"texture":"#0","tintindex":0}}},{"name":"cube","from":[4.5714283,0.28571224,-1.0000005],"to":[11.857142,10.571426,5.8571424],"rotation":{"angle":0.0,"axis":"x","origin":[11.428572,1.9999981,1.1428568]},"faces":{"down":{"uv":[12.9375,0.0,11.875,1.0],"rotation":0,"texture":"#0","tintindex":0},"east":{"uv":[5.25,9.75,6.25,11.25],"rotation":0,"texture":"#0","tintindex":0},"north":{"uv":[9.25,4.0625,10.3125,5.5625],"rotation":0,"texture":"#0","tintindex":0},"south":{"uv":[2.5625,9.5,3.625,11.0],"rotation":0,"texture":"#0","tintindex":0},"up":{"uv":[1.0625,7.5,0.0,6.5],"rotation":0,"texture":"#0","tintindex":0},"west":{"uv":[9.8125,0.0,10.8125,1.5],"rotation":0,"texture":"#0","tintindex":0}}},{"name":"cube","from":[4.5714283,5.42857,-0.5714288],"to":[11.857142,13.571426,5.428571],"rotation":{"angle":0.0,"axis":"x","origin":[8.0,-4.4285736,8.0]},"faces":{"down":{"uv":[2.625,12.4375,1.5625,13.3125],"rotation":0,"texture":"#0","tintindex":0},"east":{"uv":[12.25,1.0,13.125,2.1875],"rotation":0,"texture":"#0","tintindex":0},"north":{"uv":[10.75,7.0,11.8125,8.1875],"rotation":0,"texture":"#0","tintindex":0},"south":{"uv":[10.75,8.1875,11.8125,9.375],"rotation":0,"texture":"#0","tintindex":0},"up":{"uv":[13.4375,4.25,12.375,3.375],"rotation":0,"texture":"#0","tintindex":0},"west":{"uv":[12.25,2.1875,13.125,3.375],"rotation":0,"texture":"#0","tintindex":0}}},{"name":"cube","from":[6.7142854,6.285713,-1.0000005],"to":[12.285714,15.285711,3.2857141],"rotation":{"angle":0.0,"axis":"x","origin":[9.714285,7.5714264,2.4285712]},"faces":{"down":{"uv":[14.25,3.125,13.4375,3.75],"rotation":0,"texture":"#0","tintindex":0},"east":{"uv":[2.625,12.6875,3.25,14.0],"rotation":0,"texture":"#0","tintindex":0},"north":{"uv":[11.8125,10.5625,12.625,11.875],"rotation":0,"texture":"#0","tintindex":0},"south":{"uv":[11.8125,11.875,12.625,13.1875],"rotation":0,"texture":"#0","tintindex":0},"up":{"uv":[14.1875,5.5,13.375,4.875],"rotation":0,"texture":"#0","tintindex":0},"west":{"uv":[3.25,12.6875,3.875,14.0],"rotation":0,"texture":"#0","tintindex":0}}},{"name":"cube","from":[8.0,7.5714264,-1.0000005],"to":[11.857142,17.857141,2.4285712],"rotation":{"angle":0.0,"axis":"x","origin":[10.571428,7.999998,1.5714283]},"faces":{"down":{"uv":[9.25,11.375,8.6875,11.875],"rotation":0,"texture":"#0","tintindex":0},"east":{"uv":[5.8125,12.6875,6.3125,14.1875],"rotation":0,"texture":"#0","tintindex":0},"north":{"uv":[12.625,10.375,13.1875,11.875],"rotation":0,"texture":"#0","tintindex":0},"south":{"uv":[12.625,11.875,13.1875,13.375],"rotation":0,"texture":"#0","tintindex":0},"up":{"uv":[2.5,10.875,1.9375,10.375],"rotation":0,"texture":"#0","tintindex":0},"west":{"uv":[0.0,12.75,0.5,14.25],"rotation":0,"texture":"#0","tintindex":0}}},{"name":"cube","from":[-0.14285755,4.1428547,6.7142854],"to":[6.285714,13.142855,12.285714],"rotation":{"angle":0.0,"axis":"x","origin":[8.0,-4.4285736,8.0]},"faces":{"down":{"uv":[13.375,5.25,12.4375,6.0625],"rotation":0,"texture":"#0","tintindex":0},"east":{"uv":[12.0,9.0625,12.8125,10.375],"rotation":0,"texture":"#0","tintindex":0},"north":{"uv":[9.25,11.0,10.1875,12.3125],"rotation":0,"texture":"#0","tintindex":0},"south":{"uv":[4.625,11.25,5.5625,12.5625],"rotation":0,"texture":"#0","tintindex":0},"up":{"uv":[6.25,2.3125,5.3125,1.5],"rotation":0,"texture":"#0","tintindex":0},"west":{"uv":[10.875,12.0,11.6875,13.3125],"rotation":0,"texture":"#0","tintindex":0}}},{"name":"cube","from":[6.7142854,-4.4285736,6.7142854],"to":[8.428572,1.9999981,8.428572],"rotation":{"angle":0.0,"axis":"x","origin":[8.0,-4.4285736,8.0]},"faces":{"down":{"uv":[8.5,9.125,8.25,9.375],"rotation":0,"texture":"#0","tintindex":0},"east":{"uv":[1.0625,6.5,1.3125,7.4375],"rotation":0,"texture":"#0","tintindex":0},"north":{"uv":[4.4375,6.0,4.6875,6.9375],"rotation":0,"texture":"#0","tintindex":0},"south":{"uv":[9.25,9.9375,9.5,10.875],"rotation":0,"texture":"#0","tintindex":0},"up":{"uv":[2.8125,9.25,2.5625,9.0],"rotation":0,"texture":"#0","tintindex":0},"west":{"uv":[10.5,5.3125,10.75,6.25],"rotation":0,"texture":"#0","tintindex":0}}},{"name":"cube","from":[2.8571424,-2.7142887,8.428572],"to":[10.142857,10.999998,11.0],"rotation":{"angle":0.0,"axis":"x","origin":[7.5714283,1.1428547,10.571428]},"faces":{"down":{"uv":[14.5,3.75,13.4375,4.125],"rotation":0,"texture":"#0","tintindex":0},"east":{"uv":[0.5,12.75,0.875,14.75],"rotation":0,"texture":"#0","tintindex":0},"north":{"uv":[2.875,7.5,3.9375,9.5],"rotation":0,"texture":"#0","tintindex":0},"south":{"uv":[5.9375,7.75,7.0,9.75],"rotation":0,"texture":"#0","tintindex":0},"up":{"uv":[14.4375,5.875,13.375,5.5],"rotation":0,"texture":"#0","tintindex":0},"west":{"uv":[13.125,0.0,13.5,2.0],"rotation":0,"texture":"#0","tintindex":0}}},{"name":"cube","from":[0.7142854,-3.5714312,-0.14285755],"to":[4.142857,5.8571396,5.8571424],"rotation":{"angle":0.0,"axis":"z","origin":[1.9999998,-0.14285946,3.2857141]},"faces":{"down":{"uv":[5.75,8.5625,5.25,9.4375],"rotation":0,"texture":"#0","tintindex":0},"east":{"uv":[2.8125,11.3125,3.6875,12.6875],"rotation":0,"texture":"#0","tintindex":0},"north":{"uv":[13.125,7.3125,13.625,8.6875],"rotation":0,"texture":"#0","tintindex":0},"south":{"uv":[13.1875,10.125,13.6875,11.5],"rotation":0,"texture":"#0","tintindex":0},"up":{"uv":[4.4375,8.375,3.9375,7.5],"rotation":0,"texture":"#0","tintindex":0},"west":{"uv":[3.6875,11.3125,4.5625,12.6875],"rotation":0,"texture":"#0","tintindex":0}}},{"name":"cube","from":[8.428572,-4.000002,2.4285712],"to":[11.0,5.42857,11.0],"rotation":{"angle":0.0,"axis":"x","origin":[11.428572,-3.1428595,8.428572]},"faces":{"down":{"uv":[14.0625,10.0625,13.6875,11.3125],"rotation":0,"texture":"#0","tintindex":0},"east":{"uv":[1.3125,9.0,2.5625,10.375],"rotation":0,"texture":"#0","tintindex":0},"north":{"uv":[9.75,13.3125,10.125,14.6875],"rotation":0,"texture":"#0","tintindex":0},"south":{"uv":[10.8125,13.3125,11.1875,14.6875],"rotation":0,"texture":"#0","tintindex":0},"up":{"uv":[14.0,8.4375,13.625,7.1875],"rotation":0,"texture":"#0","tintindex":0},"west":{"uv":[7.0,9.125,8.25,10.5],"rotation":0,"texture":"#0","tintindex":0}}},{"name":"cube","from":[9.714285,10.571426,-1.8571434],"to":[12.285714,20.0,0.7142854],"rotation":{"angle":0.0,"axis":"x","origin":[11.857142,10.571426,0.28571415]},"faces":{"down":{"uv":[6.875,11.4375,6.5,11.8125],"rotation":0,"texture":"#0","tintindex":0},"east":{"uv":[13.375,8.6875,13.75,10.0625],"rotation":0,"texture":"#0","tintindex":0},"north":{"uv":[11.1875,13.3125,11.5625,14.6875],"rotation":0,"texture":"#0","tintindex":0},"south":{"uv":[12.625,13.375,13.0,14.75],"rotation":0,"texture":"#0","tintindex":0},"up":{"uv":[8.125,11.375,7.75,11.0],"rotation":0,"texture":"#0","tintindex":0},"west":{"uv":[13.5,0.0,13.875,1.375],"rotation":0,"texture":"#0","tintindex":0}}},{"name":"cube","from":[1.1428568,-4.4285736,0.28571415],"to":[11.428572,4.999998,10.142857],"rotation":{"angle":0.0,"axis":"x","origin":[8.0,-4.4285736,8.0]},"faces":{"down":{"uv":[5.9375,7.125,4.4375,8.5625],"rotation":0,"texture":"#0","tintindex":0},"east":{"uv":[7.8125,2.8125,9.25,4.1875],"rotation":0,"texture":"#0","tintindex":0},"north":{"uv":[7.0,7.75,8.5,9.125],"rotation":0,"texture":"#0","tintindex":0},"south":{"uv":[7.8125,1.4375,9.3125,2.8125],"rotation":0,"texture":"#0","tintindex":0},"up":{"uv":[8.4375,1.4375,6.9375,0.0],"rotation":0,"texture":"#0","tintindex":0},"west":{"uv":[7.8125,4.1875,9.25,5.5625],"rotation":0,"texture":"#0","tintindex":0}}},{"name":"cube","from":[0.28571415,-4.4285736,5.428571],"to":[5.428571,7.1428547,9.714285],"rotation":{"angle":0.0,"axis":"y","origin":[3.7142854,-4.000002,9.285714]},"faces":{"down":{"uv":[14.4375,12.5,13.6875,13.125],"rotation":0,"texture":"#0","tintindex":0},"east":{"uv":[0.9375,12.0625,1.5625,13.75],"rotation":0,"texture":"#0","tintindex":0},"north":{"uv":[6.25,9.75,7.0,11.4375],"rotation":0,"texture":"#0","tintindex":0},"south":{"uv":[7.0,10.5,7.75,12.1875],"rotation":0,"texture":"#0","tintindex":0},"up":{"uv":[14.25,2.0,13.5,1.375],"rotation":0,"texture":"#0","tintindex":0},"west":{"uv":[6.5,12.1875,7.125,13.875],"rotation":0,"texture":"#0","tintindex":0}}},{"name":"cube","from":[2.8571424,4.1428547,1.1428568],"to":[9.285714,12.714283,10.142857],"rotation":{"angle":0.0,"axis":"x","origin":[8.0,-4.4285736,8.0]},"faces":{"down":{"uv":[12.25,2.5,11.3125,3.8125],"rotation":0,"texture":"#0","tintindex":0},"east":{"uv":[9.1875,5.5625,10.5,6.8125],"rotation":0,"texture":"#0","tintindex":0},"north":{"uv":[7.75,11.375,8.6875,12.625],"rotation":0,"texture":"#0","tintindex":0},"south":{"uv":[11.4375,3.8125,12.375,5.0625],"rotation":0,"texture":"#0","tintindex":0},"up":{"uv":[12.25,2.5,11.3125,1.1875],"rotation":0,"texture":"#0","tintindex":0},"west":{"uv":[9.25,2.8125,10.5625,4.0625],"rotation":0,"texture":"#0","tintindex":0}}},{"name":"cube","from":[1.9999998,6.285713,1.5714283],"to":[8.428572,14.42857,10.142857],"rotation":{"angle":0.0,"axis":"x","origin":[8.0,-4.4285736,8.0]},"faces":{"down":{"uv":[12.4375,5.0625,11.5,6.3125],"rotation":0,"texture":"#0","tintindex":0},"east":{"uv":[9.3125,1.5,10.5625,2.6875],"rotation":0,"texture":"#0","tintindex":0},"north":{"uv":[0.0,11.5625,0.9375,12.75],"rotation":0,"texture":"#0","tintindex":0},"south":{"uv":[11.8125,6.3125,12.75,7.5],"rotation":0,"texture":"#0","tintindex":0},"up":{"uv":[6.5,12.6875,5.5625,11.4375],"rotation":0,"texture":"#0","tintindex":0},"west":{"uv":[9.6875,9.8125,10.9375,11.0],"rotation":0,"texture":"#0","tintindex":0}}},{"name":"cube","from":[0.7142854,6.285713,2.4285712],"to":[8.0,16.571426,10.571428],"rotation":{"angle":0.0,"axis":"x","origin":[8.0,-4.4285736,8.0]},"faces":{"down":{"uv":[12.0,9.375,10.9375,10.5625],"rotation":0,"texture":"#0","tintindex":0},"east":{"uv":[8.5,6.9375,9.6875,8.4375],"rotation":0,"texture":"#0","tintindex":0},"north":{"uv":[9.6875,6.8125,10.75,8.3125],"rotation":0,"texture":"#0","tintindex":0},"south":{"uv":[9.6875,8.3125,10.75,9.8125],"rotation":0,"texture":"#0","tintindex":0},"up":{"uv":[11.875,1.1875,10.8125,0.0],"rotation":0,"texture":"#0","tintindex":0},"west":{"uv":[8.5,8.4375,9.6875,9.9375],"rotation":0,"texture":"#0","tintindex":0}}},{"name":"cube","from":[0.7142854,1.9999981,-0.5714288],"to":[11.428572,12.285711,10.571428],"rotation":{"angle":0.0,"axis":"x","origin":[8.0,-4.4285736,8.0]},"faces":{"down":{"uv":[6.3125,4.0,4.75,5.625],"rotation":0,"texture":"#0","tintindex":0},"east":{"uv":[5.3125,0.0,6.9375,1.5],"rotation":0,"texture":"#0","tintindex":0},"north":{"uv":[1.3125,6.0,2.875,7.5],"rotation":0,"texture":"#0","tintindex":0},"south":{"uv":[2.875,6.0,4.4375,7.5],"rotation":0,"texture":"#0","tintindex":0},"up":{"uv":[6.3125,4.0,4.75,2.375],"rotation":0,"texture":"#0","tintindex":0},"west":{"uv":[4.75,5.625,6.375,7.125],"rotation":0,"texture":"#0","tintindex":0}}},{"name":"cube","from":[0.28571415,10.142855,4.142857],"to":[6.285714,20.0,11.0],"rotation":{"angle":0.0,"axis":"x","origin":[8.0,-4.4285736,8.0]},"faces":{"down":{"uv":[13.3125,4.25,12.4375,5.25],"rotation":0,"texture":"#0","tintindex":0},"east":{"uv":[3.625,9.875,4.625,11.3125],"rotation":0,"texture":"#0","tintindex":0},"north":{"uv":[10.9375,10.5625,11.8125,12.0],"rotation":0,"texture":"#0","tintindex":0},"south":{"uv":[1.9375,11.0,2.8125,12.4375],"rotation":0,"texture":"#0","tintindex":0},"up":{"uv":[10.1875,13.3125,9.3125,12.3125],"rotation":0,"texture":"#0","tintindex":0},"west":{"uv":[8.25,9.9375,9.25,11.375],"rotation":0,"texture":"#0","tintindex":0}}},{"name":"cube","from":[1.9999998,12.714283,4.9999995],"to":[7.1428566,24.285713,10.571428],"rotation":{"angle":0.0,"axis":"x","origin":[4.5714283,11.8571415,6.285714]},"faces":{"down":{"uv":[2.3125,13.3125,1.5625,14.125],"rotation":0,"texture":"#0","tintindex":0},"east":{"uv":[1.3125,4.125,2.125,5.8125],"rotation":0,"texture":"#0","tintindex":0},"north":{"uv":[10.5625,1.5,11.3125,3.1875],"rotation":0,"texture":"#0","tintindex":0},"south":{"uv":[10.75,5.3125,11.5,7.0],"rotation":0,"texture":"#0","tintindex":0},"up":{"uv":[11.3125,4.0,10.5625,3.1875],"rotation":0,"texture":"#0","tintindex":0},"west":{"uv":[1.125,10.375,1.9375,12.0625],"rotation":0,"texture":"#0","tintindex":0}}},{"name":"cube","from":[1.5714283,12.714283,4.142857],"to":[5.8571424,21.285713,8.857142],"rotation":{"angle":0.0,"axis":"x","origin":[6.285714,12.714283,6.7142854]},"faces":{"down":{"uv":[14.3125,13.125,13.6875,13.8125],"rotation":0,"texture":"#0","tintindex":0},"east":{"uv":[4.0,2.375,4.6875,3.625],"rotation":0,"texture":"#0","tintindex":0},"north":{"uv":[3.875,12.6875,4.5,13.9375],"rotation":0,"texture":"#0","tintindex":0},"south":{"uv":[5.1875,12.6875,5.8125,13.9375],"rotation":0,"texture":"#0","tintindex":0},"up":{"uv":[8.4375,7.625,7.8125,6.9375],"rotation":0,"texture":"#0","tintindex":0},"west":{"uv":[7.75,12.625,8.4375,13.875],"rotation":0,"texture":"#0","tintindex":0}}},{"name":"cube","from":[1.9999998,17.42857,4.5714283],"to":[6.285714,28.142853,9.285714],"rotation":{"angle":0.0,"axis":"x","origin":[1.9999998,17.42857,10.142857]},"faces":{"down":{"uv":[7.75,13.75,7.125,14.4375],"rotation":0,"texture":"#0","tintindex":0},"east":{"uv":[10.1875,11.0,10.875,12.5625],"rotation":0,"texture":"#0","tintindex":0},"north":{"uv":[7.125,12.1875,7.75,13.75],"rotation":0,"texture":"#0","tintindex":0},"south":{"uv":[8.6875,12.3125,9.3125,13.875],"rotation":0,"texture":"#0","tintindex":0},"up":{"uv":[1.5,14.4375,0.875,13.75],"rotation":0,"texture":"#0","tintindex":0},"west":{"uv":[11.8125,7.5,12.5,9.0625],"rotation":0,"texture":"#0","tintindex":0}}},{"name":"cube","from":[1.1428568,-0.14285946,-0.14285755],"to":[11.0,10.571426,10.142857],"rotation":{"angle":0.0,"axis":"x","origin":[8.0,-4.4285736,8.0]},"faces":{"down":{"uv":[2.875,7.5,1.4375,9.0],"rotation":0,"texture":"#0","tintindex":0},"east":{"uv":[6.3125,1.5,7.8125,3.0625],"rotation":0,"texture":"#0","tintindex":0},"north":{"uv":[6.375,4.625,7.8125,6.1875],"rotation":0,"texture":"#0","tintindex":0},"south":{"uv":[6.375,6.1875,7.8125,7.75],"rotation":0,"texture":"#0","tintindex":0},"up":{"uv":[1.4375,9.0,0.0,7.5],"rotation":0,"texture":"#0","tintindex":0},"west":{"uv":[6.3125,3.0625,7.8125,4.625],"rotation":0,"texture":"#0","tintindex":0}}},{"name":"cube","from":[3.2857141,23.0,3.7142854],"to":[6.285714,32.0,7.1428566],"rotation":{"angle":0.0,"axis":"x","origin":[8.0,-4.4285736,8.0]},"faces":{"down":{"uv":[8.1875,10.5,7.75,11.0],"rotation":0,"texture":"#0","tintindex":0},"east":{"uv":[11.6875,13.1875,12.1875,14.5],"rotation":0,"texture":"#0","tintindex":0},"north":{"uv":[12.1875,13.1875,12.625,14.5],"rotation":0,"texture":"#0","tintindex":0},"south":{"uv":[9.3125,13.3125,9.75,14.625],"rotation":0,"texture":"#0","tintindex":0},"up":{"uv":[6.375,7.625,5.9375,7.125],"rotation":0,"texture":"#0","tintindex":0},"west":{"uv":[13.1875,12.5,13.6875,13.8125],"rotation":0,"texture":"#0","tintindex":0}}}],"display":{"head":{"translation":[0.0,40.000008,0.0],"rotation":[0.0,0.0,0.0],"scale":[3.7333333,3.7333333,3.7333333]}}}