{"textures":{"0":"modelengine:entity/texture"},"elements":[{"name":"cube","from":[4.7,7.7,6.6499996],"to":[11.3,14.3,9.65],"rotation":{"angle":0.0,"axis":"x","origin":[7.7,2.8999999,7.85]},"faces":{"down":{"uv":[6.75,1.25,4.0,2.5],"rotation":0,"texture":"#0","tintindex":0},"east":{"uv":[2.75,0.0,4.0,2.75],"rotation":0,"texture":"#0","tintindex":0},"north":{"uv":[0.0,0.0,2.75,2.75],"rotation":0,"texture":"#0","tintindex":0},"south":{"uv":[0.0,2.75,2.75,5.5],"rotation":0,"texture":"#0","tintindex":0},"up":{"uv":[6.75,1.25,4.0,0.0],"rotation":0,"texture":"#0","tintindex":0},"west":{"uv":[2.75,2.75,4.0,5.5],"rotation":0,"texture":"#0","tintindex":0}}},{"name":"cube","from":[5.3,8.3,9.65],"to":[10.700001,11.3,10.85],"rotation":{"angle":0.0,"axis":"x","origin":[7.7,2.8999999,7.85]},"faces":{"down":{"uv":[10.25,0.5,8.0,1.0],"rotation":0,"texture":"#0","tintindex":0},"east":{"uv":[3.0,7.75,3.5,9.0],"rotation":0,"texture":"#0","tintindex":0},"north":{"uv":[4.0,2.5,6.25,3.75],"rotation":0,"texture":"#0","tintindex":0},"south":{"uv":[4.0,3.75,6.25,5.0],"rotation":0,"texture":"#0","tintindex":0},"up":{"uv":[10.25,0.5,8.0,0.0],"rotation":0,"texture":"#0","tintindex":0},"west":{"uv":[8.0,1.0,8.5,2.25],"rotation":0,"texture":"#0","tintindex":0}}}],"display":{"head":{"translation":[0.0,-6.4,0.0],"rotation":[0.0,0.0,0.0],"scale":[3.8095,3.8095,3.8095]}}}