{"textures":{"0":"modelengine:entity/texture"},"elements":[{"name":"cube","from":[6.5,7.7,6.5],"to":[9.5,10.700001,9.5],"rotation":{"angle":0.0,"axis":"x","origin":[8.0,7.4,8.0]},"faces":{"down":{"uv":[8.0,1.25,6.75,2.5],"rotation":0,"texture":"#0","tintindex":0},"east":{"uv":[6.25,3.75,7.5,5.0],"rotation":0,"texture":"#0","tintindex":0},"north":{"uv":[6.25,2.5,7.5,3.75],"rotation":0,"texture":"#0","tintindex":0},"south":{"uv":[6.25,5.0,7.5,6.25],"rotation":0,"texture":"#0","tintindex":0},"up":{"uv":[8.0,1.25,6.75,0.0],"rotation":0,"texture":"#0","tintindex":0},"west":{"uv":[6.25,6.25,7.5,7.5],"rotation":0,"texture":"#0","tintindex":0}}}],"display":{"head":{"translation":[0.0,-6.4,0.0],"rotation":[0.0,0.0,0.0],"scale":[3.8095,3.8095,3.8095]}}}