{"textures":{"0":"modelengine:entity/texture"},"elements":[{"name":"cube","from":[6.2,3.1999998,6.8],"to":[8.0,8.6,8.6],"rotation":{"angle":0.0,"axis":"x","origin":[2.6,-2.8000002,7.4]},"faces":{"down":{"uv":[9.0,7.5,8.25,8.25],"rotation":0,"texture":"#0","tintindex":0},"east":{"uv":[2.25,5.5,3.0,7.75],"rotation":0,"texture":"#0","tintindex":0},"north":{"uv":[1.5,5.5,2.25,7.75],"rotation":0,"texture":"#0","tintindex":0},"south":{"uv":[3.0,5.5,3.75,7.75],"rotation":0,"texture":"#0","tintindex":0},"up":{"uv":[9.0,7.5,8.25,6.75],"rotation":0,"texture":"#0","tintindex":0},"west":{"uv":[5.5,5.0,6.25,7.25],"rotation":0,"texture":"#0","tintindex":0}}}],"display":{"head":{"translation":[0.0,-6.4,0.0],"rotation":[0.0,0.0,0.0],"scale":[3.8095,3.8095,3.8095]}}}