{"textures":{"0":"modelengine:entity/texture"},"elements":[{"name":"cube","from":[6.8,3.1999998,7.4],"to":[8.6,8.0,9.2],"rotation":{"angle":0.0,"axis":"x","origin":[5.6,3.1999998,8.0]},"faces":{"down":{"uv":[9.0,4.5,8.25,5.25],"rotation":0,"texture":"#0","tintindex":0},"east":{"uv":[6.0,7.5,6.75,9.5],"rotation":0,"texture":"#0","tintindex":0},"north":{"uv":[7.5,4.5,8.25,6.5],"rotation":0,"texture":"#0","tintindex":0},"south":{"uv":[7.5,6.5,8.25,8.5],"rotation":0,"texture":"#0","tintindex":0},"up":{"uv":[9.0,4.5,8.25,3.75],"rotation":0,"texture":"#0","tintindex":0},"west":{"uv":[6.75,7.5,7.5,9.5],"rotation":0,"texture":"#0","tintindex":0}}},{"name":"cube","from":[6.8059998,3.1999998,7.4],"to":[8.594,3.7999997,11.0],"rotation":{"angle":0.0,"axis":"x","origin":[5.6,3.1999998,8.0]},"faces":{"down":{"uv":[3.0,7.75,2.25,9.25],"rotation":0,"texture":"#0","tintindex":0},"east":{"uv":[8.5,1.25,10.0,1.5],"rotation":0,"texture":"#0","tintindex":0},"north":{"uv":[7.5,8.5,8.25,8.75],"rotation":0,"texture":"#0","tintindex":0},"south":{"uv":[8.25,8.5,9.0,8.75],"rotation":0,"texture":"#0","tintindex":0},"up":{"uv":[2.25,9.25,1.5,7.75],"rotation":0,"texture":"#0","tintindex":0},"west":{"uv":[8.5,1.5,10.0,1.75],"rotation":0,"texture":"#0","tintindex":0}}}],"display":{"head":{"translation":[0.0,-6.4,0.0],"rotation":[0.0,0.0,0.0],"scale":[3.8095,3.8095,3.8095]}}}