{"textures":{"0":"modelengine:entity/texture"},"elements":[{"name":"cube","from":[8.0,3.1999998,6.8],"to":[9.8,8.6,8.6],"rotation":{"angle":0.0,"axis":"x","origin":[8.0,-2.2000003,7.4]},"faces":{"down":{"uv":[9.0,6.0,8.25,6.75],"rotation":0,"texture":"#0","tintindex":0},"east":{"uv":[4.75,5.0,5.5,7.25],"rotation":0,"texture":"#0","tintindex":0},"north":{"uv":[4.0,5.0,4.75,7.25],"rotation":0,"texture":"#0","tintindex":0},"south":{"uv":[0.0,5.5,0.75,7.75],"rotation":0,"texture":"#0","tintindex":0},"up":{"uv":[9.0,6.0,8.25,5.25],"rotation":0,"texture":"#0","tintindex":0},"west":{"uv":[0.75,5.5,1.5,7.75],"rotation":0,"texture":"#0","tintindex":0}}}],"display":{"head":{"translation":[0.0,-6.4,0.0],"rotation":[0.0,0.0,0.0],"scale":[3.8095,3.8095,3.8095]}}}