{"textures":{"0":"modelengine:entity/texture"},"elements":[{"name":"cube","from":[7.4,3.1999998,7.4],"to":[9.2,8.0,9.2],"rotation":{"angle":0.0,"axis":"x","origin":[6.2,3.1999998,8.0]},"faces":{"down":{"uv":[9.0,3.0,8.25,3.75],"rotation":0,"texture":"#0","tintindex":0},"east":{"uv":[4.5,7.25,5.25,9.25],"rotation":0,"texture":"#0","tintindex":0},"north":{"uv":[3.75,7.25,4.5,9.25],"rotation":0,"texture":"#0","tintindex":0},"south":{"uv":[5.25,7.25,6.0,9.25],"rotation":0,"texture":"#0","tintindex":0},"up":{"uv":[9.0,3.0,8.25,2.25],"rotation":0,"texture":"#0","tintindex":0},"west":{"uv":[7.5,2.5,8.25,4.5],"rotation":0,"texture":"#0","tintindex":0}}},{"name":"cube","from":[7.406,3.1999998,7.4],"to":[9.194,3.7999997,11.0],"rotation":{"angle":0.0,"axis":"x","origin":[6.2,3.1999998,8.0]},"faces":{"down":{"uv":[1.5,7.75,0.75,9.25],"rotation":0,"texture":"#0","tintindex":0},"east":{"uv":[8.25,8.25,9.75,8.5],"rotation":0,"texture":"#0","tintindex":0},"north":{"uv":[8.5,1.75,9.25,2.0],"rotation":0,"texture":"#0","tintindex":0},"south":{"uv":[8.5,2.0,9.25,2.25],"rotation":0,"texture":"#0","tintindex":0},"up":{"uv":[0.75,9.25,0.0,7.75],"rotation":0,"texture":"#0","tintindex":0},"west":{"uv":[8.5,1.0,10.0,1.25],"rotation":0,"texture":"#0","tintindex":0}}}],"display":{"head":{"translation":[0.0,-6.4,0.0],"rotation":[0.0,0.0,0.0],"scale":[3.8095,3.8095,3.8095]}}}