{"textures":{"1":"modelengine:entity/azereth"},"elements":[{"from":[4.0,7.0,6.0],"to":[12.0,27.0,10.0],"faces":{"east":{"uv":[2.25,4.5,2.75,7.0],"tintindex":0,"rotation":0,"texture":"#1"},"south":{"uv":[3.0,2.5,4.0,5.0],"tintindex":0,"rotation":0,"texture":"#1"},"north":{"uv":[3.0,0.0,4.0,2.5],"tintindex":0,"rotation":0,"texture":"#1"},"west":{"uv":[2.75,5.0,3.25,7.5],"tintindex":0,"rotation":0,"texture":"#1"},"up":{"uv":[9.125,8.5,8.125,8.0],"tintindex":0,"rotation":0,"texture":"#1"},"down":{"uv":[9.375,4.625,8.375,5.125],"tintindex":0,"rotation":0,"texture":"#1"}}},{"from":[9.0,22.25,5.0],"to":[14.0,27.5,11.0],"faces":{"east":{"uv":[6.5,9.125,7.25,9.75],"tintindex":0,"rotation":0,"texture":"#1"},"south":{"uv":[6.5,9.75,7.125,10.375],"tintindex":0,"rotation":0,"texture":"#1"},"north":{"uv":[9.75,5.25,10.375,5.875],"tintindex":0,"rotation":0,"texture":"#1"},"west":{"uv":[7.25,9.125,8.0,9.75],"tintindex":0,"rotation":0,"texture":"#1"},"up":{"uv":[8.625,9.875,8.0,9.125],"tintindex":0,"rotation":0,"texture":"#1"},"down":{"uv":[9.25,9.125,8.625,9.875],"tintindex":0,"rotation":0,"texture":"#1"}}},{"from":[7.0,22.25,10.0],"to":[9.0,27.5,11.0],"faces":{"east":{"uv":[10.25,11.125,10.375,11.75],"tintindex":0,"rotation":0,"texture":"#1"},"south":{"uv":[5.125,11.0,5.375,11.625],"tintindex":0,"rotation":0,"texture":"#1"},"north":{"uv":[5.875,8.0,6.125,8.625],"tintindex":0,"rotation":0,"texture":"#1"},"west":{"uv":[10.375,11.125,10.5,11.75],"tintindex":0,"rotation":0,"texture":"#1"},"up":{"uv":[9.875,9.125,9.625,9.0],"tintindex":0,"rotation":0,"texture":"#1"},"down":{"uv":[8.0,9.75,7.75,9.875],"tintindex":0,"rotation":0,"texture":"#1"}}},{"from":[2.0,22.25,5.0],"to":[7.0,27.5,11.0],"faces":{"east":{"uv":[9.125,0.875,9.875,1.5],"tintindex":0,"rotation":0,"texture":"#1"},"south":{"uv":[9.75,4.625,10.375,5.25],"tintindex":0,"rotation":0,"texture":"#1"},"north":{"uv":[3.625,9.75,4.25,10.375],"tintindex":0,"rotation":0,"texture":"#1"},"west":{"uv":[3.5,9.125,4.25,9.75],"tintindex":0,"rotation":0,"texture":"#1"},"up":{"uv":[4.875,9.875,4.25,9.125],"tintindex":0,"rotation":0,"texture":"#1"},"down":{"uv":[6.5,9.125,5.875,9.875],"tintindex":0,"rotation":0,"texture":"#1"}}},{"from":[7.0,22.25,5.5],"to":[9.0,26.5,6.0],"faces":{"east":{"uv":[3.875,5.0,4.0,5.5],"tintindex":0,"rotation":0,"texture":"#1"},"south":{"uv":[3.0,7.5,3.25,8.0],"tintindex":0,"rotation":0,"texture":"#1"},"north":{"uv":[2.75,4.5,3.0,5.0],"tintindex":0,"rotation":0,"texture":"#1"},"west":{"uv":[8.5,2.75,8.625,3.25],"tintindex":0,"rotation":0,"texture":"#1"},"up":{"uv":[3.75,9.125,3.5,9.0],"tintindex":0,"rotation":0,"texture":"#1"},"down":{"uv":[1.375,9.25,1.125,9.375],"tintindex":0,"rotation":0,"texture":"#1"}}},{"from":[3.5,10.5,10.0],"to":[12.5,21.25,10.75],"faces":{"east":{"uv":[2.75,10.625,2.875,12.0],"tintindex":0,"rotation":0,"texture":"#1"},"south":{"uv":[4.0,4.125,5.125,5.5],"tintindex":0,"rotation":0,"texture":"#1"},"north":{"uv":[4.0,2.75,5.125,4.125],"tintindex":0,"rotation":0,"texture":"#1"},"west":{"uv":[5.0,11.0,5.125,12.375],"tintindex":0,"rotation":0,"texture":"#1"},"up":{"uv":[12.25,1.875,11.125,1.75],"tintindex":0,"rotation":0,"texture":"#1"},"down":{"uv":[12.25,2.625,11.125,2.75],"tintindex":0,"rotation":0,"texture":"#1"}}},{"from":[3.75,10.5,5.0],"to":[12.25,21.25,10.0],"faces":{"east":{"uv":[0.5,5.625,1.125,7.0],"tintindex":0,"rotation":0,"texture":"#1"},"south":{"uv":[4.0,1.375,5.125,2.75],"tintindex":0,"rotation":0,"texture":"#1"},"north":{"uv":[4.0,0.0,5.125,1.375],"tintindex":0,"rotation":0,"texture":"#1"},"west":{"uv":[1.125,5.625,1.75,7.0],"tintindex":0,"rotation":0,"texture":"#1"},"up":{"uv":[4.375,6.875,3.25,6.25],"tintindex":0,"rotation":0,"texture":"#1"},"down":{"uv":[5.5,6.25,4.375,6.875],"tintindex":0,"rotation":0,"texture":"#1"}}},{"from":[7.0,23.0,5.0],"to":[9.0,25.0,6.0],"faces":{"east":{"uv":[11.375,6.875,11.5,7.125],"tintindex":0,"rotation":0,"texture":"#1"},"south":{"uv":[9.375,4.875,9.625,5.125],"tintindex":0,"rotation":0,"texture":"#1"},"north":{"uv":[9.375,4.625,9.625,4.875],"tintindex":0,"rotation":0,"texture":"#1"},"west":{"uv":[11.375,7.125,11.5,7.375],"tintindex":0,"rotation":0,"texture":"#1"},"up":{"uv":[5.125,8.0,4.875,7.875],"tintindex":0,"rotation":0,"texture":"#1"},"down":{"uv":[1.75,8.0,1.5,8.125],"tintindex":0,"rotation":0,"texture":"#1"}}},{"from":[3.25,21.25,5.5],"to":[12.75,22.25,10.75],"faces":{"east":{"uv":[11.125,3.75,11.75,3.875],"tintindex":0,"rotation":0,"texture":"#1"},"south":{"uv":[11.125,1.375,12.375,1.5],"tintindex":0,"rotation":0,"texture":"#1"},"north":{"uv":[10.75,8.375,12.0,8.5],"tintindex":0,"rotation":0,"texture":"#1"},"west":{"uv":[11.125,3.875,11.75,4.0],"tintindex":0,"rotation":0,"texture":"#1"},"up":{"uv":[7.375,5.375,6.125,4.75],"tintindex":0,"rotation":0,"texture":"#1"},"down":{"uv":[7.375,5.375,6.125,6.0],"tintindex":0,"rotation":0,"texture":"#1"}}},{"from":[3.75,7.75,5.5],"to":[12.25,10.5,10.5],"faces":{"east":{"uv":[7.5,3.25,8.125,3.625],"tintindex":0,"rotation":0,"texture":"#1"},"south":{"uv":[9.0,6.375,10.125,6.75],"tintindex":0,"rotation":0,"texture":"#1"},"north":{"uv":[8.625,4.125,9.75,4.5],"tintindex":0,"rotation":0,"texture":"#1"},"west":{"uv":[10.5,1.125,11.125,1.5],"tintindex":0,"rotation":0,"texture":"#1"},"up":{"uv":[6.625,6.875,5.5,6.25],"tintindex":0,"rotation":0,"texture":"#1"},"down":{"uv":[7.75,6.25,6.625,6.875],"tintindex":0,"rotation":0,"texture":"#1"}}}],"display":{"gui":{"rotation":[30,225,0]}}}