{"textures":{"1":"modelengine:entity/azereth"},"elements":[{"from":[5.0,7.875,8.0],"to":[11.0,8.125,26.0],"faces":{"east":{"uv":[8.125,4.5,12.625,4.625],"tintindex":0,"rotation":0,"texture":"#1"},"south":{"uv":[10.625,2.25,12.125,2.375],"tintindex":0,"rotation":0,"texture":"#1"},"north":{"uv":[9.75,4.375,11.25,4.5],"tintindex":0,"rotation":0,"texture":"#1"},"west":{"uv":[8.125,7.875,12.625,8.0],"tintindex":0,"rotation":0,"texture":"#1"},"up":{"uv":[1.5,4.5,0.0,0.0],"tintindex":0,"rotation":0,"texture":"#1"},"down":{"uv":[3.0,0.0,1.5,4.5],"tintindex":0,"rotation":0,"texture":"#1"}}}],"display":{"gui":{"rotation":[30,225,0]}}}