{"textures":{"1":"modelengine:entity/azereth"},"elements":[{"from":[7.75,6.5,6.0],"to":[8.25,9.5,11.0],"faces":{"east":{"uv":[10.875,5.0,11.5,5.375],"tintindex":0,"rotation":0,"texture":"#1"},"south":{"uv":[6.625,11.25,6.75,11.625],"tintindex":0,"rotation":0,"texture":"#1"},"north":{"uv":[11.25,6.5,11.375,6.875],"tintindex":0,"rotation":0,"texture":"#1"},"west":{"uv":[5.375,10.875,6.0,11.25],"tintindex":0,"rotation":0,"texture":"#1"},"up":{"uv":[4.875,11.875,4.75,11.25],"tintindex":0,"rotation":0,"texture":"#1"},"down":{"uv":[5.0,11.25,4.875,11.875],"tintindex":0,"rotation":0,"texture":"#1"}}}],"display":{"gui":{"rotation":[30,225,0]}}}