{"textures":{"1":"modelengine:entity/azereth"},"elements":[{"from":[7.75,6.5,6.0],"to":[8.25,9.5,11.0],"faces":{"east":{"uv":[1.375,10.875,2.0,11.25],"tintindex":0,"rotation":0,"texture":"#1"},"south":{"uv":[6.25,11.25,6.375,11.625],"tintindex":0,"rotation":0,"texture":"#1"},"north":{"uv":[11.25,6.125,11.375,6.5],"tintindex":0,"rotation":0,"texture":"#1"},"west":{"uv":[3.625,10.875,4.25,11.25],"tintindex":0,"rotation":0,"texture":"#1"},"up":{"uv":[4.375,11.875,4.25,11.25],"tintindex":0,"rotation":0,"texture":"#1"},"down":{"uv":[4.5,11.25,4.375,11.875],"tintindex":0,"rotation":0,"texture":"#1"}}}],"display":{"gui":{"rotation":[30,225,0]}}}