{
	"credit": "Made with Blockbench",
	"texture_size": [64, 64],
	"textures": {
		"0": "item/bananana",
		"particle": "item/bananana"
	},
	"elements": [
		{
			"from": [2, 0, 2],
			"to": [3, 2, 4],
			"rotation": {"angle": 0, "axis": "y", "origin": [2, 0, 3]},
			"faces": {
				"north": {"uv": [7.75, 3, 8, 3.5], "texture": "#0"},
				"east": {"uv": [7.25, 3, 7.75, 3.5], "texture": "#0"},
				"south": {"uv": [9.25, 2.5, 9.5, 3], "texture": "#0"},
				"west": {"uv": [8.75, 2.5, 9.25, 3], "texture": "#0"},
				"up": {"uv": [12.25, 4.25, 12, 3.75], "texture": "#0"},
				"down": {"uv": [13, 5.75, 12.75, 6.25], "texture": "#0"}
			}
		},
		{
			"from": [3, -0.25, 1.5],
			"to": [5.5, 2.25, 4.5],
			"rotation": {"angle": 0, "axis": "y", "origin": [2, 0, 3]},
			"faces": {
				"north": {"uv": [11.75, 12.25, 12.5, 13], "texture": "#0"},
				"east": {"uv": [0, 12.5, 0.75, 13.25], "texture": "#0"},
				"south": {"uv": [12.5, 2, 13.25, 2.75], "texture": "#0"},
				"west": {"uv": [6.5, 12.5, 7.25, 13.25], "texture": "#0"},
				"up": {"uv": [8, 13.25, 7.25, 12.5], "texture": "#0"},
				"down": {"uv": [13.25, 7.75, 12.5, 8.5], "texture": "#0"}
			}
		},
		{
			"from": [4.25, 3, 1],
			"to": [10, 6, 5],
			"rotation": {"angle": 45, "axis": "z", "origin": [9, 3, 9]},
			"faces": {
				"north": {"uv": [9.5, 3.75, 11, 4.5], "texture": "#0"},
				"east": {"uv": [11, 6.25, 12, 7], "texture": "#0"},
				"south": {"uv": [9.5, 6, 11, 6.75], "texture": "#0"},
				"west": {"uv": [11, 7, 12, 7.75], "texture": "#0"},
				"up": {"uv": [5.5, 8, 4, 7], "texture": "#0"},
				"down": {"uv": [8.5, 5.25, 7, 6.25], "texture": "#0"}
			}
		},
		{
			"from": [7.75, 3.5, 0.5],
			"to": [11.75, 10.5, 5.5],
			"rotation": {"angle": -22.5, "axis": "z", "origin": [11, 8, 9]},
			"faces": {
				"north": {"uv": [5, 3.5, 6, 5.25], "texture": "#0"},
				"east": {"uv": [0, 0, 1.25, 1.75], "texture": "#0"},
				"south": {"uv": [0, 5.25, 1, 7], "texture": "#0"},
				"west": {"uv": [1.25, 0, 2.5, 1.75], "texture": "#0"},
				"up": {"uv": [9.5, 7.25, 8.5, 6], "texture": "#0"},
				"down": {"uv": [9.5, 7.25, 8.5, 8.5], "texture": "#0"}
			}
		},
		{
			"from": [9.37944, 9.88052, 1],
			"to": [12.37944, 13.88052, 5],
			"rotation": {"angle": 0, "axis": "y", "origin": [10.50444, 12.75552, 9]},
			"faces": {
				"north": {"uv": [11, 7.75, 11.75, 8.75], "texture": "#0"},
				"east": {"uv": [3, 10, 4, 11], "texture": "#0"},
				"south": {"uv": [11, 8.75, 11.75, 9.75], "texture": "#0"},
				"west": {"uv": [4, 10.25, 5, 11.25], "texture": "#0"},
				"up": {"uv": [11.75, 10.75, 11, 9.75], "texture": "#0"},
				"down": {"uv": [11.75, 10.75, 11, 11.75], "texture": "#0"}
			}
		},
		{
			"from": [9.25, 15.89645, 2],
			"to": [11.25, 16.89645, 4],
			"rotation": {"angle": 22.5, "axis": "z", "origin": [10.75, 15.39645, 9]},
			"faces": {
				"north": {"uv": [8, 5, 8.5, 5.25], "texture": "#0"},
				"east": {"uv": [9.75, 2.25, 10.25, 2.5], "texture": "#0"},
				"south": {"uv": [10, 5.75, 10.5, 6], "texture": "#0"},
				"west": {"uv": [10.5, 5.75, 11, 6], "texture": "#0"},
				"up": {"uv": [8.5, 9.75, 8, 9.25], "texture": "#0"},
				"down": {"uv": [10, 4.5, 9.5, 5], "texture": "#0"}
			}
		},
		{
			"from": [9, 13.14645, 1.5],
			"to": [11.5, 15.89645, 4.5],
			"rotation": {"angle": 22.5, "axis": "z", "origin": [10.75, 15.39645, 9]},
			"faces": {
				"north": {"uv": [8, 12.5, 8.75, 13.25], "texture": "#0"},
				"east": {"uv": [10, 12.5, 10.75, 13.25], "texture": "#0"},
				"south": {"uv": [12.5, 10.25, 13.25, 11], "texture": "#0"},
				"west": {"uv": [12.5, 11, 13.25, 11.75], "texture": "#0"},
				"up": {"uv": [13.25, 12.5, 12.5, 11.75], "texture": "#0"},
				"down": {"uv": [13.25, 12.5, 12.5, 13.25], "texture": "#0"}
			}
		},
		{
			"from": [1.75, 0.25, 6],
			"to": [2.75, 2.25, 8],
			"rotation": {"angle": 0, "axis": "y", "origin": [1.75, 0.25, 1]},
			"faces": {
				"north": {"uv": [13, 1.5, 13.25, 2], "texture": "#0"},
				"east": {"uv": [10.5, 3.25, 11, 3.75], "texture": "#0"},
				"south": {"uv": [13, 7.25, 13.25, 7.75], "texture": "#0"},
				"west": {"uv": [11.75, 5.25, 12.25, 5.75], "texture": "#0"},
				"up": {"uv": [13.5, 8.5, 13.25, 8], "texture": "#0"},
				"down": {"uv": [14, 6.75, 13.75, 7.25], "texture": "#0"}
			}
		},
		{
			"from": [2.75, 0, 5.5],
			"to": [5.25, 2.5, 8.5],
			"rotation": {"angle": 0, "axis": "y", "origin": [1.75, 0.25, 1]},
			"faces": {
				"north": {"uv": [0.75, 12.75, 1.5, 13.5], "texture": "#0"},
				"east": {"uv": [1.5, 12.75, 2.25, 13.5], "texture": "#0"},
				"south": {"uv": [12.75, 8.5, 13.5, 9.25], "texture": "#0"},
				"west": {"uv": [12.75, 9.25, 13.5, 10], "texture": "#0"},
				"up": {"uv": [11.5, 13.5, 10.75, 12.75], "texture": "#0"},
				"down": {"uv": [13.75, 0, 13, 0.75], "texture": "#0"}
			}
		},
		{
			"from": [4, 3.25, 5],
			"to": [9.75, 6.25, 9],
			"rotation": {"angle": 45, "axis": "z", "origin": [8.75, 3.25, 7]},
			"faces": {
				"north": {"uv": [9.5, 6.75, 11, 7.5], "texture": "#0"},
				"east": {"uv": [11.25, 0, 12.25, 0.75], "texture": "#0"},
				"south": {"uv": [9.5, 7.5, 11, 8.25], "texture": "#0"},
				"west": {"uv": [11.25, 0.75, 12.25, 1.5], "texture": "#0"},
				"up": {"uv": [7, 8, 5.5, 7], "texture": "#0"},
				"down": {"uv": [8.5, 6.25, 7, 7.25], "texture": "#0"}
			}
		},
		{
			"from": [7.5, 3.75, 4.5],
			"to": [11.5, 10.75, 9.5],
			"rotation": {"angle": -22.5, "axis": "z", "origin": [10.75, 8.25, 7]},
			"faces": {
				"north": {"uv": [1, 5.25, 2, 7], "texture": "#0"},
				"east": {"uv": [0, 1.75, 1.25, 3.5], "texture": "#0"},
				"south": {"uv": [2, 5.25, 3, 7], "texture": "#0"},
				"west": {"uv": [1.25, 1.75, 2.5, 3.5], "texture": "#0"},
				"up": {"uv": [9.5, 9.75, 8.5, 8.5], "texture": "#0"},
				"down": {"uv": [1, 8.75, 0, 10], "texture": "#0"}
			}
		},
		{
			"from": [9.12944, 10.13052, 5],
			"to": [12.12944, 14.13052, 9],
			"rotation": {"angle": 0, "axis": "y", "origin": [10.25444, 13.00552, 7]},
			"faces": {
				"north": {"uv": [4, 11.25, 4.75, 12.25], "texture": "#0"},
				"east": {"uv": [5, 10.25, 6, 11.25], "texture": "#0"},
				"south": {"uv": [4.75, 11.25, 5.5, 12.25], "texture": "#0"},
				"west": {"uv": [6, 10.25, 7, 11.25], "texture": "#0"},
				"up": {"uv": [6.25, 12.25, 5.5, 11.25], "texture": "#0"},
				"down": {"uv": [7, 11.25, 6.25, 12.25], "texture": "#0"}
			}
		},
		{
			"from": [9, 16.14645, 6],
			"to": [11, 17.14645, 8],
			"rotation": {"angle": 22.5, "axis": "z", "origin": [10.5, 15.64645, 7]},
			"faces": {
				"north": {"uv": [11, 4.25, 11.5, 4.5], "texture": "#0"},
				"east": {"uv": [11.5, 3, 12, 3.25], "texture": "#0"},
				"south": {"uv": [2.5, 11.75, 3, 12], "texture": "#0"},
				"west": {"uv": [6.5, 12.25, 7, 12.5], "texture": "#0"},
				"up": {"uv": [9.25, 13, 8.75, 12.5], "texture": "#0"},
				"down": {"uv": [13.75, 2.25, 13.25, 2.75], "texture": "#0"}
			}
		},
		{
			"from": [8.75, 13.39645, 5.5],
			"to": [11.25, 16.14645, 8.5],
			"rotation": {"angle": 22.5, "axis": "z", "origin": [10.5, 15.64645, 7]},
			"faces": {
				"north": {"uv": [13, 0.75, 13.75, 1.5], "texture": "#0"},
				"east": {"uv": [2.25, 13, 3, 13.75], "texture": "#0"},
				"south": {"uv": [13, 2.75, 13.75, 3.5], "texture": "#0"},
				"west": {"uv": [3, 13, 3.75, 13.75], "texture": "#0"},
				"up": {"uv": [13.75, 4.25, 13, 3.5], "texture": "#0"},
				"down": {"uv": [4.5, 13, 3.75, 13.75], "texture": "#0"}
			}
		},
		{
			"from": [-1, -0.5, 4],
			"to": [0, 1.5, 6],
			"rotation": {"angle": 0, "axis": "y", "origin": [-1, -0.5, -1]},
			"faces": {
				"north": {"uv": [14.5, 6.25, 14.75, 6.75], "texture": "#0"},
				"east": {"uv": [13.5, 9.5, 14, 10], "texture": "#0"},
				"south": {"uv": [14.75, 7, 15, 7.5], "texture": "#0"},
				"west": {"uv": [14.25, 8, 14.75, 8.5], "texture": "#0"},
				"up": {"uv": [7.75, 15.25, 7.5, 14.75], "texture": "#0"},
				"down": {"uv": [8, 14.75, 7.75, 15.25], "texture": "#0"}
			}
		},
		{
			"from": [0, -0.75, 3.5],
			"to": [2.5, 1.75, 6.5],
			"rotation": {"angle": 0, "axis": "y", "origin": [-1, -0.5, -1]},
			"faces": {
				"north": {"uv": [13, 4.25, 13.75, 5], "texture": "#0"},
				"east": {"uv": [13, 5, 13.75, 5.75], "texture": "#0"},
				"south": {"uv": [13, 5.75, 13.75, 6.5], "texture": "#0"},
				"west": {"uv": [13, 6.5, 13.75, 7.25], "texture": "#0"},
				"up": {"uv": [12.25, 13.75, 11.5, 13], "texture": "#0"},
				"down": {"uv": [0.75, 13.25, 0, 14], "texture": "#0"}
			}
		},
		{
			"from": [1.25, 2.5, 3],
			"to": [7, 5.5, 7],
			"rotation": {"angle": 45, "axis": "z", "origin": [6, 2.5, 5]},
			"faces": {
				"north": {"uv": [9.5, 8.25, 11, 9], "texture": "#0"},
				"east": {"uv": [11.25, 1.5, 12.25, 2.25], "texture": "#0"},
				"south": {"uv": [9.5, 9, 11, 9.75], "texture": "#0"},
				"west": {"uv": [11.5, 2.25, 12.5, 3], "texture": "#0"},
				"up": {"uv": [8.75, 1, 7.25, 0], "texture": "#0"},
				"down": {"uv": [8.75, 1, 7.25, 2], "texture": "#0"}
			}
		},
		{
			"from": [4.75, 3, 2.5],
			"to": [8.75, 10, 7.5],
			"rotation": {"angle": -22.5, "axis": "z", "origin": [8, 7.5, 5]},
			"faces": {
				"north": {"uv": [3, 5.25, 4, 7], "texture": "#0"},
				"east": {"uv": [2.5, 0, 3.75, 1.75], "texture": "#0"},
				"south": {"uv": [4, 5.25, 5, 7], "texture": "#0"},
				"west": {"uv": [2.5, 1.75, 3.75, 3.5], "texture": "#0"},
				"up": {"uv": [9.75, 1.25, 8.75, 0], "texture": "#0"},
				"down": {"uv": [2, 8.75, 1, 10], "texture": "#0"}
			}
		},
		{
			"from": [6.37944, 9.38052, 3],
			"to": [9.37944, 13.38052, 7],
			"rotation": {"angle": 0, "axis": "y", "origin": [7.50444, 12.25552, 5]},
			"faces": {
				"north": {"uv": [11.5, 4.25, 12.25, 5.25], "texture": "#0"},
				"east": {"uv": [10.5, 2.25, 11.5, 3.25], "texture": "#0"},
				"south": {"uv": [7, 11.5, 7.75, 12.5], "texture": "#0"},
				"west": {"uv": [7, 10.5, 8, 11.5], "texture": "#0"},
				"up": {"uv": [8.5, 12.5, 7.75, 11.5], "texture": "#0"},
				"down": {"uv": [9.25, 11.5, 8.5, 12.5], "texture": "#0"}
			}
		},
		{
			"from": [6.25, 15.39645, 4],
			"to": [8.25, 16.39645, 6],
			"rotation": {"angle": 22.5, "axis": "z", "origin": [7.75, 14.89645, 5]},
			"faces": {
				"north": {"uv": [12.5, 2.75, 13, 3], "texture": "#0"},
				"east": {"uv": [12.75, 10, 13.25, 10.25], "texture": "#0"},
				"south": {"uv": [4.5, 13, 5, 13.25], "texture": "#0"},
				"west": {"uv": [8.75, 13, 9.25, 13.25], "texture": "#0"},
				"up": {"uv": [14.75, 9, 14.25, 8.5], "texture": "#0"},
				"down": {"uv": [14.75, 9, 14.25, 9.5], "texture": "#0"}
			}
		},
		{
			"from": [6, 12.64645, 3.5],
			"to": [8.5, 15.39645, 6.5],
			"rotation": {"angle": 22.5, "axis": "z", "origin": [7.75, 14.89645, 5]},
			"faces": {
				"north": {"uv": [13.25, 1.5, 14, 2.25], "texture": "#0"},
				"east": {"uv": [4.5, 13.25, 5.25, 14], "texture": "#0"},
				"south": {"uv": [5.25, 13.25, 6, 14], "texture": "#0"},
				"west": {"uv": [6, 13.25, 6.75, 14], "texture": "#0"},
				"up": {"uv": [7.5, 14, 6.75, 13.25], "texture": "#0"},
				"down": {"uv": [14, 7.25, 13.25, 8], "texture": "#0"}
			}
		},
		{
			"from": [2, 0, 10],
			"to": [3, 2, 12],
			"rotation": {"angle": 0, "axis": "y", "origin": [2, 0, 5]},
			"faces": {
				"north": {"uv": [8, 14.75, 8.25, 15.25], "texture": "#0"},
				"east": {"uv": [10.5, 14.25, 11, 14.75], "texture": "#0"},
				"south": {"uv": [14.75, 8, 15, 8.5], "texture": "#0"},
				"west": {"uv": [14.5, 0, 15, 0.5], "texture": "#0"},
				"up": {"uv": [8.5, 15.25, 8.25, 14.75], "texture": "#0"},
				"down": {"uv": [8.75, 14.75, 8.5, 15.25], "texture": "#0"}
			}
		},
		{
			"from": [3, -0.25, 9.5],
			"to": [5.5, 2.25, 12.5],
			"rotation": {"angle": 0, "axis": "y", "origin": [2, 0, 5]},
			"faces": {
				"north": {"uv": [7.5, 13.25, 8.25, 14], "texture": "#0"},
				"east": {"uv": [8.25, 13.25, 9, 14], "texture": "#0"},
				"south": {"uv": [9, 13.25, 9.75, 14], "texture": "#0"},
				"west": {"uv": [9.75, 13.25, 10.5, 14], "texture": "#0"},
				"up": {"uv": [14, 10.75, 13.25, 10], "texture": "#0"},
				"down": {"uv": [14, 10.75, 13.25, 11.5], "texture": "#0"}
			}
		},
		{
			"from": [4.25, 3, 9],
			"to": [10, 6, 13],
			"rotation": {"angle": 45, "axis": "z", "origin": [9, 3, 11]},
			"faces": {
				"north": {"uv": [9.75, 0, 11.25, 0.75], "texture": "#0"},
				"east": {"uv": [9.25, 11.5, 10.25, 12.25], "texture": "#0"},
				"south": {"uv": [9.75, 0.75, 11.25, 1.5], "texture": "#0"},
				"west": {"uv": [0, 11.75, 1, 12.5], "texture": "#0"},
				"up": {"uv": [8.75, 3, 7.25, 2], "texture": "#0"},
				"down": {"uv": [8.5, 7.25, 7, 8.25], "texture": "#0"}
			}
		},
		{
			"from": [7.75, 3.5, 8.5],
			"to": [11.75, 10.5, 13.5],
			"rotation": {"angle": -22.5, "axis": "z", "origin": [11, 8, 11]},
			"faces": {
				"north": {"uv": [5, 5.25, 6, 7], "texture": "#0"},
				"east": {"uv": [0, 3.5, 1.25, 5.25], "texture": "#0"},
				"south": {"uv": [6, 3.5, 7, 5.25], "texture": "#0"},
				"west": {"uv": [1.25, 3.5, 2.5, 5.25], "texture": "#0"},
				"up": {"uv": [9.75, 2.5, 8.75, 1.25], "texture": "#0"},
				"down": {"uv": [3, 8.75, 2, 10], "texture": "#0"}
			}
		},
		{
			"from": [9.37944, 9.88052, 9],
			"to": [12.37944, 13.88052, 13],
			"rotation": {"angle": 0, "axis": "y", "origin": [10.50444, 12.75552, 11]},
			"faces": {
				"north": {"uv": [10.25, 11.5, 11, 12.5], "texture": "#0"},
				"east": {"uv": [8, 10.5, 9, 11.5], "texture": "#0"},
				"south": {"uv": [1, 11.75, 1.75, 12.75], "texture": "#0"},
				"west": {"uv": [9, 10.5, 10, 11.5], "texture": "#0"},
				"up": {"uv": [2.5, 12.75, 1.75, 11.75], "texture": "#0"},
				"down": {"uv": [12.5, 7.75, 11.75, 8.75], "texture": "#0"}
			}
		},
		{
			"from": [9.25, 15.89645, 10],
			"to": [11.25, 16.89645, 12],
			"rotation": {"angle": 22.5, "axis": "z", "origin": [10.75, 15.39645, 11]},
			"faces": {
				"north": {"uv": [13.25, 13, 13.75, 13.25], "texture": "#0"},
				"east": {"uv": [14.75, 8.5, 15.25, 8.75], "texture": "#0"},
				"south": {"uv": [8.75, 14.75, 9.25, 15], "texture": "#0"},
				"west": {"uv": [14.75, 8.75, 15.25, 9], "texture": "#0"},
				"up": {"uv": [15, 1, 14.5, 0.5], "texture": "#0"},
				"down": {"uv": [15, 1, 14.5, 1.5], "texture": "#0"}
			}
		},
		{
			"from": [9, 13.14645, 9.5],
			"to": [11.5, 15.89645, 12.5],
			"rotation": {"angle": 22.5, "axis": "z", "origin": [10.75, 15.39645, 11]},
			"faces": {
				"north": {"uv": [13.25, 11.5, 14, 12.25], "texture": "#0"},
				"east": {"uv": [12.25, 13.25, 13, 14], "texture": "#0"},
				"south": {"uv": [13.25, 12.25, 14, 13], "texture": "#0"},
				"west": {"uv": [13, 13.25, 13.75, 14], "texture": "#0"},
				"up": {"uv": [1.5, 14.25, 0.75, 13.5], "texture": "#0"},
				"down": {"uv": [2.25, 13.5, 1.5, 14.25], "texture": "#0"}
			}
		},
		{
			"from": [-0.75, -0.5, 8],
			"to": [0.25, 1.5, 10],
			"rotation": {"angle": 0, "axis": "y", "origin": [-0.75, -0.5, 3]},
			"faces": {
				"north": {"uv": [14.75, 9, 15, 9.5], "texture": "#0"},
				"east": {"uv": [2.25, 14.5, 2.75, 15], "texture": "#0"},
				"south": {"uv": [9.25, 14.75, 9.5, 15.25], "texture": "#0"},
				"west": {"uv": [14.5, 2.25, 15, 2.75], "texture": "#0"},
				"up": {"uv": [9.75, 15.25, 9.5, 14.75], "texture": "#0"},
				"down": {"uv": [15, 9.5, 14.75, 10], "texture": "#0"}
			}
		},
		{
			"from": [0.25, -0.75, 7.5],
			"to": [2.75, 1.75, 10.5],
			"rotation": {"angle": 0, "axis": "y", "origin": [-0.75, -0.5, 3]},
			"faces": {
				"north": {"uv": [13.5, 8, 14.25, 8.75], "texture": "#0"},
				"east": {"uv": [13.5, 8.75, 14.25, 9.5], "texture": "#0"},
				"south": {"uv": [10.5, 13.5, 11.25, 14.25], "texture": "#0"},
				"west": {"uv": [13.75, 0, 14.5, 0.75], "texture": "#0"},
				"up": {"uv": [14.5, 1.5, 13.75, 0.75], "texture": "#0"},
				"down": {"uv": [3, 13.75, 2.25, 14.5], "texture": "#0"}
			}
		},
		{
			"from": [1.5, 2.5, 7],
			"to": [7.25, 5.5, 11],
			"rotation": {"angle": 45, "axis": "z", "origin": [6.25, 2.5, 9]},
			"faces": {
				"north": {"uv": [9.75, 1.5, 11.25, 2.25], "texture": "#0"},
				"east": {"uv": [11.75, 8.75, 12.75, 9.5], "texture": "#0"},
				"south": {"uv": [8, 9.75, 9.5, 10.5], "texture": "#0"},
				"west": {"uv": [11.75, 9.5, 12.75, 10.25], "texture": "#0"},
				"up": {"uv": [9.5, 4, 8, 3], "texture": "#0"},
				"down": {"uv": [5.5, 8, 4, 9], "texture": "#0"}
			}
		},
		{
			"from": [5, 3, 6.5],
			"to": [9, 10, 11.5],
			"rotation": {"angle": -22.5, "axis": "z", "origin": [8.25, 7.5, 9]},
			"faces": {
				"north": {"uv": [6, 5.25, 7, 7], "texture": "#0"},
				"east": {"uv": [2.5, 3.5, 3.75, 5.25], "texture": "#0"},
				"south": {"uv": [6.25, 0, 7.25, 1.75], "texture": "#0"},
				"west": {"uv": [3.75, 0, 5, 1.75], "texture": "#0"},
				"up": {"uv": [4, 10, 3, 8.75], "texture": "#0"},
				"down": {"uv": [5, 9, 4, 10.25], "texture": "#0"}
			}
		},
		{
			"from": [6.62944, 9.38052, 7],
			"to": [9.62944, 13.38052, 11],
			"rotation": {"angle": 0, "axis": "y", "origin": [7.75444, 12.25552, 9]},
			"faces": {
				"north": {"uv": [11.75, 10.25, 12.5, 11.25], "texture": "#0"},
				"east": {"uv": [10, 10.5, 11, 11.5], "texture": "#0"},
				"south": {"uv": [11, 11.75, 11.75, 12.75], "texture": "#0"},
				"west": {"uv": [0, 10.75, 1, 11.75], "texture": "#0"},
				"up": {"uv": [12.5, 12.25, 11.75, 11.25], "texture": "#0"},
				"down": {"uv": [3.25, 12, 2.5, 13], "texture": "#0"}
			}
		},
		{
			"from": [6.5, 15.39645, 8],
			"to": [8.5, 16.39645, 10],
			"rotation": {"angle": 22.5, "axis": "z", "origin": [8, 14.89645, 9]},
			"faces": {
				"north": {"uv": [9.75, 14.75, 10.25, 15], "texture": "#0"},
				"east": {"uv": [14.75, 10, 15.25, 10.25], "texture": "#0"},
				"south": {"uv": [10.25, 14.75, 10.75, 15], "texture": "#0"},
				"west": {"uv": [14.75, 10.25, 15.25, 10.5], "texture": "#0"},
				"up": {"uv": [3.25, 15, 2.75, 14.5], "texture": "#0"},
				"down": {"uv": [15, 2.75, 14.5, 3.25], "texture": "#0"}
			}
		},
		{
			"from": [6.25, 12.64645, 7.5],
			"to": [8.75, 15.39645, 10.5],
			"rotation": {"angle": 22.5, "axis": "z", "origin": [8, 14.89645, 9]},
			"faces": {
				"north": {"uv": [13.75, 2.25, 14.5, 3], "texture": "#0"},
				"east": {"uv": [3, 13.75, 3.75, 14.5], "texture": "#0"},
				"south": {"uv": [13.75, 3, 14.5, 3.75], "texture": "#0"},
				"west": {"uv": [3.75, 13.75, 4.5, 14.5], "texture": "#0"},
				"up": {"uv": [14.5, 4.5, 13.75, 3.75], "texture": "#0"},
				"down": {"uv": [14.5, 4.5, 13.75, 5.25], "texture": "#0"}
			}
		},
		{
			"from": [4, -0.5, 8],
			"to": [5, 1.5, 10],
			"rotation": {"angle": 0, "axis": "y", "origin": [4, -0.5, 3]},
			"faces": {
				"north": {"uv": [14.75, 10.5, 15, 11], "texture": "#0"},
				"east": {"uv": [3.25, 14.5, 3.75, 15], "texture": "#0"},
				"south": {"uv": [10.75, 14.75, 11, 15.25], "texture": "#0"},
				"west": {"uv": [14.5, 3.25, 15, 3.75], "texture": "#0"},
				"up": {"uv": [15, 11.5, 14.75, 11], "texture": "#0"},
				"down": {"uv": [15, 11.5, 14.75, 12], "texture": "#0"}
			}
		},
		{
			"from": [5, -0.75, 7.5],
			"to": [7.5, 1.75, 10.5],
			"rotation": {"angle": 0, "axis": "y", "origin": [4, -0.5, 3]},
			"faces": {
				"north": {"uv": [13.75, 5.25, 14.5, 6], "texture": "#0"},
				"east": {"uv": [13.75, 6, 14.5, 6.75], "texture": "#0"},
				"south": {"uv": [11.25, 13.75, 12, 14.5], "texture": "#0"},
				"west": {"uv": [13.75, 13, 14.5, 13.75], "texture": "#0"},
				"up": {"uv": [14.5, 14.5, 13.75, 13.75], "texture": "#0"},
				"down": {"uv": [0.75, 14, 0, 14.75], "texture": "#0"}
			}
		},
		{
			"from": [6.25, 2.5, 7],
			"to": [12, 5.5, 11],
			"rotation": {"angle": 45, "axis": "z", "origin": [11, 2.5, 9]},
			"faces": {
				"north": {"uv": [9.5, 9.75, 11, 10.5], "texture": "#0"},
				"east": {"uv": [12, 3, 13, 3.75], "texture": "#0"},
				"south": {"uv": [0, 10, 1.5, 10.75], "texture": "#0"},
				"west": {"uv": [12, 6.25, 13, 7], "texture": "#0"},
				"up": {"uv": [9.5, 5, 8, 4], "texture": "#0"},
				"down": {"uv": [7, 8, 5.5, 9], "texture": "#0"}
			}
		},
		{
			"from": [9.75, 3, 6.5],
			"to": [13.75, 10, 11.5],
			"rotation": {"angle": -22.5, "axis": "z", "origin": [13, 7.5, 9]},
			"faces": {
				"north": {"uv": [6.25, 1.75, 7.25, 3.5], "texture": "#0"},
				"east": {"uv": [3.75, 1.75, 5, 3.5], "texture": "#0"},
				"south": {"uv": [0, 7, 1, 8.75], "texture": "#0"},
				"west": {"uv": [3.75, 3.5, 5, 5.25], "texture": "#0"},
				"up": {"uv": [6, 10.25, 5, 9], "texture": "#0"},
				"down": {"uv": [7, 9, 6, 10.25], "texture": "#0"}
			}
		},
		{
			"from": [11.37944, 9.38052, 7],
			"to": [14.37944, 13.38052, 11],
			"rotation": {"angle": 0, "axis": "y", "origin": [12.50444, 12.25552, 9]},
			"faces": {
				"north": {"uv": [3.25, 12, 4, 13], "texture": "#0"},
				"east": {"uv": [1, 10.75, 2, 11.75], "texture": "#0"},
				"south": {"uv": [12.25, 0, 13, 1], "texture": "#0"},
				"west": {"uv": [2, 10.75, 3, 11.75], "texture": "#0"},
				"up": {"uv": [13, 2, 12.25, 1], "texture": "#0"},
				"down": {"uv": [13, 3.75, 12.25, 4.75], "texture": "#0"}
			}
		},
		{
			"from": [11.25, 15.39645, 8],
			"to": [13.25, 16.39645, 10],
			"rotation": {"angle": 22.5, "axis": "z", "origin": [12.75, 14.89645, 9]},
			"faces": {
				"north": {"uv": [12, 14.75, 12.5, 15], "texture": "#0"},
				"east": {"uv": [14.75, 12, 15.25, 12.25], "texture": "#0"},
				"south": {"uv": [14.75, 12.25, 15.25, 12.5], "texture": "#0"},
				"west": {"uv": [12.5, 14.75, 13, 15], "texture": "#0"},
				"up": {"uv": [4.25, 15, 3.75, 14.5], "texture": "#0"},
				"down": {"uv": [15, 3.75, 14.5, 4.25], "texture": "#0"}
			}
		},
		{
			"from": [11, 12.64645, 7.5],
			"to": [13.5, 15.39645, 10.5],
			"rotation": {"angle": 22.5, "axis": "z", "origin": [12.75, 14.89645, 9]},
			"faces": {
				"north": {"uv": [14, 1.5, 14.75, 2.25], "texture": "#0"},
				"east": {"uv": [4.5, 14, 5.25, 14.75], "texture": "#0"},
				"south": {"uv": [5.25, 14, 6, 14.75], "texture": "#0"},
				"west": {"uv": [6, 14, 6.75, 14.75], "texture": "#0"},
				"up": {"uv": [7.5, 14.75, 6.75, 14], "texture": "#0"},
				"down": {"uv": [14.75, 6.75, 14, 7.5], "texture": "#0"}
			}
		},
		{
			"from": [3.75, -0.5, 4],
			"to": [4.75, 1.5, 6],
			"rotation": {"angle": 0, "axis": "y", "origin": [3.75, -0.5, -1]},
			"faces": {
				"north": {"uv": [13, 14.75, 13.25, 15.25], "texture": "#0"},
				"east": {"uv": [14.5, 4.25, 15, 4.75], "texture": "#0"},
				"south": {"uv": [14.75, 13, 15, 13.5], "texture": "#0"},
				"west": {"uv": [14.5, 4.75, 15, 5.25], "texture": "#0"},
				"up": {"uv": [13.5, 15.25, 13.25, 14.75], "texture": "#0"},
				"down": {"uv": [15, 13.5, 14.75, 14], "texture": "#0"}
			}
		},
		{
			"from": [4.75, -0.75, 3.5],
			"to": [7.25, 1.75, 6.5],
			"rotation": {"angle": 0, "axis": "y", "origin": [3.75, -0.5, -1]},
			"faces": {
				"north": {"uv": [7.5, 14, 8.25, 14.75], "texture": "#0"},
				"east": {"uv": [8.25, 14, 9, 14.75], "texture": "#0"},
				"south": {"uv": [9, 14, 9.75, 14.75], "texture": "#0"},
				"west": {"uv": [14, 9.5, 14.75, 10.25], "texture": "#0"},
				"up": {"uv": [10.5, 14.75, 9.75, 14], "texture": "#0"},
				"down": {"uv": [14.75, 10.25, 14, 11], "texture": "#0"}
			}
		},
		{
			"from": [6, 2.5, 3],
			"to": [11.75, 5.5, 7],
			"rotation": {"angle": 45, "axis": "z", "origin": [10.75, 2.5, 5]},
			"faces": {
				"north": {"uv": [1.5, 10, 3, 10.75], "texture": "#0"},
				"east": {"uv": [12, 7, 13, 7.75], "texture": "#0"},
				"south": {"uv": [10, 4.5, 11.5, 5.25], "texture": "#0"},
				"west": {"uv": [4, 12.25, 5, 13], "texture": "#0"},
				"up": {"uv": [8.5, 9.25, 7, 8.25], "texture": "#0"},
				"down": {"uv": [10, 5, 8.5, 6], "texture": "#0"}
			}
		},
		{
			"from": [9.5, 3, 2.5],
			"to": [13.5, 10, 7.5],
			"rotation": {"angle": -22.5, "axis": "z", "origin": [12.75, 7.5, 5]},
			"faces": {
				"north": {"uv": [1, 7, 2, 8.75], "texture": "#0"},
				"east": {"uv": [5, 0, 6.25, 1.75], "texture": "#0"},
				"south": {"uv": [2, 7, 3, 8.75], "texture": "#0"},
				"west": {"uv": [5, 1.75, 6.25, 3.5], "texture": "#0"},
				"up": {"uv": [8, 10.5, 7, 9.25], "texture": "#0"},
				"down": {"uv": [10.5, 2.5, 9.5, 3.75], "texture": "#0"}
			}
		},
		{
			"from": [11.12944, 9.38052, 3],
			"to": [14.12944, 13.38052, 7],
			"rotation": {"angle": 0, "axis": "y", "origin": [12.25444, 12.25552, 5]},
			"faces": {
				"north": {"uv": [12.25, 4.75, 13, 5.75], "texture": "#0"},
				"east": {"uv": [3, 11, 4, 12], "texture": "#0"},
				"south": {"uv": [5, 12.25, 5.75, 13.25], "texture": "#0"},
				"west": {"uv": [11, 3.25, 12, 4.25], "texture": "#0"},
				"up": {"uv": [6.5, 13.25, 5.75, 12.25], "texture": "#0"},
				"down": {"uv": [10, 12.25, 9.25, 13.25], "texture": "#0"}
			}
		},
		{
			"from": [11, 15.39645, 4],
			"to": [13, 16.39645, 6],
			"rotation": {"angle": 22.5, "axis": "z", "origin": [12.5, 14.89645, 5]},
			"faces": {
				"north": {"uv": [14.75, 14, 15.25, 14.25], "texture": "#0"},
				"east": {"uv": [14.75, 14.25, 15.25, 14.5], "texture": "#0"},
				"south": {"uv": [14.75, 14.5, 15.25, 14.75], "texture": "#0"},
				"west": {"uv": [14.75, 14.75, 15.25, 15], "texture": "#0"},
				"up": {"uv": [15, 5.75, 14.5, 5.25], "texture": "#0"},
				"down": {"uv": [15, 5.75, 14.5, 6.25], "texture": "#0"}
			}
		},
		{
			"from": [10.75, 12.64645, 3.5],
			"to": [13.25, 15.39645, 6.5],
			"rotation": {"angle": 22.5, "axis": "z", "origin": [12.5, 14.89645, 5]},
			"faces": {
				"north": {"uv": [14, 11, 14.75, 11.75], "texture": "#0"},
				"east": {"uv": [14, 11.75, 14.75, 12.5], "texture": "#0"},
				"south": {"uv": [12, 14, 12.75, 14.75], "texture": "#0"},
				"west": {"uv": [12.75, 14, 13.5, 14.75], "texture": "#0"},
				"up": {"uv": [1.5, 15, 0.75, 14.25], "texture": "#0"},
				"down": {"uv": [2.25, 14.25, 1.5, 15], "texture": "#0"}
			}
		},
		{
			"from": [9, 16.5, 6.5],
			"to": [10, 19.75, 7.5],
			"faces": {
				"north": {"uv": [14.75, 1.5, 15, 2.25], "texture": "#0"},
				"east": {"uv": [5, 14.75, 5.25, 15.5], "texture": "#0"},
				"south": {"uv": [5.25, 14.75, 5.5, 15.5], "texture": "#0"},
				"west": {"uv": [5.5, 14.75, 5.75, 15.5], "texture": "#0"},
				"up": {"uv": [10.5, 2.5, 10.25, 2.25], "texture": "#0"},
				"down": {"uv": [12.5, 2, 12.25, 2.25], "texture": "#0"}
			}
		},
		{
			"from": [6.5, 15.5, 4.75],
			"to": [7.5, 19.5, 5.75],
			"rotation": {"angle": -22.5, "axis": "z", "origin": [7.5, 16.5, 5]},
			"faces": {
				"north": {"uv": [13.5, 14, 13.75, 15], "texture": "#0"},
				"east": {"uv": [11, 14.25, 11.25, 15.25], "texture": "#0"},
				"south": {"uv": [4.25, 14.5, 4.5, 15.5], "texture": "#0"},
				"west": {"uv": [11.25, 14.5, 11.5, 15.5], "texture": "#0"},
				"up": {"uv": [10.25, 12.5, 10, 12.25], "texture": "#0"},
				"down": {"uv": [1, 12.5, 0.75, 12.75], "texture": "#0"}
			}
		},
		{
			"from": [6.98097, 15.40433, 8.25],
			"to": [7.98097, 19.65433, 9.25],
			"rotation": {"angle": -22.5, "axis": "z", "origin": [7.73097, 16.40433, 8.5]},
			"faces": {
				"north": {"uv": [11.5, 14.5, 11.75, 15.5], "texture": "#0"},
				"east": {"uv": [11.75, 14.5, 12, 15.5], "texture": "#0"},
				"south": {"uv": [14.5, 13, 14.75, 14], "texture": "#0"},
				"west": {"uv": [13.75, 14.5, 14, 15.5], "texture": "#0"},
				"up": {"uv": [12.75, 8.75, 12.5, 8.5], "texture": "#0"},
				"down": {"uv": [11, 12.5, 10.75, 12.75], "texture": "#0"}
			}
		},
		{
			"from": [9, 16, 3.25],
			"to": [10, 20, 4.25],
			"rotation": {"angle": 22.5, "axis": "x", "origin": [9.5, 17.5, 3.25]},
			"faces": {
				"north": {"uv": [14, 14.5, 14.25, 15.5], "texture": "#0"},
				"east": {"uv": [14.5, 14, 14.75, 15], "texture": "#0"},
				"south": {"uv": [14.25, 14.5, 14.5, 15.5], "texture": "#0"},
				"west": {"uv": [0, 14.75, 0.25, 15.75], "texture": "#0"},
				"up": {"uv": [2.5, 13, 2.25, 12.75], "texture": "#0"},
				"down": {"uv": [11.75, 12.75, 11.5, 13], "texture": "#0"}
			}
		},
		{
			"from": [9, 16, 10],
			"to": [10, 20, 11],
			"rotation": {"angle": -22.5, "axis": "x", "origin": [9.5, 17.5, 10.75]},
			"faces": {
				"north": {"uv": [0.25, 14.75, 0.5, 15.75], "texture": "#0"},
				"east": {"uv": [0.5, 14.75, 0.75, 15.75], "texture": "#0"},
				"south": {"uv": [4.5, 14.75, 4.75, 15.75], "texture": "#0"},
				"west": {"uv": [4.75, 14.75, 5, 15.75], "texture": "#0"},
				"up": {"uv": [12.5, 13.25, 12.25, 13], "texture": "#0"},
				"down": {"uv": [10.75, 13.25, 10.5, 13.5], "texture": "#0"}
			}
		},
		{
			"from": [10.5, 15.5, 8.25],
			"to": [11.5, 19.75, 9.25],
			"rotation": {"angle": 22.5, "axis": "z", "origin": [11.5, 18.125, 9]},
			"faces": {
				"north": {"uv": [5.75, 14.75, 6, 15.5], "texture": "#0"},
				"east": {"uv": [6, 14.75, 6.25, 15.5], "texture": "#0"},
				"south": {"uv": [6.25, 14.75, 6.5, 15.5], "texture": "#0"},
				"west": {"uv": [14.75, 6.25, 15, 7], "texture": "#0"},
				"up": {"uv": [11.5, 13.75, 11.25, 13.5], "texture": "#0"},
				"down": {"uv": [12.25, 13.75, 12, 14], "texture": "#0"}
			}
		},
		{
			"from": [10.5, 15.5, 4.75],
			"to": [11.5, 19.75, 5.75],
			"rotation": {"angle": 22.5, "axis": "z", "origin": [11.5, 18.125, 9]},
			"faces": {
				"north": {"uv": [6.5, 14.75, 6.75, 15.5], "texture": "#0"},
				"east": {"uv": [6.75, 14.75, 7, 15.5], "texture": "#0"},
				"south": {"uv": [7, 14.75, 7.25, 15.5], "texture": "#0"},
				"west": {"uv": [7.25, 14.75, 7.5, 15.5], "texture": "#0"},
				"up": {"uv": [15.25, 0.25, 15, 0], "texture": "#0"},
				"down": {"uv": [15.25, 0.25, 15, 0.5], "texture": "#0"}
			}
		},
		{
			"from": [7.25, 19, 3.5],
			"to": [11.25, 21, 10.5],
			"faces": {
				"north": {"uv": [14, 7.5, 15, 8], "texture": "#0"},
				"east": {"uv": [10, 5.25, 11.75, 5.75], "texture": "#0"},
				"south": {"uv": [14, 12.5, 15, 13], "texture": "#0"},
				"west": {"uv": [11, 5.75, 12.75, 6.25], "texture": "#0"},
				"up": {"uv": [4, 8.75, 3, 7], "texture": "#0"},
				"down": {"uv": [8, 3.5, 7, 5.25], "texture": "#0"}
			}
		}
	],
	"display": {
		"thirdperson_righthand": {
			"rotation": [90, 0, 0],
			"translation": [-0.75, -2.5, -5.75],
			"scale": [0.5, 0.5, 0.5]
		},
		"thirdperson_lefthand": {
			"rotation": [90, 180, 0],
			"translation": [-0.75, -1.5, -5.75],
			"scale": [0.5, 0.5, 0.5]
		},
		"firstperson_lefthand": {
			"rotation": [0, 180, 0]
		},
		"ground": {
			"rotation": [0, 0, -45],
			"translation": [0, 2.5, 0]
		},
		"gui": {
			"rotation": [18, 22, -26],
			"translation": [1.25, -1.75, 0],
			"scale": [0.75, 0.75, 0.75]
		},
		"head": {
			"rotation": [68, -90, 0],
			"translation": [0, 9, 0],
			"scale": [0.5, 0.5, 0.5]
		}
	},
	"groups": [
		{
			"name": "group",
			"origin": [8, 8, 8],
			"color": 0,
			"children": [
				{
					"name": "b",
					"origin": [8, 8, 8],
					"color": 0,
					"children": [0, 1, 2, 3, 4, 5, 6]
				},
				{
					"name": "a",
					"origin": [8, 8, 8],
					"color": 0,
					"children": [7, 8, 9, 10, 11, 12, 13]
				},
				{
					"name": "n",
					"origin": [8, 8, 8],
					"color": 0,
					"children": [14, 15, 16, 17, 18, 19, 20]
				},
				{
					"name": "a",
					"origin": [8, 8, 8],
					"color": 0,
					"children": [21, 22, 23, 24, 25, 26, 27]
				},
				{
					"name": "n",
					"origin": [8, 8, 8],
					"color": 0,
					"children": [28, 29, 30, 31, 32, 33, 34]
				},
				{
					"name": "a",
					"origin": [8, 8, 8],
					"color": 0,
					"children": [35, 36, 37, 38, 39, 40, 41]
				},
				{
					"name": "n",
					"origin": [8, 8, 8],
					"color": 0,
					"children": [42, 43, 44, 45, 46, 47, 48]
				},
				{
					"name": "a",
					"origin": [8, 8, 8],
					"color": 0,
					"children": [49, 50, 51, 52, 53, 54, 55, 56]
				}
			]
		}
	]
}