{
	"credit": "Made with Blockbench",
	"textures": {
		"0": "block/BandagedFist",
		"particle": "block/BandagedFist"
	},
	"elements": [
		{
			"from": [5.999, -0.001, 5.249],
			"to": [9.001, 4.001, 8],
			"rotation": {"angle": 0, "axis": "y", "origin": [7, 0, 7]},
			"faces": {
				"north": {"uv": [0, 0, 3, 4], "texture": "#0"},
				"east": {"uv": [0, 4, 2.75, 8], "texture": "#0"},
				"south": {"uv": [3, 0, 6, 4], "texture": "#0"},
				"west": {"uv": [3, 4, 5.75, 8], "texture": "#0"},
				"up": {"uv": [9, 2.75, 6, 0], "texture": "#0"},
				"down": {"uv": [9, 3, 6, 5.75], "texture": "#0"}
			}
		}
	],
	"display": {
		"thirdperson_righthand": {
			"translation": [0.5, 4, 2.25]
		},
		"thirdperson_lefthand": {
			"rotation": [0, 0, 180],
			"translation": [0.5, -8, 2.25]
		},
		"firstperson_righthand": {
			"translation": [0, 6, 3]
		},
		"firstperson_lefthand": {
			"rotation": [0, 0, 180],
			"translation": [0, -6, 3]
		},
		"ground": {
			"translation": [0, 3, 0]
		},
		"gui": {
			"rotation": [0, -180, 0],
			"translation": [-1, 12, 0],
			"scale": [2, 2, 2]
		}
	},
	"groups": [
		{
			"name": "BandagedFist",
			"origin": [8, 8, 8],
			"color": 0,
			"children": [0]
		}
	]
}