{
	"credit": "Made with Blockbench",
	"texture_size": [64, 64],
	"textures": {
		"0": "item/bronyagun",
		"particle": "item/bronyagun"
	},
	"elements": [
		{
			"from": [7, 8, 26.75],
			"to": [9, 10, 31.5],
			"rotation": {"angle": 0, "axis": "y", "origin": [8.025, 13.69288, 8.10265]},
			"faces": {
				"north": {"uv": [5.75, 3.5, 6.25, 4], "texture": "#0"},
				"east": {"uv": [2.5, 2.5, 3.75, 3], "texture": "#0"},
				"south": {"uv": [6.25, 3.5, 6.75, 4], "texture": "#0"},
				"west": {"uv": [2.5, 3, 3.75, 3.5], "texture": "#0"},
				"up": {"uv": [4, 1.25, 3.5, 0], "texture": "#0"},
				"down": {"uv": [3, 3.5, 2.5, 4.75], "texture": "#0"}
			}
		},
		{
			"from": [7, 10, 27.75],
			"to": [9, 10.25, 31.5],
			"rotation": {"angle": 0, "axis": "y", "origin": [8.025, 13.69288, 8.10265]},
			"faces": {
				"north": {"uv": [5.25, 7.5, 5.75, 7.625], "texture": "#0"},
				"east": {"uv": [7, 3.5, 8, 3.625], "texture": "#0"},
				"south": {"uv": [7.5, 5.25, 8, 5.375], "texture": "#0"},
				"west": {"uv": [7, 3.75, 8, 3.875], "texture": "#0"},
				"up": {"uv": [5, 4, 4.5, 3], "texture": "#0"},
				"down": {"uv": [5.25, 1, 4.75, 2], "texture": "#0"}
			}
		},
		{
			"from": [7.025, 1.55829, 27.65145],
			"to": [8.975, 1.80829, 28.40145],
			"rotation": {"angle": -22.5, "axis": "x", "origin": [8.025, 13.69288, 8.10265]},
			"faces": {
				"north": {"uv": [7.5, 5.5, 8, 5.625], "texture": "#0"},
				"east": {"uv": [6.5, 8, 6.75, 8.125], "texture": "#0"},
				"south": {"uv": [7.5, 5.75, 8, 5.875], "texture": "#0"},
				"west": {"uv": [8, 6.5, 8.25, 6.625], "texture": "#0"},
				"up": {"uv": [7.5, 4.75, 7, 4.5], "texture": "#0"},
				"down": {"uv": [7.5, 4.75, 7, 5], "texture": "#0"}
			}
		},
		{
			"from": [7, 5.69291, 31.5],
			"to": [9, 10.25, 32],
			"rotation": {"angle": 0, "axis": "y", "origin": [8.025, 13.69288, 8.10265]},
			"faces": {
				"north": {"uv": [1.5, 4, 2, 5.125], "texture": "#0"},
				"east": {"uv": [6.75, 6.75, 6.875, 7.875], "texture": "#0"},
				"south": {"uv": [4, 3, 4.5, 4.125], "texture": "#0"},
				"west": {"uv": [7, 0, 7.125, 1.125], "texture": "#0"},
				"up": {"uv": [8, 6.125, 7.5, 6], "texture": "#0"},
				"down": {"uv": [8, 6.75, 7.5, 6.875], "texture": "#0"}
			}
		},
		{
			"from": [7.025, 15.25565, 27.11137],
			"to": [8.975, 16.3955, 32],
			"rotation": {"angle": 22.5, "axis": "x", "origin": [8.025, 13.69288, 8.10265]},
			"faces": {
				"north": {"uv": [7, 5, 7.5, 5.25], "texture": "#0"},
				"east": {"uv": [3.5, 1.75, 4.75, 2], "texture": "#0"},
				"south": {"uv": [7, 6.75, 7.5, 7], "texture": "#0"},
				"west": {"uv": [5.75, 0, 7, 0.25], "texture": "#0"},
				"up": {"uv": [3.5, 4.75, 3, 3.5], "texture": "#0"},
				"down": {"uv": [4, 3.5, 3.5, 4.75], "texture": "#0"}
			}
		},
		{
			"from": [7.05, 7.76118, 19.80082],
			"to": [8.95, 11.23953, 22.39597],
			"rotation": {"angle": 0, "axis": "y", "origin": [7.975, 13.69288, 8.10265]},
			"faces": {
				"north": {"uv": [4.75, 5, 5.25, 5.875], "texture": "#0"},
				"east": {"uv": [4, 4.25, 4.625, 5.125], "texture": "#0"},
				"south": {"uv": [5.25, 0, 5.75, 0.875], "texture": "#0"},
				"west": {"uv": [4.5, 0, 5.125, 0.875], "texture": "#0"},
				"up": {"uv": [6.25, 0.875, 5.75, 0.25], "texture": "#0"},
				"down": {"uv": [6.25, 1, 5.75, 1.625], "texture": "#0"}
			}
		},
		{
			"from": [6.95, 9.51118, 19.80082],
			"to": [9.05, 11.38953, 22.39597],
			"rotation": {"angle": 0, "axis": "y", "origin": [7.975, 13.69288, 8.10265]},
			"faces": {
				"north": {"uv": [6.25, 5.25, 6.75, 5.75], "texture": "#0"},
				"east": {"uv": [5.75, 2.5, 6.375, 3], "texture": "#0"},
				"south": {"uv": [5.75, 6.25, 6.25, 6.75], "texture": "#0"},
				"west": {"uv": [5.75, 3, 6.375, 3.5], "texture": "#0"},
				"up": {"uv": [4, 6.375, 3.5, 5.75], "texture": "#0"},
				"down": {"uv": [6.25, 5.5, 5.75, 6.125], "texture": "#0"}
			}
		},
		{
			"from": [7.35, 11.21118, 22.37582],
			"to": [8.65, 11.28953, 24.14597],
			"rotation": {"angle": 0, "axis": "y", "origin": [7.975, 13.69288, 8.10265]},
			"faces": {
				"north": {"uv": [6.25, 7.75, 6.625, 7.875], "texture": "#0"},
				"east": {"uv": [7, 7.5, 7.5, 7.625], "texture": "#0"},
				"south": {"uv": [7, 7.75, 7.375, 7.875], "texture": "#0"},
				"west": {"uv": [7.5, 7, 8, 7.125], "texture": "#0"},
				"up": {"uv": [7.125, 1.75, 6.75, 1.25], "texture": "#0"},
				"down": {"uv": [4.375, 6.75, 4, 7.25], "texture": "#0"}
			}
		},
		{
			"from": [7.45, 11.18618, 22.77582],
			"to": [8.55, 11.68953, 23.74597],
			"rotation": {"angle": 0, "axis": "y", "origin": [7.975, 13.69288, 8.10265]},
			"faces": {
				"north": {"uv": [6.75, 8, 7, 8.125], "texture": "#0"},
				"east": {"uv": [8, 6.75, 8.25, 6.875], "texture": "#0"},
				"south": {"uv": [7, 8, 7.25, 8.125], "texture": "#0"},
				"west": {"uv": [8, 7, 8.25, 7.125], "texture": "#0"},
				"up": {"uv": [4.75, 1.25, 4.5, 1], "texture": "#0"},
				"down": {"uv": [4.25, 5.75, 4, 6], "texture": "#0"}
			}
		},
		{
			"from": [7.45, 11.68618, 22.52582],
			"to": [8.55, 11.93953, 23.99597],
			"rotation": {"angle": 0, "axis": "y", "origin": [7.975, 13.69288, 8.10265]},
			"faces": {
				"north": {"uv": [7.25, 8, 7.5, 8.125], "texture": "#0"},
				"east": {"uv": [7.5, 7.75, 7.875, 7.875], "texture": "#0"},
				"south": {"uv": [8, 7.25, 8.25, 7.375], "texture": "#0"},
				"west": {"uv": [8, 0, 8.375, 0.125], "texture": "#0"},
				"up": {"uv": [7.5, 4.375, 7.25, 4], "texture": "#0"},
				"down": {"uv": [6.5, 7.25, 6.25, 7.625], "texture": "#0"}
			}
		},
		{
			"from": [7.45, 11.93618, 22.27582],
			"to": [8.55, 12.18953, 24.24597],
			"rotation": {"angle": 0, "axis": "y", "origin": [7.975, 13.69288, 8.10265]},
			"faces": {
				"north": {"uv": [7.5, 8, 7.75, 8.125], "texture": "#0"},
				"east": {"uv": [7.5, 7.25, 8, 7.375], "texture": "#0"},
				"south": {"uv": [8, 7.5, 8.25, 7.625], "texture": "#0"},
				"west": {"uv": [7.5, 7.5, 8, 7.625], "texture": "#0"},
				"up": {"uv": [4, 3.5, 3.75, 3], "texture": "#0"},
				"down": {"uv": [6, 4.5, 5.75, 5], "texture": "#0"}
			}
		},
		{
			"from": [6.95, 9.51118, 18.30082],
			"to": [9.05, 10.63953, 19.89597],
			"rotation": {"angle": 0, "axis": "y", "origin": [7.975, 13.69288, 8.10265]},
			"faces": {
				"north": {"uv": [7, 7, 7.5, 7.25], "texture": "#0"},
				"east": {"uv": [7, 7.25, 7.375, 7.5], "texture": "#0"},
				"south": {"uv": [7.25, 0, 7.75, 0.25], "texture": "#0"},
				"west": {"uv": [0.5, 7.5, 0.875, 7.75], "texture": "#0"},
				"up": {"uv": [7.25, 4.375, 6.75, 4], "texture": "#0"},
				"down": {"uv": [5, 6.75, 4.5, 7.125], "texture": "#0"}
			}
		},
		{
			"from": [7.15, 8.51118, 14.66052],
			"to": [8.85, 10.73953, 17.45567],
			"rotation": {"angle": 0, "axis": "y", "origin": [7.975, 13.69288, 8.10265]},
			"faces": {
				"north": {"uv": [6.75, 5.25, 7.125, 5.75], "texture": "#0"},
				"east": {"uv": [3.5, 5.25, 4.25, 5.75], "texture": "#0"},
				"south": {"uv": [5.75, 6.75, 6.125, 7.25], "texture": "#0"},
				"west": {"uv": [5.25, 5, 6, 5.5], "texture": "#0"},
				"up": {"uv": [6.375, 5.25, 6, 4.5], "texture": "#0"},
				"down": {"uv": [6.625, 0.25, 6.25, 1], "texture": "#0"}
			}
		},
		{
			"from": [7.15, 8.03618, 15.16052],
			"to": [8.85, 8.51453, 17.45567],
			"rotation": {"angle": 0, "axis": "y", "origin": [7.975, 13.69288, 8.10265]},
			"faces": {
				"north": {"uv": [0.5, 8, 0.875, 8.125], "texture": "#0"},
				"east": {"uv": [7.5, 4.75, 8.125, 4.875], "texture": "#0"},
				"south": {"uv": [8, 0.75, 8.375, 0.875], "texture": "#0"},
				"west": {"uv": [7.5, 5, 8.125, 5.125], "texture": "#0"},
				"up": {"uv": [3.625, 7.125, 3.25, 6.5], "texture": "#0"},
				"down": {"uv": [6.875, 4.5, 6.5, 5.125], "texture": "#0"}
			}
		},
		{
			"from": [7.05, 7.76118, 17.45567],
			"to": [8.95, 10.73953, 19.80082],
			"rotation": {"angle": 0, "axis": "y", "origin": [7.975, 13.69288, 8.10265]},
			"faces": {
				"north": {"uv": [4.25, 5.25, 4.75, 6], "texture": "#0"},
				"east": {"uv": [5, 2.5, 5.625, 3.25], "texture": "#0"},
				"south": {"uv": [0, 5.5, 0.5, 6.25], "texture": "#0"},
				"west": {"uv": [5, 3.25, 5.625, 4], "texture": "#0"},
				"up": {"uv": [4.5, 6.625, 4, 6], "texture": "#0"},
				"down": {"uv": [5, 6, 4.5, 6.625], "texture": "#0"}
			}
		},
		{
			"from": [7.4, 10.51118, 14.65567],
			"to": [8.6, 10.98953, 19.80082],
			"rotation": {"angle": 0, "axis": "y", "origin": [7.975, 13.69288, 8.10265]},
			"faces": {
				"north": {"uv": [7.75, 8, 8, 8.125], "texture": "#0"},
				"east": {"uv": [6.75, 6.25, 8, 6.375], "texture": "#0"},
				"south": {"uv": [8, 7.75, 8.25, 7.875], "texture": "#0"},
				"west": {"uv": [6.75, 6.5, 8, 6.625], "texture": "#0"},
				"up": {"uv": [5.25, 7.25, 5, 6], "texture": "#0"},
				"down": {"uv": [0.25, 6.25, 0, 7.5], "texture": "#0"}
			}
		},
		{
			"from": [8.55, 7.76118, 16.31537],
			"to": [8.95, 11.33953, 17.46052],
			"rotation": {"angle": 0, "axis": "y", "origin": [7.975, 13.69288, 8.10265]},
			"faces": {
				"north": {"uv": [4.5, 7.25, 4.625, 8.125], "texture": "#0"},
				"east": {"uv": [3.25, 0, 3.5, 0.875], "texture": "#0"},
				"south": {"uv": [4.75, 7.25, 4.875, 8.125], "texture": "#0"},
				"west": {"uv": [3.75, 6.5, 4, 7.375], "texture": "#0"},
				"up": {"uv": [8.125, 8.25, 8, 8], "texture": "#0"},
				"down": {"uv": [8.375, 0.25, 8.25, 0.5], "texture": "#0"}
			}
		},
		{
			"from": [7.05, 7.76118, 16.31537],
			"to": [7.45, 11.33953, 17.46052],
			"rotation": {"angle": 0, "axis": "y", "origin": [7.975, 13.69288, 8.10265]},
			"faces": {
				"north": {"uv": [5, 7.25, 5.125, 8.125], "texture": "#0"},
				"east": {"uv": [5.25, 6.5, 5.5, 7.375], "texture": "#0"},
				"south": {"uv": [7.25, 5.25, 7.375, 6.125], "texture": "#0"},
				"west": {"uv": [5.5, 6.5, 5.75, 7.375], "texture": "#0"},
				"up": {"uv": [0.625, 8.5, 0.5, 8.25], "texture": "#0"},
				"down": {"uv": [8.375, 0.5, 8.25, 0.75], "texture": "#0"}
			}
		},
		{
			"from": [7.15, 8.26118, 2.02021],
			"to": [8.85, 9.73953, 14.66537],
			"rotation": {"angle": 0, "axis": "y", "origin": [7.975, 13.69288, 8.10265]},
			"faces": {
				"north": {"uv": [0.5, 7, 0.875, 7.375], "texture": "#0"},
				"east": {"uv": [0, 0, 3.125, 0.375], "texture": "#0"},
				"south": {"uv": [1.25, 7, 1.625, 7.375], "texture": "#0"},
				"west": {"uv": [0, 0.5, 3.125, 0.875], "texture": "#0"},
				"up": {"uv": [0.375, 4.125, 0, 1], "texture": "#0"},
				"down": {"uv": [0.875, 1, 0.5, 4.125], "texture": "#0"}
			}
		},
		{
			"from": [7.3, 9.76118, 8.92021],
			"to": [8.7, 11.23953, 10.01537],
			"rotation": {"angle": 0, "axis": "y", "origin": [7.975, 13.69288, 8.10265]},
			"faces": {
				"north": {"uv": [2.5, 7, 2.875, 7.375], "texture": "#0"},
				"east": {"uv": [6.5, 7.25, 6.75, 7.625], "texture": "#0"},
				"south": {"uv": [7, 2.5, 7.375, 2.875], "texture": "#0"},
				"west": {"uv": [0, 7.5, 0.25, 7.875], "texture": "#0"},
				"up": {"uv": [7.875, 1, 7.5, 0.75], "texture": "#0"},
				"down": {"uv": [7.875, 1, 7.5, 1.25], "texture": "#0"}
			}
		},
		{
			"from": [7.5, 9.86118, 1.17021],
			"to": [8.5, 11.13953, 2.26537],
			"rotation": {"angle": 0, "axis": "y", "origin": [7.975, 13.69288, 8.10265]},
			"faces": {
				"north": {"uv": [1.25, 7.5, 1.5, 7.875], "texture": "#0"},
				"east": {"uv": [1.5, 7.5, 1.75, 7.875], "texture": "#0"},
				"south": {"uv": [2.5, 7.5, 2.75, 7.875], "texture": "#0"},
				"west": {"uv": [7.5, 2.5, 7.75, 2.875], "texture": "#0"},
				"up": {"uv": [6.25, 5.5, 6, 5.25], "texture": "#0"},
				"down": {"uv": [3.5, 6.25, 3.25, 6.5], "texture": "#0"}
			}
		},
		{
			"from": [7.3, 8.98953, -4.87979],
			"to": [8.7, 9.91788, 3.09037],
			"rotation": {"angle": 0, "axis": "y", "origin": [7.975, 13.69288, 8.10265]},
			"faces": {
				"north": {"uv": [3.75, 7.5, 4.125, 7.75], "texture": "#0"},
				"east": {"uv": [4.5, 4, 6.5, 4.25], "texture": "#0"},
				"south": {"uv": [7.5, 4, 7.875, 4.25], "texture": "#0"},
				"west": {"uv": [4.75, 4.25, 6.75, 4.5], "texture": "#0"},
				"up": {"uv": [1.375, 4, 1, 2], "texture": "#0"},
				"down": {"uv": [1.875, 2, 1.5, 4], "texture": "#0"}
			}
		},
		{
			"from": [7.45, 9.75087, 0.83104],
			"to": [8.55, 10.67922, 2.90119],
			"rotation": {"angle": 22.5, "axis": "x", "origin": [8.25, 10.21504, -1.08388]},
			"faces": {
				"north": {"uv": [6.5, 4, 6.75, 4.25], "texture": "#0"},
				"east": {"uv": [7.25, 0.25, 7.75, 0.5], "texture": "#0"},
				"south": {"uv": [7.75, 0, 8, 0.25], "texture": "#0"},
				"west": {"uv": [7.25, 0.5, 7.75, 0.75], "texture": "#0"},
				"up": {"uv": [6.75, 3.5, 6.5, 3], "texture": "#0"},
				"down": {"uv": [7.5, 0.75, 7.25, 1.25], "texture": "#0"}
			}
		},
		{
			"from": [7.175, 14.41849, 11.95604],
			"to": [8.825, 15.00422, 14.7578],
			"rotation": {"angle": 22.5, "axis": "x", "origin": [8.25, 10.21504, -1.08388]},
			"faces": {
				"north": {"uv": [8, 1, 8.375, 1.125], "texture": "#0"},
				"east": {"uv": [7.5, 4.25, 8.25, 4.375], "texture": "#0"},
				"south": {"uv": [1.25, 8, 1.625, 8.125], "texture": "#0"},
				"west": {"uv": [7.5, 4.5, 8.25, 4.625], "texture": "#0"},
				"up": {"uv": [6.625, 1.75, 6.25, 1], "texture": "#0"},
				"down": {"uv": [1.625, 6.25, 1.25, 7], "texture": "#0"}
			}
		},
		{
			"from": [7.65, 8.23953, -4.92979],
			"to": [8.35, 9.41788, -1.90963],
			"rotation": {"angle": 0, "axis": "y", "origin": [7.975, 13.69288, 8.10265]},
			"faces": {
				"north": {"uv": [0.75, 8.25, 0.875, 8.5], "texture": "#0"},
				"east": {"uv": [5.75, 1.75, 6.5, 2], "texture": "#0"},
				"south": {"uv": [1.25, 8.25, 1.375, 8.5], "texture": "#0"},
				"west": {"uv": [6.5, 1.75, 7.25, 2], "texture": "#0"},
				"up": {"uv": [2.875, 8.25, 2.75, 7.5], "texture": "#0"},
				"down": {"uv": [4.375, 7.5, 4.25, 8.25], "texture": "#0"}
			}
		},
		{
			"from": [7.9, 7.73953, -14.67979],
			"to": [8.1, 8.99288, -4.90963],
			"rotation": {"angle": 0, "axis": "y", "origin": [7.975, 13.69288, 8.10265]},
			"faces": {
				"north": {"uv": [0, 8, 0.125, 8.375], "texture": "#0"},
				"east": {"uv": [1, 1, 3.5, 1.375], "texture": "#0"},
				"south": {"uv": [8, 1.75, 8.125, 2.125], "texture": "#0"},
				"west": {"uv": [1, 1.5, 3.5, 1.875], "texture": "#0"},
				"up": {"uv": [0.375, 8.75, 0.25, 6.25], "texture": "#0"},
				"down": {"uv": [1.125, 6.25, 1, 8.75], "texture": "#0"}
			}
		},
		{
			"from": [7.9, 7.98953, -14.92979],
			"to": [8.1, 8.99288, -14.65963],
			"rotation": {"angle": 0, "axis": "y", "origin": [7.975, 13.69288, 8.10265]},
			"faces": {
				"north": {"uv": [8.25, 1.25, 8.375, 1.5], "texture": "#0"},
				"east": {"uv": [1.5, 8.25, 1.625, 8.5], "texture": "#0"},
				"south": {"uv": [8.25, 1.5, 8.375, 1.75], "texture": "#0"},
				"west": {"uv": [8.25, 1.75, 8.375, 2], "texture": "#0"},
				"up": {"uv": [8.375, 4.375, 8.25, 4.25], "texture": "#0"},
				"down": {"uv": [4.625, 8.25, 4.5, 8.375], "texture": "#0"}
			}
		},
		{
			"from": [7.9, 8.23953, -15.17979],
			"to": [8.1, 8.99288, -14.90963],
			"rotation": {"angle": 0, "axis": "y", "origin": [7.975, 13.69288, 8.10265]},
			"faces": {
				"north": {"uv": [2, 8.25, 2.125, 8.5], "texture": "#0"},
				"east": {"uv": [8.25, 2, 8.375, 2.25], "texture": "#0"},
				"south": {"uv": [2.25, 8.25, 2.375, 8.5], "texture": "#0"},
				"west": {"uv": [8.25, 2.25, 8.375, 2.5], "texture": "#0"},
				"up": {"uv": [8.375, 4.625, 8.25, 4.5], "texture": "#0"},
				"down": {"uv": [4.875, 8.25, 4.75, 8.375], "texture": "#0"}
			}
		},
		{
			"from": [7.9, 8.48953, -15.42979],
			"to": [8.1, 8.99288, -15.15963],
			"rotation": {"angle": 0, "axis": "y", "origin": [7.975, 13.69288, 8.10265]},
			"faces": {
				"north": {"uv": [8.25, 4.75, 8.375, 4.875], "texture": "#0"},
				"east": {"uv": [5, 8.25, 5.125, 8.375], "texture": "#0"},
				"south": {"uv": [8.25, 5, 8.375, 5.125], "texture": "#0"},
				"west": {"uv": [8.25, 5.25, 8.375, 5.375], "texture": "#0"},
				"up": {"uv": [8.375, 5.625, 8.25, 5.5], "texture": "#0"},
				"down": {"uv": [5.875, 8.25, 5.75, 8.375], "texture": "#0"}
			}
		},
		{
			"from": [7.9, 8.73953, -15.67979],
			"to": [8.1, 8.99288, -15.40963],
			"rotation": {"angle": 0, "axis": "y", "origin": [7.975, 13.69288, 8.10265]},
			"faces": {
				"north": {"uv": [6, 8.25, 6.125, 8.375], "texture": "#0"},
				"east": {"uv": [8.25, 6, 8.375, 6.125], "texture": "#0"},
				"south": {"uv": [8.25, 6.25, 8.375, 6.375], "texture": "#0"},
				"west": {"uv": [6.5, 8.25, 6.625, 8.375], "texture": "#0"},
				"up": {"uv": [8.375, 6.625, 8.25, 6.5], "texture": "#0"},
				"down": {"uv": [6.875, 8.25, 6.75, 8.375], "texture": "#0"}
			}
		},
		{
			"from": [7.65, 10.11118, -7.95],
			"to": [8.35, 10.81118, 14.92021],
			"rotation": {"angle": 0, "axis": "y", "origin": [7.975, 13.69288, 8.10265]},
			"faces": {
				"north": {"uv": [8.25, 6.75, 8.375, 6.875], "texture": "#0"},
				"east": {"uv": [2, 2, 7.75, 2.125], "texture": "#0"},
				"south": {"uv": [7, 8.25, 7.125, 8.375], "texture": "#0"},
				"west": {"uv": [2, 2.25, 7.75, 2.375], "texture": "#0"},
				"up": {"uv": [2.125, 8.25, 2, 2.5], "texture": "#0"},
				"down": {"uv": [2.375, 2.5, 2.25, 8.25], "texture": "#0"}
			}
		},
		{
			"from": [7.775, 11.13618, -5.95],
			"to": [8.225, 12.41118, -5.62979],
			"rotation": {"angle": 0, "axis": "y", "origin": [7.975, 13.69288, 8.10265]},
			"faces": {
				"north": {"uv": [8, 2.25, 8.125, 2.625], "texture": "#0"},
				"east": {"uv": [2.5, 8, 2.625, 8.375], "texture": "#0"},
				"south": {"uv": [8, 3.5, 8.125, 3.875], "texture": "#0"},
				"west": {"uv": [3.75, 8, 3.875, 8.375], "texture": "#0"},
				"up": {"uv": [8.375, 7.125, 8.25, 7], "texture": "#0"},
				"down": {"uv": [7.375, 8.25, 7.25, 8.375], "texture": "#0"}
			}
		},
		{
			"from": [7.875, 11.13618, -7.2],
			"to": [8.125, 19.66118, -6.15479],
			"rotation": {"angle": 0, "axis": "y", "origin": [7.975, 13.69288, 8.10265]},
			"faces": {
				"north": {"uv": [1.75, 6.25, 1.875, 8.375], "texture": "#0"},
				"east": {"uv": [2.5, 4.75, 2.75, 6.875], "texture": "#0"},
				"south": {"uv": [3, 6.25, 3.125, 8.375], "texture": "#0"},
				"west": {"uv": [2.75, 4.75, 3, 6.875], "texture": "#0"},
				"up": {"uv": [8.375, 2.75, 8.25, 2.5], "texture": "#0"},
				"down": {"uv": [2.875, 8.25, 2.75, 8.5], "texture": "#0"}
			}
		},
		{
			"from": [7.875, 11.03618, -6.175],
			"to": [8.125, 12.33618, -5.9],
			"rotation": {"angle": 0, "axis": "y", "origin": [7.975, 13.69288, 8.10265]},
			"faces": {
				"north": {"uv": [4, 8, 4.125, 8.375], "texture": "#0"},
				"east": {"uv": [5.25, 8, 5.375, 8.375], "texture": "#0"},
				"south": {"uv": [8, 5.25, 8.125, 5.625], "texture": "#0"},
				"west": {"uv": [5.5, 8, 5.625, 8.375], "texture": "#0"},
				"up": {"uv": [8.375, 7.375, 8.25, 7.25], "texture": "#0"},
				"down": {"uv": [7.625, 8.25, 7.5, 8.375], "texture": "#0"}
			}
		},
		{
			"from": [7.875, 11.03618, -5.8],
			"to": [8.125, 11.41118, -5.55],
			"rotation": {"angle": 0, "axis": "y", "origin": [7.975, 13.69288, 8.10265]},
			"faces": {
				"north": {"uv": [8.25, 7.5, 8.375, 7.625], "texture": "#0"},
				"east": {"uv": [7.75, 8.25, 7.875, 8.375], "texture": "#0"},
				"south": {"uv": [8.25, 7.75, 8.375, 7.875], "texture": "#0"},
				"west": {"uv": [8, 8.25, 8.125, 8.375], "texture": "#0"},
				"up": {"uv": [8.375, 8.125, 8.25, 8], "texture": "#0"},
				"down": {"uv": [8.375, 8.25, 8.25, 8.375], "texture": "#0"}
			}
		},
		{
			"from": [7.875, 11.16118, -5.55],
			"to": [8.125, 11.36118, -5.3],
			"rotation": {"angle": 0, "axis": "y", "origin": [7.975, 13.69288, 8.10265]},
			"faces": {
				"north": {"uv": [0, 8.5, 0.125, 8.625], "texture": "#0"},
				"east": {"uv": [8.5, 0, 8.625, 0.125], "texture": "#0"},
				"south": {"uv": [8.5, 0.25, 8.625, 0.375], "texture": "#0"},
				"west": {"uv": [0.5, 8.5, 0.625, 8.625], "texture": "#0"},
				"up": {"uv": [8.625, 0.625, 8.5, 0.5], "texture": "#0"},
				"down": {"uv": [0.875, 8.5, 0.75, 8.625], "texture": "#0"}
			}
		},
		{
			"from": [7.875, 11.16118, -5.3],
			"to": [8.125, 11.28618, -5.05],
			"rotation": {"angle": 0, "axis": "y", "origin": [7.975, 13.69288, 8.10265]},
			"faces": {
				"north": {"uv": [8.5, 0.75, 8.625, 0.875], "texture": "#0"},
				"east": {"uv": [8.5, 1, 8.625, 1.125], "texture": "#0"},
				"south": {"uv": [1.25, 8.5, 1.375, 8.625], "texture": "#0"},
				"west": {"uv": [8.5, 1.25, 8.625, 1.375], "texture": "#0"},
				"up": {"uv": [1.625, 8.625, 1.5, 8.5], "texture": "#0"},
				"down": {"uv": [8.625, 1.5, 8.5, 1.625], "texture": "#0"}
			}
		},
		{
			"from": [7.875, 19.63618, -7.2],
			"to": [8.125, 19.91118, -6.37979],
			"rotation": {"angle": 0, "axis": "y", "origin": [7.975, 13.69288, 8.10265]},
			"faces": {
				"north": {"uv": [1.75, 8.5, 1.875, 8.625], "texture": "#0"},
				"east": {"uv": [8.25, 2.75, 8.5, 2.875], "texture": "#0"},
				"south": {"uv": [8.5, 1.75, 8.625, 1.875], "texture": "#0"},
				"west": {"uv": [8.25, 3, 8.5, 3.125], "texture": "#0"},
				"up": {"uv": [3.375, 8.5, 3.25, 8.25], "texture": "#0"},
				"down": {"uv": [8.375, 3.25, 8.25, 3.5], "texture": "#0"}
			}
		},
		{
			"from": [7.875, 19.88618, -7.2],
			"to": [8.125, 20.16118, -6.62979],
			"rotation": {"angle": 0, "axis": "y", "origin": [7.975, 13.69288, 8.10265]},
			"faces": {
				"north": {"uv": [2, 8.5, 2.125, 8.625], "texture": "#0"},
				"east": {"uv": [8.5, 2, 8.625, 2.125], "texture": "#0"},
				"south": {"uv": [2.25, 8.5, 2.375, 8.625], "texture": "#0"},
				"west": {"uv": [8.5, 2.25, 8.625, 2.375], "texture": "#0"},
				"up": {"uv": [2.625, 8.625, 2.5, 8.5], "texture": "#0"},
				"down": {"uv": [8.625, 2.5, 8.5, 2.625], "texture": "#0"}
			}
		},
		{
			"from": [7.875, 20.13618, -7.2],
			"to": [8.125, 20.41118, -6.87979],
			"rotation": {"angle": 0, "axis": "y", "origin": [7.975, 13.69288, 8.10265]},
			"faces": {
				"north": {"uv": [2.75, 8.5, 2.875, 8.625], "texture": "#0"},
				"east": {"uv": [8.5, 2.75, 8.625, 2.875], "texture": "#0"},
				"south": {"uv": [3, 8.5, 3.125, 8.625], "texture": "#0"},
				"west": {"uv": [8.5, 3, 8.625, 3.125], "texture": "#0"},
				"up": {"uv": [3.375, 8.625, 3.25, 8.5], "texture": "#0"},
				"down": {"uv": [8.625, 3.25, 8.5, 3.375], "texture": "#0"}
			}
		},
		{
			"from": [7.775, 11.13618, -8.2],
			"to": [8.225, 14.66118, -7.37979],
			"rotation": {"angle": 0, "axis": "y", "origin": [7.975, 13.69288, 8.10265]},
			"faces": {
				"north": {"uv": [5.75, 7.25, 5.875, 8.125], "texture": "#0"},
				"east": {"uv": [6.75, 0.25, 7, 1.125], "texture": "#0"},
				"south": {"uv": [6, 7.25, 6.125, 8.125], "texture": "#0"},
				"west": {"uv": [6.75, 3, 7, 3.875], "texture": "#0"},
				"up": {"uv": [3.625, 8.5, 3.5, 8.25], "texture": "#0"},
				"down": {"uv": [8.375, 3.5, 8.25, 3.75], "texture": "#0"}
			}
		},
		{
			"from": [7.3, 9.01118, -8.7],
			"to": [8.7, 11.16118, -4.87979],
			"rotation": {"angle": 0, "axis": "y", "origin": [7.975, 13.69288, 8.10265]},
			"faces": {
				"north": {"uv": [6.75, 5.75, 7.125, 6.25], "texture": "#0"},
				"east": {"uv": [3, 4.75, 4, 5.25], "texture": "#0"},
				"south": {"uv": [6.25, 6.75, 6.625, 7.25], "texture": "#0"},
				"west": {"uv": [4.75, 4.5, 5.75, 5], "texture": "#0"},
				"up": {"uv": [0.875, 6.5, 0.5, 5.5], "texture": "#0"},
				"down": {"uv": [5.625, 5.5, 5.25, 6.5], "texture": "#0"}
			}
		},
		{
			"from": [7.8, 9.51118, -12.45],
			"to": [8.2, 9.91118, -8.62979],
			"rotation": {"angle": 0, "axis": "y", "origin": [7.975, 13.69288, 8.10265]},
			"faces": {
				"north": {"uv": [3.5, 8.5, 3.625, 8.625], "texture": "#0"},
				"east": {"uv": [7.25, 1.25, 8.25, 1.375], "texture": "#0"},
				"south": {"uv": [8.5, 3.5, 8.625, 3.625], "texture": "#0"},
				"west": {"uv": [7.25, 1.5, 8.25, 1.625], "texture": "#0"},
				"up": {"uv": [3.375, 8.25, 3.25, 7.25], "texture": "#0"},
				"down": {"uv": [3.625, 7.25, 3.5, 8.25], "texture": "#0"}
			}
		},
		{
			"from": [7.7, 9.41118, -10.2],
			"to": [8.3, 10.01118, -8.62979],
			"rotation": {"angle": 0, "axis": "y", "origin": [7.975, 13.69288, 8.10265]},
			"faces": {
				"north": {"uv": [3.75, 8.5, 3.875, 8.625], "texture": "#0"},
				"east": {"uv": [8, 4, 8.375, 4.125], "texture": "#0"},
				"south": {"uv": [8.5, 3.75, 8.625, 3.875], "texture": "#0"},
				"west": {"uv": [8, 5.75, 8.375, 5.875], "texture": "#0"},
				"up": {"uv": [8.125, 6.375, 8, 6], "texture": "#0"},
				"down": {"uv": [6.375, 8, 6.25, 8.375], "texture": "#0"}
			}
		},
		{
			"from": [7.7, 10.41118, -9.2],
			"to": [8.3, 11.01118, -8.62979],
			"rotation": {"angle": 0, "axis": "y", "origin": [7.975, 13.69288, 8.10265]},
			"faces": {
				"north": {"uv": [4, 8.5, 4.125, 8.625], "texture": "#0"},
				"east": {"uv": [8.5, 4, 8.625, 4.125], "texture": "#0"},
				"south": {"uv": [4.25, 8.5, 4.375, 8.625], "texture": "#0"},
				"west": {"uv": [8.5, 4.25, 8.625, 4.375], "texture": "#0"},
				"up": {"uv": [4.625, 8.625, 4.5, 8.5], "texture": "#0"},
				"down": {"uv": [8.625, 4.5, 8.5, 4.625], "texture": "#0"}
			}
		},
		{
			"from": [7.7, 9.41118, -12.45],
			"to": [8.3, 10.01118, -10.62979],
			"rotation": {"angle": 0, "axis": "y", "origin": [7.975, 13.69288, 8.10265]},
			"faces": {
				"north": {"uv": [4.75, 8.5, 4.875, 8.625], "texture": "#0"},
				"east": {"uv": [7.75, 0.25, 8.25, 0.375], "texture": "#0"},
				"south": {"uv": [8.5, 4.75, 8.625, 4.875], "texture": "#0"},
				"west": {"uv": [0.5, 7.75, 1, 7.875], "texture": "#0"},
				"up": {"uv": [7.875, 2.25, 7.75, 1.75], "texture": "#0"},
				"down": {"uv": [7.875, 2.25, 7.75, 2.75], "texture": "#0"}
			}
		},
		{
			"from": [7.05, 7.51118, 22.39597],
			"to": [8.95, 11.23953, 24.24112],
			"rotation": {"angle": 0, "axis": "y", "origin": [7.975, 13.69288, 8.10265]},
			"faces": {
				"north": {"uv": [1, 5.25, 1.5, 6.125], "texture": "#0"},
				"east": {"uv": [5.25, 1, 5.75, 1.875], "texture": "#0"},
				"south": {"uv": [1.5, 5.25, 2, 6.125], "texture": "#0"},
				"west": {"uv": [3, 5.25, 3.5, 6.125], "texture": "#0"},
				"up": {"uv": [6.75, 6.25, 6.25, 5.75], "texture": "#0"},
				"down": {"uv": [6.75, 6.25, 6.25, 6.75], "texture": "#0"}
			}
		},
		{
			"from": [7.125, 15.31519, 23.2586],
			"to": [8.875, 17.31519, 28.2586],
			"rotation": {"angle": 22.5, "axis": "x", "origin": [8.025, 13.69288, 8.10265]},
			"faces": {
				"north": {"uv": [0.5, 6.5, 1, 7], "texture": "#0"},
				"east": {"uv": [3.5, 1.25, 4.75, 1.75], "texture": "#0"},
				"south": {"uv": [6.5, 2.5, 7, 3], "texture": "#0"},
				"west": {"uv": [3.75, 2.5, 5, 3], "texture": "#0"},
				"up": {"uv": [4.5, 1.25, 4, 0], "texture": "#0"},
				"down": {"uv": [1.5, 4, 1, 5.25], "texture": "#0"}
			}
		},
		{
			"from": [7.125, 13.81519, 24.0086],
			"to": [8.875, 14.31519, 28.2586],
			"rotation": {"angle": 22.5, "axis": "x", "origin": [8.025, 13.69288, 8.10265]},
			"faces": {
				"north": {"uv": [7.75, 0.5, 8.25, 0.625], "texture": "#0"},
				"east": {"uv": [7, 3, 8.125, 3.125], "texture": "#0"},
				"south": {"uv": [7.75, 2.75, 8.25, 2.875], "texture": "#0"},
				"west": {"uv": [7, 3.25, 8.125, 3.375], "texture": "#0"},
				"up": {"uv": [0.5, 5.375, 0, 4.25], "texture": "#0"},
				"down": {"uv": [1, 4.25, 0.5, 5.375], "texture": "#0"}
			}
		},
		{
			"from": [7.125, 14.31519, 27.7586],
			"to": [8.875, 15.31519, 28.2586],
			"rotation": {"angle": 22.5, "axis": "x", "origin": [8.025, 13.69288, 8.10265]},
			"faces": {
				"north": {"uv": [7.25, 1.75, 7.75, 2], "texture": "#0"},
				"east": {"uv": [8.25, 3.75, 8.375, 4], "texture": "#0"},
				"south": {"uv": [4, 7.25, 4.5, 7.5], "texture": "#0"},
				"west": {"uv": [4.25, 8.25, 4.375, 8.5], "texture": "#0"},
				"up": {"uv": [4.25, 7.875, 3.75, 7.75], "texture": "#0"},
				"down": {"uv": [5.75, 7.75, 5.25, 7.875], "texture": "#0"}
			}
		}
	],
	"display": {
		"thirdperson_righthand": {
			"translation": [0, -0.5, -11],
			"scale": [0.8, 0.8, 0.8]
		},
		"thirdperson_lefthand": {
			"translation": [0, -1.25, -15.75]
		},
		"firstperson_righthand": {
			"rotation": [0, 10, 0],
			"translation": [-6.25, 5.75, 4.5],
			"scale": [0.25, 0.25, 0.25]
		},
		"firstperson_lefthand": {
			"rotation": [0, 10, 0],
			"translation": [-6.25, 5.75, 4.5],
			"scale": [0.25, 0.25, 0.25]
		},
		"ground": {
			"translation": [0, -2, 0],
			"scale": [1.02, 1.02, 1.02]
		},
		"gui": {
			"rotation": [90, -54.5, 90],
			"translation": [0, -1.25, 0],
			"scale": [0.48, 0.48, 0.48]
		},
		"head": {
			"rotation": [90, -42.5, 90],
			"translation": [4.75, -14, 4.5],
			"scale": [1.28, 1.28, 1.28]
		},
		"fixed": {
			"rotation": [0, 90, 0],
			"translation": [0, -3.5, 0],
			"scale": [1.99, 1.99, 1.99]
		}
	},
	"groups": [
		{
			"name": "group",
			"origin": [8, 2.34253, 5.26433],
			"color": 0,
			"children": [
				0,
				1,
				2,
				3,
				4,
				5,
				6,
				7,
				8,
				9,
				10,
				11,
				12,
				13,
				14,
				15,
				16,
				17,
				18,
				19,
				20,
				21,
				22,
				23,
				24,
				25,
				26,
				27,
				28,
				29,
				30,
				31,
				32,
				33,
				34,
				35,
				36,
				37,
				38,
				39,
				40,
				41,
				42,
				43,
				44,
				45,
				46,
				47,
				48,
				49
			]
		}
	]
}