{
	"credit": "Made with Blockbench",
	"texture_size": [32, 32],
	"textures": {
		"1": "block/esper_sparkle",
		"particle": "block/esper_sparkle"
	},
	"elements": [
		{
			"from": [8, 0, 0],
			"to": [8, 8, 8],
			"shade": false,
			"faces": {
				"north": {"uv": [0, 0, 0, 4], "texture": "#1"},
				"east": {"uv": [4, 0, 8, 4], "texture": "#1"},
				"south": {"uv": [0, 0, 0, 4], "texture": "#1"},
				"west": {"uv": [4, 4, 8, 8], "texture": "#1"},
				"up": {"uv": [0, 4, 0, 0], "texture": "#1"},
				"down": {"uv": [0, 0, 0, 4], "texture": "#1"}
			}
		},
		{
			"from": [4, 4, 0],
			"to": [12, 4, 8],
			"shade": false,
			"faces": {
				"north": {"uv": [0, 0, 4, 0], "texture": "#1"},
				"east": {"uv": [0, 0, 4, 0], "texture": "#1"},
				"south": {"uv": [0, 0, 4, 0], "texture": "#1"},
				"west": {"uv": [0, 0, 4, 0], "texture": "#1"},
				"up": {"uv": [4, 12, 0, 8], "texture": "#1"},
				"down": {"uv": [12, 0, 8, 4], "texture": "#1"}
			}
		},
		{
			"from": [4, 0, 4],
			"to": [12, 8, 4],
			"shade": false,
			"faces": {
				"north": {"uv": [0, 0, 4, 4], "texture": "#1"},
				"east": {"uv": [0, 0, 0, 4], "texture": "#1"},
				"south": {"uv": [0, 4, 4, 8], "texture": "#1"},
				"west": {"uv": [0, 0, 0, 4], "texture": "#1"},
				"up": {"uv": [4, 0, 0, 0], "texture": "#1"},
				"down": {"uv": [4, 0, 0, 0], "texture": "#1"}
			}
		}
	],
	"display": {
		"head": {
			"translation": [0, 15.5, 3.75],
			"scale": [4, 4, 4]
		}
	}
}