{
	"credit": "Made with Blockbench",
	"texture_size": [64, 64],
	"textures": {
		"0": "block/godslayerhelmet",
		"particle": "block/godslayerhelmet"
	},
	"elements": [
		{
			"from": [2.75, 2, -0.75],
			"to": [13.25, 5, 1.25],
			"rotation": {"angle": 0, "axis": "y", "origin": [0, 2, -0.75]},
			"faces": {
				"north": {"uv": [9.25, 7.25, 12, 8], "texture": "#0"},
				"east": {"uv": [6.5, 2.75, 7, 3.5], "texture": "#0"},
				"south": {"uv": [5.5, 9.75, 8.25, 10.5], "texture": "#0"},
				"west": {"uv": [7, 5.5, 7.5, 6.25], "texture": "#0"},
				"up": {"uv": [11, 10.25, 8.25, 9.75], "texture": "#0"},
				"down": {"uv": [12.75, 2, 10, 2.5], "texture": "#0"}
			}
		},
		{
			"from": [-0.75, 2, 2.75],
			"to": [1.5, 5, 8.75],
			"rotation": {"angle": 0, "axis": "y", "origin": [-0.75, 2, 0]},
			"faces": {
				"north": {"uv": [8.25, 2, 8.75, 2.75], "texture": "#0"},
				"east": {"uv": [10, 2.5, 11.5, 3.25], "texture": "#0"},
				"south": {"uv": [13, 1, 13.5, 1.75], "texture": "#0"},
				"west": {"uv": [10, 3.25, 11.5, 4], "texture": "#0"},
				"up": {"uv": [5.25, 13, 4.75, 11.5], "texture": "#0"},
				"down": {"uv": [11.75, 12, 11.25, 13.5], "texture": "#0"}
			}
		},
		{
			"from": [2.10844, 2, 1.56565],
			"to": [3.60844, 5, 3.56565],
			"rotation": {"angle": 22.5, "axis": "y", "origin": [-2.64156, 3, 2.56565]},
			"faces": {
				"north": {"uv": [13, 1.75, 13.5, 2.5], "texture": "#0"},
				"east": {"uv": [5.5, 13, 6, 13.75], "texture": "#0"},
				"south": {"uv": [6, 13, 6.5, 13.75], "texture": "#0"},
				"west": {"uv": [6.5, 13, 7, 13.75], "texture": "#0"},
				"up": {"uv": [6, 9.25, 5.5, 8.75], "texture": "#0"},
				"down": {"uv": [13.25, 8.75, 12.75, 9.25], "texture": "#0"}
			}
		},
		{
			"from": [1.56565, 2, 2.10844],
			"to": [3.56565, 5, 3.60844],
			"rotation": {"angle": -22.5, "axis": "y", "origin": [2.56565, 3, -2.64156]},
			"faces": {
				"north": {"uv": [7, 13, 7.5, 13.75], "texture": "#0"},
				"east": {"uv": [13, 7.25, 13.5, 8], "texture": "#0"},
				"south": {"uv": [9.25, 13, 9.75, 13.75], "texture": "#0"},
				"west": {"uv": [9.75, 13, 10.25, 13.75], "texture": "#0"},
				"up": {"uv": [13.75, 4.5, 13.25, 4], "texture": "#0"},
				"down": {"uv": [13.75, 4.75, 13.25, 5.25], "texture": "#0"}
			}
		},
		{
			"from": [0.54096, 2, 0.31146],
			"to": [2.54096, 5, 2.48957],
			"rotation": {"angle": -45, "axis": "y", "origin": [1.54096, 3, 1.06146]},
			"faces": {
				"north": {"uv": [10.25, 13, 10.75, 13.75], "texture": "#0"},
				"east": {"uv": [13, 12, 13.5, 12.75], "texture": "#0"},
				"south": {"uv": [12.5, 13, 13, 13.75], "texture": "#0"},
				"west": {"uv": [13, 12.75, 13.5, 13.5], "texture": "#0"},
				"up": {"uv": [14.25, 4.5, 13.75, 4], "texture": "#0"},
				"down": {"uv": [14.25, 8.75, 13.75, 9.25], "texture": "#0"}
			}
		},
		{
			"from": [12.39156, 2, 1.56565],
			"to": [13.89156, 5, 3.56565],
			"rotation": {"angle": -22.5, "axis": "y", "origin": [18.64156, 3, 2.56565]},
			"faces": {
				"north": {"uv": [0, 13.25, 0.5, 14], "texture": "#0"},
				"east": {"uv": [13.25, 0, 13.75, 0.75], "texture": "#0"},
				"south": {"uv": [13.25, 8.75, 13.75, 9.5], "texture": "#0"},
				"west": {"uv": [13.5, 0.75, 14, 1.5], "texture": "#0"},
				"up": {"uv": [14.25, 9.75, 13.75, 9.25], "texture": "#0"},
				"down": {"uv": [13, 13.75, 12.5, 14.25], "texture": "#0"}
			}
		},
		{
			"from": [13.45904, 2, 0.31146],
			"to": [15.45904, 5, 2.48957],
			"rotation": {"angle": 45, "axis": "y", "origin": [14.45904, 3, 1.06146]},
			"faces": {
				"north": {"uv": [13.5, 1.5, 14, 2.25], "texture": "#0"},
				"east": {"uv": [13.5, 7.25, 14, 8], "texture": "#0"},
				"south": {"uv": [10.75, 13.5, 11.25, 14.25], "texture": "#0"},
				"west": {"uv": [11.25, 13.5, 11.75, 14.25], "texture": "#0"},
				"up": {"uv": [0.5, 14.5, 0, 14], "texture": "#0"},
				"down": {"uv": [14.5, 0.75, 14, 1.25], "texture": "#0"}
			}
		},
		{
			"from": [12.43435, 2, 2.10844],
			"to": [14.43435, 5, 3.60844],
			"rotation": {"angle": 22.5, "axis": "y", "origin": [13.43435, 3, -2.64156]},
			"faces": {
				"north": {"uv": [11.75, 13.5, 12.25, 14.25], "texture": "#0"},
				"east": {"uv": [13.5, 12, 14, 12.75], "texture": "#0"},
				"south": {"uv": [13.5, 12.75, 14, 13.5], "texture": "#0"},
				"west": {"uv": [13, 13.5, 13.5, 14.25], "texture": "#0"},
				"up": {"uv": [14.5, 1.75, 14, 1.25], "texture": "#0"},
				"down": {"uv": [14.5, 1.75, 14, 2.25], "texture": "#0"}
			}
		},
		{
			"from": [-0.75, 3.12132, 7.45711],
			"to": [1.5, 5.22132, 16.00711],
			"rotation": {"angle": -45, "axis": "x", "origin": [0.25, 4.12132, 9.45711]},
			"faces": {
				"north": {"uv": [14, 7, 14.5, 7.5], "texture": "#0"},
				"east": {"uv": [10, 4, 12.25, 4.5], "texture": "#0"},
				"south": {"uv": [14, 7.5, 14.5, 8], "texture": "#0"},
				"west": {"uv": [10, 9.25, 12.25, 9.75], "texture": "#0"},
				"up": {"uv": [8.75, 12.5, 8.25, 10.25], "texture": "#0"},
				"down": {"uv": [9.25, 10.25, 8.75, 12.5], "texture": "#0"}
			}
		},
		{
			"from": [-0.25, 16.23779, 14.71421],
			"to": [1.75, 18.23779, 16.71421],
			"rotation": {"angle": 0, "axis": "y", "origin": [0.75, 17.23779, 15.71421]},
			"faces": {
				"north": {"uv": [14, 12, 14.5, 12.5], "texture": "#0"},
				"east": {"uv": [14, 12.5, 14.5, 13], "texture": "#0"},
				"south": {"uv": [14, 13, 14.5, 13.5], "texture": "#0"},
				"west": {"uv": [14, 13.5, 14.5, 14], "texture": "#0"},
				"up": {"uv": [14.5, 14.5, 14, 14], "texture": "#0"},
				"down": {"uv": [14.75, 0, 14.25, 0.5], "texture": "#0"}
			}
		},
		{
			"from": [14.25, 14.9449, 15.83553],
			"to": [16.25, 16.9449, 17.83553],
			"rotation": {"angle": 45, "axis": "x", "origin": [15.25, 18.9449, 16.83553]},
			"faces": {
				"north": {"uv": [14.25, 4, 14.75, 4.5], "texture": "#0"},
				"east": {"uv": [14.25, 4.75, 14.75, 5.25], "texture": "#0"},
				"south": {"uv": [14.25, 5.25, 14.75, 5.75], "texture": "#0"},
				"west": {"uv": [14.25, 5.75, 14.75, 6.25], "texture": "#0"},
				"up": {"uv": [14.75, 6.75, 14.25, 6.25], "texture": "#0"},
				"down": {"uv": [14.75, 8.75, 14.25, 9.25], "texture": "#0"}
			}
		},
		{
			"from": [-0.75, 4.24264, 10.96421],
			"to": [1.25, 6.49264, 15.25],
			"rotation": {"angle": 0, "axis": "y", "origin": [0.25, 5.24264, 12.16421]},
			"faces": {
				"north": {"uv": [14.25, 9.25, 14.75, 9.75], "texture": "#0"},
				"east": {"uv": [6.25, 7.75, 7.25, 8.25], "texture": "#0"},
				"south": {"uv": [10.75, 14.25, 11.25, 14.75], "texture": "#0"},
				"west": {"uv": [12, 7.25, 13, 7.75], "texture": "#0"},
				"up": {"uv": [13, 2, 12.5, 1], "texture": "#0"},
				"down": {"uv": [11.25, 12.5, 10.75, 13.5], "texture": "#0"}
			}
		},
		{
			"from": [14.5, 2, 2.75],
			"to": [16.75, 5, 8.75],
			"rotation": {"angle": 0, "axis": "y", "origin": [16.75, 2, 0]},
			"faces": {
				"north": {"uv": [13.5, 13.5, 14, 14.25], "texture": "#0"},
				"east": {"uv": [9.25, 10.25, 10.75, 11], "texture": "#0"},
				"south": {"uv": [13.75, 0, 14.25, 0.75], "texture": "#0"},
				"west": {"uv": [0, 10.5, 1.5, 11.25], "texture": "#0"},
				"up": {"uv": [12.25, 13.5, 11.75, 12], "texture": "#0"},
				"down": {"uv": [1, 12.25, 0.5, 13.75], "texture": "#0"}
			}
		},
		{
			"from": [-0.75, 7.84577, 14.74247],
			"to": [16.75, 9.84577, 16.74247],
			"rotation": {"angle": 0, "axis": "y", "origin": [2.25, 8.84577, 11.99247]},
			"faces": {
				"north": {"uv": [8.75, 4.75, 13.25, 5.25], "texture": "#0"},
				"east": {"uv": [11.25, 14.25, 11.75, 14.75], "texture": "#0"},
				"south": {"uv": [9.25, 5.25, 13.75, 5.75], "texture": "#0"},
				"west": {"uv": [11.75, 14.25, 12.25, 14.75], "texture": "#0"},
				"up": {"uv": [10, 9.75, 5.5, 9.25], "texture": "#0"},
				"down": {"uv": [13.75, 5.75, 9.25, 6.25], "texture": "#0"}
			}
		},
		{
			"from": [-0.75, 4.43176, 15.49924],
			"to": [16.75, 8.33176, 16.29924],
			"rotation": {"angle": 22.5, "axis": "x", "origin": [15.75, 6.97465, 15.29924]},
			"faces": {
				"north": {"uv": [1.75, 7.75, 6.25, 8.75], "texture": "#0"},
				"east": {"uv": [1.5, 10.5, 1.75, 11.5], "texture": "#0"},
				"south": {"uv": [8.25, 0, 12.75, 1], "texture": "#0"},
				"west": {"uv": [5.25, 14.25, 5.5, 15.25], "texture": "#0"},
				"up": {"uv": [13.75, 8.25, 9.25, 8], "texture": "#0"},
				"down": {"uv": [14.5, 4.5, 10, 4.75], "texture": "#0"}
			}
		},
		{
			"from": [-0.75, 6.24577, 14.74247],
			"to": [16.75, 7.84577, 15.89247],
			"rotation": {"angle": 0, "axis": "y", "origin": [2.25, 6.84577, 11.99247]},
			"faces": {
				"north": {"uv": [9.25, 6.25, 13.75, 6.75], "texture": "#0"},
				"east": {"uv": [7.25, 7.75, 7.5, 8.25], "texture": "#0"},
				"south": {"uv": [9.25, 6.75, 13.75, 7.25], "texture": "#0"},
				"west": {"uv": [6, 8.75, 6.25, 9.25], "texture": "#0"},
				"up": {"uv": [15, 8.5, 10.5, 8.25], "texture": "#0"},
				"down": {"uv": [15, 8.5, 10.5, 8.75], "texture": "#0"}
			}
		},
		{
			"from": [-0.75, 6.24577, 13.24013],
			"to": [1.25, 9.31856, 14.74247],
			"rotation": {"angle": 0, "axis": "y", "origin": [0.25, 7.24577, 14.74247]},
			"faces": {
				"north": {"uv": [0.5, 13.75, 1, 14.5], "texture": "#0"},
				"east": {"uv": [13.75, 4.75, 14.25, 5.5], "texture": "#0"},
				"south": {"uv": [5.5, 13.75, 6, 14.5], "texture": "#0"},
				"west": {"uv": [13.75, 5.5, 14.25, 6.25], "texture": "#0"},
				"up": {"uv": [13, 14.75, 12.5, 14.25], "texture": "#0"},
				"down": {"uv": [13.5, 14.25, 13, 14.75], "texture": "#0"}
			}
		},
		{
			"from": [14.75, 4.24264, 10.96421],
			"to": [16.75, 6.49264, 15.25],
			"rotation": {"angle": 0, "axis": "y", "origin": [15.75, 5.24264, 12.16421]},
			"faces": {
				"north": {"uv": [13.5, 14.25, 14, 14.75], "texture": "#0"},
				"east": {"uv": [12.25, 4, 13.25, 4.5], "texture": "#0"},
				"south": {"uv": [0, 14.5, 0.5, 15], "texture": "#0"},
				"west": {"uv": [12.25, 9.25, 13.25, 9.75], "texture": "#0"},
				"up": {"uv": [13, 13, 12.5, 12], "texture": "#0"},
				"down": {"uv": [13.25, 0, 12.75, 1], "texture": "#0"}
			}
		},
		{
			"from": [-0.25, 8.82358, 13.3],
			"to": [1.75, 16.82358, 15.3],
			"rotation": {"angle": 0, "axis": "y", "origin": [0.75, 9.82358, 15.24247]},
			"faces": {
				"north": {"uv": [5.5, 11, 6, 13], "texture": "#0"},
				"east": {"uv": [6, 11, 6.5, 13], "texture": "#0"},
				"south": {"uv": [6.5, 11, 7, 13], "texture": "#0"},
				"west": {"uv": [7, 11, 7.5, 13], "texture": "#0"},
				"up": {"uv": [1, 15, 0.5, 14.5], "texture": "#0"},
				"down": {"uv": [15, 0.5, 14.5, 1], "texture": "#0"}
			}
		},
		{
			"from": [14.75, 6.24577, 13.24013],
			"to": [16.75, 9.31856, 14.74247],
			"rotation": {"angle": 0, "axis": "y", "origin": [15.75, 7.24577, 14.74247]},
			"faces": {
				"north": {"uv": [6, 13.75, 6.5, 14.5], "texture": "#0"},
				"east": {"uv": [13.75, 6.25, 14.25, 7], "texture": "#0"},
				"south": {"uv": [6.5, 13.75, 7, 14.5], "texture": "#0"},
				"west": {"uv": [7, 13.75, 7.5, 14.5], "texture": "#0"},
				"up": {"uv": [15, 1.5, 14.5, 1], "texture": "#0"},
				"down": {"uv": [15, 1.5, 14.5, 2], "texture": "#0"}
			}
		},
		{
			"from": [1.25, 5, 0.25],
			"to": [14.75, 16, 1.25],
			"rotation": {"angle": 0, "axis": "y", "origin": [7, 4, 0.25]},
			"faces": {
				"north": {"uv": [0, 3.5, 3.5, 6.25], "texture": "#0"},
				"east": {"uv": [5.25, 11.5, 5.5, 14.25], "texture": "#0"},
				"south": {"uv": [3.5, 3.5, 7, 6.25], "texture": "#0"},
				"west": {"uv": [3.75, 12, 4, 14.75], "texture": "#0"},
				"up": {"uv": [14.75, 11, 11.25, 10.75], "texture": "#0"},
				"down": {"uv": [14.75, 11, 11.25, 11.25], "texture": "#0"}
			}
		},
		{
			"from": [0.25, 5, 1.25],
			"to": [1.25, 16, 7.95],
			"rotation": {"angle": 0, "axis": "y", "origin": [6, 4, 0.25]},
			"faces": {
				"north": {"uv": [1, 12.25, 1.25, 15], "texture": "#0"},
				"east": {"uv": [6.5, 0, 8.25, 2.75], "texture": "#0"},
				"south": {"uv": [1.25, 12.25, 1.5, 15], "texture": "#0"},
				"west": {"uv": [7, 2.75, 8.75, 5.5], "texture": "#0"},
				"up": {"uv": [8, 14.5, 7.75, 12.75], "texture": "#0"},
				"down": {"uv": [8.25, 12.75, 8, 14.5], "texture": "#0"}
			}
		},
		{
			"from": [0.33579, 5, 0.45711],
			"to": [1.75, 16, 1.45711],
			"rotation": {"angle": 45, "axis": "y", "origin": [1.25, 5.5, 0.95711]},
			"faces": {
				"north": {"uv": [1.5, 12.25, 1.75, 15], "texture": "#0"},
				"east": {"uv": [1.75, 12.25, 2, 15], "texture": "#0"},
				"south": {"uv": [2, 12.25, 2.25, 15], "texture": "#0"},
				"west": {"uv": [2.25, 12.25, 2.5, 15], "texture": "#0"},
				"up": {"uv": [9, 5.5, 8.75, 5.25], "texture": "#0"},
				"down": {"uv": [9.25, 5.25, 9, 5.5], "texture": "#0"}
			}
		},
		{
			"from": [1.25, 15.39017, 0.72227],
			"to": [14.75, 16.80438, 1.72227],
			"rotation": {"angle": 45, "axis": "x", "origin": [7.125, 16.26517, 1.22227]},
			"faces": {
				"north": {"uv": [11.25, 11.25, 14.75, 11.5], "texture": "#0"},
				"east": {"uv": [0.5, 11.25, 0.75, 11.5], "texture": "#0"},
				"south": {"uv": [0.5, 11.5, 4, 11.75], "texture": "#0"},
				"west": {"uv": [0.75, 11.25, 1, 11.5], "texture": "#0"},
				"up": {"uv": [15, 2.75, 11.5, 2.5], "texture": "#0"},
				"down": {"uv": [15, 2.75, 11.5, 3], "texture": "#0"}
			}
		},
		{
			"from": [0.81066, 15.35355, 1.25],
			"to": [1.81066, 16.76777, 15.25],
			"rotation": {"angle": -45, "axis": "z", "origin": [1.31066, 16.35355, 4.6]},
			"faces": {
				"north": {"uv": [1, 11.25, 1.25, 11.5], "texture": "#0"},
				"east": {"uv": [11.5, 3, 15, 3.25], "texture": "#0"},
				"south": {"uv": [1.25, 11.25, 1.5, 11.5], "texture": "#0"},
				"west": {"uv": [11.5, 3.25, 15, 3.5], "texture": "#0"},
				"up": {"uv": [7.75, 14.5, 7.5, 11], "texture": "#0"},
				"down": {"uv": [4.25, 11.5, 4, 15], "texture": "#0"}
			}
		},
		{
			"from": [1.25, 16, 1.25],
			"to": [14.75, 17, 15.25],
			"rotation": {"angle": 0, "axis": "y", "origin": [7, 16, 1.25]},
			"faces": {
				"north": {"uv": [11.25, 11.75, 14.5, 12], "texture": "#0"},
				"east": {"uv": [11.5, 3.5, 15, 3.75], "texture": "#0"},
				"south": {"uv": [0.5, 12, 3.75, 12.25], "texture": "#0"},
				"west": {"uv": [11.5, 3.75, 15, 4], "texture": "#0"},
				"up": {"uv": [3.25, 3.5, 0, 0], "texture": "#0"},
				"down": {"uv": [6.5, 0, 3.25, 3.5], "texture": "#0"}
			}
		},
		{
			"from": [0.25, 9.75, 15.15],
			"to": [15.75, 16, 15.25],
			"rotation": {"angle": 0, "axis": "y", "origin": [7, 16, 15.15]},
			"faces": {
				"north": {"uv": [0, 6.25, 3.75, 7.75], "texture": "#0"},
				"east": {"uv": [9.25, 13.75, 9.5, 15.25], "texture": "#0"},
				"south": {"uv": [3.75, 6.25, 7.5, 7.75], "texture": "#0"},
				"west": {"uv": [9.5, 13.75, 9.75, 15.25], "texture": "#0"},
				"up": {"uv": [15, 10.5, 11.25, 10.25], "texture": "#0"},
				"down": {"uv": [15, 10.5, 11.25, 10.75], "texture": "#0"}
			}
		},
		{
			"from": [14.25, 5, 0.45711],
			"to": [15.66421, 16, 1.45711],
			"rotation": {"angle": -45, "axis": "y", "origin": [14.75, 5.5, 0.95711]},
			"faces": {
				"north": {"uv": [2.5, 12.25, 2.75, 15], "texture": "#0"},
				"east": {"uv": [2.75, 12.25, 3, 15], "texture": "#0"},
				"south": {"uv": [3, 12.25, 3.25, 15], "texture": "#0"},
				"west": {"uv": [3.25, 12.25, 3.5, 15], "texture": "#0"},
				"up": {"uv": [12.25, 8, 12, 7.75], "texture": "#0"},
				"down": {"uv": [12.5, 7.75, 12.25, 8], "texture": "#0"}
			}
		},
		{
			"from": [14.75, 5, 1.25],
			"to": [15.75, 16, 7.95],
			"rotation": {"angle": 0, "axis": "y", "origin": [10, 4, 0.25]},
			"faces": {
				"north": {"uv": [3.5, 12.25, 3.75, 15], "texture": "#0"},
				"east": {"uv": [7.5, 5.5, 9.25, 8.25], "texture": "#0"},
				"south": {"uv": [12.25, 12, 12.5, 14.75], "texture": "#0"},
				"west": {"uv": [0, 7.75, 1.75, 10.5], "texture": "#0"},
				"up": {"uv": [5, 14.75, 4.75, 13], "texture": "#0"},
				"down": {"uv": [5.25, 13, 5, 14.75], "texture": "#0"}
			}
		},
		{
			"from": [14.18934, 15.35355, 1.25],
			"to": [15.18934, 16.76777, 15.25],
			"rotation": {"angle": 45, "axis": "z", "origin": [14.68934, 16.35355, 4.6]},
			"faces": {
				"north": {"uv": [12.5, 7.75, 12.75, 8], "texture": "#0"},
				"east": {"uv": [11.25, 11.5, 14.75, 11.75], "texture": "#0"},
				"south": {"uv": [12.75, 2, 13, 2.25], "texture": "#0"},
				"west": {"uv": [0.5, 11.75, 4, 12], "texture": "#0"},
				"up": {"uv": [4.5, 15, 4.25, 11.5], "texture": "#0"},
				"down": {"uv": [4.75, 11.5, 4.5, 15], "texture": "#0"}
			}
		},
		{
			"from": [0.25, 5, 7.95],
			"to": [1, 16, 13.4],
			"rotation": {"angle": 0, "axis": "y", "origin": [6, 4, 6.95]},
			"faces": {
				"north": {"uv": [8.25, 12.5, 8.5, 15.25], "texture": "#0"},
				"east": {"uv": [1.75, 8.75, 3, 11.5], "texture": "#0"},
				"south": {"uv": [8.5, 12.5, 8.75, 15.25], "texture": "#0"},
				"west": {"uv": [8.75, 2, 10, 4.75], "texture": "#0"},
				"up": {"uv": [10, 15, 9.75, 13.75], "texture": "#0"},
				"down": {"uv": [10.25, 13.75, 10, 15], "texture": "#0"}
			}
		},
		{
			"from": [15, 5, 7.95],
			"to": [15.75, 16, 13.4],
			"rotation": {"angle": 0, "axis": "y", "origin": [10, 4, 6.95]},
			"faces": {
				"north": {"uv": [8.75, 12.5, 9, 15.25], "texture": "#0"},
				"east": {"uv": [3, 8.75, 4.25, 11.5], "texture": "#0"},
				"south": {"uv": [9, 12.5, 9.25, 15.25], "texture": "#0"},
				"west": {"uv": [4.25, 8.75, 5.5, 11.5], "texture": "#0"},
				"up": {"uv": [10.5, 15, 10.25, 13.75], "texture": "#0"},
				"down": {"uv": [10.75, 13.75, 10.5, 15], "texture": "#0"}
			}
		},
		{
			"from": [14.25, 8.82358, 13.3],
			"to": [16.25, 16.82358, 15.3],
			"rotation": {"angle": 0, "axis": "y", "origin": [15.25, 9.82358, 15.24247]},
			"faces": {
				"north": {"uv": [9.25, 11, 9.75, 13], "texture": "#0"},
				"east": {"uv": [9.75, 11, 10.25, 13], "texture": "#0"},
				"south": {"uv": [10.25, 11, 10.75, 13], "texture": "#0"},
				"west": {"uv": [0, 11.25, 0.5, 13.25], "texture": "#0"},
				"up": {"uv": [15, 2.5, 14.5, 2], "texture": "#0"},
				"down": {"uv": [6, 14.5, 5.5, 15], "texture": "#0"}
			}
		},
		{
			"from": [14.5, 3.12132, 7.45711],
			"to": [16.75, 5.22132, 16.00711],
			"rotation": {"angle": -45, "axis": "x", "origin": [15.75, 4.12132, 9.45711]},
			"faces": {
				"north": {"uv": [6, 14.5, 6.5, 15], "texture": "#0"},
				"east": {"uv": [5.5, 10.5, 7.75, 11], "texture": "#0"},
				"south": {"uv": [6.5, 14.5, 7, 15], "texture": "#0"},
				"west": {"uv": [10.5, 8.75, 12.75, 9.25], "texture": "#0"},
				"up": {"uv": [8.25, 12.75, 7.75, 10.5], "texture": "#0"},
				"down": {"uv": [11.25, 10.25, 10.75, 12.5], "texture": "#0"}
			}
		},
		{
			"from": [-0.25, 14.9449, 15.83553],
			"to": [1.75, 16.9449, 17.83553],
			"rotation": {"angle": 45, "axis": "x", "origin": [0.75, 18.9449, 16.83553]},
			"faces": {
				"north": {"uv": [14.5, 6.75, 15, 7.25], "texture": "#0"},
				"east": {"uv": [7, 14.5, 7.5, 15], "texture": "#0"},
				"south": {"uv": [14.5, 7.25, 15, 7.75], "texture": "#0"},
				"west": {"uv": [7.5, 14.5, 8, 15], "texture": "#0"},
				"up": {"uv": [15, 8.25, 14.5, 7.75], "texture": "#0"},
				"down": {"uv": [15, 11.75, 14.5, 12.25], "texture": "#0"}
			}
		},
		{
			"from": [14.25, 16.23779, 14.71421],
			"to": [16.25, 18.23779, 16.71421],
			"rotation": {"angle": 0, "axis": "y", "origin": [15.25, 17.23779, 15.71421]},
			"faces": {
				"north": {"uv": [14.5, 12.25, 15, 12.75], "texture": "#0"},
				"east": {"uv": [14.5, 12.75, 15, 13.25], "texture": "#0"},
				"south": {"uv": [14.5, 13.25, 15, 13.75], "texture": "#0"},
				"west": {"uv": [14.5, 13.75, 15, 14.25], "texture": "#0"},
				"up": {"uv": [14.5, 15, 14, 14.5], "texture": "#0"},
				"down": {"uv": [15, 14.25, 14.5, 14.75], "texture": "#0"}
			}
		},
		{
			"from": [-0.25, 9.02066, 15.382],
			"to": [16.25, 12.96933, 16.71209],
			"rotation": {"angle": -22.5, "axis": "x", "origin": [7.5, 9.50957, 14.65323]},
			"faces": {
				"north": {"uv": [8.25, 1, 12.5, 2], "texture": "#0"},
				"east": {"uv": [8, 14.5, 8.25, 15.5], "texture": "#0"},
				"south": {"uv": [6.25, 8.25, 10.5, 9.25], "texture": "#0"},
				"west": {"uv": [3.75, 14.75, 4, 15.75], "texture": "#0"},
				"up": {"uv": [15.25, 10, 11, 9.75], "texture": "#0"},
				"down": {"uv": [15.25, 10, 11, 10.25], "texture": "#0"}
			}
		}
	],
	"display": {
		"head": {
			"translation": [0, -1.25, 0]
		}
	},
	"groups": [
		{
			"name": "godslayerhelmet",
			"origin": [8, 8, 8],
			"color": 0,
			"children": [0, 1, 2, 3, 4, 5, 6, 7, 8, 9, 10, 11, 12, 13, 14, 15, 16, 17, 18, 19, 20, 21, 22, 23, 24, 25, 26, 27, 28, 29, 30, 31, 32, 33, 34, 35, 36]
		}
	]
}