{
	"credit": "Made with Blockbench",
	"texture_size": [32, 32],
	"textures": {
		"0": "item/Grimoire1",
		"1": "item/Grimoire2",
		"2": "item/Grimoire3",
		"3": "item/Grimoire4",
		"4": "item/Grimoire5",
		"5": "item/Grimoire6",
		"particle": "item/Grimoire1"
	},
	"elements": [
		{
			"from": [5, 4.5, 11.34571],
			"to": [6, 5.25, 13.99571],
			"rotation": {"angle": 0, "axis": "y", "origin": [7.75, 4.875, 13.31036]},
			"faces": {
				"north": {"uv": [0, 0, 1, 0.75], "texture": "#4"},
				"east": {"uv": [0, 0, 2.65, 0.75], "texture": "#4"},
				"south": {"uv": [0, 0, 1, 0.75], "texture": "#4"},
				"west": {"uv": [0, 0, 2.65, 0.75], "texture": "#4"},
				"up": {"uv": [0, 0, 1, 2.65], "texture": "#4"},
				"down": {"uv": [0, 0, 1, 2.65], "texture": "#4"}
			}
		},
		{
			"from": [4, 4.5, 10.94571],
			"to": [5, 5.25, 13.99571],
			"rotation": {"angle": 0, "axis": "y", "origin": [7.75, 4.875, 13.31036]},
			"faces": {
				"north": {"uv": [0, 0, 1, 0.75], "texture": "#4"},
				"east": {"uv": [0, 0, 3.05, 0.75], "texture": "#4"},
				"south": {"uv": [0, 0, 1, 0.75], "texture": "#4"},
				"west": {"uv": [0, 0, 3.05, 0.75], "texture": "#4"},
				"up": {"uv": [0, 0, 1, 3.05], "texture": "#4"},
				"down": {"uv": [0, 0, 1, 3.05], "texture": "#4"}
			}
		},
		{
			"from": [6, 4.5, 11.74571],
			"to": [7, 5.25, 13.99571],
			"rotation": {"angle": 0, "axis": "y", "origin": [7.75, 4.875, 13.31036]},
			"faces": {
				"north": {"uv": [0, 0, 1, 0.75], "texture": "#4"},
				"east": {"uv": [0, 0, 2.25, 0.75], "texture": "#4"},
				"south": {"uv": [0, 0, 1, 0.75], "texture": "#4"},
				"west": {"uv": [0, 0, 2.25, 0.75], "texture": "#4"},
				"up": {"uv": [0, 0, 1, 2.25], "texture": "#4"},
				"down": {"uv": [0, 0, 1, 2.25], "texture": "#4"}
			}
		},
		{
			"from": [8, 4.5, 12.54571],
			"to": [9, 5.25, 13.99571],
			"rotation": {"angle": 0, "axis": "y", "origin": [7.75, 4.875, 13.31036]},
			"faces": {
				"north": {"uv": [0, 0, 1, 0.75], "texture": "#4"},
				"east": {"uv": [0, 0, 1.45, 0.75], "texture": "#4"},
				"south": {"uv": [0, 0, 1, 0.75], "texture": "#4"},
				"west": {"uv": [0, 0, 1.45, 0.75], "texture": "#4"},
				"up": {"uv": [0, 0, 1, 1.45], "texture": "#4"},
				"down": {"uv": [0, 0, 1, 1.45], "texture": "#4"}
			}
		},
		{
			"from": [7, 4.5, 12.14571],
			"to": [8, 5.25, 13.99571],
			"rotation": {"angle": 0, "axis": "y", "origin": [7.75, 4.875, 13.31036]},
			"faces": {
				"north": {"uv": [0, 0, 1, 0.75], "texture": "#4"},
				"east": {"uv": [0, 0, 1.85, 0.75], "texture": "#4"},
				"south": {"uv": [0, 0, 1, 0.75], "texture": "#4"},
				"west": {"uv": [0, 0, 1.85, 0.75], "texture": "#4"},
				"up": {"uv": [0, 0, 1, 1.85], "texture": "#4"},
				"down": {"uv": [0, 0, 1, 1.85], "texture": "#4"}
			}
		},
		{
			"from": [4, 4.5, 13.99571],
			"to": [12, 5.25, 14.49571],
			"rotation": {"angle": 0, "axis": "y", "origin": [7.75, 4.875, 13.31036]},
			"faces": {
				"north": {"uv": [0, 0, 8, 0.75], "texture": "#4"},
				"east": {"uv": [0, 0, 0.5, 0.75], "texture": "#4"},
				"south": {"uv": [0, 0, 8, 0.75], "texture": "#4"},
				"west": {"uv": [0, 0, 0.5, 0.75], "texture": "#4"},
				"up": {"uv": [0, 0, 8, 0.5], "texture": "#4"},
				"down": {"uv": [0, 0, 8, 0.5], "texture": "#4"}
			}
		},
		{
			"from": [9, 4.5, 12.94571],
			"to": [10, 5.25, 13.99571],
			"rotation": {"angle": 0, "axis": "y", "origin": [7.75, 4.875, 13.31036]},
			"faces": {
				"north": {"uv": [0, 0, 1, 0.75], "texture": "#4"},
				"east": {"uv": [0, 0, 1.05, 0.75], "texture": "#4"},
				"south": {"uv": [0, 0, 1, 0.75], "texture": "#4"},
				"west": {"uv": [0, 0, 1.05, 0.75], "texture": "#4"},
				"up": {"uv": [0, 0, 1, 1.05], "texture": "#4"},
				"down": {"uv": [0, 0, 1, 1.05], "texture": "#4"}
			}
		},
		{
			"from": [10, 4.5, 13.34571],
			"to": [11, 5.25, 13.99571],
			"rotation": {"angle": 0, "axis": "y", "origin": [7.75, 4.875, 13.31036]},
			"faces": {
				"north": {"uv": [0, 0, 1, 0.75], "texture": "#4"},
				"east": {"uv": [0, 0, 0.65, 0.75], "texture": "#4"},
				"south": {"uv": [0, 0, 1, 0.75], "texture": "#4"},
				"west": {"uv": [0, 0, 0.65, 0.75], "texture": "#4"},
				"up": {"uv": [0, 0, 1, 0.65], "texture": "#4"},
				"down": {"uv": [0, 0, 1, 0.65], "texture": "#4"}
			}
		},
		{
			"from": [3.04004, 4.5, 12.08313],
			"to": [12.29004, 5.25, 12.58313],
			"rotation": {"angle": -22.5, "axis": "y", "origin": [7.75, 4.875, 13.31036]},
			"faces": {
				"north": {"uv": [0, 0, 9.25, 0.75], "texture": "#4"},
				"east": {"uv": [0, 0, 0.5, 0.75], "texture": "#4"},
				"south": {"uv": [0, 0, 9.25, 0.75], "texture": "#4"},
				"west": {"uv": [0, 0, 0.5, 0.75], "texture": "#4"},
				"up": {"uv": [0, 0, 9.25, 0.5], "texture": "#4"},
				"down": {"uv": [0, 0, 9.25, 0.5], "texture": "#4"}
			}
		},
		{
			"from": [11, 4.5, 2.5],
			"to": [12, 5.25, 5.55],
			"rotation": {"angle": 0, "axis": "y", "origin": [10.5, 4.875, 2.875]},
			"faces": {
				"north": {"uv": [0, 0, 1, 0.75], "texture": "#4"},
				"east": {"uv": [0, 0, 3.05, 0.75], "texture": "#4"},
				"south": {"uv": [0, 0, 1, 0.75], "texture": "#4"},
				"west": {"uv": [0, 0, 3.05, 0.75], "texture": "#4"},
				"up": {"uv": [0, 0, 1, 3.05], "rotation": 180, "texture": "#4"},
				"down": {"uv": [0, 0, 1, 3.05], "rotation": 180, "texture": "#4"}
			}
		},
		{
			"from": [10, 4.5, 2.5],
			"to": [11, 5.25, 5.15],
			"rotation": {"angle": 0, "axis": "y", "origin": [10.5, 4.875, 2.875]},
			"faces": {
				"north": {"uv": [0, 0, 1, 0.75], "texture": "#4"},
				"east": {"uv": [0, 0, 2.65, 0.75], "texture": "#4"},
				"south": {"uv": [0, 0, 1, 0.75], "texture": "#4"},
				"west": {"uv": [0, 0, 2.65, 0.75], "texture": "#4"},
				"up": {"uv": [0, 0, 1, 2.65], "rotation": 180, "texture": "#4"},
				"down": {"uv": [0, 0, 1, 2.65], "rotation": 180, "texture": "#4"}
			}
		},
		{
			"from": [9, 4.5, 2.5],
			"to": [10, 5.25, 4.75],
			"rotation": {"angle": 0, "axis": "y", "origin": [10.5, 4.875, 2.875]},
			"faces": {
				"north": {"uv": [0, 0, 1, 0.75], "texture": "#4"},
				"east": {"uv": [0, 0, 2.25, 0.75], "texture": "#4"},
				"south": {"uv": [0, 0, 1, 0.75], "texture": "#4"},
				"west": {"uv": [0, 0, 2.25, 0.75], "texture": "#4"},
				"up": {"uv": [0, 0, 1, 2.25], "rotation": 180, "texture": "#4"},
				"down": {"uv": [0, 0, 1, 2.25], "rotation": 180, "texture": "#4"}
			}
		},
		{
			"from": [8, 4.5, 2.5],
			"to": [9, 5.25, 4.35],
			"rotation": {"angle": 0, "axis": "y", "origin": [10.5, 4.875, 2.875]},
			"faces": {
				"north": {"uv": [0, 0, 1, 0.75], "texture": "#4"},
				"east": {"uv": [0, 0, 1.85, 0.75], "texture": "#4"},
				"south": {"uv": [0, 0, 1, 0.75], "texture": "#4"},
				"west": {"uv": [0, 0, 1.85, 0.75], "texture": "#4"},
				"up": {"uv": [0, 0, 1, 1.85], "rotation": 180, "texture": "#4"},
				"down": {"uv": [0, 0, 1, 1.85], "rotation": 180, "texture": "#4"}
			}
		},
		{
			"from": [7, 4.5, 2.5],
			"to": [8, 5.25, 3.95],
			"rotation": {"angle": 0, "axis": "y", "origin": [10.5, 4.875, 2.875]},
			"faces": {
				"north": {"uv": [0, 0, 1, 0.75], "texture": "#4"},
				"east": {"uv": [0, 0, 1.45, 0.75], "texture": "#4"},
				"south": {"uv": [0, 0, 1, 0.75], "texture": "#4"},
				"west": {"uv": [0, 0, 1.45, 0.75], "texture": "#4"},
				"up": {"uv": [0, 0, 1, 1.45], "rotation": 180, "texture": "#4"},
				"down": {"uv": [0, 0, 1, 1.45], "rotation": 180, "texture": "#4"}
			}
		},
		{
			"from": [6, 4.5, 2.5],
			"to": [7, 5.25, 3.55],
			"rotation": {"angle": 0, "axis": "y", "origin": [10.5, 4.875, 2.875]},
			"faces": {
				"north": {"uv": [0, 0, 1, 0.75], "texture": "#4"},
				"east": {"uv": [0, 0, 1.05, 0.75], "texture": "#4"},
				"south": {"uv": [0, 0, 1, 0.75], "texture": "#4"},
				"west": {"uv": [0, 0, 1.05, 0.75], "texture": "#4"},
				"up": {"uv": [0, 0, 1, 1.05], "rotation": 180, "texture": "#4"},
				"down": {"uv": [0, 0, 1, 1.05], "rotation": 180, "texture": "#4"}
			}
		},
		{
			"from": [5, 4.5, 2.5],
			"to": [6, 5.25, 3.15],
			"rotation": {"angle": 0, "axis": "y", "origin": [10.5, 4.875, 2.875]},
			"faces": {
				"north": {"uv": [0, 0, 1, 0.75], "texture": "#4"},
				"east": {"uv": [0, 0, 0.65, 0.75], "texture": "#4"},
				"south": {"uv": [0, 0, 1, 0.75], "texture": "#4"},
				"west": {"uv": [0, 0, 0.65, 0.75], "texture": "#4"},
				"up": {"uv": [0, 0, 1, 0.65], "rotation": 180, "texture": "#4"},
				"down": {"uv": [0, 0, 1, 0.65], "rotation": 180, "texture": "#4"}
			}
		},
		{
			"from": [4.5, 4.5, 2.5],
			"to": [5.5, 5.25, 2.75],
			"rotation": {"angle": 0, "axis": "y", "origin": [10.5, 4.875, 2.875]},
			"faces": {
				"north": {"uv": [0, 0, 1, 0.75], "texture": "#4"},
				"east": {"uv": [0, 0, 0.25, 0.75], "texture": "#4"},
				"south": {"uv": [0, 0, 1, 0.75], "texture": "#4"},
				"west": {"uv": [0, 0, 0.25, 0.75], "texture": "#4"},
				"up": {"uv": [0, 0, 1, 0.25], "rotation": 180, "texture": "#4"},
				"down": {"uv": [0, 0, 1, 0.25], "rotation": 180, "texture": "#4"}
			}
		},
		{
			"from": [4, 4.5, 4.75],
			"to": [13.1, 5.25, 5.25],
			"rotation": {"angle": -22.5, "axis": "y", "origin": [10.5, 4.875, 2.875]},
			"faces": {
				"north": {"uv": [0, 0, 9.1, 0.75], "texture": "#4"},
				"east": {"uv": [0, 0, 0.5, 0.75], "texture": "#4"},
				"south": {"uv": [0, 0, 9.1, 0.75], "texture": "#4"},
				"west": {"uv": [0, 0, 0.5, 0.75], "texture": "#4"},
				"up": {"uv": [0, 0, 9.1, 0.5], "rotation": 180, "texture": "#4"},
				"down": {"uv": [0, 0, 9.1, 0.5], "rotation": 180, "texture": "#4"}
			}
		},
		{
			"from": [10.5, 4.5, 13.74571],
			"to": [11.5, 5.25, 13.99571],
			"rotation": {"angle": 0, "axis": "y", "origin": [7.75, 4.875, 13.31036]},
			"faces": {
				"north": {"uv": [0, 0, 1, 0.75], "texture": "#4"},
				"east": {"uv": [0, 0, 0.25, 0.75], "texture": "#4"},
				"south": {"uv": [0, 0, 1, 0.75], "texture": "#4"},
				"west": {"uv": [0, 0, 0.25, 0.75], "texture": "#4"},
				"up": {"uv": [0, 0, 1, 0.25], "texture": "#4"},
				"down": {"uv": [0, 0, 1, 0.25], "texture": "#4"}
			}
		},
		{
			"from": [9.61453, 2, 2.11796],
			"to": [10.11453, 2.25, 5.29994],
			"rotation": {"angle": 45, "axis": "y", "origin": [10.41263, 1.875, 1.58395]},
			"faces": {
				"north": {"uv": [0, 0, 0.5, 0.25], "texture": "#3"},
				"east": {"uv": [0, 0, 3.18198, 0.25], "texture": "#3"},
				"south": {"uv": [0, 0, 0.5, 0.25], "texture": "#3"},
				"west": {"uv": [0, 0, 3.18198, 0.25], "texture": "#3"},
				"up": {"uv": [0, 0, 0.5, 3.18198], "rotation": 180, "texture": "#3"},
				"down": {"uv": [0, 0, 0.5, 3.18198], "rotation": 180, "texture": "#3"}
			}
		},
		{
			"from": [12.47589, 2, 2.02589],
			"to": [12.97589, 2.25, 4.77589],
			"rotation": {"angle": 0, "axis": "y", "origin": [12.72589, 1.875, 3.40089]},
			"faces": {
				"north": {"uv": [0, 0, 0.5, 0.25], "texture": "#3"},
				"east": {"uv": [0, 0, 2.75, 0.25], "texture": "#3"},
				"south": {"uv": [0, 0, 0.5, 0.25], "texture": "#3"},
				"west": {"uv": [0, 0, 2.75, 0.25], "texture": "#3"},
				"up": {"uv": [0, 0, 2.75, 0.5], "rotation": 90, "texture": "#3"},
				"down": {"uv": [0, 0, 2.75, 0.5], "rotation": 270, "texture": "#3"}
			}
		},
		{
			"from": [10.22589, 2, 2.02589],
			"to": [12.97589, 2.25, 2.52589],
			"rotation": {"angle": 0, "axis": "y", "origin": [10.47589, 1.625, 2.90089]},
			"faces": {
				"north": {"uv": [0, 0, 2.75, 0.25], "texture": "#3"},
				"east": {"uv": [0, 0, 0.5, 0.25], "texture": "#3"},
				"south": {"uv": [0, 0, 2.75, 0.25], "texture": "#3"},
				"west": {"uv": [0, 0, 0.5, 0.25], "texture": "#3"},
				"up": {"uv": [0, 0, 2.75, 0.5], "rotation": 180, "texture": "#3"},
				"down": {"uv": [0, 0, 2.75, 0.5], "rotation": 180, "texture": "#3"}
			}
		},
		{
			"from": [11.97589, 2, 2.52589],
			"to": [12.47589, 2.25, 4.27589],
			"rotation": {"angle": 0, "axis": "y", "origin": [12.72589, 1.875, 3.40089]},
			"faces": {
				"north": {"uv": [0, 0, 0.5, 0.25], "texture": "#3"},
				"east": {"uv": [0, 0, 1.75, 0.25], "texture": "#3"},
				"south": {"uv": [0, 0, 0.5, 0.25], "texture": "#3"},
				"west": {"uv": [0, 0, 1.75, 0.25], "texture": "#3"},
				"up": {"uv": [0, 0, 1.75, 0.5], "rotation": 90, "texture": "#3"},
				"down": {"uv": [0, 0, 1.75, 0.5], "rotation": 270, "texture": "#3"}
			}
		},
		{
			"from": [11.47589, 2, 2.52589],
			"to": [11.97589, 2.25, 3.77589],
			"rotation": {"angle": 0, "axis": "y", "origin": [12.72589, 1.875, 3.40089]},
			"faces": {
				"north": {"uv": [0, 0, 0.5, 0.25], "texture": "#3"},
				"east": {"uv": [0, 0, 1.25, 0.25], "texture": "#3"},
				"south": {"uv": [0, 0, 0.5, 0.25], "texture": "#3"},
				"west": {"uv": [0, 0, 1.25, 0.25], "texture": "#3"},
				"up": {"uv": [0, 0, 1.25, 0.5], "rotation": 90, "texture": "#3"},
				"down": {"uv": [0, 0, 1.25, 0.5], "rotation": 270, "texture": "#3"}
			}
		},
		{
			"from": [10.87589, 2, 2.52589],
			"to": [11.47589, 2.25, 3.12589],
			"rotation": {"angle": 0, "axis": "y", "origin": [12.72589, 1.875, 3.40089]},
			"faces": {
				"north": {"uv": [0, 0, 0.6, 0.25], "texture": "#3"},
				"east": {"uv": [0, 0, 0.6, 0.25], "texture": "#3"},
				"south": {"uv": [0, 0, 0.6, 0.25], "texture": "#3"},
				"west": {"uv": [0, 0, 0.6, 0.25], "texture": "#3"},
				"up": {"uv": [0, 0, 0.6, 0.6], "rotation": 90, "texture": "#3"},
				"down": {"uv": [0, 0, 0.6, 0.6], "rotation": 270, "texture": "#3"}
			}
		},
		{
			"from": [12.5, 2, 12.25],
			"to": [13, 2.25, 15],
			"rotation": {"angle": 0, "axis": "y", "origin": [12.15089, 2, 13.975]},
			"faces": {
				"north": {"uv": [0, 0, 0.5, 0.25], "texture": "#3"},
				"east": {"uv": [0, 0, 2.75, 0.25], "texture": "#3"},
				"south": {"uv": [0, 0, 0.5, 0.25], "texture": "#3"},
				"west": {"uv": [0, 0, 2.75, 0.25], "texture": "#3"},
				"up": {"uv": [0, 0, 2.75, 0.5], "rotation": 270, "texture": "#3"},
				"down": {"uv": [0, 0, 2.75, 0.5], "rotation": 90, "texture": "#3"}
			}
		},
		{
			"from": [11.25, 2, 13.5],
			"to": [12.5, 2.25, 14],
			"rotation": {"angle": 0, "axis": "y", "origin": [12.15089, 2, 13.975]},
			"faces": {
				"north": {"uv": [0, 0, 1.25, 0.25], "texture": "#3"},
				"east": {"uv": [0, 0, 0.5, 0.25], "texture": "#3"},
				"south": {"uv": [0, 0, 1.25, 0.25], "texture": "#3"},
				"west": {"uv": [0, 0, 0.5, 0.25], "texture": "#3"},
				"up": {"uv": [0, 0, 1.25, 0.5], "rotation": 180, "texture": "#3"},
				"down": {"uv": [0, 0, 1.25, 0.5], "rotation": 180, "texture": "#3"}
			}
		},
		{
			"from": [10.25, 2, 14.5],
			"to": [13, 2.25, 15],
			"rotation": {"angle": 0, "axis": "y", "origin": [12.15089, 2, 13.975]},
			"faces": {
				"north": {"uv": [0, 0, 2.75, 0.25], "texture": "#3"},
				"east": {"uv": [0, 0, 0.5, 0.25], "texture": "#3"},
				"south": {"uv": [0, 0, 2.75, 0.25], "texture": "#3"},
				"west": {"uv": [0, 0, 0.5, 0.25], "texture": "#3"},
				"up": {"uv": [0, 0, 2.75, 0.5], "rotation": 180, "texture": "#3"},
				"down": {"uv": [0, 0, 2.75, 0.5], "rotation": 180, "texture": "#3"}
			}
		},
		{
			"from": [10.75, 2, 14],
			"to": [12.5, 2.25, 14.5],
			"rotation": {"angle": 0, "axis": "y", "origin": [12.15089, 2, 13.975]},
			"faces": {
				"north": {"uv": [0, 0, 1.75, 0.25], "texture": "#3"},
				"east": {"uv": [0, 0, 0.5, 0.25], "texture": "#3"},
				"south": {"uv": [0, 0, 1.75, 0.25], "texture": "#3"},
				"west": {"uv": [0, 0, 0.5, 0.25], "texture": "#3"},
				"up": {"uv": [0, 0, 1.75, 0.5], "rotation": 180, "texture": "#3"},
				"down": {"uv": [0, 0, 1.75, 0.5], "rotation": 180, "texture": "#3"}
			}
		},
		{
			"from": [10.43553, 2, 13.0021],
			"to": [13.61751, 2.25, 13.5021],
			"rotation": {"angle": 45, "axis": "y", "origin": [12.15089, 2, 13.975]},
			"faces": {
				"north": {"uv": [0, 0, 3.18198, 0.25], "texture": "#3"},
				"east": {"uv": [0, 0, 0.5, 0.25], "texture": "#3"},
				"south": {"uv": [0, 0, 3.18198, 0.25], "texture": "#3"},
				"west": {"uv": [0, 0, 0.5, 0.25], "texture": "#3"},
				"up": {"uv": [0, 0, 0.5, 3.18198], "rotation": 270, "texture": "#3"},
				"down": {"uv": [0, 0, 0.5, 3.18198], "rotation": 90, "texture": "#3"}
			}
		},
		{
			"from": [11.9, 2, 12.9],
			"to": [12.5, 2.25, 13.5],
			"rotation": {"angle": 0, "axis": "y", "origin": [12.15089, 2, 13.975]},
			"faces": {
				"north": {"uv": [0, 0, 0.6, 0.25], "texture": "#3"},
				"east": {"uv": [0, 0, 0.6, 0.25], "texture": "#3"},
				"south": {"uv": [0, 0, 0.6, 0.25], "texture": "#3"},
				"west": {"uv": [0, 0, 0.6, 0.25], "texture": "#3"},
				"up": {"uv": [0, 0, 0.6, 0.6], "rotation": 180, "texture": "#3"},
				"down": {"uv": [0, 0, 0.6, 0.6], "rotation": 180, "texture": "#3"}
			}
		},
		{
			"from": [10.25, 5.25, 2],
			"to": [13, 5.5, 2.5],
			"rotation": {"angle": 0, "axis": "y", "origin": [10.5, 4.875, 2.875]},
			"faces": {
				"north": {"uv": [0, 0, 2.75, 0.25], "texture": "#3"},
				"east": {"uv": [0, 0, 0.5, 0.25], "texture": "#3"},
				"south": {"uv": [0, 0, 2.75, 0.25], "texture": "#3"},
				"west": {"uv": [0, 0, 0.5, 0.25], "texture": "#3"},
				"up": {"uv": [0, 0, 2.75, 0.5], "rotation": 180, "texture": "#3"},
				"down": {"uv": [0, 0, 2.75, 0.5], "rotation": 180, "texture": "#3"}
			}
		},
		{
			"from": [12, 5.25, 2.5],
			"to": [12.5, 5.5, 4.25],
			"rotation": {"angle": 0, "axis": "y", "origin": [12.75, 5.125, 3.375]},
			"faces": {
				"north": {"uv": [0, 0, 0.5, 0.25], "texture": "#3"},
				"east": {"uv": [0, 0, 1.75, 0.25], "texture": "#3"},
				"south": {"uv": [0, 0, 0.5, 0.25], "texture": "#3"},
				"west": {"uv": [0, 0, 1.75, 0.25], "texture": "#3"},
				"up": {"uv": [0, 0, 1.75, 0.5], "rotation": 90, "texture": "#3"},
				"down": {"uv": [0, 0, 1.75, 0.5], "rotation": 270, "texture": "#3"}
			}
		},
		{
			"from": [12.5, 5.25, 2],
			"to": [13, 5.5, 4.75],
			"rotation": {"angle": 0, "axis": "y", "origin": [12.75, 5.125, 3.375]},
			"faces": {
				"north": {"uv": [0, 0, 0.5, 0.25], "texture": "#3"},
				"east": {"uv": [0, 0, 2.75, 0.25], "texture": "#3"},
				"south": {"uv": [0, 0, 0.5, 0.25], "texture": "#3"},
				"west": {"uv": [0, 0, 2.75, 0.25], "texture": "#3"},
				"up": {"uv": [0, 0, 2.75, 0.5], "rotation": 90, "texture": "#3"},
				"down": {"uv": [0, 0, 2.75, 0.5], "rotation": 270, "texture": "#3"}
			}
		},
		{
			"from": [11.5, 5.25, 2.5],
			"to": [12, 5.5, 3.75],
			"rotation": {"angle": 0, "axis": "y", "origin": [12.75, 5.125, 3.375]},
			"faces": {
				"north": {"uv": [0, 0, 0.5, 0.25], "texture": "#3"},
				"east": {"uv": [0, 0, 1.25, 0.25], "texture": "#3"},
				"south": {"uv": [0, 0, 0.5, 0.25], "texture": "#3"},
				"west": {"uv": [0, 0, 1.25, 0.25], "texture": "#3"},
				"up": {"uv": [0, 0, 1.25, 0.5], "rotation": 90, "texture": "#3"},
				"down": {"uv": [0, 0, 1.25, 0.5], "rotation": 270, "texture": "#3"}
			}
		},
		{
			"from": [9.63864, 5.25, 2.09207],
			"to": [10.13864, 5.5, 5.27405],
			"rotation": {"angle": 45, "axis": "y", "origin": [10.43674, 5.125, 1.55806]},
			"faces": {
				"north": {"uv": [0, 0, 0.5, 0.25], "texture": "#3"},
				"east": {"uv": [0, 0, 3.18198, 0.25], "texture": "#3"},
				"south": {"uv": [0, 0, 0.5, 0.25], "texture": "#3"},
				"west": {"uv": [0, 0, 3.18198, 0.25], "texture": "#3"},
				"up": {"uv": [0, 0, 0.5, 3.18198], "rotation": 180, "texture": "#3"},
				"down": {"uv": [0, 0, 0.5, 3.18198], "rotation": 180, "texture": "#3"}
			}
		},
		{
			"from": [10.9, 5.25, 2.5],
			"to": [11.5, 5.5, 3.1],
			"rotation": {"angle": 0, "axis": "y", "origin": [12.75, 5.125, 3.375]},
			"faces": {
				"north": {"uv": [0, 0, 0.6, 0.25], "texture": "#3"},
				"east": {"uv": [0, 0, 0.6, 0.25], "texture": "#3"},
				"south": {"uv": [0, 0, 0.6, 0.25], "texture": "#3"},
				"west": {"uv": [0, 0, 0.6, 0.25], "texture": "#3"},
				"up": {"uv": [0, 0, 0.6, 0.6], "rotation": 90, "texture": "#3"},
				"down": {"uv": [0, 0, 0.6, 0.6], "rotation": 270, "texture": "#3"}
			}
		},
		{
			"from": [10.45964, 5.25, 12.97621],
			"to": [13.64162, 5.5, 13.47621],
			"rotation": {"angle": 45, "axis": "y", "origin": [12.175, 5.25, 13.94911]},
			"faces": {
				"north": {"uv": [0, 0, 3.18198, 0.25], "texture": "#3"},
				"east": {"uv": [0, 0, 0.5, 0.25], "texture": "#3"},
				"south": {"uv": [0, 0, 3.18198, 0.25], "texture": "#3"},
				"west": {"uv": [0, 0, 0.5, 0.25], "texture": "#3"},
				"up": {"uv": [0, 0, 0.5, 3.18198], "rotation": 270, "texture": "#3"},
				"down": {"uv": [0, 0, 0.5, 3.18198], "rotation": 90, "texture": "#3"}
			}
		},
		{
			"from": [12.52411, 5.25, 12.22411],
			"to": [13.02411, 5.5, 14.97411],
			"rotation": {"angle": 0, "axis": "y", "origin": [12.175, 5.25, 13.94911]},
			"faces": {
				"north": {"uv": [0, 0, 0.5, 0.25], "texture": "#3"},
				"east": {"uv": [0, 0, 2.75, 0.25], "texture": "#3"},
				"south": {"uv": [0, 0, 0.5, 0.25], "texture": "#3"},
				"west": {"uv": [0, 0, 2.75, 0.25], "texture": "#3"},
				"up": {"uv": [0, 0, 2.75, 0.5], "rotation": 270, "texture": "#3"},
				"down": {"uv": [0, 0, 2.75, 0.5], "rotation": 90, "texture": "#3"}
			}
		},
		{
			"from": [11.27411, 5.25, 13.47411],
			"to": [12.52411, 5.5, 13.97411],
			"rotation": {"angle": 0, "axis": "y", "origin": [12.175, 5.25, 13.94911]},
			"faces": {
				"north": {"uv": [0, 0, 1.25, 0.25], "texture": "#3"},
				"east": {"uv": [0, 0, 0.5, 0.25], "texture": "#3"},
				"south": {"uv": [0, 0, 1.25, 0.25], "texture": "#3"},
				"west": {"uv": [0, 0, 0.5, 0.25], "texture": "#3"},
				"up": {"uv": [0, 0, 1.25, 0.5], "rotation": 180, "texture": "#3"},
				"down": {"uv": [0, 0, 1.25, 0.5], "rotation": 180, "texture": "#3"}
			}
		},
		{
			"from": [11.92411, 5.25, 12.87411],
			"to": [12.52411, 5.5, 13.47411],
			"rotation": {"angle": 0, "axis": "y", "origin": [12.175, 5.25, 13.94911]},
			"faces": {
				"north": {"uv": [0, 0, 0.6, 0.25], "texture": "#3"},
				"east": {"uv": [0, 0, 0.6, 0.25], "texture": "#3"},
				"south": {"uv": [0, 0, 0.6, 0.25], "texture": "#3"},
				"west": {"uv": [0, 0, 0.6, 0.25], "texture": "#3"},
				"up": {"uv": [0, 0, 0.6, 0.6], "rotation": 180, "texture": "#3"},
				"down": {"uv": [0, 0, 0.6, 0.6], "rotation": 180, "texture": "#3"}
			}
		},
		{
			"from": [10.77411, 5.25, 13.97411],
			"to": [12.52411, 5.5, 14.47411],
			"rotation": {"angle": 0, "axis": "y", "origin": [12.175, 5.25, 13.94911]},
			"faces": {
				"north": {"uv": [0, 0, 1.75, 0.25], "texture": "#3"},
				"east": {"uv": [0, 0, 0.5, 0.25], "texture": "#3"},
				"south": {"uv": [0, 0, 1.75, 0.25], "texture": "#3"},
				"west": {"uv": [0, 0, 0.5, 0.25], "texture": "#3"},
				"up": {"uv": [0, 0, 1.75, 0.5], "rotation": 180, "texture": "#3"},
				"down": {"uv": [0, 0, 1.75, 0.5], "rotation": 180, "texture": "#3"}
			}
		},
		{
			"from": [10.27411, 5.25, 14.47411],
			"to": [13.02411, 5.5, 14.97411],
			"rotation": {"angle": 0, "axis": "y", "origin": [12.175, 5.25, 13.94911]},
			"faces": {
				"north": {"uv": [0, 0, 2.75, 0.25], "texture": "#3"},
				"east": {"uv": [0, 0, 0.5, 0.25], "texture": "#3"},
				"south": {"uv": [0, 0, 2.75, 0.25], "texture": "#3"},
				"west": {"uv": [0, 0, 0.5, 0.25], "texture": "#3"},
				"up": {"uv": [0, 0, 2.75, 0.5], "rotation": 180, "texture": "#3"},
				"down": {"uv": [0, 0, 2.75, 0.5], "rotation": 180, "texture": "#3"}
			}
		},
		{
			"from": [4, 2.25, 14.5],
			"to": [12, 3, 15],
			"rotation": {"angle": 0, "axis": "y", "origin": [10.5, 4.875, 2.875]},
			"faces": {
				"north": {"uv": [0, 0, 8, 0.75], "texture": "#2"},
				"east": {"uv": [0, 0, 0.5, 0.75], "texture": "#2"},
				"south": {"uv": [0, 0, 8, 0.75], "texture": "#2"},
				"west": {"uv": [0, 0, 0.5, 0.75], "texture": "#2"},
				"up": {"uv": [0, 0, 8, 0.5], "rotation": 180, "texture": "#2"},
				"down": {"uv": [0, 0, 8, 0.5], "rotation": 180, "texture": "#2"}
			}
		},
		{
			"from": [12, 2.25, 2],
			"to": [13, 3, 15],
			"faces": {
				"north": {"uv": [0, 0, 1, 0.75], "texture": "#2"},
				"east": {"uv": [0, 0, 13, 0.75], "texture": "#2"},
				"south": {"uv": [0, 0, 1, 0.75], "texture": "#2"},
				"west": {"uv": [0, 0, 13, 0.75], "texture": "#2"},
				"up": {"uv": [0, 0, 13, 1], "rotation": 270, "texture": "#2"},
				"down": {"uv": [0, 0, 13, 1], "rotation": 90, "texture": "#2"}
			}
		},
		{
			"from": [4, 2.25, 2],
			"to": [12, 3, 2.5],
			"rotation": {"angle": 0, "axis": "y", "origin": [10.5, 4.875, 2.875]},
			"faces": {
				"north": {"uv": [0, 0, 8, 0.75], "texture": "#2"},
				"east": {"uv": [0, 0, 0.5, 0.75], "texture": "#2"},
				"south": {"uv": [0, 0, 8, 0.75], "texture": "#2"},
				"west": {"uv": [0, 0, 0.5, 0.75], "texture": "#2"},
				"up": {"uv": [0, 0, 8, 0.5], "rotation": 180, "texture": "#2"},
				"down": {"uv": [0, 0, 8, 0.5], "rotation": 180, "texture": "#2"}
			}
		},
		{
			"from": [4, 4.5, 2],
			"to": [12, 5.25, 2.5],
			"rotation": {"angle": 0, "axis": "y", "origin": [10.5, 4.875, 2.875]},
			"faces": {
				"north": {"uv": [0, 0, 8, 0.75], "texture": "#2"},
				"east": {"uv": [0, 0, 0.5, 0.75], "texture": "#2"},
				"south": {"uv": [0, 0, 8, 0.75], "texture": "#2"},
				"west": {"uv": [0, 0, 0.5, 0.75], "texture": "#2"},
				"up": {"uv": [0, 0, 8, 0.5], "rotation": 180, "texture": "#2"},
				"down": {"uv": [0, 0, 8, 0.5], "rotation": 180, "texture": "#2"}
			}
		},
		{
			"from": [12, 4.5, 2],
			"to": [13, 5.25, 15],
			"faces": {
				"north": {"uv": [0, 0, 1, 0.75], "texture": "#2"},
				"east": {"uv": [0, 0, 13, 0.75], "texture": "#2"},
				"south": {"uv": [0, 0, 1, 0.75], "texture": "#2"},
				"west": {"uv": [0, 0, 13, 0.75], "texture": "#2"},
				"up": {"uv": [0, 0, 13, 1], "rotation": 270, "texture": "#2"},
				"down": {"uv": [0, 0, 13, 1], "rotation": 90, "texture": "#2"}
			}
		},
		{
			"from": [4, 4.5, 14.5],
			"to": [12, 5.25, 15],
			"rotation": {"angle": 0, "axis": "y", "origin": [10.5, 4.875, 2.875]},
			"faces": {
				"north": {"uv": [0, 0, 8, 0.75], "texture": "#2"},
				"east": {"uv": [0, 0, 0.5, 0.75], "texture": "#2"},
				"south": {"uv": [0, 0, 8, 0.75], "texture": "#2"},
				"west": {"uv": [0, 0, 0.5, 0.75], "texture": "#2"},
				"up": {"uv": [0, 0, 8, 0.5], "rotation": 180, "texture": "#2"},
				"down": {"uv": [0, 0, 8, 0.5], "rotation": 180, "texture": "#2"}
			}
		},
		{
			"from": [3, 4.5, 2.25],
			"to": [12.75, 5, 14.75],
			"faces": {
				"north": {"uv": [0.5, 15.5, 10.25, 16], "texture": "#1"},
				"east": {"uv": [0, 14.5, 12.5, 15], "texture": "#1"},
				"south": {"uv": [0.5, 15.5, 10.25, 16], "texture": "#1"},
				"west": {"uv": [0, 15, 12.5, 15.5], "texture": "#1"},
				"up": {"uv": [3.5, 6.25, 16, 16], "rotation": 270, "texture": "#1"},
				"down": {"uv": [3.5, 6.25, 16, 16], "rotation": 90, "texture": "#1"}
			}
		},
		{
			"from": [2.5, 2.5, 2.25],
			"to": [12.175, 3, 14.75],
			"faces": {
				"north": {"uv": [0, 15.5, 9.675, 16], "texture": "#1"},
				"east": {"uv": [0, 15.5, 12.5, 16], "texture": "#1"},
				"south": {"uv": [0, 15.5, 9.675, 16], "texture": "#1"},
				"west": {"uv": [0, 15.5, 12.5, 16], "texture": "#1"},
				"up": {"uv": [3.5, 6.325, 16, 16], "rotation": 270, "texture": "#1"},
				"down": {"uv": [3.5, 6.325, 16, 16], "rotation": 90, "texture": "#1"}
			}
		},
		{
			"name": "Pages",
			"from": [3, 2.75, 2.25],
			"to": [12.75, 4.5, 14.75],
			"faces": {
				"north": {"uv": [0, 7.5, 5, 8.5], "texture": "#5"},
				"east": {"uv": [0, 6.5, 6.25, 7.5], "texture": "#5"},
				"south": {"uv": [5, 7.5, 10, 8.5], "texture": "#5"},
				"west": {"uv": [6.5, 6.5, 12.75, 7.5], "texture": "#5"},
				"up": {"uv": [5, 6.25, 0, 0], "texture": "#5"},
				"down": {"uv": [10, 0, 5, 6.25], "texture": "#5"}
			}
		},
		{
			"from": [2.25, 2.25, 2],
			"to": [4, 5.25, 15],
			"faces": {
				"north": {"uv": [0, 0, 1.75, 3], "texture": "#3"},
				"east": {"uv": [0, 0, 13, 3], "texture": "#3"},
				"south": {"uv": [0, 0, 1.75, 3], "texture": "#3"},
				"west": {"uv": [0, 0, 13, 3], "texture": "#3"},
				"up": {"uv": [0, 0, 13, 1.75], "rotation": 270, "texture": "#3"},
				"down": {"uv": [0, 0, 13, 1.75], "rotation": 90, "texture": "#3"}
			}
		},
		{
			"from": [1.75, 2.5, 2.5],
			"to": [3.5, 5, 14.5],
			"faces": {
				"north": {"uv": [0, 0, 0.875, 1.25], "texture": "#2"},
				"east": {"uv": [0, 0, 6, 1.25], "texture": "#2"},
				"south": {"uv": [0, 0, 0.875, 1.25], "texture": "#2"},
				"west": {"uv": [0, 0, 6, 1.25], "texture": "#2"},
				"up": {"uv": [0, 0, 6, 0.875], "rotation": 270, "texture": "#2"},
				"down": {"uv": [0, 0, 6, 0.875], "rotation": 90, "texture": "#2"}
			}
		},
		{
			"from": [3.8853, 4.75, 13.42336],
			"to": [5.6353, 5.3, 13.92336],
			"rotation": {"angle": 0, "axis": "y", "origin": [4.1353, 5, 14.67336]},
			"faces": {
				"north": {"uv": [3.5, 3, 8.25, 5.05], "texture": "#0"},
				"east": {"uv": [5, 2.5, 7, 4.55], "texture": "#0"},
				"south": {"uv": [5, 4, 9.75, 6.55], "texture": "#0"},
				"west": {"uv": [6.5, 4, 9.5, 6.55], "texture": "#0"},
				"up": {"uv": [6, 2.5, 9, 6.25], "rotation": 90, "texture": "#0"},
				"down": {"uv": [1, 4.5, 3.5, 6.75], "rotation": 270, "texture": "#0"}
			}
		},
		{
			"from": [5.59609, 4.75, 14.32626],
			"to": [8.59609, 5.3, 14.82626],
			"rotation": {"angle": 22.5, "axis": "y", "origin": [3.34609, 5, 14.27626]},
			"faces": {
				"north": {"uv": [3.5, 3, 9.5, 5.05], "texture": "#0"},
				"east": {"uv": [5, 2.5, 7, 4.55], "texture": "#0"},
				"south": {"uv": [5, 4, 11, 6.55], "texture": "#0"},
				"west": {"uv": [6.5, 4, 9.5, 6.55], "texture": "#0"},
				"up": {"uv": [6, 2.5, 9, 7.5], "rotation": 90, "texture": "#0"},
				"down": {"uv": [1, 4.5, 3.5, 8], "rotation": 270, "texture": "#0"}
			}
		},
		{
			"from": [8.3407, 4.75, 11.14229],
			"to": [8.8407, 5.3, 12.71729],
			"rotation": {"angle": 22.5, "axis": "y", "origin": [8.5907, 5, 13.01729]},
			"faces": {
				"north": {"uv": [0, 0, 0.5, 0.55], "texture": "#0"},
				"east": {"uv": [5, 2.5, 8.075, 4.55], "texture": "#0"},
				"south": {"uv": [0, 0, 0.5, 0.55], "texture": "#0"},
				"west": {"uv": [6.5, 4, 10.575, 6.55], "texture": "#0"},
				"up": {"uv": [6, 2.5, 9, 6.075], "texture": "#0"},
				"down": {"uv": [1, 4.5, 3.5, 6.575], "texture": "#0"}
			}
		},
		{
			"from": [8.47285, 4.75, 8.53662],
			"to": [8.97285, 5.3, 11.03662],
			"rotation": {"angle": 45, "axis": "y", "origin": [8.72285, 5, 12.16162]},
			"faces": {
				"north": {"uv": [0, 0, 0.5, 0.55], "texture": "#0"},
				"east": {"uv": [5, 2.5, 9, 4.55], "texture": "#0"},
				"south": {"uv": [0, 0, 0.5, 0.55], "texture": "#0"},
				"west": {"uv": [6.5, 4, 11.5, 6.55], "texture": "#0"},
				"up": {"uv": [6, 2.5, 9, 7], "texture": "#0"},
				"down": {"uv": [1, 4.5, 3.5, 7.5], "texture": "#0"}
			}
		},
		{
			"from": [8.1193, 4.75, 8.16009],
			"to": [8.6193, 5.3, 10.66009],
			"rotation": {"angle": -45, "axis": "y", "origin": [8.3693, 5, 7.03509]},
			"faces": {
				"north": {"uv": [0, 0, 0.5, 0.55], "texture": "#0"},
				"east": {"uv": [5, 2.5, 9, 4.55], "texture": "#0"},
				"south": {"uv": [0, 0, 0.5, 0.55], "texture": "#0"},
				"west": {"uv": [6.5, 4, 11.5, 6.55], "texture": "#0"},
				"up": {"uv": [6, 2.5, 9, 7], "rotation": 180, "texture": "#0"},
				"down": {"uv": [1, 4.5, 3.5, 7.5], "rotation": 180, "texture": "#0"}
			}
		},
		{
			"from": [6.08859, 4.75, 7.6124],
			"to": [6.58859, 5.3, 9.6124],
			"rotation": {"angle": -22.5, "axis": "y", "origin": [6.33859, 5.125, 8.3624]},
			"faces": {
				"north": {"uv": [0, 0, 0.5, 0.55], "texture": "#0"},
				"east": {"uv": [5, 2.5, 8.5, 4.55], "texture": "#0"},
				"south": {"uv": [0, 0, 0.5, 0.55], "texture": "#0"},
				"west": {"uv": [6.5, 4, 11, 6.55], "texture": "#0"},
				"up": {"uv": [6, 2.5, 9, 6.5], "rotation": 180, "texture": "#0"},
				"down": {"uv": [1, 4.5, 3.5, 7], "rotation": 180, "texture": "#0"}
			}
		},
		{
			"from": [6.35657, 4.75, 6.76516],
			"to": [6.85657, 5.3, 7.76516],
			"rotation": {"angle": 0, "axis": "y", "origin": [6.60657, 5.125, 7.26516]},
			"faces": {
				"north": {"uv": [0, 0, 0.5, 0.55], "texture": "#0"},
				"east": {"uv": [5, 2.5, 7.5, 4.55], "texture": "#0"},
				"south": {"uv": [0, 0, 0.5, 0.55], "texture": "#0"},
				"west": {"uv": [6.5, 4, 10, 6.55], "texture": "#0"},
				"up": {"uv": [6, 2.5, 9, 5.5], "rotation": 180, "texture": "#0"},
				"down": {"uv": [1, 4.5, 3.5, 6], "rotation": 180, "texture": "#0"}
			}
		},
		{
			"from": [6.3756, 4.75, 5.86083],
			"to": [6.8756, 5.3, 6.86083],
			"rotation": {"angle": 22.5, "axis": "y", "origin": [6.6256, 5.125, 6.86083]},
			"faces": {
				"north": {"uv": [0, 0, 0.5, 0.55], "texture": "#0"},
				"east": {"uv": [5, 2.5, 7.5, 4.55], "texture": "#0"},
				"south": {"uv": [0, 0, 0.5, 0.55], "texture": "#0"},
				"west": {"uv": [6.5, 4, 10, 6.55], "texture": "#0"},
				"up": {"uv": [6, 2.5, 9, 5.5], "rotation": 180, "texture": "#0"},
				"down": {"uv": [1, 4.5, 3.5, 6], "rotation": 180, "texture": "#0"}
			}
		},
		{
			"from": [5.91941, 4.75, 6.12882],
			"to": [7.41941, 5.3, 6.62882],
			"rotation": {"angle": -22.5, "axis": "y", "origin": [6.91941, 5.125, 7.37882]},
			"faces": {
				"north": {"uv": [0, 0, 1.5, 0.55], "texture": "#0"},
				"east": {"uv": [5, 2.5, 7, 4.55], "texture": "#0"},
				"south": {"uv": [0, 0, 1.5, 0.55], "texture": "#0"},
				"west": {"uv": [6.5, 4, 9.5, 6.55], "texture": "#0"},
				"up": {"uv": [6, 2.5, 9, 6], "rotation": 90, "texture": "#0"},
				"down": {"uv": [1, 4.5, 3.5, 6.5], "rotation": 270, "texture": "#0"}
			}
		},
		{
			"from": [7.26871, 4.75, 5.34208],
			"to": [9.51871, 5.3, 5.84208],
			"rotation": {"angle": -45, "axis": "y", "origin": [6.26871, 5.125, 6.59208]},
			"faces": {
				"north": {"uv": [3.5, 3, 8.75, 5.05], "texture": "#0"},
				"east": {"uv": [5, 2.5, 7, 4.55], "texture": "#0"},
				"south": {"uv": [5, 4, 10.25, 6.55], "texture": "#0"},
				"west": {"uv": [6.5, 4, 9.5, 6.55], "texture": "#0"},
				"up": {"uv": [6, 2.5, 9, 6.75], "rotation": 90, "texture": "#0"},
				"down": {"uv": [1, 4.5, 3.5, 7.25], "rotation": 270, "texture": "#0"}
			}
		},
		{
			"from": [7.26871, 4.75, 5.34208],
			"to": [9.51871, 5.3, 5.84208],
			"rotation": {"angle": -45, "axis": "y", "origin": [6.26871, 5.125, 6.59208]},
			"faces": {
				"north": {"uv": [3.5, 3, 8.75, 5.05], "texture": "#0"},
				"east": {"uv": [5, 2.5, 7, 4.55], "texture": "#0"},
				"south": {"uv": [5, 4, 10.25, 6.55], "texture": "#0"},
				"west": {"uv": [6.5, 4, 9.5, 6.55], "texture": "#0"},
				"up": {"uv": [6, 2.5, 9, 6.75], "rotation": 90, "texture": "#0"},
				"down": {"uv": [1, 4.5, 3.5, 7.25], "rotation": 270, "texture": "#0"}
			}
		},
		{
			"from": [7.89779, 4.75, 8.71301],
			"to": [8.39779, 5.3, 9.71301],
			"rotation": {"angle": 22.5, "axis": "y", "origin": [7.14779, 5.125, 5.71301]},
			"faces": {
				"north": {"uv": [0, 0, 0.5, 0.55], "texture": "#0"},
				"east": {"uv": [5, 2.5, 7.5, 4.55], "texture": "#0"},
				"south": {"uv": [0, 0, 0.5, 0.55], "texture": "#0"},
				"west": {"uv": [6.5, 4, 10, 6.55], "texture": "#0"},
				"up": {"uv": [6, 2.5, 9, 5.5], "rotation": 180, "texture": "#0"},
				"down": {"uv": [1, 4.5, 3.5, 6], "rotation": 180, "texture": "#0"}
			}
		},
		{
			"from": [7.61078, 4.75, 11.2701],
			"to": [8.11078, 5.3, 12.5201],
			"rotation": {"angle": 22.5, "axis": "y", "origin": [6.86078, 5.125, 6.5201]},
			"faces": {
				"north": {"uv": [0, 0, 0.5, 0.55], "texture": "#0"},
				"east": {"uv": [5, 2.5, 7.75, 4.55], "texture": "#0"},
				"south": {"uv": [0, 0, 0.5, 0.55], "texture": "#0"},
				"west": {"uv": [6.5, 4, 10.25, 6.55], "texture": "#0"},
				"up": {"uv": [6, 2.5, 9, 5.75], "rotation": 180, "texture": "#0"},
				"down": {"uv": [1, 4.5, 3.5, 6.25], "rotation": 180, "texture": "#0"}
			}
		},
		{
			"from": [6.7107, 4.75, 13.69794],
			"to": [7.2107, 5.3, 14.94794],
			"rotation": {"angle": 45, "axis": "y", "origin": [5.9607, 5.125, 8.94794]},
			"faces": {
				"north": {"uv": [0, 0, 0.5, 0.55], "texture": "#0"},
				"east": {"uv": [5, 2.5, 7.75, 4.55], "texture": "#0"},
				"south": {"uv": [0, 0, 0.5, 0.55], "texture": "#0"},
				"west": {"uv": [6.5, 4, 10.25, 6.55], "texture": "#0"},
				"up": {"uv": [6, 2.5, 9, 5.75], "rotation": 180, "texture": "#0"},
				"down": {"uv": [1, 4.5, 3.5, 6.25], "rotation": 180, "texture": "#0"}
			}
		},
		{
			"from": [10.8463, 4.75, 10.09407],
			"to": [11.3463, 5.3, 10.59407],
			"rotation": {"angle": -22.5, "axis": "y", "origin": [5.5963, 5.125, 11.34407]},
			"faces": {
				"north": {"uv": [0, 0, 0.5, 0.55], "texture": "#0"},
				"east": {"uv": [5, 2.5, 7, 4.55], "texture": "#0"},
				"south": {"uv": [0, 0, 0.5, 0.55], "texture": "#0"},
				"west": {"uv": [6.5, 4, 9.5, 6.55], "texture": "#0"},
				"up": {"uv": [6, 2.5, 9, 5], "rotation": 90, "texture": "#0"},
				"down": {"uv": [1, 4.5, 3.5, 5.5], "rotation": 270, "texture": "#0"}
			}
		},
		{
			"from": [11.19562, 4.75, 12.35159],
			"to": [11.99562, 5.3, 12.85159],
			"rotation": {"angle": 0, "axis": "y", "origin": [5.94562, 5.125, 13.60159]},
			"faces": {
				"north": {"uv": [0, 0, 0.8, 0.55], "texture": "#0"},
				"east": {"uv": [5, 2.5, 7, 4.55], "texture": "#0"},
				"south": {"uv": [0, 0, 0.8, 0.55], "texture": "#0"},
				"west": {"uv": [6.5, 4, 9.5, 6.55], "texture": "#0"},
				"up": {"uv": [6, 2.5, 9, 5.3], "rotation": 90, "texture": "#0"},
				"down": {"uv": [1, 4.5, 3.5, 5.8], "rotation": 270, "texture": "#0"}
			}
		},
		{
			"from": [9.37144, 4.75, 8.93018],
			"to": [9.83338, 5.3, 10.62152],
			"rotation": {"angle": 0, "axis": "y", "origin": [8.62144, 5.125, 4.37152]},
			"faces": {
				"north": {"uv": [0, 0, 0.46194, 0.55], "texture": "#0"},
				"east": {"uv": [5, 2.5, 8.19134, 4.55], "texture": "#0"},
				"south": {"uv": [0, 0, 0.46194, 0.55], "texture": "#0"},
				"west": {"uv": [6.5, 4, 10.69134, 6.55], "texture": "#0"},
				"up": {"uv": [6, 2.5, 8.96194, 6.19134], "rotation": 180, "texture": "#0"},
				"down": {"uv": [1, 4.5, 3.46194, 6.69134], "rotation": 180, "texture": "#0"}
			}
		},
		{
			"from": [6.93099, 4.75, 4.65194],
			"to": [7.43099, 5.3, 5.65194],
			"rotation": {"angle": 45, "axis": "y", "origin": [7.18099, 5.125, 6.90194]},
			"faces": {
				"north": {"uv": [0, 0, 0.5, 0.55], "texture": "#0"},
				"east": {"uv": [5, 2.5, 7.5, 4.55], "texture": "#0"},
				"south": {"uv": [0, 0, 0.5, 0.55], "texture": "#0"},
				"west": {"uv": [6.5, 4, 10, 6.55], "texture": "#0"},
				"up": {"uv": [6, 2.5, 9, 5.5], "rotation": 180, "texture": "#0"},
				"down": {"uv": [1, 4.5, 3.5, 6], "rotation": 180, "texture": "#0"}
			}
		},
		{
			"from": [4.24984, 4.75, 5.97618],
			"to": [5.49984, 5.3, 6.47618],
			"rotation": {"angle": -22.5, "axis": "y", "origin": [7.74984, 5.125, 6.22618]},
			"faces": {
				"north": {"uv": [0, 0, 1.25, 0.55], "texture": "#0"},
				"east": {"uv": [5, 2.5, 7, 4.55], "texture": "#0"},
				"south": {"uv": [0, 0, 1.25, 0.55], "texture": "#0"},
				"west": {"uv": [6.5, 4, 9.5, 6.55], "texture": "#0"},
				"up": {"uv": [6, 2.5, 9, 5.75], "rotation": 90, "texture": "#0"},
				"down": {"uv": [1, 4.5, 3.5, 6.25], "rotation": 270, "texture": "#0"}
			}
		},
		{
			"from": [3.98693, 4.75, 4.65582],
			"to": [4.61193, 5.3, 5.15582],
			"rotation": {"angle": 0, "axis": "y", "origin": [6.86193, 5.125, 4.90582]},
			"faces": {
				"north": {"uv": [0, 0, 0.625, 0.55], "texture": "#0"},
				"east": {"uv": [5, 2.5, 7, 4.55], "texture": "#0"},
				"south": {"uv": [0, 0, 0.625, 0.55], "texture": "#0"},
				"west": {"uv": [6.5, 4, 9.5, 6.55], "texture": "#0"},
				"up": {"uv": [6, 2.5, 9, 5.125], "rotation": 90, "texture": "#0"},
				"down": {"uv": [1, 4.5, 3.5, 5.625], "rotation": 270, "texture": "#0"}
			}
		},
		{
			"from": [8.1193, 4.75, 5.66009],
			"to": [8.6193, 5.3, 8.16009],
			"rotation": {"angle": -45, "axis": "y", "origin": [8.3693, 5, 7.03509]},
			"faces": {
				"north": {"uv": [0, 0, 0.5, 0.55], "texture": "#0"},
				"east": {"uv": [5, 2.5, 9, 4.55], "texture": "#0"},
				"south": {"uv": [0, 0, 0.5, 0.55], "texture": "#0"},
				"west": {"uv": [6.5, 4, 11.5, 6.55], "texture": "#0"},
				"up": {"uv": [6, 2.5, 9, 7], "rotation": 180, "texture": "#0"},
				"down": {"uv": [1, 4.5, 3.5, 7.5], "rotation": 180, "texture": "#0"}
			}
		},
		{
			"from": [9.49406, 4.75, 5.02152],
			"to": [9.99406, 5.3, 6.27152],
			"rotation": {"angle": -22.5, "axis": "y", "origin": [9.74406, 5, 5.02152]},
			"faces": {
				"north": {"uv": [0, 0, 0.5, 0.55], "texture": "#0"},
				"east": {"uv": [5, 2.5, 7.75, 4.55], "texture": "#0"},
				"south": {"uv": [0, 0, 0.5, 0.55], "texture": "#0"},
				"west": {"uv": [6.5, 4, 10.25, 6.55], "texture": "#0"},
				"up": {"uv": [6, 2.5, 9, 5.75], "rotation": 180, "texture": "#0"},
				"down": {"uv": [1, 4.5, 3.5, 6.25], "rotation": 180, "texture": "#0"}
			}
		},
		{
			"from": [9.47503, 4.75, 2.46719],
			"to": [9.97503, 5.3, 5.11719],
			"rotation": {"angle": 0, "axis": "y", "origin": [9.72503, 5, 3.86719]},
			"faces": {
				"north": {"uv": [0, 0, 0.5, 0.55], "texture": "#0"},
				"east": {"uv": [5, 2.5, 9.15, 4.55], "texture": "#0"},
				"south": {"uv": [0, 0, 0.5, 0.55], "texture": "#0"},
				"west": {"uv": [6.5, 4, 11.65, 6.55], "texture": "#0"},
				"up": {"uv": [6, 2.5, 9, 7.15], "rotation": 180, "texture": "#0"},
				"down": {"uv": [1, 4.5, 3.5, 7.65], "rotation": 180, "texture": "#0"}
			}
		}
	],
	"display": {
		"thirdperson_righthand": {
			"rotation": [110, 0, 0],
			"translation": [-5.75, 9.75, 0]
		},
		"thirdperson_lefthand": {
			"rotation": [110, 0, 0],
			"translation": [-5.75, 9.75, 0]
		},
		"firstperson_righthand": {
			"rotation": [78, 0, 0],
			"translation": [-8.25, 1.5, -7.25]
		},
		"firstperson_lefthand": {
			"rotation": [78, 0, 0],
			"translation": [-8.25, 1.5, -7.25]
		},
		"ground": {
			"translation": [0, 1.75, 0]
		},
		"gui": {
			"rotation": [90, 0, 0],
			"translation": [0.5, 0.5, 0]
		},
		"head": {
			"rotation": [90, 0, 0],
			"translation": [0, -14.25, 10.5]
		},
		"fixed": {
			"rotation": [-90, 180, 0],
			"translation": [-2.25, 0.25, -15.5],
			"scale": [2.25, 2.25, 2.25]
		}
	},
	"groups": [
		{
			"name": "Inner Triangles",
			"origin": [10.5, 4.875, 2.875],
			"color": 0,
			"children": [0, 1, 2, 3, 4, 5, 6, 7, 8, 9, 10, 11, 12, 13, 14, 15, 16, 17, 18]
		},
		{
			"name": "Corner Triangles",
			"origin": [12.175, 5.25, 13.94911],
			"color": 0,
			"children": [
				{
					"name": "Lower",
					"origin": [12.15089, 2, 13.975],
					"color": 0,
					"children": [19, 20, 21, 22, 23, 24, 25, 26, 27, 28, 29, 30]
				},
				{
					"name": "Upper",
					"origin": [12.175, 5.25, 13.94911],
					"color": 0,
					"children": [31, 32, 33, 34, 35, 36, 37, 38, 39, 40, 41, 42]
				}
			]
		},
		{
			"name": "Rim",
			"origin": [10.5, 4.875, 2.875],
			"color": 0,
			"children": [43, 44, 45, 46, 47, 48]
		},
		{
			"name": "Cover",
			"origin": [0, 0, 0],
			"color": 0,
			"children": [49, 50]
		},
		{
			"name": "group",
			"origin": [0, 0, 0],
			"color": 0,
			"children": [
				51,
				{
					"name": "Spine",
					"origin": [0, 0, 0],
					"color": 0,
					"children": [52, 53]
				}
			]
		},
		{
			"name": "Roots",
			"origin": [8, 8, 8],
			"color": 0,
			"children": [54, 55, 56, 57, 58, 59, 60, 61, 62, 63, 64, 65, 66, 67, 68, 69, 70, 71, 72, 73, 74, 75, 76]
		}
	]
}