{
	"credit": "Made with Blockbench",
	"texture_size": [128, 128],
	"textures": {
		"0": "item/HivemasterHelm",
		"particle": "item/HivemasterHelm"
	},
	"elements": [
		{
			"from": [0.05025, 0, 1.12132],
			"to": [4.29289, 2, 3.12132],
			"rotation": {"angle": 45, "axis": "y", "origin": [2.29289, 1, 2.12132]},
			"faces": {
				"north": {"uv": [7.25, 6.375, 7.75, 6.625], "texture": "#0"},
				"east": {"uv": [7.375, 7.5, 7.625, 7.75], "texture": "#0"},
				"south": {"uv": [6.625, 7.25, 7.125, 7.5], "texture": "#0"},
				"west": {"uv": [7.625, 0.25, 7.875, 0.5], "texture": "#0"},
				"up": {"uv": [7.75, 6.875, 7.25, 6.625], "texture": "#0"},
				"down": {"uv": [7.75, 6.875, 7.25, 7.125], "texture": "#0"}
			}
		},
		{
			"from": [0.05025, 2, 1.12132],
			"to": [2.05025, 13, 3.12132],
			"rotation": {"angle": 45, "axis": "y", "origin": [2.29289, 1, 2.12132]},
			"faces": {
				"north": {"uv": [1.75, 5.875, 2, 7.25], "texture": "#0"},
				"east": {"uv": [2, 5.875, 2.25, 7.25], "texture": "#0"},
				"south": {"uv": [2.25, 5.875, 2.5, 7.25], "texture": "#0"},
				"west": {"uv": [2.5, 5.875, 2.75, 7.25], "texture": "#0"},
				"up": {"uv": [7.875, 0.75, 7.625, 0.5], "texture": "#0"},
				"down": {"uv": [7.875, 1, 7.625, 1.25], "texture": "#0"}
			}
		},
		{
			"from": [0, 0, 3],
			"to": [2, 13, 14],
			"faces": {
				"north": {"uv": [4.25, 5.5, 4.5, 7.125], "texture": "#0"},
				"east": {"uv": [0, 1.625, 1.375, 3.25], "texture": "#0"},
				"south": {"uv": [4.5, 5.5, 4.75, 7.125], "texture": "#0"},
				"west": {"uv": [1.375, 1.625, 2.75, 3.25], "texture": "#0"},
				"up": {"uv": [6.125, 4.625, 5.875, 3.25], "texture": "#0"},
				"down": {"uv": [6.25, 4.625, 6, 6], "texture": "#0"}
			}
		},
		{
			"from": [3, 0, 0],
			"to": [13, 1.999, 2],
			"faces": {
				"north": {"uv": [4.375, 1.375, 5.625, 1.625], "texture": "#0"},
				"east": {"uv": [7.625, 1.25, 7.875, 1.5], "texture": "#0"},
				"south": {"uv": [1.5, 4.75, 2.75, 5], "texture": "#0"},
				"west": {"uv": [7.625, 1.5, 7.875, 1.75], "texture": "#0"},
				"up": {"uv": [7.375, 4.5, 6.125, 4.25], "texture": "#0"},
				"down": {"uv": [7.5, 4.5, 6.25, 4.75], "texture": "#0"}
			}
		},
		{
			"from": [14, 0, 3],
			"to": [16, 13, 14],
			"faces": {
				"north": {"uv": [4.75, 5.5, 5, 7.125], "texture": "#0"},
				"east": {"uv": [2.75, 1.625, 4.125, 3.25], "texture": "#0"},
				"south": {"uv": [5, 5.5, 5.25, 7.125], "texture": "#0"},
				"west": {"uv": [3, 0, 4.375, 1.625], "texture": "#0"},
				"up": {"uv": [6.25, 7.375, 6, 6], "texture": "#0"},
				"down": {"uv": [0.5, 6.125, 0.25, 7.5], "texture": "#0"}
			}
		},
		{
			"from": [13.58579, 0, -0.24264],
			"to": [15.58579, 2, 4],
			"rotation": {"angle": 45, "axis": "y", "origin": [14.58579, 1, 3]},
			"faces": {
				"north": {"uv": [7.625, 1.75, 7.875, 2], "texture": "#0"},
				"east": {"uv": [7.125, 7.25, 7.625, 7.5], "texture": "#0"},
				"south": {"uv": [7.625, 2, 7.875, 2.25], "texture": "#0"},
				"west": {"uv": [7.375, 0, 7.875, 0.25], "texture": "#0"},
				"up": {"uv": [7.625, 0.75, 7.375, 0.25], "texture": "#0"},
				"down": {"uv": [7.625, 1, 7.375, 1.5], "texture": "#0"}
			}
		},
		{
			"from": [13.75736, 2, 1.92893],
			"to": [15.75736, 13, 3.92893],
			"rotation": {"angle": 45, "axis": "y", "origin": [14.75736, 1, 3.17157]},
			"faces": {
				"north": {"uv": [0.5, 6.125, 0.75, 7.5], "texture": "#0"},
				"east": {"uv": [0.75, 6.125, 1, 7.5], "texture": "#0"},
				"south": {"uv": [1, 6.125, 1.25, 7.5], "texture": "#0"},
				"west": {"uv": [1.25, 6.125, 1.5, 7.5], "texture": "#0"},
				"up": {"uv": [7.875, 2.5, 7.625, 2.25], "texture": "#0"},
				"down": {"uv": [2.875, 7.625, 2.625, 7.875], "texture": "#0"}
			}
		},
		{
			"from": [2, 0, 14],
			"to": [14, 13, 16],
			"faces": {
				"north": {"uv": [0, 0, 1.5, 1.625], "texture": "#0"},
				"east": {"uv": [5.25, 5.5, 5.5, 7.125], "texture": "#0"},
				"south": {"uv": [1.5, 0, 3, 1.625], "texture": "#0"},
				"west": {"uv": [5.5, 5.5, 5.75, 7.125], "texture": "#0"},
				"up": {"uv": [7.125, 0.25, 5.625, 0], "texture": "#0"},
				"down": {"uv": [7.125, 0.25, 5.625, 0.5], "texture": "#0"}
			}
		},
		{
			"from": [2.75, 0.5, 16],
			"to": [13.25, 12.5, 16.75],
			"faces": {
				"north": {"uv": [0, 3.25, 1.375, 4.75], "texture": "#0"},
				"east": {"uv": [7.125, 5.75, 7.25, 7.25], "texture": "#0"},
				"south": {"uv": [1.375, 3.25, 2.75, 4.75], "texture": "#0"},
				"west": {"uv": [1.75, 7.25, 1.875, 8.75], "texture": "#0"},
				"up": {"uv": [8.5, 1, 7.125, 0.875], "texture": "#0"},
				"down": {"uv": [8.625, 6.25, 7.25, 6.375], "texture": "#0"}
			}
		},
		{
			"from": [2, 13, 3],
			"to": [14, 15, 14],
			"faces": {
				"north": {"uv": [5.625, 0.5, 7.125, 0.75], "texture": "#0"},
				"east": {"uv": [6.125, 3.25, 7.5, 3.5], "texture": "#0"},
				"south": {"uv": [5.625, 0.75, 7.125, 1], "texture": "#0"},
				"west": {"uv": [6.125, 3.5, 7.5, 3.75], "texture": "#0"},
				"up": {"uv": [4.25, 4.625, 2.75, 3.25], "texture": "#0"},
				"down": {"uv": [5.625, 1.625, 4.125, 3], "texture": "#0"}
			}
		},
		{
			"from": [2, 12.69344, 1.4588],
			"to": [14, 14.69344, 3.4588],
			"rotation": {"angle": -22.5, "axis": "x", "origin": [8, 13.69344, 2.4588]},
			"faces": {
				"north": {"uv": [0.25, 5.875, 1.75, 6.125], "texture": "#0"},
				"east": {"uv": [2.875, 7.625, 3.125, 7.875], "texture": "#0"},
				"south": {"uv": [5.875, 1, 7.375, 1.25], "texture": "#0"},
				"west": {"uv": [3.125, 7.625, 3.375, 7.875], "texture": "#0"},
				"up": {"uv": [7.375, 1.5, 5.875, 1.25], "texture": "#0"},
				"down": {"uv": [7.375, 1.5, 5.875, 1.75], "texture": "#0"}
			}
		},
		{
			"from": [2, 11.82042, 0.15224],
			"to": [14, 13.82042, 2.15224],
			"rotation": {"angle": 45, "axis": "x", "origin": [8, 12.82042, 1.15224]},
			"faces": {
				"north": {"uv": [5.875, 1.75, 7.375, 2], "texture": "#0"},
				"east": {"uv": [3.75, 7.625, 4, 7.875], "texture": "#0"},
				"south": {"uv": [5.875, 2, 7.375, 2.25], "texture": "#0"},
				"west": {"uv": [4, 7.625, 4.25, 7.875], "texture": "#0"},
				"up": {"uv": [7.375, 2.5, 5.875, 2.25], "texture": "#0"},
				"down": {"uv": [7.375, 2.5, 5.875, 2.75], "texture": "#0"}
			}
		},
		{
			"from": [1, 12.69344, 1.4588],
			"to": [2, 13.69344, 3.4588],
			"rotation": {"angle": -22.5, "axis": "x", "origin": [8, 13.69344, 2.4588]},
			"faces": {
				"north": {"uv": [2.625, 5, 2.75, 5.125], "texture": "#0"},
				"east": {"uv": [7.375, 0.75, 7.625, 0.875], "texture": "#0"},
				"south": {"uv": [5.625, 5.375, 5.75, 5.5], "texture": "#0"},
				"west": {"uv": [7.5, 4.125, 7.75, 4.25], "texture": "#0"},
				"up": {"uv": [4.25, 3.25, 4.125, 3], "texture": "#0"},
				"down": {"uv": [5.75, 4.625, 5.625, 4.875], "texture": "#0"}
			}
		},
		{
			"from": [14, 12.69344, 1.4588],
			"to": [15, 13.69344, 3.4588],
			"rotation": {"angle": -22.5, "axis": "x", "origin": [8, 13.69344, 2.4588]},
			"faces": {
				"north": {"uv": [7.875, 1.125, 8, 1.25], "texture": "#0"},
				"east": {"uv": [7.75, 5.125, 8, 5.25], "texture": "#0"},
				"south": {"uv": [7.875, 1.25, 8, 1.375], "texture": "#0"},
				"west": {"uv": [0.25, 7.875, 0.5, 8], "texture": "#0"},
				"up": {"uv": [2.75, 7.5, 2.625, 7.25], "texture": "#0"},
				"down": {"uv": [1.75, 7.5, 1.625, 7.75], "texture": "#0"}
			}
		},
		{
			"from": [1, 11.75736, 3],
			"to": [3, 14.58579, 14],
			"rotation": {"angle": -45, "axis": "z", "origin": [2, 13.58579, 8.5]},
			"faces": {
				"north": {"uv": [5.25, 7.375, 5.5, 7.75], "texture": "#0"},
				"east": {"uv": [0, 5.125, 1.375, 5.5], "texture": "#0"},
				"south": {"uv": [6, 7.375, 6.25, 7.75], "texture": "#0"},
				"west": {"uv": [1.375, 5.125, 2.75, 5.5], "texture": "#0"},
				"up": {"uv": [1.75, 7.5, 1.5, 6.125], "texture": "#0"},
				"down": {"uv": [3, 6.25, 2.75, 7.625], "texture": "#0"}
			}
		},
		{
			"from": [13, 11.75736, 3],
			"to": [15, 14.58579, 14],
			"rotation": {"angle": 45, "axis": "z", "origin": [14, 13.58579, 8.5]},
			"faces": {
				"north": {"uv": [0, 7.5, 0.25, 7.875], "texture": "#0"},
				"east": {"uv": [0, 5.5, 1.375, 5.875], "texture": "#0"},
				"south": {"uv": [0.25, 7.5, 0.5, 7.875], "texture": "#0"},
				"west": {"uv": [1.375, 5.5, 2.75, 5.875], "texture": "#0"},
				"up": {"uv": [3.25, 7.625, 3, 6.25], "texture": "#0"},
				"down": {"uv": [3.5, 6.25, 3.25, 7.625], "texture": "#0"}
			}
		},
		{
			"from": [1, 0, 12.75736],
			"to": [3, 13, 15.58579],
			"rotation": {"angle": 45, "axis": "y", "origin": [2, 1, 14.58579]},
			"faces": {
				"north": {"uv": [5.625, 1.375, 5.875, 3], "texture": "#0"},
				"east": {"uv": [2.75, 4.625, 3.125, 6.25], "texture": "#0"},
				"south": {"uv": [5.625, 3, 5.875, 4.625], "texture": "#0"},
				"west": {"uv": [3.125, 4.625, 3.5, 6.25], "texture": "#0"},
				"up": {"uv": [0.75, 7.875, 0.5, 7.5], "texture": "#0"},
				"down": {"uv": [1, 7.5, 0.75, 7.875], "texture": "#0"}
			}
		},
		{
			"from": [13, 0, 13.58579],
			"to": [15.82843, 13, 15.58579],
			"rotation": {"angle": 45, "axis": "y", "origin": [14, 1, 14.58579]},
			"faces": {
				"north": {"uv": [3.5, 4.625, 3.875, 6.25], "texture": "#0"},
				"east": {"uv": [5.75, 4.625, 6, 6.25], "texture": "#0"},
				"south": {"uv": [3.875, 4.625, 4.25, 6.25], "texture": "#0"},
				"west": {"uv": [0, 5.875, 0.25, 7.5], "texture": "#0"},
				"up": {"uv": [7.75, 4.5, 7.375, 4.25], "texture": "#0"},
				"down": {"uv": [1.375, 7.5, 1, 7.75], "texture": "#0"}
			}
		},
		{
			"from": [2, 11.75736, 13],
			"to": [14, 14.58579, 15],
			"rotation": {"angle": -45, "axis": "x", "origin": [8, 13.58579, 14]},
			"faces": {
				"north": {"uv": [4.375, 1, 5.875, 1.375], "texture": "#0"},
				"east": {"uv": [1.375, 7.5, 1.625, 7.875], "texture": "#0"},
				"south": {"uv": [0, 4.75, 1.5, 5.125], "texture": "#0"},
				"west": {"uv": [7.5, 3.25, 7.75, 3.625], "texture": "#0"},
				"up": {"uv": [7.375, 3, 5.875, 2.75], "texture": "#0"},
				"down": {"uv": [7.375, 3, 5.875, 3.25], "texture": "#0"}
			}
		},
		{
			"from": [14, 13, 14],
			"to": [15, 14, 15],
			"faces": {
				"north": {"uv": [1.375, 7.875, 1.5, 8], "texture": "#0"},
				"east": {"uv": [7.875, 1.375, 8, 1.5], "texture": "#0"},
				"south": {"uv": [1.5, 7.875, 1.625, 8], "texture": "#0"},
				"west": {"uv": [7.875, 1.5, 8, 1.625], "texture": "#0"},
				"up": {"uv": [8, 1.75, 7.875, 1.625], "texture": "#0"},
				"down": {"uv": [8, 1.75, 7.875, 1.875], "texture": "#0"}
			}
		},
		{
			"from": [1, 13, 14],
			"to": [2, 14, 15],
			"faces": {
				"north": {"uv": [7.875, 1.875, 8, 2], "texture": "#0"},
				"east": {"uv": [7.875, 2, 8, 2.125], "texture": "#0"},
				"south": {"uv": [7.875, 2.125, 8, 2.25], "texture": "#0"},
				"west": {"uv": [7.875, 2.25, 8, 2.375], "texture": "#0"},
				"up": {"uv": [8, 2.5, 7.875, 2.375], "texture": "#0"},
				"down": {"uv": [8, 2.5, 7.875, 2.625], "texture": "#0"}
			}
		},
		{
			"from": [3, 9.32042, -0.26197],
			"to": [13, 12.82042, 1.73803],
			"rotation": {"angle": 0, "axis": "y", "origin": [0, 2.32042, 0.73803]},
			"faces": {
				"north": {"uv": [4.375, 0, 5.625, 0.5], "texture": "#0"},
				"east": {"uv": [7.375, 1.5, 7.625, 2], "texture": "#0"},
				"south": {"uv": [4.375, 0.5, 5.625, 1], "texture": "#0"},
				"west": {"uv": [7.375, 2, 7.625, 2.5], "texture": "#0"},
				"up": {"uv": [7.5, 5, 6.25, 4.75], "texture": "#0"},
				"down": {"uv": [7.5, 5, 6.25, 5.25], "texture": "#0"}
			}
		},
		{
			"from": [-1, 8, 5],
			"to": [1, 10, 12],
			"faces": {
				"north": {"uv": [7.625, 5.75, 7.875, 6], "texture": "#0"},
				"east": {"uv": [6.25, 5.75, 7.125, 6], "texture": "#0"},
				"south": {"uv": [7.625, 6, 7.875, 6.25], "texture": "#0"},
				"west": {"uv": [6.25, 6, 7.125, 6.25], "texture": "#0"},
				"up": {"uv": [3.75, 7.125, 3.5, 6.25], "texture": "#0"},
				"down": {"uv": [4, 6.25, 3.75, 7.125], "texture": "#0"}
			}
		},
		{
			"from": [15, 4, 5],
			"to": [17, 6, 12],
			"faces": {
				"north": {"uv": [7.625, 7.125, 7.875, 7.375], "texture": "#0"},
				"east": {"uv": [6.25, 6.25, 7.125, 6.5], "texture": "#0"},
				"south": {"uv": [7.625, 7.375, 7.875, 7.625], "texture": "#0"},
				"west": {"uv": [6.25, 6.5, 7.125, 6.75], "texture": "#0"},
				"up": {"uv": [4.25, 7.125, 4, 6.25], "texture": "#0"},
				"down": {"uv": [6, 6.25, 5.75, 7.125], "texture": "#0"}
			}
		},
		{
			"from": [-1, 4, 5],
			"to": [1, 6, 12],
			"faces": {
				"north": {"uv": [7.625, 7.625, 7.875, 7.875], "texture": "#0"},
				"east": {"uv": [6.25, 6.75, 7.125, 7], "texture": "#0"},
				"south": {"uv": [1, 7.75, 1.25, 8], "texture": "#0"},
				"west": {"uv": [6.25, 7, 7.125, 7.25], "texture": "#0"},
				"up": {"uv": [7.375, 0.875, 7.125, 0], "texture": "#0"},
				"down": {"uv": [3.75, 7.125, 3.5, 8], "texture": "#0"}
			}
		},
		{
			"from": [15, 8, 5],
			"to": [17, 10, 12],
			"faces": {
				"north": {"uv": [1.875, 7.75, 2.125, 8], "texture": "#0"},
				"east": {"uv": [3.75, 7.125, 4.625, 7.375], "texture": "#0"},
				"south": {"uv": [2.125, 7.75, 2.375, 8], "texture": "#0"},
				"west": {"uv": [4.625, 7.125, 5.5, 7.375], "texture": "#0"},
				"up": {"uv": [5.75, 8, 5.5, 7.125], "texture": "#0"},
				"down": {"uv": [6, 7.125, 5.75, 8], "texture": "#0"}
			}
		},
		{
			"from": [6, 7.32042, -0.26197],
			"to": [10, 9.32042, 1.73803],
			"rotation": {"angle": 0, "axis": "y", "origin": [3, 2.32042, 0.73803]},
			"faces": {
				"north": {"uv": [7.375, 2.5, 7.875, 2.75], "texture": "#0"},
				"east": {"uv": [2.375, 7.75, 2.625, 8], "texture": "#0"},
				"south": {"uv": [7.375, 2.75, 7.875, 3], "texture": "#0"},
				"west": {"uv": [7.75, 3.25, 8, 3.5], "texture": "#0"},
				"up": {"uv": [7.875, 3.25, 7.375, 3], "texture": "#0"},
				"down": {"uv": [4.25, 7.375, 3.75, 7.625], "texture": "#0"}
			}
		},
		{
			"from": [1.64645, 8.82042, 0.50579],
			"to": [4.14645, 12.82042, 2.50579],
			"rotation": {"angle": 45, "axis": "y", "origin": [2.64645, 11.82042, 1.50579]},
			"faces": {
				"north": {"uv": [1.875, 7.25, 2.25, 7.75], "texture": "#0"},
				"east": {"uv": [4.25, 7.375, 4.5, 7.875], "texture": "#0"},
				"south": {"uv": [2.25, 7.25, 2.625, 7.75], "texture": "#0"},
				"west": {"uv": [4.5, 7.375, 4.75, 7.875], "texture": "#0"},
				"up": {"uv": [7.875, 3.875, 7.5, 3.625], "texture": "#0"},
				"down": {"uv": [7.875, 3.875, 7.5, 4.125], "texture": "#0"}
			}
		},
		{
			"from": [12, 8.82042, 0.15224],
			"to": [14, 12.82042, 2.65224],
			"rotation": {"angle": 45, "axis": "y", "origin": [13, 11.82042, 1.15224]},
			"faces": {
				"north": {"uv": [4.75, 7.375, 5, 7.875], "texture": "#0"},
				"east": {"uv": [7.25, 5.75, 7.625, 6.25], "texture": "#0"},
				"south": {"uv": [5, 7.375, 5.25, 7.875], "texture": "#0"},
				"west": {"uv": [6.25, 7.25, 6.625, 7.75], "texture": "#0"},
				"up": {"uv": [7.75, 4.875, 7.5, 4.5], "texture": "#0"},
				"down": {"uv": [7.75, 4.875, 7.5, 5.25], "texture": "#0"}
			}
		},
		{
			"from": [2.5, 13.5, 3.5],
			"to": [13.5, 15.5, 13.5],
			"faces": {
				"north": {"uv": [6.125, 3.75, 7.5, 4], "texture": "#0"},
				"east": {"uv": [6.25, 5.25, 7.5, 5.5], "texture": "#0"},
				"south": {"uv": [6.125, 4, 7.5, 4.25], "texture": "#0"},
				"west": {"uv": [6.25, 5.5, 7.5, 5.75], "texture": "#0"},
				"up": {"uv": [5.625, 4.25, 4.25, 3], "texture": "#0"},
				"down": {"uv": [5.625, 4.25, 4.25, 5.5], "texture": "#0"}
			}
		},
		{
			"from": [11, 15.25, 4],
			"to": [13, 16.25, 6],
			"faces": {
				"north": {"uv": [7.875, 0.25, 8.125, 0.375], "texture": "#0"},
				"east": {"uv": [7.875, 0.375, 8.125, 0.5], "texture": "#0"},
				"south": {"uv": [0.5, 7.875, 0.75, 8], "texture": "#0"},
				"west": {"uv": [7.875, 0.5, 8.125, 0.625], "texture": "#0"},
				"up": {"uv": [8, 4.375, 7.75, 4.125], "texture": "#0"},
				"down": {"uv": [8, 4.375, 7.75, 4.625], "texture": "#0"}
			}
		},
		{
			"from": [3, 15.25, 4],
			"to": [5, 16.25, 6],
			"faces": {
				"north": {"uv": [7.875, 0.625, 8.125, 0.75], "texture": "#0"},
				"east": {"uv": [0.75, 7.875, 1, 8], "texture": "#0"},
				"south": {"uv": [7.875, 0.75, 8.125, 0.875], "texture": "#0"},
				"west": {"uv": [7.875, 1, 8.125, 1.125], "texture": "#0"},
				"up": {"uv": [8, 4.875, 7.75, 4.625], "texture": "#0"},
				"down": {"uv": [8, 4.875, 7.75, 5.125], "texture": "#0"}
			}
		},
		{
			"from": [3, 16.25, 4],
			"to": [4.5, 18.25, 5.5],
			"faces": {
				"north": {"uv": [5.25, 7.75, 5.5, 8], "texture": "#0"},
				"east": {"uv": [6, 7.75, 6.25, 8], "texture": "#0"},
				"south": {"uv": [6.25, 7.75, 6.5, 8], "texture": "#0"},
				"west": {"uv": [7.75, 6.375, 8, 6.625], "texture": "#0"},
				"up": {"uv": [6.75, 8, 6.5, 7.75], "texture": "#0"},
				"down": {"uv": [8, 6.625, 7.75, 6.875], "texture": "#0"}
			}
		},
		{
			"from": [3, 18.25, 4],
			"to": [4, 19.25, 5],
			"faces": {
				"north": {"uv": [2.625, 7.875, 2.75, 8], "texture": "#0"},
				"east": {"uv": [7.875, 2.625, 8, 2.75], "texture": "#0"},
				"south": {"uv": [2.75, 7.875, 2.875, 8], "texture": "#0"},
				"west": {"uv": [7.875, 2.75, 8, 2.875], "texture": "#0"},
				"up": {"uv": [3, 8, 2.875, 7.875], "texture": "#0"},
				"down": {"uv": [8, 2.875, 7.875, 3], "texture": "#0"}
			}
		},
		{
			"from": [1.33579, 18.25, 2.89645],
			"to": [3.83579, 19.75, 4.31066],
			"rotation": {"angle": -45, "axis": "y", "origin": [2.58579, 19, 3.64645]},
			"faces": {
				"north": {"uv": [7.5, 5.25, 7.875, 5.5], "texture": "#0"},
				"east": {"uv": [3.375, 7.625, 3.5, 7.875], "texture": "#0"},
				"south": {"uv": [7.5, 5.5, 7.875, 5.75], "texture": "#0"},
				"west": {"uv": [1.25, 7.75, 1.375, 8], "texture": "#0"},
				"up": {"uv": [1.875, 5.125, 1.5, 5], "texture": "#0"},
				"down": {"uv": [2.25, 5, 1.875, 5.125], "texture": "#0"}
			}
		},
		{
			"from": [12.10355, 18.25, 2.92157],
			"to": [14.60355, 19.75, 4.33579],
			"rotation": {"angle": 45, "axis": "y", "origin": [13.35355, 19, 3.58579]},
			"faces": {
				"north": {"uv": [6.625, 7.5, 7, 7.75], "texture": "#0"},
				"east": {"uv": [1.625, 7.75, 1.75, 8], "texture": "#0"},
				"south": {"uv": [7, 7.5, 7.375, 7.75], "texture": "#0"},
				"west": {"uv": [7.5, 7.75, 7.625, 8], "texture": "#0"},
				"up": {"uv": [2.625, 5.125, 2.25, 5], "texture": "#0"},
				"down": {"uv": [7.625, 7.125, 7.25, 7.25], "texture": "#0"}
			}
		},
		{
			"from": [11.5, 16.25, 4],
			"to": [13, 18.25, 5.5],
			"faces": {
				"north": {"uv": [6.75, 7.75, 7, 8], "texture": "#0"},
				"east": {"uv": [7.75, 6.875, 8, 7.125], "texture": "#0"},
				"south": {"uv": [7, 7.75, 7.25, 8], "texture": "#0"},
				"west": {"uv": [7.25, 7.75, 7.5, 8], "texture": "#0"},
				"up": {"uv": [0.25, 8.125, 0, 7.875], "texture": "#0"},
				"down": {"uv": [8.125, 0, 7.875, 0.25], "texture": "#0"}
			}
		},
		{
			"from": [12, 18.25, 4],
			"to": [13, 19.25, 5],
			"faces": {
				"north": {"uv": [3, 7.875, 3.125, 8], "texture": "#0"},
				"east": {"uv": [7.875, 3, 8, 3.125], "texture": "#0"},
				"south": {"uv": [3.125, 7.875, 3.25, 8], "texture": "#0"},
				"west": {"uv": [7.875, 3.125, 8, 3.25], "texture": "#0"},
				"up": {"uv": [3.375, 8, 3.25, 7.875], "texture": "#0"},
				"down": {"uv": [3.5, 7.875, 3.375, 8], "texture": "#0"}
			}
		}
	],
	"display": {
		"gui": {
			"rotation": [180, 0, 180]
		},
		"head": {
			"translation": [0, 1, -0.5]
		}
	},
	"groups": [
		{
			"name": "HivemasterHelm",
			"origin": [8, 8, 8],
			"color": 0,
			"children": [0, 1, 2, 3, 4, 5, 6, 7, 8, 9, 10, 11, 12, 13, 14, 15, 16, 17, 18, 19, 20, 21, 22, 23, 24, 25, 26, 27, 28, 29, 30, 31, 32, 33, 34, 35, 36, 37]
		}
	]
}