{
	"credit": "Made with Blockbench",
	"texture_size": [64, 64],
	"textures": {
		"0": "item/RocketLauncher",
		"particle": "item/RocketLauncher"
	},
	"elements": [
		{
			"from": [6.75, 0.25, 7.75],
			"to": [9.25, 1.25, 10.25],
			"faces": {
				"north": {"uv": [7, 2.25, 7.625, 2.5], "texture": "#0"},
				"east": {"uv": [7, 2.5, 7.625, 2.75], "texture": "#0"},
				"south": {"uv": [7, 2.75, 7.625, 3], "texture": "#0"},
				"west": {"uv": [4, 7, 4.625, 7.25], "texture": "#0"},
				"up": {"uv": [3.375, 7.125, 2.75, 6.5], "texture": "#0"},
				"down": {"uv": [7.125, 3, 6.5, 3.625], "texture": "#0"}
			}
		},
		{
			"from": [7.25, 3, 2.25],
			"to": [8.75, 5, 3.75],
			"faces": {
				"north": {"uv": [0, 7, 0.375, 7.5], "texture": "#0"},
				"east": {"uv": [7, 0.25, 7.375, 0.75], "texture": "#0"},
				"south": {"uv": [7, 0.75, 7.375, 1.25], "texture": "#0"},
				"west": {"uv": [7, 1.25, 7.375, 1.75], "texture": "#0"},
				"up": {"uv": [7.375, 4.375, 7, 4], "texture": "#0"},
				"down": {"uv": [7.375, 4.5, 7, 4.875], "texture": "#0"}
			}
		},
		{
			"from": [7, 1, 8],
			"to": [9, 5, 10],
			"faces": {
				"north": {"uv": [5, 6, 5.5, 7], "texture": "#0"},
				"east": {"uv": [0.75, 6.25, 1.25, 7.25], "texture": "#0"},
				"south": {"uv": [1.25, 6.25, 1.75, 7.25], "texture": "#0"},
				"west": {"uv": [6.5, 1, 7, 2], "texture": "#0"},
				"up": {"uv": [7, 4.5, 6.5, 4], "texture": "#0"},
				"down": {"uv": [7, 4.5, 6.5, 5], "texture": "#0"}
			}
		},
		{
			"from": [6, 4.75, -0.5],
			"to": [10, 8.75, 16.5],
			"faces": {
				"north": {"uv": [5.5, 3.75, 6.5, 4.75], "texture": "#0"},
				"east": {"uv": [0, 0, 4.25, 1], "texture": "#0"},
				"south": {"uv": [5.5, 4.75, 6.5, 5.75], "texture": "#0"},
				"west": {"uv": [0, 1, 4.25, 2], "texture": "#0"},
				"up": {"uv": [1, 6.25, 0, 2], "texture": "#0"},
				"down": {"uv": [2, 2, 1, 6.25], "texture": "#0"}
			}
		},
		{
			"from": [6.25, 5, -1],
			"to": [9.75, 8.5, 0],
			"faces": {
				"north": {"uv": [5.5, 5.75, 6.375, 6.625], "texture": "#0"},
				"east": {"uv": [3.75, 6.5, 4, 7.375], "texture": "#0"},
				"south": {"uv": [4, 6, 4.875, 6.875], "texture": "#0"},
				"west": {"uv": [6.75, 0, 7, 0.875], "texture": "#0"},
				"up": {"uv": [6.375, 7, 5.5, 6.75], "texture": "#0"},
				"down": {"uv": [7.875, 0, 7, 0.25], "texture": "#0"}
			}
		},
		{
			"from": [6.5, 5.25, -3],
			"to": [9.5, 8.25, -1],
			"faces": {
				"north": {"uv": [5.75, 3, 6.5, 3.75], "texture": "#0"},
				"east": {"uv": [4.25, 1.25, 4.5, 2], "texture": "#0"},
				"south": {"uv": [0, 6.25, 0.75, 7], "texture": "#0"},
				"west": {"uv": [0.5, 7, 0.75, 7.75], "texture": "#0"},
				"up": {"uv": [7.75, 2, 7, 1.75], "texture": "#0"},
				"down": {"uv": [2.75, 7, 2, 7.25], "texture": "#0"}
			}
		},
		{
			"from": [5.75, 4.5, 5],
			"to": [10.25, 9, 6],
			"faces": {
				"north": {"uv": [3.25, 2, 4.375, 3.125], "texture": "#0"},
				"east": {"uv": [1.75, 6.25, 2, 7.375], "texture": "#0"},
				"south": {"uv": [3.25, 3.25, 4.375, 4.375], "texture": "#0"},
				"west": {"uv": [3.5, 6.5, 3.75, 7.625], "texture": "#0"},
				"up": {"uv": [7.625, 2.25, 6.5, 2], "texture": "#0"},
				"down": {"uv": [7.625, 3.75, 6.5, 4], "texture": "#0"}
			}
		},
		{
			"from": [5.865, 4.625, 0.5],
			"to": [10.115, 8.875, 1],
			"faces": {
				"north": {"uv": [4.25, 0, 5.375, 1.125], "texture": "#0"},
				"east": {"uv": [4.75, 7, 4.875, 8.125], "texture": "#0"},
				"south": {"uv": [4.5, 1.25, 5.625, 2.375], "texture": "#0"},
				"west": {"uv": [5, 7, 5.125, 8.125], "texture": "#0"},
				"up": {"uv": [8.125, 5.125, 7, 5], "texture": "#0"},
				"down": {"uv": [6.375, 7, 5.25, 7.125], "texture": "#0"}
			}
		},
		{
			"from": [4, 8.75, 5.125],
			"to": [6, 10.75, 5.875],
			"faces": {
				"north": {"uv": [6.5, 5, 7, 5.5], "texture": "#0"},
				"east": {"uv": [4.25, 4.5, 4.5, 5], "texture": "#0"},
				"south": {"uv": [6.5, 5.5, 7, 6], "texture": "#0"},
				"west": {"uv": [7, 6.25, 7.25, 6.75], "texture": "#0"},
				"up": {"uv": [7, 7.25, 6.5, 7], "texture": "#0"},
				"down": {"uv": [7.5, 6.75, 7, 7], "texture": "#0"}
			}
		},
		{
			"from": [4.5, 8.75, 0.625],
			"to": [6, 10.25, 0.875],
			"faces": {
				"north": {"uv": [7, 5.25, 7.375, 5.625], "texture": "#0"},
				"east": {"uv": [2.5, 7.25, 2.625, 7.625], "texture": "#0"},
				"south": {"uv": [7, 5.75, 7.375, 6.125], "texture": "#0"},
				"west": {"uv": [2.75, 7.25, 2.875, 7.625], "texture": "#0"},
				"up": {"uv": [3.375, 7.375, 3, 7.25], "texture": "#0"},
				"down": {"uv": [7.625, 3, 7.25, 3.125], "texture": "#0"}
			}
		},
		{
			"from": [5.5, 4.25, 18],
			"to": [10.5, 9.25, 21],
			"faces": {
				"north": {"uv": [2, 2, 3.25, 3.25], "texture": "#0"},
				"east": {"uv": [5.75, 1, 6.5, 2.25], "texture": "#0"},
				"south": {"uv": [2, 3.25, 3.25, 4.5], "texture": "#0"},
				"west": {"uv": [2, 5.75, 2.75, 7], "texture": "#0"},
				"up": {"uv": [7, 3, 5.75, 2.25], "texture": "#0"},
				"down": {"uv": [4, 5.75, 2.75, 6.5], "texture": "#0"}
			}
		},
		{
			"from": [5.75, 4.5, 15],
			"to": [10.25, 9, 19],
			"faces": {
				"north": {"uv": [2, 4.5, 3.125, 5.625], "texture": "#0"},
				"east": {"uv": [3.25, 4.5, 4.25, 5.625], "texture": "#0"},
				"south": {"uv": [4.5, 2.5, 5.625, 3.625], "texture": "#0"},
				"west": {"uv": [4.5, 3.75, 5.5, 4.875], "texture": "#0"},
				"up": {"uv": [5.375, 6, 4.25, 5], "texture": "#0"},
				"down": {"uv": [6.625, 0, 5.5, 1], "texture": "#0"}
			}
		},
		{
			"from": [7, 2.25, 2],
			"to": [9, 3.25, 4],
			"faces": {
				"north": {"uv": [7, 7, 7.5, 7.25], "texture": "#0"},
				"east": {"uv": [0.75, 7.25, 1.25, 7.5], "texture": "#0"},
				"south": {"uv": [1.25, 7.25, 1.75, 7.5], "texture": "#0"},
				"west": {"uv": [2, 7.25, 2.5, 7.5], "texture": "#0"},
				"up": {"uv": [7, 6.5, 6.5, 6], "texture": "#0"},
				"down": {"uv": [7, 6.5, 6.5, 7], "texture": "#0"}
			}
		}
	],
	"display": {
		"thirdperson_righthand": {
			"translation": [0, 3.25, 2]
		},
		"thirdperson_lefthand": {
			"translation": [0, 3.25, 2]
		},
		"firstperson_righthand": {
			"translation": [-3.5, 6.5, 2.5]
		},
		"firstperson_lefthand": {
			"translation": [-3.5, 6.5, 2.5]
		},
		"gui": {
			"rotation": [90, 45, -90],
			"translation": [0, 1.25, 0]
		},
		"head": {
			"translation": [0, 4, -6.25]
		},
		"fixed": {
			"rotation": [90, 45, -90],
			"translation": [0, 2, 0]
		}
	},
	"groups": [
		{
			"name": "RocketLauncher",
			"origin": [8, 8, 8],
			"color": 0,
			"children": [0, 1, 2, 3, 4, 5, 6, 7, 8, 9, 10, 11, 12]
		}
	]
}