{
	"credit": "Made with Blockbench",
	"texture_size": [32, 32],
	"textures": {
		"1": "item/rotmgpurple",
		"2": "item/rotmggold",
		"particle": "item/rotmggold"
	},
	"elements": [
		{
			"from": [5, -16, 5],
			"to": [9, -12, 9],
			"rotation": {"angle": 0, "axis": "y", "origin": [0, -6, 0]},
			"faces": {
				"north": {"uv": [0, 0, 2, 2], "texture": "#2"},
				"east": {"uv": [0, 0, 2, 2], "texture": "#2"},
				"south": {"uv": [0, 0, 2, 2], "texture": "#2"},
				"west": {"uv": [0, 0, 2, 2], "texture": "#2"},
				"up": {"uv": [0, 0, 2, 2], "texture": "#2"},
				"down": {"uv": [0, 0, 2, 2], "texture": "#2"}
			}
		},
		{
			"from": [5.5, -15.5, 4.5],
			"to": [8.5, -12.5, 9.5],
			"rotation": {"angle": 0, "axis": "y", "origin": [0, -6, 0]},
			"faces": {
				"north": {"uv": [0, 0, 1.5, 1.5], "texture": "#2"},
				"east": {"uv": [0, 0, 2.5, 1.5], "texture": "#2"},
				"south": {"uv": [0, 0, 1.5, 1.5], "texture": "#2"},
				"west": {"uv": [0, 0, 2.5, 1.5], "texture": "#2"},
				"up": {"uv": [0, 0, 1.5, 2.5], "texture": "#2"},
				"down": {"uv": [0, 0, 1.5, 2.5], "texture": "#2"}
			}
		},
		{
			"from": [5.75, -15.5, 5.75],
			"to": [8.25, 11.5, 8.25],
			"rotation": {"angle": 0, "axis": "y", "origin": [7, -2, 7]},
			"faces": {
				"north": {"uv": [0, 0, 1.25, 13.5], "texture": "#1"},
				"east": {"uv": [1.5, 0, 2.75, 13.5], "texture": "#1"},
				"south": {"uv": [3, 0, 4.25, 13.5], "texture": "#1"},
				"west": {"uv": [4.5, 0, 5.75, 13.5], "texture": "#1"},
				"up": {"uv": [7.25, 1.25, 6, 0], "texture": "#1"},
				"down": {"uv": [7.25, 1.5, 6, 2.75], "texture": "#1"}
			}
		},
		{
			"from": [4.5, -15.5, 5.5],
			"to": [9.5, -12.5, 8.5],
			"rotation": {"angle": 0, "axis": "y", "origin": [7, -2, 7]},
			"faces": {
				"north": {"uv": [0, 0, 2.5, 1.5], "texture": "#2"},
				"east": {"uv": [0, 0, 1.5, 1.5], "texture": "#2"},
				"south": {"uv": [0, 0, 2.5, 1.5], "texture": "#2"},
				"west": {"uv": [0, 0, 1.5, 1.5], "texture": "#2"},
				"up": {"uv": [0, 0, 1.5, 2.5], "rotation": 270, "texture": "#2"},
				"down": {"uv": [0, 0, 1.5, 2.5], "rotation": 90, "texture": "#2"}
			}
		},
		{
			"from": [5.5, 10.5, 4.5],
			"to": [8.5, 13.5, 9.5],
			"rotation": {"angle": 0, "axis": "y", "origin": [0, -6, 0]},
			"faces": {
				"north": {"uv": [0, 0, 1.5, 1.5], "texture": "#1"},
				"east": {"uv": [0, 0, 2.5, 1.5], "texture": "#1"},
				"south": {"uv": [0, 0, 1.5, 1.5], "texture": "#1"},
				"west": {"uv": [0, 0, 2.5, 1.5], "texture": "#1"},
				"up": {"uv": [0, 0, 1.5, 2.5], "texture": "#1"},
				"down": {"uv": [0, 0, 1.5, 2.5], "texture": "#1"}
			}
		},
		{
			"from": [4.5, 10.5, 5.5],
			"to": [9.5, 13.5, 8.5],
			"rotation": {"angle": 0, "axis": "y", "origin": [7, -2, 7]},
			"faces": {
				"north": {"uv": [0, 0, 2.5, 1.5], "texture": "#1"},
				"east": {"uv": [0, 0, 1.5, 1.5], "texture": "#1"},
				"south": {"uv": [0, 0, 2.5, 1.5], "texture": "#1"},
				"west": {"uv": [0, 0, 1.5, 1.5], "texture": "#1"},
				"up": {"uv": [0, 0, 1.5, 2.5], "rotation": 270, "texture": "#1"},
				"down": {"uv": [0, 0, 1.5, 2.5], "rotation": 90, "texture": "#1"}
			}
		},
		{
			"from": [5, 10, 5],
			"to": [9, 14, 9],
			"rotation": {"angle": 0, "axis": "y", "origin": [0, -6, 0]},
			"faces": {
				"north": {"uv": [0, 0, 2, 2], "texture": "#1"},
				"east": {"uv": [0, 0, 2, 2], "texture": "#1"},
				"south": {"uv": [0, 0, 2, 2], "texture": "#1"},
				"west": {"uv": [0, 0, 2, 2], "texture": "#1"},
				"up": {"uv": [0, 0, 2, 2], "texture": "#1"},
				"down": {"uv": [0, 0, 2, 2], "texture": "#1"}
			}
		},
		{
			"from": [4.71447, 11, 6],
			"to": [13.71447, 13, 8],
			"rotation": {"angle": 0, "axis": "y", "origin": [7.10723, 18.39277, 7]},
			"faces": {
				"north": {"uv": [0, 0, 4.5, 1], "texture": "#1"},
				"east": {"uv": [0, 0, 1, 1], "texture": "#1"},
				"south": {"uv": [0, 0, 4.5, 1], "texture": "#1"},
				"west": {"uv": [0, 0, 1, 1], "texture": "#1"},
				"up": {"uv": [0, 0, 1, 4.5], "rotation": 90, "texture": "#1"},
				"down": {"uv": [0, 0, 1, 4.5], "rotation": 270, "texture": "#1"}
			}
		},
		{
			"from": [0.5, 11, 6],
			"to": [9.5, 13, 8],
			"rotation": {"angle": 0, "axis": "y", "origin": [7, -2, 7]},
			"faces": {
				"north": {"uv": [0, 0, 4.5, 1], "texture": "#1"},
				"east": {"uv": [0, 0, 1, 1], "texture": "#1"},
				"south": {"uv": [0, 0, 4.5, 1], "texture": "#1"},
				"west": {"uv": [0, 0, 1, 1], "texture": "#1"},
				"up": {"uv": [0, 0, 1, 4.5], "rotation": 270, "texture": "#1"},
				"down": {"uv": [0, 0, 1, 4.5], "rotation": 90, "texture": "#1"}
			}
		},
		{
			"from": [4.66269, 8.49327, 6.05],
			"to": [7.66269, 10.49327, 7.975],
			"rotation": {"angle": -45, "axis": "z", "origin": [7.10723, 18.39277, 7]},
			"faces": {
				"north": {"uv": [0, 0, 1.5, 1], "texture": "#2"},
				"east": {"uv": [0, 0, 0.9625, 1], "texture": "#2"},
				"south": {"uv": [0, 0, 1.5, 1], "texture": "#2"},
				"west": {"uv": [0, 0, 0.9625, 1], "texture": "#2"},
				"up": {"uv": [0, 0, 0.9625, 1.5], "rotation": 270, "texture": "#2"},
				"down": {"uv": [0, 0, 0.9625, 1.5], "rotation": 90, "texture": "#2"}
			}
		},
		{
			"from": [-1.62132, 13.12132, 6],
			"to": [0.37868, 18.12132, 8],
			"rotation": {"angle": 0, "axis": "y", "origin": [7.10723, 18.39277, 7]},
			"faces": {
				"north": {"uv": [0, 0, 2.5, 1], "rotation": 270, "texture": "#2"},
				"east": {"uv": [0, 0, 1, 2.5], "texture": "#2"},
				"south": {"uv": [0, 0, 2.5, 1], "rotation": 90, "texture": "#2"},
				"west": {"uv": [0, 0, 1, 2.5], "rotation": 180, "texture": "#2"},
				"up": {"uv": [0, 0, 1, 1], "rotation": 90, "texture": "#2"},
				"down": {"uv": [0, 0, 1, 1], "rotation": 90, "texture": "#2"}
			}
		},
		{
			"from": [-2.66053, 18.03553, 5.375],
			"to": [1.58947, 23.78553, 8.625],
			"rotation": {"angle": 0, "axis": "y", "origin": [7.10723, 18.39277, 7]},
			"faces": {
				"north": {"uv": [0, 0, 2.125, 2.875], "texture": "#2"},
				"east": {"uv": [0, 0, 2.875, 1.625], "rotation": 90, "texture": "#2"},
				"south": {"uv": [0, 0, 2.125, 2.875], "rotation": 180, "texture": "#2"},
				"west": {"uv": [0, 0, 2.875, 1.625], "rotation": 270, "texture": "#2"},
				"up": {"uv": [0, 0, 2.125, 1.625], "texture": "#2"},
				"down": {"uv": [0, 0, 2.125, 1.625], "rotation": 180, "texture": "#2"}
			}
		},
		{
			"from": [-2.16053, 18.03553, 4.875],
			"to": [1.08947, 21.53553, 5.375],
			"rotation": {"angle": 0, "axis": "y", "origin": [7.10723, 18.39277, 7]},
			"faces": {
				"north": {"uv": [0, 0, 1.625, 1.75], "texture": "#2"},
				"east": {"uv": [0, 0, 1.75, 0.25], "rotation": 90, "texture": "#2"},
				"south": {"uv": [0, 0, 1.625, 1.75], "rotation": 180, "texture": "#2"},
				"west": {"uv": [0, 0, 1.75, 0.25], "rotation": 270, "texture": "#2"},
				"up": {"uv": [0, 0, 1.625, 0.25], "texture": "#2"},
				"down": {"uv": [0, 0, 1.625, 0.25], "rotation": 180, "texture": "#2"}
			}
		},
		{
			"from": [-2.16053, 18.03553, 8.625],
			"to": [1.08947, 21.53553, 9.125],
			"rotation": {"angle": 0, "axis": "y", "origin": [7.10723, 18.39277, 7]},
			"faces": {
				"north": {"uv": [0, 0, 1.625, 1.75], "texture": "#2"},
				"east": {"uv": [0, 0, 1.75, 0.25], "rotation": 90, "texture": "#2"},
				"south": {"uv": [0, 0, 1.625, 1.75], "rotation": 180, "texture": "#2"},
				"west": {"uv": [0, 0, 1.75, 0.25], "rotation": 270, "texture": "#2"},
				"up": {"uv": [0, 0, 1.625, 0.25], "texture": "#2"},
				"down": {"uv": [0, 0, 1.625, 0.25], "rotation": 180, "texture": "#2"}
			}
		},
		{
			"from": [-1.37132, 17.12132, 8],
			"to": [0.12868, 18.12132, 8.25],
			"rotation": {"angle": 0, "axis": "y", "origin": [-1.62132, 15.62132, 7]},
			"faces": {
				"north": {"uv": [0, 0, 0.5, 0.75], "rotation": 270, "texture": "#2"},
				"east": {"uv": [0, 0, 0.125, 0.5], "texture": "#2"},
				"south": {"uv": [0, 0, 0.5, 0.75], "rotation": 90, "texture": "#2"},
				"west": {"uv": [0, 0, 0.125, 0.5], "rotation": 180, "texture": "#2"},
				"up": {"uv": [0, 0, 0.125, 0.75], "rotation": 90, "texture": "#2"},
				"down": {"uv": [0, 0, 0.125, 0.75], "rotation": 90, "texture": "#2"}
			}
		},
		{
			"from": [-1.37132, 17.12132, 5.75],
			"to": [0.12868, 18.12132, 6],
			"rotation": {"angle": 0, "axis": "y", "origin": [-1.62132, 15.62132, 7]},
			"faces": {
				"north": {"uv": [0, 0, 0.5, 0.75], "rotation": 270, "texture": "#2"},
				"east": {"uv": [0, 0, 0.125, 0.5], "texture": "#2"},
				"south": {"uv": [0, 0, 0.5, 0.75], "rotation": 90, "texture": "#2"},
				"west": {"uv": [0, 0, 0.125, 0.5], "rotation": 180, "texture": "#2"},
				"up": {"uv": [0, 0, 0.125, 0.75], "rotation": 90, "texture": "#2"},
				"down": {"uv": [0, 0, 0.125, 0.75], "rotation": 90, "texture": "#2"}
			}
		},
		{
			"from": [0.37868, 17.12132, 6.25],
			"to": [0.62868, 18.12132, 7.75],
			"rotation": {"angle": 0, "axis": "y", "origin": [-1.62132, 15.62132, 7]},
			"faces": {
				"north": {"uv": [0, 0, 0.5, 0.125], "rotation": 270, "texture": "#2"},
				"east": {"uv": [0, 0, 0.75, 0.5], "texture": "#2"},
				"south": {"uv": [0, 0, 0.5, 0.125], "rotation": 90, "texture": "#2"},
				"west": {"uv": [0, 0, 0.75, 0.5], "rotation": 180, "texture": "#2"},
				"up": {"uv": [0, 0, 0.75, 0.125], "rotation": 90, "texture": "#2"},
				"down": {"uv": [0, 0, 0.75, 0.125], "rotation": 90, "texture": "#2"}
			}
		},
		{
			"from": [-1.87132, 17.12132, 6.25],
			"to": [-1.62132, 18.12132, 7.75],
			"rotation": {"angle": 0, "axis": "y", "origin": [7.10723, 18.39277, 7]},
			"faces": {
				"north": {"uv": [0, 0, 0.5, 0.125], "rotation": 270, "texture": "#2"},
				"east": {"uv": [0, 0, 0.75, 0.5], "texture": "#2"},
				"south": {"uv": [0, 0, 0.5, 0.125], "rotation": 90, "texture": "#2"},
				"west": {"uv": [0, 0, 0.75, 0.5], "rotation": 180, "texture": "#2"},
				"up": {"uv": [0, 0, 0.75, 0.125], "rotation": 90, "texture": "#2"},
				"down": {"uv": [0, 0, 0.75, 0.125], "rotation": 90, "texture": "#2"}
			}
		},
		{
			"from": [-2.91053, 18.03553, 5.875],
			"to": [-2.66053, 21.53553, 8.125],
			"rotation": {"angle": 0, "axis": "y", "origin": [7.10723, 18.39277, 7]},
			"faces": {
				"north": {"uv": [0, 0, 0.125, 1.75], "texture": "#2"},
				"east": {"uv": [0, 0, 1.75, 1.125], "rotation": 90, "texture": "#2"},
				"south": {"uv": [0, 0, 0.125, 1.75], "rotation": 180, "texture": "#2"},
				"west": {"uv": [0, 0, 1.75, 1.125], "rotation": 270, "texture": "#2"},
				"up": {"uv": [0, 0, 0.125, 1.125], "texture": "#2"},
				"down": {"uv": [0, 0, 0.125, 1.125], "rotation": 180, "texture": "#2"}
			}
		},
		{
			"from": [1.58947, 18.03553, 5.875],
			"to": [1.83947, 21.53553, 8.125],
			"rotation": {"angle": 0, "axis": "y", "origin": [7.10723, 18.39277, 7]},
			"faces": {
				"north": {"uv": [0, 0, 0.125, 1.75], "texture": "#2"},
				"east": {"uv": [0, 0, 1.75, 1.125], "rotation": 90, "texture": "#2"},
				"south": {"uv": [0, 0, 0.125, 1.75], "rotation": 180, "texture": "#2"},
				"west": {"uv": [0, 0, 1.75, 1.125], "rotation": 270, "texture": "#2"},
				"up": {"uv": [0, 0, 0.125, 1.125], "texture": "#2"},
				"down": {"uv": [0, 0, 0.125, 1.125], "rotation": 180, "texture": "#2"}
			}
		},
		{
			"from": [-2.81053, 21.53553, 6.125],
			"to": [-2.56053, 22.28553, 7.875],
			"rotation": {"angle": 0, "axis": "y", "origin": [-3.16053, 19.66053, 7]},
			"faces": {
				"north": {"uv": [0, 0, 0.125, 0.375], "texture": "#2"},
				"east": {"uv": [0, 0, 0.375, 0.875], "rotation": 90, "texture": "#2"},
				"south": {"uv": [0, 0, 0.125, 0.375], "rotation": 180, "texture": "#2"},
				"west": {"uv": [0, 0, 0.375, 0.875], "rotation": 270, "texture": "#2"},
				"up": {"uv": [0, 0, 0.125, 0.875], "texture": "#2"},
				"down": {"uv": [0, 0, 0.125, 0.875], "rotation": 180, "texture": "#2"}
			}
		},
		{
			"from": [1.48947, 21.53553, 6.125],
			"to": [1.73947, 22.28553, 7.875],
			"rotation": {"angle": 0, "axis": "y", "origin": [-3.16053, 19.66053, 7]},
			"faces": {
				"north": {"uv": [0, 0, 0.125, 0.375], "texture": "#2"},
				"east": {"uv": [0, 0, 0.375, 0.875], "rotation": 90, "texture": "#2"},
				"south": {"uv": [0, 0, 0.125, 0.375], "rotation": 180, "texture": "#2"},
				"west": {"uv": [0, 0, 0.375, 0.875], "rotation": 270, "texture": "#2"},
				"up": {"uv": [0, 0, 0.125, 0.875], "texture": "#2"},
				"down": {"uv": [0, 0, 0.125, 0.875], "rotation": 180, "texture": "#2"}
			}
		},
		{
			"from": [-1.66053, 21.53553, 5.125],
			"to": [0.58947, 22.28553, 5.625],
			"rotation": {"angle": 0, "axis": "y", "origin": [-3.16053, 19.66053, 7]},
			"faces": {
				"north": {"uv": [0, 0, 1.125, 0.375], "texture": "#2"},
				"east": {"uv": [0, 0, 0.375, 0.25], "rotation": 90, "texture": "#2"},
				"south": {"uv": [0, 0, 1.125, 0.375], "rotation": 180, "texture": "#2"},
				"west": {"uv": [0, 0, 0.375, 0.25], "rotation": 270, "texture": "#2"},
				"up": {"uv": [0, 0, 1.125, 0.25], "texture": "#2"},
				"down": {"uv": [0, 0, 1.125, 0.25], "rotation": 180, "texture": "#2"}
			}
		},
		{
			"from": [-1.66053, 21.53553, 8.375],
			"to": [0.58947, 22.28553, 8.875],
			"rotation": {"angle": 0, "axis": "y", "origin": [-3.16053, 19.66053, 7]},
			"faces": {
				"north": {"uv": [0, 0, 1.125, 0.375], "texture": "#2"},
				"east": {"uv": [0, 0, 0.375, 0.25], "rotation": 90, "texture": "#2"},
				"south": {"uv": [0, 0, 1.125, 0.375], "rotation": 180, "texture": "#2"},
				"west": {"uv": [0, 0, 0.375, 0.25], "rotation": 270, "texture": "#2"},
				"up": {"uv": [0, 0, 1.125, 0.25], "texture": "#2"},
				"down": {"uv": [0, 0, 1.125, 0.25], "rotation": 180, "texture": "#2"}
			}
		},
		{
			"from": [-1.91053, 23.78553, 6.125],
			"to": [0.83947, 25.78553, 7.875],
			"rotation": {"angle": 0, "axis": "y", "origin": [7.10723, 18.39277, 7]},
			"faces": {
				"north": {"uv": [0, 0, 1.375, 1], "texture": "#2"},
				"east": {"uv": [0, 0, 1, 0.875], "rotation": 90, "texture": "#2"},
				"south": {"uv": [0, 0, 1.375, 1], "rotation": 180, "texture": "#2"},
				"west": {"uv": [0, 0, 1, 0.875], "rotation": 270, "texture": "#2"},
				"up": {"uv": [0, 0, 1.375, 0.875], "texture": "#2"},
				"down": {"uv": [0, 0, 1.375, 0.875], "rotation": 180, "texture": "#2"}
			}
		},
		{
			"from": [4.71447, 11, 6],
			"to": [13.71447, 13, 8],
			"rotation": {"angle": 0, "axis": "y", "origin": [7.10723, 18.39277, 7]},
			"faces": {
				"north": {"uv": [0, 0, 4.5, 1], "texture": "#1"},
				"east": {"uv": [0, 0, 1, 1], "texture": "#1"},
				"south": {"uv": [0, 0, 4.5, 1], "texture": "#1"},
				"west": {"uv": [0, 0, 1, 1], "texture": "#1"},
				"up": {"uv": [0, 0, 1, 4.5], "rotation": 90, "texture": "#1"},
				"down": {"uv": [0, 0, 1, 4.5], "rotation": 270, "texture": "#1"}
			}
		},
		{
			"from": [13.375, 23.78553, 6.125],
			"to": [16.125, 25.78553, 7.875],
			"rotation": {"angle": 0, "axis": "y", "origin": [7.10723, 18.39277, 7]},
			"faces": {
				"north": {"uv": [0, 0, 1.375, 1], "rotation": 180, "texture": "#2"},
				"east": {"uv": [0, 0, 1, 0.875], "rotation": 270, "texture": "#2"},
				"south": {"uv": [0, 0, 1.375, 1], "texture": "#2"},
				"west": {"uv": [0, 0, 1, 0.875], "rotation": 90, "texture": "#2"},
				"up": {"uv": [0, 0, 1.375, 0.875], "rotation": 180, "texture": "#2"},
				"down": {"uv": [0, 0, 1.375, 0.875], "texture": "#2"}
			}
		},
		{
			"from": [13.625, 21.53553, 5.125],
			"to": [15.875, 22.28553, 5.625],
			"rotation": {"angle": 0, "axis": "y", "origin": [7.10723, 18.39277, 7]},
			"faces": {
				"north": {"uv": [0, 0, 1.125, 0.375], "rotation": 180, "texture": "#2"},
				"east": {"uv": [0, 0, 0.375, 0.25], "rotation": 270, "texture": "#2"},
				"south": {"uv": [0, 0, 1.125, 0.375], "texture": "#2"},
				"west": {"uv": [0, 0, 0.375, 0.25], "rotation": 90, "texture": "#2"},
				"up": {"uv": [0, 0, 1.125, 0.25], "rotation": 180, "texture": "#2"},
				"down": {"uv": [0, 0, 1.125, 0.25], "texture": "#2"}
			}
		},
		{
			"from": [13.625, 21.53553, 8.375],
			"to": [15.875, 22.28553, 8.875],
			"rotation": {"angle": 0, "axis": "y", "origin": [7.10723, 18.39277, 7]},
			"faces": {
				"north": {"uv": [0, 0, 1.125, 0.375], "rotation": 180, "texture": "#2"},
				"east": {"uv": [0, 0, 0.375, 0.25], "rotation": 270, "texture": "#2"},
				"south": {"uv": [0, 0, 1.125, 0.375], "texture": "#2"},
				"west": {"uv": [0, 0, 0.375, 0.25], "rotation": 90, "texture": "#2"},
				"up": {"uv": [0, 0, 1.125, 0.25], "rotation": 180, "texture": "#2"},
				"down": {"uv": [0, 0, 1.125, 0.25], "texture": "#2"}
			}
		},
		{
			"from": [12.475, 21.53553, 6.125],
			"to": [12.725, 22.28553, 7.875],
			"rotation": {"angle": 0, "axis": "y", "origin": [7.10723, 18.39277, 7]},
			"faces": {
				"north": {"uv": [0, 0, 0.125, 0.375], "rotation": 180, "texture": "#2"},
				"east": {"uv": [0, 0, 0.375, 0.875], "rotation": 270, "texture": "#2"},
				"south": {"uv": [0, 0, 0.125, 0.375], "texture": "#2"},
				"west": {"uv": [0, 0, 0.375, 0.875], "rotation": 90, "texture": "#2"},
				"up": {"uv": [0, 0, 0.125, 0.875], "rotation": 180, "texture": "#2"},
				"down": {"uv": [0, 0, 0.125, 0.875], "texture": "#2"}
			}
		},
		{
			"from": [16.775, 21.53553, 6.125],
			"to": [17.025, 22.28553, 7.875],
			"rotation": {"angle": 0, "axis": "y", "origin": [7.10723, 18.39277, 7]},
			"faces": {
				"north": {"uv": [0, 0, 0.125, 0.375], "rotation": 180, "texture": "#2"},
				"east": {"uv": [0, 0, 0.375, 0.875], "rotation": 270, "texture": "#2"},
				"south": {"uv": [0, 0, 0.125, 0.375], "texture": "#2"},
				"west": {"uv": [0, 0, 0.375, 0.875], "rotation": 90, "texture": "#2"},
				"up": {"uv": [0, 0, 0.125, 0.875], "rotation": 180, "texture": "#2"},
				"down": {"uv": [0, 0, 0.125, 0.875], "texture": "#2"}
			}
		},
		{
			"from": [12.375, 18.03553, 5.875],
			"to": [12.625, 21.53553, 8.125],
			"rotation": {"angle": 0, "axis": "y", "origin": [7.10723, 18.39277, 7]},
			"faces": {
				"north": {"uv": [0, 0, 0.125, 1.75], "rotation": 180, "texture": "#2"},
				"east": {"uv": [0, 0, 1.75, 1.125], "rotation": 270, "texture": "#2"},
				"south": {"uv": [0, 0, 0.125, 1.75], "texture": "#2"},
				"west": {"uv": [0, 0, 1.75, 1.125], "rotation": 90, "texture": "#2"},
				"up": {"uv": [0, 0, 0.125, 1.125], "rotation": 180, "texture": "#2"},
				"down": {"uv": [0, 0, 0.125, 1.125], "texture": "#2"}
			}
		},
		{
			"from": [16.875, 18.03553, 5.875],
			"to": [17.125, 21.53553, 8.125],
			"rotation": {"angle": 0, "axis": "y", "origin": [7.10723, 18.39277, 7]},
			"faces": {
				"north": {"uv": [0, 0, 0.125, 1.75], "rotation": 180, "texture": "#2"},
				"east": {"uv": [0, 0, 1.75, 1.125], "rotation": 270, "texture": "#2"},
				"south": {"uv": [0, 0, 0.125, 1.75], "texture": "#2"},
				"west": {"uv": [0, 0, 1.75, 1.125], "rotation": 90, "texture": "#2"},
				"up": {"uv": [0, 0, 0.125, 1.125], "rotation": 180, "texture": "#2"},
				"down": {"uv": [0, 0, 0.125, 1.125], "texture": "#2"}
			}
		},
		{
			"from": [15.83579, 17.12132, 6.25],
			"to": [16.08579, 18.12132, 7.75],
			"rotation": {"angle": 0, "axis": "y", "origin": [7.10723, 18.39277, 7]},
			"faces": {
				"north": {"uv": [0, 0, 0.5, 0.125], "rotation": 90, "texture": "#2"},
				"east": {"uv": [0, 0, 0.75, 0.5], "rotation": 180, "texture": "#2"},
				"south": {"uv": [0, 0, 0.5, 0.125], "rotation": 270, "texture": "#2"},
				"west": {"uv": [0, 0, 0.75, 0.5], "texture": "#2"},
				"up": {"uv": [0, 0, 0.75, 0.125], "rotation": 270, "texture": "#2"},
				"down": {"uv": [0, 0, 0.75, 0.125], "rotation": 270, "texture": "#2"}
			}
		},
		{
			"from": [13.58579, 17.12132, 6.25],
			"to": [13.83579, 18.12132, 7.75],
			"rotation": {"angle": 0, "axis": "y", "origin": [7.10723, 18.39277, 7]},
			"faces": {
				"north": {"uv": [0, 0, 0.5, 0.125], "rotation": 90, "texture": "#2"},
				"east": {"uv": [0, 0, 0.75, 0.5], "rotation": 180, "texture": "#2"},
				"south": {"uv": [0, 0, 0.5, 0.125], "rotation": 270, "texture": "#2"},
				"west": {"uv": [0, 0, 0.75, 0.5], "texture": "#2"},
				"up": {"uv": [0, 0, 0.75, 0.125], "rotation": 270, "texture": "#2"},
				"down": {"uv": [0, 0, 0.75, 0.125], "rotation": 270, "texture": "#2"}
			}
		},
		{
			"from": [14.08579, 17.12132, 8],
			"to": [15.58579, 18.12132, 8.25],
			"rotation": {"angle": 0, "axis": "y", "origin": [7.10723, 18.39277, 7]},
			"faces": {
				"north": {"uv": [0, 0, 0.5, 0.75], "rotation": 90, "texture": "#2"},
				"east": {"uv": [0, 0, 0.125, 0.5], "rotation": 180, "texture": "#2"},
				"south": {"uv": [0, 0, 0.5, 0.75], "rotation": 270, "texture": "#2"},
				"west": {"uv": [0, 0, 0.125, 0.5], "texture": "#2"},
				"up": {"uv": [0, 0, 0.125, 0.75], "rotation": 270, "texture": "#2"},
				"down": {"uv": [0, 0, 0.125, 0.75], "rotation": 270, "texture": "#2"}
			}
		},
		{
			"from": [14.08579, 17.12132, 5.75],
			"to": [15.58579, 18.12132, 6],
			"rotation": {"angle": 0, "axis": "y", "origin": [7.10723, 18.39277, 7]},
			"faces": {
				"north": {"uv": [0, 0, 0.5, 0.75], "rotation": 90, "texture": "#2"},
				"east": {"uv": [0, 0, 0.125, 0.5], "rotation": 180, "texture": "#2"},
				"south": {"uv": [0, 0, 0.5, 0.75], "rotation": 270, "texture": "#2"},
				"west": {"uv": [0, 0, 0.125, 0.5], "texture": "#2"},
				"up": {"uv": [0, 0, 0.125, 0.75], "rotation": 270, "texture": "#2"},
				"down": {"uv": [0, 0, 0.125, 0.75], "rotation": 270, "texture": "#2"}
			}
		},
		{
			"from": [13.125, 18.03553, 4.875],
			"to": [16.375, 21.53553, 5.375],
			"rotation": {"angle": 0, "axis": "y", "origin": [7.10723, 18.39277, 7]},
			"faces": {
				"north": {"uv": [0, 0, 1.625, 1.75], "rotation": 180, "texture": "#2"},
				"east": {"uv": [0, 0, 1.75, 0.25], "rotation": 270, "texture": "#2"},
				"south": {"uv": [0, 0, 1.625, 1.75], "texture": "#2"},
				"west": {"uv": [0, 0, 1.75, 0.25], "rotation": 90, "texture": "#2"},
				"up": {"uv": [0, 0, 1.625, 0.25], "rotation": 180, "texture": "#2"},
				"down": {"uv": [0, 0, 1.625, 0.25], "texture": "#2"}
			}
		},
		{
			"from": [13.125, 18.03553, 8.625],
			"to": [16.375, 21.53553, 9.125],
			"rotation": {"angle": 0, "axis": "y", "origin": [7.10723, 18.39277, 7]},
			"faces": {
				"north": {"uv": [0, 0, 1.625, 1.75], "rotation": 180, "texture": "#2"},
				"east": {"uv": [0, 0, 1.75, 0.25], "rotation": 270, "texture": "#2"},
				"south": {"uv": [0, 0, 1.625, 1.75], "texture": "#2"},
				"west": {"uv": [0, 0, 1.75, 0.25], "rotation": 90, "texture": "#2"},
				"up": {"uv": [0, 0, 1.625, 0.25], "rotation": 180, "texture": "#2"},
				"down": {"uv": [0, 0, 1.625, 0.25], "texture": "#2"}
			}
		},
		{
			"from": [12.625, 18.03553, 5.375],
			"to": [16.875, 23.78553, 8.625],
			"rotation": {"angle": 0, "axis": "y", "origin": [7.10723, 18.39277, 7]},
			"faces": {
				"north": {"uv": [0, 0, 2.125, 2.875], "rotation": 180, "texture": "#2"},
				"east": {"uv": [0, 0, 2.875, 1.625], "rotation": 270, "texture": "#2"},
				"south": {"uv": [0, 0, 2.125, 2.875], "texture": "#2"},
				"west": {"uv": [0, 0, 2.875, 1.625], "rotation": 90, "texture": "#2"},
				"up": {"uv": [0, 0, 2.125, 1.625], "rotation": 180, "texture": "#2"},
				"down": {"uv": [0, 0, 2.125, 1.625], "texture": "#2"}
			}
		},
		{
			"from": [13.83579, 13.12132, 6],
			"to": [15.83579, 18.12132, 8],
			"rotation": {"angle": 0, "axis": "y", "origin": [7.10723, 18.39277, 7]},
			"faces": {
				"north": {"uv": [0, 0, 2.5, 1], "rotation": 90, "texture": "#2"},
				"east": {"uv": [0, 0, 1, 2.5], "rotation": 180, "texture": "#2"},
				"south": {"uv": [0, 0, 2.5, 1], "rotation": 270, "texture": "#2"},
				"west": {"uv": [0, 0, 1, 2.5], "texture": "#2"},
				"up": {"uv": [0, 0, 1, 1], "rotation": 270, "texture": "#2"},
				"down": {"uv": [0, 0, 1, 1], "rotation": 270, "texture": "#2"}
			}
		},
		{
			"from": [9.79352, 5.25152, 6.05],
			"to": [11.79352, 8.25152, 7.975],
			"rotation": {"angle": -45, "axis": "z", "origin": [19.69302, 5.80698, 7]},
			"faces": {
				"north": {"uv": [0, 0, 1.5, 1], "rotation": 270, "texture": "#2"},
				"east": {"uv": [0, 0, 0.9625, 1.5], "texture": "#2"},
				"south": {"uv": [0, 0, 1.5, 1], "rotation": 90, "texture": "#2"},
				"west": {"uv": [0, 0, 0.9625, 1.5], "rotation": 180, "texture": "#2"},
				"up": {"uv": [0, 0, 0.9625, 1], "rotation": 90, "texture": "#2"},
				"down": {"uv": [0, 0, 0.9625, 1], "rotation": 90, "texture": "#2"}
			}
		},
		{
			"from": [3, 17, 5],
			"to": [11, 29, 9],
			"rotation": {"angle": 0, "axis": "y", "origin": [0, -6, 0]},
			"faces": {
				"north": {"uv": [0, 0, 4, 6], "texture": "#2"},
				"east": {"uv": [0, 0, 2, 6], "texture": "#2"},
				"south": {"uv": [0, 0, 4, 6], "texture": "#2"},
				"west": {"uv": [0, 0, 2, 6], "texture": "#2"},
				"up": {"uv": [0, 0, 4, 2], "texture": "#2"},
				"down": {"uv": [0, 0, 4, 2], "texture": "#2"}
			}
		},
		{
			"from": [11, 17, 5],
			"to": [11.5, 25, 9],
			"rotation": {"angle": 0, "axis": "y", "origin": [0, -6, 0]},
			"faces": {
				"north": {"uv": [0, 0, 0.25, 4], "texture": "#2"},
				"east": {"uv": [0, 0, 2, 4], "texture": "#2"},
				"south": {"uv": [0, 0, 0.25, 4], "texture": "#2"},
				"west": {"uv": [0, 0, 2, 4], "texture": "#2"},
				"up": {"uv": [0, 0, 0.25, 2], "texture": "#2"},
				"down": {"uv": [0, 0, 0.25, 2], "texture": "#2"}
			}
		},
		{
			"from": [2.5, 17, 5],
			"to": [3, 25, 9],
			"rotation": {"angle": 0, "axis": "y", "origin": [0, -6, 0]},
			"faces": {
				"north": {"uv": [0, 0, 0.25, 4], "texture": "#2"},
				"east": {"uv": [0, 0, 2, 4], "texture": "#2"},
				"south": {"uv": [0, 0, 0.25, 4], "texture": "#2"},
				"west": {"uv": [0, 0, 2, 4], "texture": "#2"},
				"up": {"uv": [0, 0, 0.25, 2], "texture": "#2"},
				"down": {"uv": [0, 0, 0.25, 2], "texture": "#2"}
			}
		},
		{
			"from": [3, 16.75, 5],
			"to": [11, 17, 9],
			"rotation": {"angle": 0, "axis": "y", "origin": [0, -6, 0]},
			"faces": {
				"north": {"uv": [0, 0, 4, 0.125], "texture": "#2"},
				"east": {"uv": [0, 0, 2, 0.125], "texture": "#2"},
				"south": {"uv": [0, 0, 4, 0.125], "texture": "#2"},
				"west": {"uv": [0, 0, 2, 0.125], "texture": "#2"},
				"up": {"uv": [0, 0, 4, 2], "texture": "#2"},
				"down": {"uv": [0, 0, 4, 2], "texture": "#2"}
			}
		},
		{
			"from": [2.25, 18, 5.5],
			"to": [2.5, 22, 8.5],
			"rotation": {"angle": 0, "axis": "y", "origin": [0, -6, 0]},
			"faces": {
				"north": {"uv": [0, 0, 0.125, 2], "texture": "#2"},
				"east": {"uv": [0, 0, 1.5, 2], "texture": "#2"},
				"south": {"uv": [0, 0, 0.125, 2], "texture": "#2"},
				"west": {"uv": [0, 0, 1.5, 2], "texture": "#2"},
				"up": {"uv": [0, 0, 0.125, 1.5], "texture": "#2"},
				"down": {"uv": [0, 0, 0.125, 1.5], "texture": "#2"}
			}
		},
		{
			"from": [11.5, 18, 5.5],
			"to": [11.75, 22, 8.5],
			"rotation": {"angle": 0, "axis": "y", "origin": [0, -6, 0]},
			"faces": {
				"north": {"uv": [0, 0, 0.125, 2], "texture": "#2"},
				"east": {"uv": [0, 0, 1.5, 2], "texture": "#2"},
				"south": {"uv": [0, 0, 0.125, 2], "texture": "#2"},
				"west": {"uv": [0, 0, 1.5, 2], "texture": "#2"},
				"up": {"uv": [0, 0, 0.125, 1.5], "texture": "#2"},
				"down": {"uv": [0, 0, 0.125, 1.5], "texture": "#2"}
			}
		},
		{
			"from": [11, 25, 6],
			"to": [11.3, 27, 8],
			"rotation": {"angle": 0, "axis": "y", "origin": [0, -6, 0]},
			"faces": {
				"north": {"uv": [0, 0, 0.15, 1], "texture": "#2"},
				"east": {"uv": [0, 0, 1, 1], "texture": "#2"},
				"south": {"uv": [0, 0, 0.15, 1], "texture": "#2"},
				"west": {"uv": [0, 0, 1, 1], "texture": "#2"},
				"up": {"uv": [0, 0, 0.15, 1], "texture": "#2"},
				"down": {"uv": [0, 0, 0.15, 1], "texture": "#2"}
			}
		},
		{
			"from": [2.7, 22, 6],
			"to": [3, 24, 8],
			"rotation": {"angle": 0, "axis": "y", "origin": [0, -6, 0]},
			"faces": {
				"north": {"uv": [0, 0, 0.15, 1], "texture": "#2"},
				"east": {"uv": [0, 0, 1, 1], "texture": "#2"},
				"south": {"uv": [0, 0, 0.15, 1], "texture": "#2"},
				"west": {"uv": [0, 0, 1, 1], "texture": "#2"},
				"up": {"uv": [0, 0, 0.15, 1], "texture": "#2"},
				"down": {"uv": [0, 0, 0.15, 1], "texture": "#2"}
			}
		},
		{
			"from": [3, 17, 8],
			"to": [11, 25, 9.25],
			"rotation": {"angle": 0, "axis": "y", "origin": [0, -6, 0]},
			"faces": {
				"north": {"uv": [0, 0, 4, 4], "texture": "#2"},
				"east": {"uv": [0, 0, 0.625, 4], "texture": "#2"},
				"south": {"uv": [0, 0, 4, 4], "texture": "#2"},
				"west": {"uv": [0, 0, 0.625, 4], "texture": "#2"},
				"up": {"uv": [0, 0, 4, 0.625], "texture": "#2"},
				"down": {"uv": [0, 0, 4, 0.625], "texture": "#2"}
			}
		},
		{
			"from": [4, 18, 8.5],
			"to": [10, 22, 9.5],
			"rotation": {"angle": 0, "axis": "y", "origin": [0, -6, 0]},
			"faces": {
				"north": {"uv": [0, 0, 3, 2], "texture": "#2"},
				"east": {"uv": [0, 0, 0.5, 2], "texture": "#2"},
				"south": {"uv": [0, 0, 3, 2], "texture": "#2"},
				"west": {"uv": [0, 0, 0.5, 2], "texture": "#2"},
				"up": {"uv": [0, 0, 3, 0.5], "texture": "#2"},
				"down": {"uv": [0, 0, 3, 0.5], "texture": "#2"}
			}
		},
		{
			"from": [4, 25, 8],
			"to": [10, 27.25, 9.15],
			"rotation": {"angle": 0, "axis": "y", "origin": [0, -6, 0]},
			"faces": {
				"north": {"uv": [0, 0, 3, 1.125], "texture": "#2"},
				"east": {"uv": [0, 0, 0.575, 1.125], "texture": "#2"},
				"south": {"uv": [0, 0, 3, 1.125], "texture": "#2"},
				"west": {"uv": [0, 0, 0.575, 1.125], "texture": "#2"},
				"up": {"uv": [0, 0, 3, 0.575], "texture": "#2"},
				"down": {"uv": [0, 0, 3, 0.575], "texture": "#2"}
			}
		},
		{
			"from": [3, 17, 4.75],
			"to": [11, 25, 6],
			"rotation": {"angle": 0, "axis": "y", "origin": [0, -6, 0]},
			"faces": {
				"north": {"uv": [0, 0, 4, 4], "texture": "#2"},
				"east": {"uv": [0, 0, 0.625, 4], "texture": "#2"},
				"south": {"uv": [0, 0, 4, 4], "texture": "#2"},
				"west": {"uv": [0, 0, 0.625, 4], "texture": "#2"},
				"up": {"uv": [0, 0, 4, 0.625], "texture": "#2"},
				"down": {"uv": [0, 0, 4, 0.625], "texture": "#2"}
			}
		},
		{
			"from": [4, 18, 4.5],
			"to": [10, 22, 5.5],
			"rotation": {"angle": 0, "axis": "y", "origin": [0, -6, 0]},
			"faces": {
				"north": {"uv": [0, 0, 3, 2], "texture": "#2"},
				"east": {"uv": [0, 0, 0.5, 2], "texture": "#2"},
				"south": {"uv": [0, 0, 3, 2], "texture": "#2"},
				"west": {"uv": [0, 0, 0.5, 2], "texture": "#2"},
				"up": {"uv": [0, 0, 3, 0.5], "texture": "#2"},
				"down": {"uv": [0, 0, 3, 0.5], "texture": "#2"}
			}
		},
		{
			"from": [4, 25, 4.8],
			"to": [10, 27.25, 5.95],
			"rotation": {"angle": 0, "axis": "y", "origin": [0, -6, 0]},
			"faces": {
				"north": {"uv": [0, 0, 3, 1.125], "texture": "#2"},
				"east": {"uv": [0, 0, 0.575, 1.125], "texture": "#2"},
				"south": {"uv": [0, 0, 3, 1.125], "texture": "#2"},
				"west": {"uv": [0, 0, 0.575, 1.125], "texture": "#2"},
				"up": {"uv": [0, 0, 3, 0.575], "texture": "#2"},
				"down": {"uv": [0, 0, 3, 0.575], "texture": "#2"}
			}
		},
		{
			"from": [4, 23, 5.5],
			"to": [10, 31.25, 8.5],
			"rotation": {"angle": 0, "axis": "y", "origin": [0, -6, 0]},
			"faces": {
				"north": {"uv": [0, 0, 3, 4.125], "texture": "#2"},
				"east": {"uv": [0, 0, 1.5, 4.125], "texture": "#2"},
				"south": {"uv": [0, 0, 3, 4.125], "texture": "#2"},
				"west": {"uv": [0, 0, 1.5, 4.125], "texture": "#2"},
				"up": {"uv": [0, 0, 3, 1.5], "texture": "#2"},
				"down": {"uv": [0, 0, 3, 1.5], "texture": "#2"}
			}
		},
		{
			"from": [5, 25.75, 6],
			"to": [9, 32, 8],
			"rotation": {"angle": 0, "axis": "y", "origin": [0, -6, 0]},
			"faces": {
				"north": {"uv": [0, 0, 2, 3.125], "texture": "#2"},
				"east": {"uv": [0, 0, 1, 3.125], "texture": "#2"},
				"south": {"uv": [0, 0, 2, 3.125], "texture": "#2"},
				"west": {"uv": [0, 0, 1, 3.125], "texture": "#2"},
				"up": {"uv": [0, 0, 2, 1], "texture": "#2"},
				"down": {"uv": [0, 0, 2, 1], "texture": "#2"}
			}
		},
		{
			"from": [4.25, 14.05, 5.5],
			"to": [9.75, 17, 8.5],
			"rotation": {"angle": 0, "axis": "y", "origin": [0, -6, 0]},
			"faces": {
				"north": {"uv": [0, 0, 2.75, 1.475], "texture": "#2"},
				"east": {"uv": [0, 0, 1.5, 1.475], "texture": "#2"},
				"south": {"uv": [0, 0, 2.75, 1.475], "texture": "#2"},
				"west": {"uv": [0, 0, 1.5, 1.475], "texture": "#2"},
				"up": {"uv": [0, 0, 2.75, 1.5], "texture": "#2"},
				"down": {"uv": [0, 0, 2.75, 1.5], "texture": "#2"}
			}
		}
	],
	"display": {
		"thirdperson_righthand": {
			"rotation": [0, 90, 0],
			"translation": [0.5, 4.5, 0.25],
			"scale": [0.55, 0.55, 0.55]
		},
		"thirdperson_lefthand": {
			"rotation": [0, -90, 0],
			"translation": [-0.5, 4.25, 0.5],
			"scale": [0.55, 0.55, 0.55]
		},
		"firstperson_righthand": {
			"rotation": [0, -86, 0],
			"translation": [1, 3.5, 0],
			"scale": [0.5, 0.5, 0.5]
		},
		"firstperson_lefthand": {
			"rotation": [0, 94, 0],
			"translation": [0, 3.5, 0],
			"scale": [0.5, 0.5, 0.5]
		},
		"ground": {
			"rotation": [90, 0, 90],
			"translation": [0, -4.5, 0],
			"scale": [1.3, 1.3, 1.3]
		},
		"gui": {
			"rotation": [0, 0, -45],
			"translation": [0, -0.5, 0],
			"scale": [0.37, 0.37, 0.37]
		},
		"head": {
			"rotation": [0, 0, -38],
			"translation": [4.75, -10.25, 5.25]
		},
		"fixed": {
			"translation": [0, 0, -0.25],
			"scale": [1.5, 1.5, 1.5]
		}
	},
	"groups": [
		0,
		1,
		2,
		3,
		{
			"name": "group",
			"origin": [0, -6, 0],
			"color": 0,
			"children": [
				4,
				5,
				6,
				7,
				8,
				9,
				10,
				11,
				12,
				13,
				14,
				15,
				16,
				17,
				18,
				19,
				20,
				21,
				22,
				23,
				24,
				25,
				26,
				27,
				28,
				29,
				30,
				31,
				32,
				33,
				34,
				35,
				36,
				37,
				38,
				39,
				40,
				41,
				42,
				43,
				44,
				45,
				46,
				47,
				48,
				49,
				50,
				51,
				52,
				53,
				54,
				55,
				56,
				57,
				58
			]
		},
		{
			"name": "group",
			"origin": [0, -6, 0],
			"color": 0,
			"children": []
		}
	]
}