{
	"credit": "Made with Blockbench",
	"texture_size": [32, 32],
	"textures": {
		"0": "item/VineStaff",
		"particle": "item/VineStaff"
	},
	"elements": [
		{
			"from": [7.92074, -9.88478, 7.5],
			"to": [8.92074, -7.88478, 8.5],
			"rotation": {"angle": -22.5, "axis": "z", "origin": [8.42074, -8.88478, 8]},
			"faces": {
				"north": {"uv": [3.5, 5, 4, 6], "texture": "#0"},
				"east": {"uv": [5.5, 6, 6, 7], "texture": "#0"},
				"south": {"uv": [6.5, 0, 7, 1], "texture": "#0"},
				"west": {"uv": [6.5, 1, 7, 2], "texture": "#0"},
				"up": {"uv": [11.5, 7.5, 11, 7], "texture": "#0"},
				"down": {"uv": [8, 11, 7.5, 11.5], "texture": "#0"}
			}
		},
		{
			"from": [7.07926, -9.88478, 7.5],
			"to": [8.07926, -7.88478, 8.5],
			"rotation": {"angle": 22.5, "axis": "z", "origin": [7.57926, -8.88478, 8]},
			"faces": {
				"north": {"uv": [6.5, 2, 7, 3], "texture": "#0"},
				"east": {"uv": [6.5, 4, 7, 5], "texture": "#0"},
				"south": {"uv": [6.5, 5, 7, 6], "texture": "#0"},
				"west": {"uv": [6, 6.5, 6.5, 7.5], "texture": "#0"},
				"up": {"uv": [11.5, 8, 11, 7.5], "texture": "#0"},
				"down": {"uv": [8.5, 11, 8, 11.5], "texture": "#0"}
			}
		},
		{
			"from": [7.5, -9.88478, 7.07926],
			"to": [8.5, -7.88478, 8.07926],
			"rotation": {"angle": -22.5, "axis": "x", "origin": [8, -8.88478, 7.57926]},
			"faces": {
				"north": {"uv": [6.5, 6, 7, 7], "texture": "#0"},
				"east": {"uv": [7, 0, 7.5, 1], "texture": "#0"},
				"south": {"uv": [7, 1, 7.5, 2], "texture": "#0"},
				"west": {"uv": [2, 7, 2.5, 8], "texture": "#0"},
				"up": {"uv": [11.5, 8.5, 11, 8], "texture": "#0"},
				"down": {"uv": [9, 11, 8.5, 11.5], "texture": "#0"}
			}
		},
		{
			"from": [7.5, -9.88478, 7.92074],
			"to": [8.5, -7.88478, 8.92074],
			"rotation": {"angle": 22.5, "axis": "x", "origin": [8, -8.88478, 8.42074]},
			"faces": {
				"north": {"uv": [7, 2, 7.5, 3], "texture": "#0"},
				"east": {"uv": [2.5, 7, 3, 8], "texture": "#0"},
				"south": {"uv": [3, 7, 3.5, 8], "texture": "#0"},
				"west": {"uv": [7, 3, 7.5, 4], "texture": "#0"},
				"up": {"uv": [11.5, 9, 11, 8.5], "texture": "#0"},
				"down": {"uv": [9.5, 11, 9, 11.5], "texture": "#0"}
			}
		},
		{
			"from": [7.5, -10, 7.5],
			"to": [8.5, 5, 8.5],
			"rotation": {"angle": 0, "axis": "y", "origin": [0, -10, 0]},
			"faces": {
				"north": {"uv": [0, 0, 0.5, 7.5], "texture": "#0"},
				"east": {"uv": [0.5, 0, 1, 7.5], "texture": "#0"},
				"south": {"uv": [1, 0, 1.5, 7.5], "texture": "#0"},
				"west": {"uv": [1.5, 0, 2, 7.5], "texture": "#0"},
				"up": {"uv": [11.5, 9.5, 11, 9], "texture": "#0"},
				"down": {"uv": [10, 11, 9.5, 11.5], "texture": "#0"}
			}
		},
		{
			"from": [7.11732, 3.60819, 7.11732],
			"to": [8.88268, 8.10819, 8.88268],
			"rotation": {"angle": 0, "axis": "y", "origin": [-0.13268, -10.14181, 0.25]},
			"faces": {
				"north": {"uv": [2, 0, 2.875, 2.25], "texture": "#0"},
				"east": {"uv": [2, 2.5, 2.875, 4.75], "texture": "#0"},
				"south": {"uv": [3, 0, 3.875, 2.25], "texture": "#0"},
				"west": {"uv": [3, 2.5, 3.875, 4.75], "texture": "#0"},
				"up": {"uv": [5.875, 3.875, 5, 3], "texture": "#0"},
				"down": {"uv": [5.875, 4, 5, 4.875], "texture": "#0"}
			}
		},
		{
			"from": [7.11732, 8.35819, 7.11732],
			"to": [8.88268, 8.85819, 8.88268],
			"rotation": {"angle": 0, "axis": "y", "origin": [-0.13268, -10.14181, 0.25]},
			"faces": {
				"north": {"uv": [9.5, 12, 10.375, 12.25], "texture": "#0"},
				"east": {"uv": [12, 9.5, 12.875, 9.75], "texture": "#0"},
				"south": {"uv": [12, 10, 12.875, 10.25], "texture": "#0"},
				"west": {"uv": [10.5, 12, 11.375, 12.25], "texture": "#0"},
				"up": {"uv": [5.875, 5.875, 5, 5], "texture": "#0"},
				"down": {"uv": [2.875, 6, 2, 6.875], "texture": "#0"}
			}
		},
		{
			"from": [7.72442, 9.15109, 7.72442],
			"to": [8.27558, 14.15109, 8.27558],
			"rotation": {"angle": 0, "axis": "y", "origin": [8, 11.65109, 8]},
			"faces": {
				"north": {"uv": [4, 6, 4.25, 8.5], "texture": "#0"},
				"east": {"uv": [6, 4, 6.25, 6.5], "texture": "#0"},
				"south": {"uv": [4.5, 6, 4.75, 8.5], "texture": "#0"},
				"west": {"uv": [5, 6, 5.25, 8.5], "texture": "#0"},
				"up": {"uv": [1.75, 14.25, 1.5, 14], "texture": "#0"},
				"down": {"uv": [14.25, 1.5, 14, 1.75], "texture": "#0"}
			}
		},
		{
			"from": [7.82442, 14.15109, 7.82442],
			"to": [8.17558, 15.15109, 8.17558],
			"rotation": {"angle": 0, "axis": "y", "origin": [8, 11.65109, 8]},
			"faces": {
				"north": {"uv": [13.5, 12, 13.6875, 12.5], "texture": "#0"},
				"east": {"uv": [12.5, 13.5, 12.6875, 14], "texture": "#0"},
				"south": {"uv": [13.5, 12.5, 13.6875, 13], "texture": "#0"},
				"west": {"uv": [13, 13.5, 13.1875, 14], "texture": "#0"},
				"up": {"uv": [14.1875, 14.1875, 14, 14], "texture": "#0"},
				"down": {"uv": [0.1875, 14.5, 0, 14.6875], "texture": "#0"}
			}
		},
		{
			"from": [8.37558, 14.15109, 7.62442],
			"to": [8.42673, 15.05109, 8.37558],
			"rotation": {"angle": 0, "axis": "y", "origin": [8.05115, 11.65109, 8]},
			"faces": {
				"north": {"uv": [15, 0.5, 15.0625, 0.9375], "texture": "#0"},
				"east": {"uv": [6.5, 13, 6.875, 13.4375], "texture": "#0"},
				"south": {"uv": [1, 15, 1.0625, 15.4375], "texture": "#0"},
				"west": {"uv": [13, 6.5, 13.375, 6.9375], "texture": "#0"},
				"up": {"uv": [4.0625, 15.375, 4, 15], "texture": "#0"},
				"down": {"uv": [15.0625, 4, 15, 4.375], "texture": "#0"}
			}
		},
		{
			"from": [7.62442, 14.15109, 7.57327],
			"to": [8.37558, 15.05109, 7.62442],
			"rotation": {"angle": 0, "axis": "y", "origin": [8, 11.65109, 7.94885]},
			"faces": {
				"north": {"uv": [7, 13, 7.375, 13.4375], "texture": "#0"},
				"east": {"uv": [1.5, 15, 1.5625, 15.4375], "texture": "#0"},
				"south": {"uv": [13, 7, 13.375, 7.4375], "texture": "#0"},
				"west": {"uv": [15, 1.5, 15.0625, 1.9375], "texture": "#0"},
				"up": {"uv": [4.875, 15.0625, 4.5, 15], "texture": "#0"},
				"down": {"uv": [15.375, 4.5, 15, 4.5625], "texture": "#0"}
			}
		},
		{
			"from": [7.57327, 14.15109, 7.62442],
			"to": [7.62442, 15.05109, 8.37558],
			"rotation": {"angle": 0, "axis": "y", "origin": [7.94885, 11.65109, 8]},
			"faces": {
				"north": {"uv": [15, 2, 15.0625, 2.4375], "texture": "#0"},
				"east": {"uv": [7.5, 13, 7.875, 13.4375], "texture": "#0"},
				"south": {"uv": [15, 2.5, 15.0625, 2.9375], "texture": "#0"},
				"west": {"uv": [13, 7.5, 13.375, 7.9375], "texture": "#0"},
				"up": {"uv": [5.0625, 15.375, 5, 15], "texture": "#0"},
				"down": {"uv": [15.0625, 5, 15, 5.375], "texture": "#0"}
			}
		},
		{
			"from": [7.62442, 14.15109, 8.37558],
			"to": [8.37558, 15.05109, 8.42673],
			"rotation": {"angle": 0, "axis": "y", "origin": [8, 11.65109, 8.05115]},
			"faces": {
				"north": {"uv": [8, 13, 8.375, 13.4375], "texture": "#0"},
				"east": {"uv": [15, 3, 15.0625, 3.4375], "texture": "#0"},
				"south": {"uv": [13, 8, 13.375, 8.4375], "texture": "#0"},
				"west": {"uv": [15, 3.5, 15.0625, 3.9375], "texture": "#0"},
				"up": {"uv": [5.875, 15.0625, 5.5, 15], "texture": "#0"},
				"down": {"uv": [15.375, 5.5, 15, 5.5625], "texture": "#0"}
			}
		},
		{
			"from": [7.47442, 14.00109, 7.42327],
			"to": [8.52558, 15.00109, 7.47442],
			"rotation": {"angle": -22.5, "axis": "x", "origin": [8, 14.65109, 7.69885]},
			"faces": {
				"north": {"uv": [11, 9.5, 11.5, 10], "texture": "#0"},
				"east": {"uv": [14.5, 1.5, 14.5625, 2], "texture": "#0"},
				"south": {"uv": [11, 10, 11.5, 10.5], "texture": "#0"},
				"west": {"uv": [4, 14.5, 4.0625, 15], "texture": "#0"},
				"up": {"uv": [5, 14.5625, 4.5, 14.5], "texture": "#0"},
				"down": {"uv": [5.5, 14.5, 5, 14.5625], "texture": "#0"}
			}
		},
		{
			"from": [7.42327, 14.00109, 7.47442],
			"to": [7.47442, 15.00109, 8.52558],
			"rotation": {"angle": 22.5, "axis": "z", "origin": [7.69885, 14.65109, 8]},
			"faces": {
				"north": {"uv": [5.5, 14.5, 5.5625, 15], "texture": "#0"},
				"east": {"uv": [10.5, 11, 11, 11.5], "texture": "#0"},
				"south": {"uv": [6, 14.5, 6.0625, 15], "texture": "#0"},
				"west": {"uv": [11, 11, 11.5, 11.5], "texture": "#0"},
				"up": {"uv": [6.5625, 15, 6.5, 14.5], "texture": "#0"},
				"down": {"uv": [7.0625, 14.5, 7, 15], "texture": "#0"}
			}
		},
		{
			"from": [7.47442, 14.00109, 8.52558],
			"to": [8.52558, 15.00109, 8.57673],
			"rotation": {"angle": 22.5, "axis": "x", "origin": [8, 14.65109, 8.30115]},
			"faces": {
				"north": {"uv": [0, 11.5, 0.5, 12], "texture": "#0"},
				"east": {"uv": [14.5, 7, 14.5625, 7.5], "texture": "#0"},
				"south": {"uv": [11.5, 0, 12, 0.5], "texture": "#0"},
				"west": {"uv": [7.5, 14.5, 7.5625, 15], "texture": "#0"},
				"up": {"uv": [15, 7.5625, 14.5, 7.5], "texture": "#0"},
				"down": {"uv": [15, 8, 14.5, 8.0625], "texture": "#0"}
			}
		},
		{
			"from": [8.52558, 14.00109, 7.47442],
			"to": [8.57673, 15.00109, 8.52558],
			"rotation": {"angle": -22.5, "axis": "z", "origin": [8.30115, 14.65109, 8]},
			"faces": {
				"north": {"uv": [8.5, 14.5, 8.5625, 15], "texture": "#0"},
				"east": {"uv": [0.5, 11.5, 1, 12], "texture": "#0"},
				"south": {"uv": [14.5, 8.5, 14.5625, 9], "texture": "#0"},
				"west": {"uv": [11.5, 0.5, 12, 1], "texture": "#0"},
				"up": {"uv": [9.0625, 15, 9, 14.5], "texture": "#0"},
				"down": {"uv": [14.5625, 9, 14.5, 9.5], "texture": "#0"}
			}
		},
		{
			"from": [7.37442, 14.15109, 7.17327],
			"to": [8.62558, 15.15109, 7.22442],
			"rotation": {"angle": -45, "axis": "x", "origin": [8, 14.65109, 7.69885]},
			"faces": {
				"north": {"uv": [11, 3, 11.625, 3.5], "texture": "#0"},
				"east": {"uv": [9.5, 14.5, 9.5625, 15], "texture": "#0"},
				"south": {"uv": [3.5, 11, 4.125, 11.5], "texture": "#0"},
				"west": {"uv": [14.5, 9.5, 14.5625, 10], "texture": "#0"},
				"up": {"uv": [14.625, 6.5625, 14, 6.5], "texture": "#0"},
				"down": {"uv": [7.625, 14, 7, 14.0625], "texture": "#0"}
			}
		},
		{
			"from": [8.77558, 14.15109, 7.37442],
			"to": [8.82673, 15.15109, 8.62558],
			"rotation": {"angle": -45, "axis": "z", "origin": [8.30115, 14.65109, 8]},
			"faces": {
				"north": {"uv": [10, 14.5, 10.0625, 15], "texture": "#0"},
				"east": {"uv": [11, 3.5, 11.625, 4], "texture": "#0"},
				"south": {"uv": [14.5, 10, 14.5625, 10.5], "texture": "#0"},
				"west": {"uv": [11, 4, 11.625, 4.5], "texture": "#0"},
				"up": {"uv": [14.0625, 7.625, 14, 7], "texture": "#0"},
				"down": {"uv": [8.0625, 14, 8, 14.625], "texture": "#0"}
			}
		},
		{
			"from": [7.37442, 14.15109, 8.77558],
			"to": [8.62558, 15.15109, 8.82673],
			"rotation": {"angle": 45, "axis": "x", "origin": [8, 14.65109, 8.30115]},
			"faces": {
				"north": {"uv": [11, 4.5, 11.625, 5], "texture": "#0"},
				"east": {"uv": [14.5, 10.5, 14.5625, 11], "texture": "#0"},
				"south": {"uv": [11, 5, 11.625, 5.5], "texture": "#0"},
				"west": {"uv": [14.5, 11, 14.5625, 11.5], "texture": "#0"},
				"up": {"uv": [9.125, 14.0625, 8.5, 14], "texture": "#0"},
				"down": {"uv": [10.125, 14, 9.5, 14.0625], "texture": "#0"}
			}
		},
		{
			"from": [7.17327, 14.15109, 7.37442],
			"to": [7.22442, 15.15109, 8.62558],
			"rotation": {"angle": 45, "axis": "z", "origin": [7.69885, 14.65109, 8]},
			"faces": {
				"north": {"uv": [11.5, 14.5, 11.5625, 15], "texture": "#0"},
				"east": {"uv": [6.5, 11, 7.125, 11.5], "texture": "#0"},
				"south": {"uv": [14.5, 11.5, 14.5625, 12], "texture": "#0"},
				"west": {"uv": [11, 6.5, 11.625, 7], "texture": "#0"},
				"up": {"uv": [10.5625, 14.625, 10.5, 14], "texture": "#0"},
				"down": {"uv": [11.0625, 14, 11, 14.625], "texture": "#0"}
			}
		},
		{
			"from": [7.22442, 14.07551, 8.05115],
			"to": [8.77558, 14.12666, 9.05115],
			"rotation": {"angle": -22.5, "axis": "x", "origin": [8, 14.65109, 8.30115]},
			"faces": {
				"north": {"uv": [2, 14, 2.75, 14.0625], "texture": "#0"},
				"east": {"uv": [12, 14.5, 12.5, 14.5625], "texture": "#0"},
				"south": {"uv": [14, 2, 14.75, 2.0625], "texture": "#0"},
				"west": {"uv": [12.5, 14.5, 13, 14.5625], "texture": "#0"},
				"up": {"uv": [3.25, 10.5, 2.5, 10], "texture": "#0"},
				"down": {"uv": [10.75, 3, 10, 3.5], "texture": "#0"}
			}
		},
		{
			"from": [6.94885, 14.07551, 7.22442],
			"to": [7.94885, 14.12666, 8.77558],
			"rotation": {"angle": -22.5, "axis": "z", "origin": [7.69885, 14.65109, 8]},
			"faces": {
				"north": {"uv": [13, 14.5, 13.5, 14.5625], "texture": "#0"},
				"east": {"uv": [14, 2.5, 14.75, 2.5625], "texture": "#0"},
				"south": {"uv": [14.5, 13, 15, 13.0625], "texture": "#0"},
				"west": {"uv": [3, 14, 3.75, 14.0625], "texture": "#0"},
				"up": {"uv": [4, 10.75, 3.5, 10], "texture": "#0"},
				"down": {"uv": [10.5, 3.5, 10, 4.25], "texture": "#0"}
			}
		},
		{
			"from": [7.22442, 14.07551, 6.94885],
			"to": [8.77558, 14.12666, 7.94885],
			"rotation": {"angle": 22.5, "axis": "x", "origin": [8, 14.65109, 7.69885]},
			"faces": {
				"north": {"uv": [14, 3, 14.75, 3.0625], "texture": "#0"},
				"east": {"uv": [14.5, 13.5, 15, 13.5625], "texture": "#0"},
				"south": {"uv": [4, 14, 4.75, 14.0625], "texture": "#0"},
				"west": {"uv": [14, 14.5, 14.5, 14.5625], "texture": "#0"},
				"up": {"uv": [10.75, 5, 10, 4.5], "texture": "#0"},
				"down": {"uv": [10.75, 5, 10, 5.5], "texture": "#0"}
			}
		},
		{
			"from": [8.05115, 14.07551, 7.22442],
			"to": [9.05115, 14.12666, 8.77558],
			"rotation": {"angle": 22.5, "axis": "z", "origin": [8.30115, 14.65109, 8]},
			"faces": {
				"north": {"uv": [14.5, 14, 15, 14.0625], "texture": "#0"},
				"east": {"uv": [5, 14, 5.75, 14.0625], "texture": "#0"},
				"south": {"uv": [14.5, 14.5, 15, 14.5625], "texture": "#0"},
				"west": {"uv": [6, 14, 6.75, 14.0625], "texture": "#0"},
				"up": {"uv": [6, 10.75, 5.5, 10], "texture": "#0"},
				"down": {"uv": [10.5, 5.5, 10, 6.25], "texture": "#0"}
			}
		},
		{
			"from": [7.35155, 13.38579, 8.50408],
			"to": [8.61692, 14.49427, 8.59543],
			"rotation": {"angle": 45, "axis": "x", "origin": [7.98423, 13.79003, 8.54975]},
			"faces": {
				"north": {"uv": [6.5, 10, 7.125, 10.5625], "texture": "#0"},
				"east": {"uv": [14.5, 0, 14.5625, 0.5625], "texture": "#0"},
				"south": {"uv": [10, 6.5, 10.625, 7.0625], "texture": "#0"},
				"west": {"uv": [0.5, 14.5, 0.5625, 15.0625], "texture": "#0"},
				"up": {"uv": [12.125, 14.0625, 11.5, 14], "texture": "#0"},
				"down": {"uv": [14.625, 12, 14, 12.0625], "texture": "#0"}
			}
		},
		{
			"from": [8.14551, 13.74436, 7.35155],
			"to": [9.25399, 13.8357, 8.61692],
			"rotation": {"angle": 45, "axis": "z", "origin": [8.54975, 13.79003, 7.98424]},
			"faces": {
				"north": {"uv": [1, 14.5, 1.5625, 14.5625], "texture": "#0"},
				"east": {"uv": [12.5, 14, 13.125, 14.0625], "texture": "#0"},
				"south": {"uv": [14.5, 1, 15.0625, 1.0625], "texture": "#0"},
				"west": {"uv": [14, 12.5, 14.625, 12.5625], "texture": "#0"},
				"up": {"uv": [8.0625, 10.625, 7.5, 10], "texture": "#0"},
				"down": {"uv": [10.5625, 7.5, 10, 8.125], "texture": "#0"}
			}
		},
		{
			"from": [7.35155, 13.38579, 7.37305],
			"to": [8.61692, 14.49427, 7.46439],
			"rotation": {"angle": -45, "axis": "x", "origin": [7.98423, 13.79003, 7.41872]},
			"faces": {
				"north": {"uv": [4.5, 11, 5, 11.5625], "texture": "#0"},
				"east": {"uv": [2, 14.5, 2.0625, 15.0625], "texture": "#0"},
				"south": {"uv": [5.5, 11, 6, 11.5625], "texture": "#0"},
				"west": {"uv": [2.5, 14.5, 2.5625, 15.0625], "texture": "#0"},
				"up": {"uv": [0.5, 15.0625, 0, 15], "texture": "#0"},
				"down": {"uv": [15.5, 0, 15, 0.0625], "texture": "#0"}
			}
		},
		{
			"from": [7.37304, 13.38579, 7.35155],
			"to": [7.46439, 14.49427, 8.61692],
			"rotation": {"angle": 45, "axis": "z", "origin": [7.41872, 13.79003, 7.98424]},
			"faces": {
				"north": {"uv": [3, 14.5, 3.0625, 15.0625], "texture": "#0"},
				"east": {"uv": [8.5, 10, 9.125, 10.5625], "texture": "#0"},
				"south": {"uv": [3.5, 14.5, 3.5625, 15.0625], "texture": "#0"},
				"west": {"uv": [10, 8.5, 10.625, 9.0625], "texture": "#0"},
				"up": {"uv": [14.0625, 13.625, 14, 13], "texture": "#0"},
				"down": {"uv": [13.5625, 14, 13.5, 14.625], "texture": "#0"}
			}
		},
		{
			"from": [6.99252, 8.98561, 7.11732],
			"to": [7.75788, 9.48561, 8.88268],
			"rotation": {"angle": 22.5, "axis": "z", "origin": [7.3752, 9.23561, 8]},
			"faces": {
				"north": {"uv": [13.5, 13, 13.875, 13.25], "texture": "#0"},
				"east": {"uv": [12, 10.5, 12.875, 10.75], "texture": "#0"},
				"south": {"uv": [13.5, 13.5, 13.875, 13.75], "texture": "#0"},
				"west": {"uv": [12, 11, 12.875, 11.25], "texture": "#0"},
				"up": {"uv": [9.875, 10.875, 9.5, 10], "texture": "#0"},
				"down": {"uv": [10.375, 9.5, 10, 10.375], "texture": "#0"}
			}
		},
		{
			"from": [6.80302, 9.2692, 7.63308],
			"to": [7.56839, 10.2692, 8.39845],
			"rotation": {"angle": 45, "axis": "z", "origin": [7.18571, 9.5192, 8.01576]},
			"faces": {
				"north": {"uv": [12.5, 1, 12.875, 1.5], "texture": "#0"},
				"east": {"uv": [12.5, 1.5, 12.875, 2], "texture": "#0"},
				"south": {"uv": [2, 12.5, 2.375, 13], "texture": "#0"},
				"west": {"uv": [12.5, 2, 12.875, 2.5], "texture": "#0"},
				"up": {"uv": [8.875, 13.375, 8.5, 13], "texture": "#0"},
				"down": {"uv": [13.375, 8.5, 13, 8.875], "texture": "#0"}
			}
		},
		{
			"from": [6.16431, 9.88732, 7.63308],
			"to": [6.92967, 10.88732, 8.39845],
			"rotation": {"angle": 22.5, "axis": "z", "origin": [6.54699, 10.38732, 8.01576]},
			"faces": {
				"north": {"uv": [2.5, 12.5, 2.875, 13], "texture": "#0"},
				"east": {"uv": [12.5, 2.5, 12.875, 3], "texture": "#0"},
				"south": {"uv": [3, 12.5, 3.375, 13], "texture": "#0"},
				"west": {"uv": [12.5, 3, 12.875, 3.5], "texture": "#0"},
				"up": {"uv": [9.375, 13.375, 9, 13], "texture": "#0"},
				"down": {"uv": [13.375, 9, 13, 9.375], "texture": "#0"}
			}
		},
		{
			"from": [6.0021, 10.70282, 7.63308],
			"to": [6.76746, 12.45282, 8.39845],
			"rotation": {"angle": 0, "axis": "z", "origin": [6.38478, 11.20282, 8.01576]},
			"faces": {
				"north": {"uv": [0, 10.5, 0.375, 11.375], "texture": "#0"},
				"east": {"uv": [10.5, 0, 10.875, 0.875], "texture": "#0"},
				"south": {"uv": [0.5, 10.5, 0.875, 11.375], "texture": "#0"},
				"west": {"uv": [1, 10.5, 1.375, 11.375], "texture": "#0"},
				"up": {"uv": [9.875, 13.375, 9.5, 13], "texture": "#0"},
				"down": {"uv": [13.375, 9.5, 13, 9.875], "texture": "#0"}
			}
		},
		{
			"from": [6.16431, 12.26831, 7.63308],
			"to": [6.92967, 13.26831, 8.39845],
			"rotation": {"angle": -22.5, "axis": "z", "origin": [6.54699, 12.76831, 8.01576]},
			"faces": {
				"north": {"uv": [3.5, 12.5, 3.875, 13], "texture": "#0"},
				"east": {"uv": [12.5, 3.5, 12.875, 4], "texture": "#0"},
				"south": {"uv": [4, 12.5, 4.375, 13], "texture": "#0"},
				"west": {"uv": [12.5, 4, 12.875, 4.5], "texture": "#0"},
				"up": {"uv": [10.375, 13.375, 10, 13], "texture": "#0"},
				"down": {"uv": [13.375, 10, 13, 10.375], "texture": "#0"}
			}
		},
		{
			"from": [6.62625, 12.95965, 7.63308],
			"to": [7.39161, 13.95965, 8.39845],
			"rotation": {"angle": -45, "axis": "z", "origin": [7.00893, 13.45965, 8.01576]},
			"faces": {
				"north": {"uv": [4.5, 12.5, 4.875, 13], "texture": "#0"},
				"east": {"uv": [12.5, 4.5, 12.875, 5], "texture": "#0"},
				"south": {"uv": [5, 12.5, 5.375, 13], "texture": "#0"},
				"west": {"uv": [12.5, 5, 12.875, 5.5], "texture": "#0"},
				"up": {"uv": [10.875, 13.375, 10.5, 13], "texture": "#0"},
				"down": {"uv": [13.375, 10.5, 13, 10.875], "texture": "#0"}
			}
		},
		{
			"from": [8.24212, 8.98561, 7.11732],
			"to": [9.00748, 9.48561, 8.88268],
			"rotation": {"angle": -22.5, "axis": "z", "origin": [8.6248, 9.23561, 8]},
			"faces": {
				"north": {"uv": [0, 14, 0.375, 14.25], "texture": "#0"},
				"east": {"uv": [11.5, 12, 12.375, 12.25], "texture": "#0"},
				"south": {"uv": [14, 0, 14.375, 0.25], "texture": "#0"},
				"west": {"uv": [12, 11.5, 12.875, 11.75], "texture": "#0"},
				"up": {"uv": [10.875, 1.875, 10.5, 1], "texture": "#0"},
				"down": {"uv": [1.875, 10.5, 1.5, 11.375], "texture": "#0"}
			}
		},
		{
			"from": [8.43161, 9.2692, 7.60155],
			"to": [9.19698, 10.2692, 8.36692],
			"rotation": {"angle": -45, "axis": "z", "origin": [8.81429, 9.5192, 7.98423]},
			"faces": {
				"north": {"uv": [5.5, 12.5, 5.875, 13], "texture": "#0"},
				"east": {"uv": [12.5, 5.5, 12.875, 6], "texture": "#0"},
				"south": {"uv": [6, 12.5, 6.375, 13], "texture": "#0"},
				"west": {"uv": [12.5, 6, 12.875, 6.5], "texture": "#0"},
				"up": {"uv": [11.375, 13.375, 11, 13], "texture": "#0"},
				"down": {"uv": [13.375, 11, 13, 11.375], "texture": "#0"}
			}
		},
		{
			"from": [9.07033, 9.88732, 7.60155],
			"to": [9.83569, 10.88732, 8.36692],
			"rotation": {"angle": -22.5, "axis": "z", "origin": [9.45301, 10.38732, 7.98423]},
			"faces": {
				"north": {"uv": [6.5, 12.5, 6.875, 13], "texture": "#0"},
				"east": {"uv": [12.5, 6.5, 12.875, 7], "texture": "#0"},
				"south": {"uv": [7, 12.5, 7.375, 13], "texture": "#0"},
				"west": {"uv": [12.5, 7, 12.875, 7.5], "texture": "#0"},
				"up": {"uv": [11.875, 13.375, 11.5, 13], "texture": "#0"},
				"down": {"uv": [13.375, 11.5, 13, 11.875], "texture": "#0"}
			}
		},
		{
			"from": [9.23254, 10.70282, 7.60155],
			"to": [9.9979, 12.45282, 8.36692],
			"rotation": {"angle": 0, "axis": "z", "origin": [9.61522, 11.20282, 7.98423]},
			"faces": {
				"north": {"uv": [10.5, 2, 10.875, 2.875], "texture": "#0"},
				"east": {"uv": [2.5, 10.5, 2.875, 11.375], "texture": "#0"},
				"south": {"uv": [3, 10.5, 3.375, 11.375], "texture": "#0"},
				"west": {"uv": [10.5, 3.5, 10.875, 4.375], "texture": "#0"},
				"up": {"uv": [12.375, 13.375, 12, 13], "texture": "#0"},
				"down": {"uv": [13.375, 12, 13, 12.375], "texture": "#0"}
			}
		},
		{
			"from": [9.07033, 12.26831, 7.60155],
			"to": [9.83569, 13.26831, 8.36692],
			"rotation": {"angle": 22.5, "axis": "z", "origin": [9.45301, 12.76831, 7.98423]},
			"faces": {
				"north": {"uv": [7.5, 12.5, 7.875, 13], "texture": "#0"},
				"east": {"uv": [12.5, 7.5, 12.875, 8], "texture": "#0"},
				"south": {"uv": [8, 12.5, 8.375, 13], "texture": "#0"},
				"west": {"uv": [12.5, 8, 12.875, 8.5], "texture": "#0"},
				"up": {"uv": [12.875, 13.375, 12.5, 13], "texture": "#0"},
				"down": {"uv": [13.375, 12.5, 13, 12.875], "texture": "#0"}
			}
		},
		{
			"from": [8.60839, 12.95965, 7.60155],
			"to": [9.37375, 13.95965, 8.36692],
			"rotation": {"angle": 45, "axis": "z", "origin": [8.99107, 13.45965, 7.98423]},
			"faces": {
				"north": {"uv": [8.5, 12.5, 8.875, 13], "texture": "#0"},
				"east": {"uv": [12.5, 8.5, 12.875, 9], "texture": "#0"},
				"south": {"uv": [9, 12.5, 9.375, 13], "texture": "#0"},
				"west": {"uv": [12.5, 9, 12.875, 9.5], "texture": "#0"},
				"up": {"uv": [13.375, 13.375, 13, 13], "texture": "#0"},
				"down": {"uv": [0.375, 13.5, 0, 13.875], "texture": "#0"}
			}
		},
		{
			"from": [7.11732, 8.98561, 6.99252],
			"to": [8.88268, 9.48561, 7.75788],
			"rotation": {"angle": -22.5, "axis": "x", "origin": [8, 9.23561, 7.3752]},
			"faces": {
				"north": {"uv": [0, 12.5, 0.875, 12.75], "texture": "#0"},
				"east": {"uv": [0.5, 14, 0.875, 14.25], "texture": "#0"},
				"south": {"uv": [12.5, 0, 13.375, 0.25], "texture": "#0"},
				"west": {"uv": [14, 0.5, 14.375, 0.75], "texture": "#0"},
				"up": {"uv": [4.875, 10.875, 4, 10.5], "texture": "#0"},
				"down": {"uv": [11.375, 5.5, 10.5, 5.875], "texture": "#0"}
			}
		},
		{
			"from": [7.63308, 9.2692, 6.80302],
			"to": [8.39845, 10.2692, 7.56839],
			"rotation": {"angle": -45, "axis": "x", "origin": [8.01576, 9.5192, 7.18571]},
			"faces": {
				"north": {"uv": [9.5, 12.5, 9.875, 13], "texture": "#0"},
				"east": {"uv": [10, 12.5, 10.375, 13], "texture": "#0"},
				"south": {"uv": [10.5, 12.5, 10.875, 13], "texture": "#0"},
				"west": {"uv": [11, 12.5, 11.375, 13], "texture": "#0"},
				"up": {"uv": [13.875, 0.375, 13.5, 0], "texture": "#0"},
				"down": {"uv": [0.875, 13.5, 0.5, 13.875], "texture": "#0"}
			}
		},
		{
			"from": [7.63308, 9.88732, 6.16431],
			"to": [8.39845, 10.88732, 6.92967],
			"rotation": {"angle": -22.5, "axis": "x", "origin": [8.01576, 10.38732, 6.54699]},
			"faces": {
				"north": {"uv": [11.5, 12.5, 11.875, 13], "texture": "#0"},
				"east": {"uv": [12, 12.5, 12.375, 13], "texture": "#0"},
				"south": {"uv": [12.5, 12, 12.875, 12.5], "texture": "#0"},
				"west": {"uv": [12.5, 12.5, 12.875, 13], "texture": "#0"},
				"up": {"uv": [13.875, 0.875, 13.5, 0.5], "texture": "#0"},
				"down": {"uv": [1.375, 13.5, 1, 13.875], "texture": "#0"}
			}
		},
		{
			"from": [7.63308, 10.70282, 6.0021],
			"to": [8.39845, 12.45282, 6.76746],
			"rotation": {"angle": 0, "axis": "x", "origin": [8.01576, 11.20282, 6.38478]},
			"faces": {
				"north": {"uv": [5, 10.5, 5.375, 11.375], "texture": "#0"},
				"east": {"uv": [6, 10.5, 6.375, 11.375], "texture": "#0"},
				"south": {"uv": [10.5, 9.5, 10.875, 10.375], "texture": "#0"},
				"west": {"uv": [10, 10.5, 10.375, 11.375], "texture": "#0"},
				"up": {"uv": [13.875, 1.375, 13.5, 1], "texture": "#0"},
				"down": {"uv": [1.875, 13.5, 1.5, 13.875], "texture": "#0"}
			}
		},
		{
			"from": [7.63308, 12.26831, 6.16431],
			"to": [8.39845, 13.26831, 6.92967],
			"rotation": {"angle": 22.5, "axis": "x", "origin": [8.01576, 12.76831, 6.54699]},
			"faces": {
				"north": {"uv": [0, 13, 0.375, 13.5], "texture": "#0"},
				"east": {"uv": [0.5, 13, 0.875, 13.5], "texture": "#0"},
				"south": {"uv": [1, 13, 1.375, 13.5], "texture": "#0"},
				"west": {"uv": [13, 1, 13.375, 1.5], "texture": "#0"},
				"up": {"uv": [13.875, 1.875, 13.5, 1.5], "texture": "#0"},
				"down": {"uv": [2.375, 13.5, 2, 13.875], "texture": "#0"}
			}
		},
		{
			"from": [7.63308, 12.95965, 6.62625],
			"to": [8.39845, 13.95965, 7.39161],
			"rotation": {"angle": 45, "axis": "x", "origin": [8.01576, 13.45965, 7.00893]},
			"faces": {
				"north": {"uv": [1.5, 13, 1.875, 13.5], "texture": "#0"},
				"east": {"uv": [13, 1.5, 13.375, 2], "texture": "#0"},
				"south": {"uv": [2, 13, 2.375, 13.5], "texture": "#0"},
				"west": {"uv": [13, 2, 13.375, 2.5], "texture": "#0"},
				"up": {"uv": [13.875, 2.375, 13.5, 2], "texture": "#0"},
				"down": {"uv": [2.875, 13.5, 2.5, 13.875], "texture": "#0"}
			}
		},
		{
			"from": [7.11732, 8.98561, 8.24212],
			"to": [8.88268, 9.48561, 9.00748],
			"rotation": {"angle": 22.5, "axis": "x", "origin": [8, 9.23561, 8.6248]},
			"faces": {
				"north": {"uv": [12.5, 0.5, 13.375, 0.75], "texture": "#0"},
				"east": {"uv": [1, 14, 1.375, 14.25], "texture": "#0"},
				"south": {"uv": [1, 12.5, 1.875, 12.75], "texture": "#0"},
				"west": {"uv": [14, 1, 14.375, 1.25], "texture": "#0"},
				"up": {"uv": [11.375, 6.375, 10.5, 6], "texture": "#0"},
				"down": {"uv": [11.375, 10.5, 10.5, 10.875], "texture": "#0"}
			}
		},
		{
			"from": [7.60155, 9.2692, 8.43161],
			"to": [8.36692, 10.2692, 9.19698],
			"rotation": {"angle": 45, "axis": "x", "origin": [7.98424, 9.5192, 8.81429]},
			"faces": {
				"north": {"uv": [2.5, 13, 2.875, 13.5], "texture": "#0"},
				"east": {"uv": [13, 2.5, 13.375, 3], "texture": "#0"},
				"south": {"uv": [3, 13, 3.375, 13.5], "texture": "#0"},
				"west": {"uv": [13, 3, 13.375, 3.5], "texture": "#0"},
				"up": {"uv": [13.875, 2.875, 13.5, 2.5], "texture": "#0"},
				"down": {"uv": [3.375, 13.5, 3, 13.875], "texture": "#0"}
			}
		},
		{
			"from": [7.60155, 9.88732, 9.07033],
			"to": [8.36692, 10.88732, 9.83569],
			"rotation": {"angle": 22.5, "axis": "x", "origin": [7.98424, 10.38732, 9.45301]},
			"faces": {
				"north": {"uv": [3.5, 13, 3.875, 13.5], "texture": "#0"},
				"east": {"uv": [13, 3.5, 13.375, 4], "texture": "#0"},
				"south": {"uv": [4, 13, 4.375, 13.5], "texture": "#0"},
				"west": {"uv": [13, 4, 13.375, 4.5], "texture": "#0"},
				"up": {"uv": [13.875, 3.375, 13.5, 3], "texture": "#0"},
				"down": {"uv": [3.875, 13.5, 3.5, 13.875], "texture": "#0"}
			}
		},
		{
			"from": [7.11732, 9.32013, 8.87402],
			"to": [8.88268, 9.5855, 11.12402],
			"rotation": {"angle": 0, "axis": "x", "origin": [7.75, 9.45282, 9.57402]},
			"faces": {
				"north": {"uv": [13.5, 8, 14.375, 8.125], "texture": "#0"},
				"east": {"uv": [13.5, 3.5, 14.625, 3.625], "texture": "#0"},
				"south": {"uv": [8.5, 13.5, 9.375, 13.625], "texture": "#0"},
				"west": {"uv": [4, 13.5, 5.125, 13.625], "texture": "#0"},
				"up": {"uv": [4.875, 1.125, 4, 0], "texture": "#0"},
				"down": {"uv": [4.875, 1.5, 4, 2.625], "texture": "#0"}
			}
		},
		{
			"from": [7.11732, 9.32013, 4.87402],
			"to": [8.88268, 9.5855, 7.12402],
			"rotation": {"angle": 0, "axis": "y", "origin": [7.75, 9.45282, 9.57402]},
			"faces": {
				"north": {"uv": [13.5, 8.5, 14.375, 8.625], "texture": "#0"},
				"east": {"uv": [13.5, 4, 14.625, 4.125], "texture": "#0"},
				"south": {"uv": [13.5, 9, 14.375, 9.125], "texture": "#0"},
				"west": {"uv": [13.5, 4.5, 14.625, 4.625], "texture": "#0"},
				"up": {"uv": [4.875, 4.125, 4, 3], "texture": "#0"},
				"down": {"uv": [4.875, 4.5, 4, 5.625], "texture": "#0"}
			}
		},
		{
			"from": [8.87402, 9.32013, 7.11732],
			"to": [11.12402, 9.5855, 8.88268],
			"rotation": {"angle": 0, "axis": "y", "origin": [6.70671, 9.45282, 7.33268]},
			"faces": {
				"north": {"uv": [13.5, 5, 14.625, 5.125], "texture": "#0"},
				"east": {"uv": [9.5, 13.5, 10.375, 13.625], "texture": "#0"},
				"south": {"uv": [5.5, 13.5, 6.625, 13.625], "texture": "#0"},
				"west": {"uv": [13.5, 9.5, 14.375, 9.625], "texture": "#0"},
				"up": {"uv": [6.125, 0.875, 5, 0], "texture": "#0"},
				"down": {"uv": [6.125, 1, 5, 1.875], "texture": "#0"}
			}
		},
		{
			"from": [4.87402, 9.32013, 7.11732],
			"to": [7.12402, 9.5855, 8.88268],
			"rotation": {"angle": 0, "axis": "y", "origin": [6.70671, 9.45282, 7.33268]},
			"faces": {
				"north": {"uv": [13.5, 5.5, 14.625, 5.625], "texture": "#0"},
				"east": {"uv": [13.5, 10, 14.375, 10.125], "texture": "#0"},
				"south": {"uv": [13.5, 6, 14.625, 6.125], "texture": "#0"},
				"west": {"uv": [10.5, 13.5, 11.375, 13.625], "texture": "#0"},
				"up": {"uv": [3.125, 5.875, 2, 5], "texture": "#0"},
				"down": {"uv": [6.125, 2, 5, 2.875], "texture": "#0"}
			}
		},
		{
			"from": [7.60155, 10.70282, 9.23254],
			"to": [8.36692, 12.45282, 9.9979],
			"rotation": {"angle": 0, "axis": "x", "origin": [7.98424, 11.20282, 9.61522]},
			"faces": {
				"north": {"uv": [11, 0, 11.375, 0.875], "texture": "#0"},
				"east": {"uv": [11, 1, 11.375, 1.875], "texture": "#0"},
				"south": {"uv": [2, 11, 2.375, 11.875], "texture": "#0"},
				"west": {"uv": [11, 2, 11.375, 2.875], "texture": "#0"},
				"up": {"uv": [13.875, 6.875, 13.5, 6.5], "texture": "#0"},
				"down": {"uv": [7.375, 13.5, 7, 13.875], "texture": "#0"}
			}
		},
		{
			"from": [7.60155, 12.26831, 9.07033],
			"to": [8.36692, 13.26831, 9.83569],
			"rotation": {"angle": -22.5, "axis": "x", "origin": [7.98424, 12.76831, 9.45301]},
			"faces": {
				"north": {"uv": [4.5, 13, 4.875, 13.5], "texture": "#0"},
				"east": {"uv": [13, 4.5, 13.375, 5], "texture": "#0"},
				"south": {"uv": [5, 13, 5.375, 13.5], "texture": "#0"},
				"west": {"uv": [13, 5, 13.375, 5.5], "texture": "#0"},
				"up": {"uv": [13.875, 7.375, 13.5, 7], "texture": "#0"},
				"down": {"uv": [7.875, 13.5, 7.5, 13.875], "texture": "#0"}
			}
		},
		{
			"from": [7.60155, 12.95965, 8.60839],
			"to": [8.36692, 13.95965, 9.37375],
			"rotation": {"angle": -45, "axis": "x", "origin": [7.98424, 13.45965, 8.99107]},
			"faces": {
				"north": {"uv": [5.5, 13, 5.875, 13.5], "texture": "#0"},
				"east": {"uv": [13, 5.5, 13.375, 6], "texture": "#0"},
				"south": {"uv": [6, 13, 6.375, 13.5], "texture": "#0"},
				"west": {"uv": [13, 6, 13.375, 6.5], "texture": "#0"},
				"up": {"uv": [13.875, 7.875, 13.5, 7.5], "texture": "#0"},
				"down": {"uv": [8.375, 13.5, 8, 13.875], "texture": "#0"}
			}
		},
		{
			"from": [7.21732, 8.10819, 7.21732],
			"to": [8.78268, 8.35819, 8.78268],
			"rotation": {"angle": 0, "axis": "y", "origin": [-0.13268, -10.14181, 0.25]},
			"faces": {
				"north": {"uv": [13.5, 10.5, 14.3125, 10.625], "texture": "#0"},
				"east": {"uv": [13.5, 11, 14.3125, 11.125], "texture": "#0"},
				"south": {"uv": [11.5, 13.5, 12.3125, 13.625], "texture": "#0"},
				"west": {"uv": [13.5, 11.5, 14.3125, 11.625], "texture": "#0"},
				"up": {"uv": [3.8125, 6.8125, 3, 6], "texture": "#0"},
				"down": {"uv": [6.8125, 3, 6, 3.8125], "texture": "#0"}
			}
		},
		{
			"from": [6.88791, 2.70491, 7.5],
			"to": [7.88791, 3.70491, 8.5],
			"rotation": {"angle": -22.5, "axis": "z", "origin": [7.38791, 3.20491, 8]},
			"faces": {
				"north": {"uv": [1, 11.5, 1.5, 12], "texture": "#0"},
				"east": {"uv": [11.5, 1, 12, 1.5], "texture": "#0"},
				"south": {"uv": [1.5, 11.5, 2, 12], "texture": "#0"},
				"west": {"uv": [11.5, 1.5, 12, 2], "texture": "#0"},
				"up": {"uv": [12, 2.5, 11.5, 2], "texture": "#0"},
				"down": {"uv": [3, 11.5, 2.5, 12], "texture": "#0"}
			}
		},
		{
			"from": [8.11209, 2.70491, 7.5],
			"to": [9.11209, 3.70491, 8.5],
			"rotation": {"angle": 22.5, "axis": "z", "origin": [8.61209, 3.20491, 8]},
			"faces": {
				"north": {"uv": [11.5, 2.5, 12, 3], "texture": "#0"},
				"east": {"uv": [3, 11.5, 3.5, 12], "texture": "#0"},
				"south": {"uv": [3.5, 11.5, 4, 12], "texture": "#0"},
				"west": {"uv": [4, 11.5, 4.5, 12], "texture": "#0"},
				"up": {"uv": [5.5, 12, 5, 11.5], "texture": "#0"},
				"down": {"uv": [12, 5.5, 11.5, 6], "texture": "#0"}
			}
		},
		{
			"from": [7.5, 2.70491, 6.88791],
			"to": [8.5, 3.70491, 7.88791],
			"rotation": {"angle": 22.5, "axis": "x", "origin": [8, 3.20491, 7.38791]},
			"faces": {
				"north": {"uv": [6, 11.5, 6.5, 12], "texture": "#0"},
				"east": {"uv": [11.5, 6, 12, 6.5], "texture": "#0"},
				"south": {"uv": [6.5, 11.5, 7, 12], "texture": "#0"},
				"west": {"uv": [7, 11.5, 7.5, 12], "texture": "#0"},
				"up": {"uv": [12, 7.5, 11.5, 7], "texture": "#0"},
				"down": {"uv": [8, 11.5, 7.5, 12], "texture": "#0"}
			}
		},
		{
			"from": [7.5, 2.70491, 8.11209],
			"to": [8.5, 3.70491, 9.11209],
			"rotation": {"angle": -22.5, "axis": "x", "origin": [8, 3.20491, 8.61209]},
			"faces": {
				"north": {"uv": [11.5, 7.5, 12, 8], "texture": "#0"},
				"east": {"uv": [8, 11.5, 8.5, 12], "texture": "#0"},
				"south": {"uv": [11.5, 8, 12, 8.5], "texture": "#0"},
				"west": {"uv": [8.5, 11.5, 9, 12], "texture": "#0"},
				"up": {"uv": [12, 9, 11.5, 8.5], "texture": "#0"},
				"down": {"uv": [9.5, 11.5, 9, 12], "texture": "#0"}
			}
		},
		{
			"from": [7.92074, 1.20178, 7.5],
			"to": [8.92074, 3.20178, 8.5],
			"rotation": {"angle": -22.5, "axis": "z", "origin": [8.42074, 2.20178, 8]},
			"faces": {
				"north": {"uv": [3.5, 7, 4, 8], "texture": "#0"},
				"east": {"uv": [7, 4, 7.5, 5], "texture": "#0"},
				"south": {"uv": [7, 5, 7.5, 6], "texture": "#0"},
				"west": {"uv": [5.5, 7, 6, 8], "texture": "#0"},
				"up": {"uv": [12, 9.5, 11.5, 9], "texture": "#0"},
				"down": {"uv": [10, 11.5, 9.5, 12], "texture": "#0"}
			}
		},
		{
			"from": [7.07926, 1.20178, 7.5],
			"to": [8.07926, 3.20178, 8.5],
			"rotation": {"angle": 22.5, "axis": "z", "origin": [7.57926, 2.20178, 8]},
			"faces": {
				"north": {"uv": [7, 6, 7.5, 7], "texture": "#0"},
				"east": {"uv": [6.5, 7, 7, 8], "texture": "#0"},
				"south": {"uv": [7, 7, 7.5, 8], "texture": "#0"},
				"west": {"uv": [0, 7.5, 0.5, 8.5], "texture": "#0"},
				"up": {"uv": [12, 10, 11.5, 9.5], "texture": "#0"},
				"down": {"uv": [10.5, 11.5, 10, 12], "texture": "#0"}
			}
		},
		{
			"from": [7.5, 1.20178, 7.92074],
			"to": [8.5, 3.20178, 8.92074],
			"rotation": {"angle": 22.5, "axis": "x", "origin": [8, 2.20178, 8.42074]},
			"faces": {
				"north": {"uv": [7.5, 0, 8, 1], "texture": "#0"},
				"east": {"uv": [0.5, 7.5, 1, 8.5], "texture": "#0"},
				"south": {"uv": [1, 7.5, 1.5, 8.5], "texture": "#0"},
				"west": {"uv": [7.5, 1, 8, 2], "texture": "#0"},
				"up": {"uv": [12, 10.5, 11.5, 10], "texture": "#0"},
				"down": {"uv": [11, 11.5, 10.5, 12], "texture": "#0"}
			}
		},
		{
			"from": [7.5, 1.20178, 7.07926],
			"to": [8.5, 3.20178, 8.07926],
			"rotation": {"angle": -22.5, "axis": "x", "origin": [8, 2.20178, 7.57926]},
			"faces": {
				"north": {"uv": [1.5, 7.5, 2, 8.5], "texture": "#0"},
				"east": {"uv": [7.5, 2, 8, 3], "texture": "#0"},
				"south": {"uv": [7.5, 3, 8, 4], "texture": "#0"},
				"west": {"uv": [7.5, 4, 8, 5], "texture": "#0"},
				"up": {"uv": [12, 11, 11.5, 10.5], "texture": "#0"},
				"down": {"uv": [11.5, 11.5, 11, 12], "texture": "#0"}
			}
		},
		{
			"from": [7.07926, -1.02867, 7.5],
			"to": [8.07926, 0.97133, 8.5],
			"rotation": {"angle": -22.5, "axis": "z", "origin": [7.57926, -0.02867, 8]},
			"faces": {
				"north": {"uv": [7.5, 5, 8, 6], "texture": "#0"},
				"east": {"uv": [6, 7.5, 6.5, 8.5], "texture": "#0"},
				"south": {"uv": [7.5, 6, 8, 7], "texture": "#0"},
				"west": {"uv": [7.5, 7, 8, 8], "texture": "#0"},
				"up": {"uv": [12, 11.5, 11.5, 11], "texture": "#0"},
				"down": {"uv": [12, 11.5, 11.5, 12], "texture": "#0"}
			}
		},
		{
			"from": [7.5, -1.02867, 7.07926],
			"to": [8.5, 0.97133, 8.07926],
			"rotation": {"angle": 22.5, "axis": "x", "origin": [8, -0.02867, 7.57926]},
			"faces": {
				"north": {"uv": [8, 0, 8.5, 1], "texture": "#0"},
				"east": {"uv": [8, 1, 8.5, 2], "texture": "#0"},
				"south": {"uv": [2, 8, 2.5, 9], "texture": "#0"},
				"west": {"uv": [8, 2, 8.5, 3], "texture": "#0"},
				"up": {"uv": [0.5, 12.5, 0, 12], "texture": "#0"},
				"down": {"uv": [12.5, 0, 12, 0.5], "texture": "#0"}
			}
		},
		{
			"from": [7.5, -1.02867, 7.92074],
			"to": [8.5, 0.97133, 8.92074],
			"rotation": {"angle": -22.5, "axis": "x", "origin": [8, -0.02867, 8.42074]},
			"faces": {
				"north": {"uv": [2.5, 8, 3, 9], "texture": "#0"},
				"east": {"uv": [3, 8, 3.5, 9], "texture": "#0"},
				"south": {"uv": [8, 3, 8.5, 4], "texture": "#0"},
				"west": {"uv": [3.5, 8, 4, 9], "texture": "#0"},
				"up": {"uv": [1, 12.5, 0.5, 12], "texture": "#0"},
				"down": {"uv": [12.5, 0.5, 12, 1], "texture": "#0"}
			}
		},
		{
			"from": [7.92074, -1.02867, 7.5],
			"to": [8.92074, 0.97133, 8.5],
			"rotation": {"angle": 22.5, "axis": "z", "origin": [8.42074, -0.02867, 8]},
			"faces": {
				"north": {"uv": [8, 4, 8.5, 5], "texture": "#0"},
				"east": {"uv": [8, 5, 8.5, 6], "texture": "#0"},
				"south": {"uv": [5.5, 8, 6, 9], "texture": "#0"},
				"west": {"uv": [8, 6, 8.5, 7], "texture": "#0"},
				"up": {"uv": [1.5, 12.5, 1, 12], "texture": "#0"},
				"down": {"uv": [12.5, 1, 12, 1.5], "texture": "#0"}
			}
		},
		{
			"from": [7.92074, -2.49374, 7.5],
			"to": [8.92074, -0.49374, 8.5],
			"rotation": {"angle": -22.5, "axis": "z", "origin": [8.42074, -1.49374, 8]},
			"faces": {
				"north": {"uv": [6.5, 8, 7, 9], "texture": "#0"},
				"east": {"uv": [7, 8, 7.5, 9], "texture": "#0"},
				"south": {"uv": [8, 7, 8.5, 8], "texture": "#0"},
				"west": {"uv": [7.5, 8, 8, 9], "texture": "#0"},
				"up": {"uv": [2, 12.5, 1.5, 12], "texture": "#0"},
				"down": {"uv": [12.5, 1.5, 12, 2], "texture": "#0"}
			}
		},
		{
			"from": [7.07926, -2.49374, 7.5],
			"to": [8.07926, -0.49374, 8.5],
			"rotation": {"angle": 22.5, "axis": "z", "origin": [7.57926, -1.49374, 8]},
			"faces": {
				"north": {"uv": [8, 8, 8.5, 9], "texture": "#0"},
				"east": {"uv": [0, 8.5, 0.5, 9.5], "texture": "#0"},
				"south": {"uv": [8.5, 0, 9, 1], "texture": "#0"},
				"west": {"uv": [0.5, 8.5, 1, 9.5], "texture": "#0"},
				"up": {"uv": [2.5, 12.5, 2, 12], "texture": "#0"},
				"down": {"uv": [12.5, 2, 12, 2.5], "texture": "#0"}
			}
		},
		{
			"from": [7.5, -2.49374, 7.92074],
			"to": [8.5, -0.49374, 8.92074],
			"rotation": {"angle": 22.5, "axis": "x", "origin": [8, -1.49374, 8.42074]},
			"faces": {
				"north": {"uv": [1, 8.5, 1.5, 9.5], "texture": "#0"},
				"east": {"uv": [8.5, 1, 9, 2], "texture": "#0"},
				"south": {"uv": [1.5, 8.5, 2, 9.5], "texture": "#0"},
				"west": {"uv": [8.5, 2, 9, 3], "texture": "#0"},
				"up": {"uv": [3, 12.5, 2.5, 12], "texture": "#0"},
				"down": {"uv": [12.5, 2.5, 12, 3], "texture": "#0"}
			}
		},
		{
			"from": [7.5, -2.49374, 7.07926],
			"to": [8.5, -0.49374, 8.07926],
			"rotation": {"angle": -22.5, "axis": "x", "origin": [8, -1.49374, 7.57926]},
			"faces": {
				"north": {"uv": [8.5, 3, 9, 4], "texture": "#0"},
				"east": {"uv": [4, 8.5, 4.5, 9.5], "texture": "#0"},
				"south": {"uv": [8.5, 4, 9, 5], "texture": "#0"},
				"west": {"uv": [4.5, 8.5, 5, 9.5], "texture": "#0"},
				"up": {"uv": [3.5, 12.5, 3, 12], "texture": "#0"},
				"down": {"uv": [12.5, 3, 12, 3.5], "texture": "#0"}
			}
		},
		{
			"from": [7.07926, -4.72418, 7.5],
			"to": [8.07926, -2.72418, 8.5],
			"rotation": {"angle": -22.5, "axis": "z", "origin": [7.57926, -3.72418, 8]},
			"faces": {
				"north": {"uv": [5, 8.5, 5.5, 9.5], "texture": "#0"},
				"east": {"uv": [8.5, 5, 9, 6], "texture": "#0"},
				"south": {"uv": [6, 8.5, 6.5, 9.5], "texture": "#0"},
				"west": {"uv": [8.5, 6, 9, 7], "texture": "#0"},
				"up": {"uv": [4, 12.5, 3.5, 12], "texture": "#0"},
				"down": {"uv": [12.5, 3.5, 12, 4], "texture": "#0"}
			}
		},
		{
			"from": [7.92074, -4.72418, 7.5],
			"to": [8.92074, -2.72418, 8.5],
			"rotation": {"angle": 22.5, "axis": "z", "origin": [8.42074, -3.72418, 8]},
			"faces": {
				"north": {"uv": [8.5, 7, 9, 8], "texture": "#0"},
				"east": {"uv": [8.5, 8, 9, 9], "texture": "#0"},
				"south": {"uv": [9, 0, 9.5, 1], "texture": "#0"},
				"west": {"uv": [9, 1, 9.5, 2], "texture": "#0"},
				"up": {"uv": [4.5, 12.5, 4, 12], "texture": "#0"},
				"down": {"uv": [12.5, 4, 12, 4.5], "texture": "#0"}
			}
		},
		{
			"from": [7.5, -4.72418, 7.07926],
			"to": [8.5, -2.72418, 8.07926],
			"rotation": {"angle": 22.5, "axis": "x", "origin": [8, -3.72418, 7.57926]},
			"faces": {
				"north": {"uv": [2, 9, 2.5, 10], "texture": "#0"},
				"east": {"uv": [9, 2, 9.5, 3], "texture": "#0"},
				"south": {"uv": [2.5, 9, 3, 10], "texture": "#0"},
				"west": {"uv": [3, 9, 3.5, 10], "texture": "#0"},
				"up": {"uv": [5, 12.5, 4.5, 12], "texture": "#0"},
				"down": {"uv": [12.5, 4.5, 12, 5], "texture": "#0"}
			}
		},
		{
			"from": [7.5, -4.72418, 7.92074],
			"to": [8.5, -2.72418, 8.92074],
			"rotation": {"angle": -22.5, "axis": "x", "origin": [8, -3.72418, 8.42074]},
			"faces": {
				"north": {"uv": [9, 3, 9.5, 4], "texture": "#0"},
				"east": {"uv": [3.5, 9, 4, 10], "texture": "#0"},
				"south": {"uv": [9, 4, 9.5, 5], "texture": "#0"},
				"west": {"uv": [9, 5, 9.5, 6], "texture": "#0"},
				"up": {"uv": [5.5, 12.5, 5, 12], "texture": "#0"},
				"down": {"uv": [12.5, 5, 12, 5.5], "texture": "#0"}
			}
		},
		{
			"from": [7.07926, -6.18926, 7.5],
			"to": [8.07926, -4.18926, 8.5],
			"rotation": {"angle": 22.5, "axis": "z", "origin": [7.57926, -5.18926, 8]},
			"faces": {
				"north": {"uv": [5.5, 9, 6, 10], "texture": "#0"},
				"east": {"uv": [9, 6, 9.5, 7], "texture": "#0"},
				"south": {"uv": [6.5, 9, 7, 10], "texture": "#0"},
				"west": {"uv": [7, 9, 7.5, 10], "texture": "#0"},
				"up": {"uv": [6, 12.5, 5.5, 12], "texture": "#0"},
				"down": {"uv": [12.5, 5.5, 12, 6], "texture": "#0"}
			}
		},
		{
			"from": [7.92074, -6.18926, 7.5],
			"to": [8.92074, -4.18926, 8.5],
			"rotation": {"angle": -22.5, "axis": "z", "origin": [8.42074, -5.18926, 8]},
			"faces": {
				"north": {"uv": [9, 7, 9.5, 8], "texture": "#0"},
				"east": {"uv": [7.5, 9, 8, 10], "texture": "#0"},
				"south": {"uv": [8, 9, 8.5, 10], "texture": "#0"},
				"west": {"uv": [9, 8, 9.5, 9], "texture": "#0"},
				"up": {"uv": [6.5, 12.5, 6, 12], "texture": "#0"},
				"down": {"uv": [12.5, 6, 12, 6.5], "texture": "#0"}
			}
		},
		{
			"from": [7.5, -6.18926, 7.07926],
			"to": [8.5, -4.18926, 8.07926],
			"rotation": {"angle": -22.5, "axis": "x", "origin": [8, -5.18926, 7.57926]},
			"faces": {
				"north": {"uv": [8.5, 9, 9, 10], "texture": "#0"},
				"east": {"uv": [9, 9, 9.5, 10], "texture": "#0"},
				"south": {"uv": [0, 9.5, 0.5, 10.5], "texture": "#0"},
				"west": {"uv": [9.5, 0, 10, 1], "texture": "#0"},
				"up": {"uv": [7, 12.5, 6.5, 12], "texture": "#0"},
				"down": {"uv": [12.5, 6.5, 12, 7], "texture": "#0"}
			}
		},
		{
			"from": [7.5, -6.18926, 7.92074],
			"to": [8.5, -4.18926, 8.92074],
			"rotation": {"angle": 22.5, "axis": "x", "origin": [8, -5.18926, 8.42074]},
			"faces": {
				"north": {"uv": [0.5, 9.5, 1, 10.5], "texture": "#0"},
				"east": {"uv": [1, 9.5, 1.5, 10.5], "texture": "#0"},
				"south": {"uv": [9.5, 1, 10, 2], "texture": "#0"},
				"west": {"uv": [1.5, 9.5, 2, 10.5], "texture": "#0"},
				"up": {"uv": [7.5, 12.5, 7, 12], "texture": "#0"},
				"down": {"uv": [12.5, 7, 12, 7.5], "texture": "#0"}
			}
		},
		{
			"from": [7.5, -8.4197, 7.07926],
			"to": [8.5, -6.4197, 8.07926],
			"rotation": {"angle": 22.5, "axis": "x", "origin": [8, -7.4197, 7.57926]},
			"faces": {
				"north": {"uv": [9.5, 2, 10, 3], "texture": "#0"},
				"east": {"uv": [9.5, 3, 10, 4], "texture": "#0"},
				"south": {"uv": [4, 9.5, 4.5, 10.5], "texture": "#0"},
				"west": {"uv": [9.5, 4, 10, 5], "texture": "#0"},
				"up": {"uv": [8, 12.5, 7.5, 12], "texture": "#0"},
				"down": {"uv": [12.5, 7.5, 12, 8], "texture": "#0"}
			}
		},
		{
			"from": [7.07926, -8.4197, 7.5],
			"to": [8.07926, -6.4197, 8.5],
			"rotation": {"angle": -22.5, "axis": "z", "origin": [7.57926, -7.4197, 8]},
			"faces": {
				"north": {"uv": [4.5, 9.5, 5, 10.5], "texture": "#0"},
				"east": {"uv": [5, 9.5, 5.5, 10.5], "texture": "#0"},
				"south": {"uv": [9.5, 5, 10, 6], "texture": "#0"},
				"west": {"uv": [6, 9.5, 6.5, 10.5], "texture": "#0"},
				"up": {"uv": [8.5, 12.5, 8, 12], "texture": "#0"},
				"down": {"uv": [12.5, 8, 12, 8.5], "texture": "#0"}
			}
		},
		{
			"from": [7.92074, -8.4197, 7.5],
			"to": [8.92074, -6.4197, 8.5],
			"rotation": {"angle": 22.5, "axis": "z", "origin": [8.42074, -7.4197, 8]},
			"faces": {
				"north": {"uv": [9.5, 6, 10, 7], "texture": "#0"},
				"east": {"uv": [9.5, 7, 10, 8], "texture": "#0"},
				"south": {"uv": [9.5, 8, 10, 9], "texture": "#0"},
				"west": {"uv": [9.5, 9, 10, 10], "texture": "#0"},
				"up": {"uv": [9, 12.5, 8.5, 12], "texture": "#0"},
				"down": {"uv": [12.5, 8.5, 12, 9], "texture": "#0"}
			}
		},
		{
			"from": [7.5, -8.4197, 7.92074],
			"to": [8.5, -6.4197, 8.92074],
			"rotation": {"angle": -22.5, "axis": "x", "origin": [8, -7.4197, 8.42074]},
			"faces": {
				"north": {"uv": [10, 0, 10.5, 1], "texture": "#0"},
				"east": {"uv": [10, 1, 10.5, 2], "texture": "#0"},
				"south": {"uv": [2, 10, 2.5, 11], "texture": "#0"},
				"west": {"uv": [10, 2, 10.5, 3], "texture": "#0"},
				"up": {"uv": [9.5, 12.5, 9, 12], "texture": "#0"},
				"down": {"uv": [12.5, 9, 12, 9.5], "texture": "#0"}
			}
		}
	],
	"display": {
		"thirdperson_righthand": {
			"translation": [0, 4, 1.25]
		},
		"thirdperson_lefthand": {
			"translation": [0, 4, 1.25]
		},
		"firstperson_righthand": {
			"translation": [1.5, 4.25, -1.25]
		},
		"firstperson_lefthand": {
			"translation": [1.5, 4.25, -1.25]
		},
		"ground": {
			"rotation": [90, 0, 0],
			"translation": [0, 0, 6.75]
		},
		"gui": {
			"rotation": [0, 0, 45],
			"translation": [-3.5, 2.75, 0]
		},
		"head": {
			"translation": [0, 0.75, 0]
		},
		"fixed": {
			"rotation": [-90, 0, 0],
			"translation": [0, 0, -70],
			"scale": [4, 4, 4]
		}
	},
	"groups": [
		{
			"name": "VineStaff",
			"origin": [8, 8, 8],
			"color": 0,
			"children": [
				0,
				1,
				2,
				3,
				4,
				5,
				6,
				7,
				8,
				9,
				10,
				11,
				12,
				13,
				14,
				15,
				16,
				17,
				18,
				19,
				20,
				21,
				22,
				23,
				24,
				25,
				26,
				27,
				28,
				29,
				30,
				31,
				32,
				33,
				34,
				35,
				36,
				37,
				38,
				39,
				40,
				41,
				42,
				43,
				44,
				45,
				46,
				47,
				48,
				49,
				50,
				51,
				52,
				53,
				54,
				55,
				56,
				57,
				58,
				59,
				60,
				61,
				62,
				63,
				64,
				65,
				66,
				67,
				68,
				69,
				70,
				71,
				72,
				73,
				74,
				75,
				76,
				77,
				78,
				79,
				80,
				81,
				82,
				83,
				84,
				85
			]
		}
	]
}