{"textures":{"0":"modelengine:entity/amongus"},"elements":[{"name":"body1","from":[1.9999998,8.0,3.7999997],"to":[14.0,14.0,11.0],"rotation":{"angle":0.0,"axis":"x","origin":[8.0,8.0,8.0]},"faces":{"down":{"uv":[7.125,0.0,4.625,1.5],"rotation":0,"texture":"#0","tintindex":0},"east":{"uv":[1.875,6.375,3.375,7.625],"rotation":0,"texture":"#0","tintindex":0},"north":{"uv":[4.625,4.5,7.125,5.75],"rotation":0,"texture":"#0","tintindex":0},"south":{"uv":[0.0,4.75,2.5,6.0],"rotation":0,"texture":"#0","tintindex":0},"up":{"uv":[4.625,4.75,2.125,3.25],"rotation":0,"texture":"#0","tintindex":0},"west":{"uv":[5.5,6.875,7.0,8.125],"rotation":0,"texture":"#0","tintindex":0}}},{"name":"bone1","from":[6.8,13.400001,6.2],"to":[9.2,15.8,8.6],"rotation":{"angle":0.0,"axis":"x","origin":[8.0,8.0,8.0]},"faces":{"down":{"uv":[7.875,6.125,7.375,6.625],"rotation":0,"texture":"#0","tintindex":0},"east":{"uv":[4.0,5.25,4.5,5.75],"rotation":0,"texture":"#0","tintindex":0},"north":{"uv":[4.0,4.75,4.5,5.25],"rotation":0,"texture":"#0","tintindex":0},"south":{"uv":[3.375,6.375,3.875,6.875],"rotation":0,"texture":"#0","tintindex":0},"up":{"uv":[1.5,7.625,1.0,7.125],"rotation":0,"texture":"#0","tintindex":0},"west":{"uv":[3.375,6.875,3.875,7.375],"rotation":0,"texture":"#0","tintindex":0}}},{"name":"bone2","from":[5.6,15.8,6.2],"to":[10.4,17.6,8.6],"rotation":{"angle":0.0,"axis":"x","origin":[8.0,8.0,8.0]},"faces":{"down":{"uv":[9.125,3.5,8.125,4.0],"rotation":0,"texture":"#0","tintindex":0},"east":{"uv":[1.875,6.0,2.375,6.375],"rotation":0,"texture":"#0","tintindex":0},"north":{"uv":[5.375,8.125,6.375,8.5],"rotation":0,"texture":"#0","tintindex":0},"south":{"uv":[5.375,8.5,6.375,8.875],"rotation":0,"texture":"#0","tintindex":0},"up":{"uv":[9.125,3.5,8.125,3.0],"rotation":0,"texture":"#0","tintindex":0},"west":{"uv":[6.625,8.625,7.125,9.0],"rotation":0,"texture":"#0","tintindex":0}}},{"name":"backpack","from":[2.8999999,10.4,11.0],"to":[13.1,20.600002,13.400001],"rotation":{"angle":0.0,"axis":"x","origin":[7.7,1.9999998,8.6]},"faces":{"down":{"uv":[10.125,7.0,8.0,7.5],"rotation":0,"texture":"#0","tintindex":0},"east":{"uv":[2.0,7.625,2.5,9.75],"rotation":0,"texture":"#0","tintindex":0},"north":{"uv":[0.0,0.0,2.125,2.125],"rotation":0,"texture":"#0","tintindex":0},"south":{"uv":[0.0,2.125,2.125,4.25],"rotation":0,"texture":"#0","tintindex":0},"up":{"uv":[2.125,4.75,0.0,4.25],"rotation":0,"texture":"#0","tintindex":0},"west":{"uv":[2.5,7.625,3.0,9.75],"rotation":0,"texture":"#0","tintindex":0}}}],"display":{"head":{"translation":[0.0,-6.4,0.0],"rotation":[0.0,0.0,0.0],"scale":[3.8095,3.8095,3.8095]}}}