{"textures":{"0":"modelengine:entity/amongus"},"elements":[{"name":"body2","from":[1.9999998,14.0,3.7999997],"to":[14.0,21.8,11.0],"rotation":{"angle":0.0,"axis":"x","origin":[8.0,8.0,8.0]},"faces":{"down":{"uv":[7.125,3.0,4.625,4.5],"rotation":0,"texture":"#0","tintindex":0},"east":{"uv":[2.5,4.75,4.0,6.375],"rotation":0,"texture":"#0","tintindex":0},"north":{"uv":[2.125,0.0,4.625,1.625],"rotation":0,"texture":"#0","tintindex":0},"south":{"uv":[2.125,1.625,4.625,3.25],"rotation":0,"texture":"#0","tintindex":0},"up":{"uv":[7.125,3.0,4.625,1.5],"rotation":0,"texture":"#0","tintindex":0},"west":{"uv":[4.0,5.75,5.5,7.375],"rotation":0,"texture":"#0","tintindex":0}}},{"name":"body3","from":[3.4999998,21.2,5.0],"to":[12.5,22.400002,10.4],"rotation":{"angle":0.0,"axis":"x","origin":[7.7,1.9999998,8.6]},"faces":{"down":{"uv":[1.875,6.0,0.0,7.125],"rotation":0,"texture":"#0","tintindex":0},"east":{"uv":[8.125,5.0,9.25,5.25],"rotation":0,"texture":"#0","tintindex":0},"north":{"uv":[8.125,4.0,10.0,4.25],"rotation":0,"texture":"#0","tintindex":0},"south":{"uv":[8.125,4.25,10.0,4.5],"rotation":0,"texture":"#0","tintindex":0},"up":{"uv":[7.375,6.875,5.5,5.75],"rotation":0,"texture":"#0","tintindex":0},"west":{"uv":[8.0,8.5,9.125,8.75],"rotation":0,"texture":"#0","tintindex":0}}},{"name":"goggles","from":[3.4999998,16.400002,3.1999998],"to":[12.5,20.600002,4.3999996],"rotation":{"angle":0.0,"axis":"x","origin":[7.7,1.9999998,8.6]},"faces":{"down":{"uv":[10.0,4.75,8.125,5.0],"rotation":0,"texture":"#0","tintindex":0},"east":{"uv":[3.0,7.625,3.25,8.5],"rotation":0,"texture":"#0","tintindex":0},"north":{"uv":[7.375,5.25,9.25,6.125],"rotation":0,"texture":"#0","tintindex":0},"south":{"uv":[8.0,6.125,9.875,7.0],"rotation":0,"texture":"#0","tintindex":0},"up":{"uv":[10.0,4.75,8.125,4.5],"rotation":0,"texture":"#0","tintindex":0},"west":{"uv":[6.375,8.125,6.625,9.0],"rotation":0,"texture":"#0","tintindex":0}}}],"display":{"head":{"translation":[0.0,-6.4,0.0],"rotation":[0.0,0.0,0.0],"scale":[3.8095,3.8095,3.8095]}}}