{"textures":{"0":"modelengine:entity/amongus"},"elements":[{"name":"lleg","from":[7.99988,1.9999998,5.6],"to":[12.79988,10.4,10.4],"rotation":{"angle":0.0,"axis":"x","origin":[8.0,8.0,8.0]},"faces":{"down":{"uv":[9.125,2.0,8.125,3.0],"rotation":0,"texture":"#0","tintindex":0},"east":{"uv":[3.375,7.375,4.375,9.125],"rotation":0,"texture":"#0","tintindex":0},"north":{"uv":[7.125,3.5,8.125,5.25],"rotation":0,"texture":"#0","tintindex":0},"south":{"uv":[4.375,7.375,5.375,9.125],"rotation":0,"texture":"#0","tintindex":0},"up":{"uv":[9.125,2.0,8.125,1.0],"rotation":0,"texture":"#0","tintindex":0},"west":{"uv":[1.0,7.625,2.0,9.375],"rotation":0,"texture":"#0","tintindex":0}}}],"display":{"head":{"translation":[0.0,-6.4,0.0],"rotation":[0.0,0.0,0.0],"scale":[3.8095,3.8095,3.8095]}}}