{"textures":{"0":"modelengine:entity/amongus"},"elements":[{"name":"rleg","from":[8.003,1.9999998,5.6],"to":[3.2029998,10.4,10.4],"rotation":{"angle":0.0,"axis":"x","origin":[8.0,8.0,8.0]},"faces":{"down":{"uv":[9.125,0.0,8.125,1.0],"rotation":0,"texture":"#0","tintindex":0},"east":{"uv":[0.0,7.125,1.0,8.875],"rotation":0,"texture":"#0","tintindex":0},"north":{"uv":[7.0,6.875,8.0,8.625],"rotation":0,"texture":"#0","tintindex":0},"south":{"uv":[7.125,0.0,8.125,1.75],"rotation":0,"texture":"#0","tintindex":0},"up":{"uv":[9.0,8.5,8.0,7.5],"rotation":0,"texture":"#0","tintindex":0},"west":{"uv":[7.125,1.75,8.125,3.5],"rotation":0,"texture":"#0","tintindex":0}}}],"display":{"head":{"translation":[0.0,-6.4,0.0],"rotation":[0.0,0.0,0.0],"scale":[3.8095,3.8095,3.8095]}}}