{"textures":{"0":"modelengine:entity/biggiecheese"},"elements":[{"name":"cube","from":[4.7,6.8,5.6],"to":[11.3,12.8,11.0],"rotation":{"angle":0.0,"axis":"x","origin":[7.7,0.7999997,11.0]},"faces":{"down":{"uv":[11.75,9.625,10.375,10.75],"rotation":0,"texture":"#0","tintindex":0},"east":{"uv":[10.375,10.75,11.5,12.0],"rotation":0,"texture":"#0","tintindex":0},"north":{"uv":[4.5,10.125,5.875,11.375],"rotation":0,"texture":"#0","tintindex":0},"south":{"uv":[5.875,10.125,7.25,11.375],"rotation":0,"texture":"#0","tintindex":0},"up":{"uv":[8.625,11.25,7.25,10.125],"rotation":0,"texture":"#0","tintindex":0},"west":{"uv":[8.625,10.875,9.75,12.125],"rotation":0,"texture":"#0","tintindex":0}}},{"name":"cube","from":[5.8999996,7.4,4.3999996],"to":[10.1,10.4,5.6],"rotation":{"angle":0.0,"axis":"x","origin":[7.7,0.7999997,11.0]},"faces":{"down":{"uv":[13.625,8.375,12.75,8.625],"rotation":0,"texture":"#0","tintindex":0},"east":{"uv":[0.25,13.0,0.5,13.625],"rotation":0,"texture":"#0","tintindex":0},"north":{"uv":[12.375,4.875,13.25,5.5],"rotation":0,"texture":"#0","tintindex":0},"south":{"uv":[12.375,5.5,13.25,6.125],"rotation":0,"texture":"#0","tintindex":0},"up":{"uv":[13.375,10.75,12.5,10.5],"rotation":0,"texture":"#0","tintindex":0},"west":{"uv":[0.5,13.0,0.75,13.625],"rotation":0,"texture":"#0","tintindex":0}}},{"name":"cube","from":[6.5,7.4,3.7999997],"to":[9.5,9.2,5.0],"rotation":{"angle":0.0,"axis":"x","origin":[8.0,8.0,8.6]},"faces":{"down":{"uv":[1.375,13.0,0.75,13.25],"rotation":0,"texture":"#0","tintindex":0},"east":{"uv":[8.0,13.0,8.25,13.375],"rotation":0,"texture":"#0","tintindex":0},"north":{"uv":[6.25,12.625,6.875,13.0],"rotation":0,"texture":"#0","tintindex":0},"south":{"uv":[12.75,8.0,13.375,8.375],"rotation":0,"texture":"#0","tintindex":0},"up":{"uv":[10.375,12.0,9.75,11.75],"rotation":0,"texture":"#0","tintindex":0},"west":{"uv":[9.125,13.0,9.375,13.375],"rotation":0,"texture":"#0","tintindex":0}}},{"name":"cube","from":[2.2999997,11.0,6.2],"to":[6.5,13.400001,7.4],"rotation":{"angle":-45.0,"axis":"z","origin":[5.3,13.400001,6.8]},"faces":{"down":{"uv":[13.625,8.875,12.75,9.125],"rotation":0,"texture":"#0","tintindex":0},"east":{"uv":[12.125,2.5,12.375,3.0],"rotation":0,"texture":"#0","tintindex":0},"north":{"uv":[7.75,5.75,8.625,6.25],"rotation":0,"texture":"#0","tintindex":0},"south":{"uv":[8.25,3.5,9.125,4.0],"rotation":0,"texture":"#0","tintindex":0},"up":{"uv":[13.625,8.875,12.75,8.625],"rotation":0,"texture":"#0","tintindex":0},"west":{"uv":[13.0,1.5,13.25,2.0],"rotation":0,"texture":"#0","tintindex":0}}},{"name":"cube","from":[10.1,11.0,6.2],"to":[14.3,13.400001,7.4],"rotation":{"angle":0.0,"axis":"z","origin":[10.700001,12.2,6.8]},"faces":{"down":{"uv":[13.625,9.375,12.75,9.625],"rotation":0,"texture":"#0","tintindex":0},"east":{"uv":[13.0,2.0,13.25,2.5],"rotation":0,"texture":"#0","tintindex":0},"north":{"uv":[8.625,5.75,9.5,6.25],"rotation":0,"texture":"#0","tintindex":0},"south":{"uv":[9.125,3.5,10.0,4.0],"rotation":0,"texture":"#0","tintindex":0},"up":{"uv":[13.625,9.375,12.75,9.125],"rotation":0,"texture":"#0","tintindex":0},"west":{"uv":[6.25,13.0,6.5,13.5],"rotation":0,"texture":"#0","tintindex":0}}},{"name":"cube","from":[5.0,12.8,5.6],"to":[10.4,14.0,11.0],"rotation":{"angle":0.0,"axis":"x","origin":[8.0,8.0,8.0]},"faces":{"down":{"uv":[12.5,3.75,11.375,4.875],"rotation":0,"texture":"#0","tintindex":0},"east":{"uv":[12.375,12.0,13.5,12.25],"rotation":0,"texture":"#0","tintindex":0},"north":{"uv":[10.0,3.75,11.125,4.0],"rotation":0,"texture":"#0","tintindex":0},"south":{"uv":[12.5,4.5,13.625,4.75],"rotation":0,"texture":"#0","tintindex":0},"up":{"uv":[8.375,12.375,7.25,11.25],"rotation":0,"texture":"#0","tintindex":0},"west":{"uv":[12.5,10.25,13.625,10.5],"rotation":0,"texture":"#0","tintindex":0}}},{"name":"cube","from":[5.6,14.0,6.2],"to":[9.8,17.0,10.4],"rotation":{"angle":0.0,"axis":"x","origin":[8.0,8.0,8.0]},"faces":{"down":{"uv":[12.375,11.375,11.5,12.25],"rotation":0,"texture":"#0","tintindex":0},"east":{"uv":[12.375,11.375,13.25,12.0],"rotation":0,"texture":"#0","tintindex":0},"north":{"uv":[6.875,12.375,7.75,13.0],"rotation":0,"texture":"#0","tintindex":0},"south":{"uv":[12.5,3.25,13.375,3.875],"rotation":0,"texture":"#0","tintindex":0},"up":{"uv":[2.875,11.375,2.0,10.5],"rotation":0,"texture":"#0","tintindex":0},"west":{"uv":[12.5,3.875,13.375,4.5],"rotation":0,"texture":"#0","tintindex":0}}},{"name":"cube","from":[4.3999996,15.8,6.8],"to":[7.4,18.2,9.8],"rotation":{"angle":0.0,"axis":"x","origin":[8.0,8.0,8.0]},"faces":{"down":{"uv":[6.25,12.625,5.625,13.25],"rotation":0,"texture":"#0","tintindex":0},"east":{"uv":[10.125,5.75,10.75,6.25],"rotation":0,"texture":"#0","tintindex":0},"north":{"uv":[9.5,5.75,10.125,6.25],"rotation":0,"texture":"#0","tintindex":0},"south":{"uv":[10.75,5.75,11.375,6.25],"rotation":0,"texture":"#0","tintindex":0},"up":{"uv":[5.625,13.25,5.0,12.625],"rotation":0,"texture":"#0","tintindex":0},"west":{"uv":[11.5,2.5,12.125,3.0],"rotation":0,"texture":"#0","tintindex":0}}},{"name":"cube","from":[2.6,17.0,7.4],"to":[5.0,18.8,9.2],"rotation":{"angle":0.0,"axis":"x","origin":[8.0,8.0,8.0]},"faces":{"down":{"uv":[13.375,7.5,12.875,7.875],"rotation":0,"texture":"#0","tintindex":0},"east":{"uv":[13.0,0.75,13.375,1.125],"rotation":0,"texture":"#0","tintindex":0},"north":{"uv":[12.875,6.375,13.375,6.75],"rotation":0,"texture":"#0","tintindex":0},"south":{"uv":[12.875,6.75,13.375,7.125],"rotation":0,"texture":"#0","tintindex":0},"up":{"uv":[13.375,7.5,12.875,7.125],"rotation":0,"texture":"#0","tintindex":0},"west":{"uv":[13.0,1.125,13.375,1.5],"rotation":0,"texture":"#0","tintindex":0}}}],"display":{"head":{"translation":[0.0,-6.4,0.0],"rotation":[0.0,0.0,0.0],"scale":[3.8095,3.8095,3.8095]}}}