{"textures":{"0":"modelengine:entity/biggiecheese"},"elements":[{"name":"cube","from":[4.3999996,5.6,4.3999996],"to":[9.2,11.6,11.6],"rotation":{"angle":0.0,"axis":"y","origin":[8.0,8.0,8.0]},"faces":{"down":{"uv":[11.5,1.5,10.5,3.0],"rotation":0,"texture":"#0","tintindex":0},"east":{"uv":[8.875,9.625,10.375,10.875],"rotation":0,"texture":"#0","tintindex":0},"north":{"uv":[11.375,4.875,12.375,6.125],"rotation":0,"texture":"#0","tintindex":0},"south":{"uv":[5.875,11.375,6.875,12.625],"rotation":0,"texture":"#0","tintindex":0},"up":{"uv":[2.0,12.0,1.0,10.5],"rotation":0,"texture":"#0","tintindex":0},"west":{"uv":[3.0,10.125,4.5,11.375],"rotation":0,"texture":"#0","tintindex":0}}}],"display":{"head":{"translation":[0.0,-6.4,0.0],"rotation":[0.0,0.0,0.0],"scale":[3.8095,3.8095,3.8095]}}}