{"textures":{"0":"modelengine:entity/biggiecheese"},"elements":[{"name":"cube","from":[6.2,4.3999996,6.2],"to":[9.8,9.2,9.8],"rotation":{"angle":0.0,"axis":"x","origin":[14.6,1.3999997,5.0]},"faces":{"down":{"uv":[13.125,2.5,12.375,3.25],"rotation":0,"texture":"#0","tintindex":0},"east":{"uv":[1.5,12.125,2.25,13.125],"rotation":0,"texture":"#0","tintindex":0},"north":{"uv":[10.5,12.0,11.25,13.0],"rotation":0,"texture":"#0","tintindex":0},"south":{"uv":[2.25,12.125,3.0,13.125],"rotation":0,"texture":"#0","tintindex":0},"up":{"uv":[12.75,13.0,12.0,12.25],"rotation":0,"texture":"#0","tintindex":0},"west":{"uv":[3.0,12.125,3.75,13.125],"rotation":0,"texture":"#0","tintindex":0}}}],"display":{"head":{"translation":[0.0,-6.4,0.0],"rotation":[0.0,0.0,0.0],"scale":[3.8095,3.8095,3.8095]}}}