{"textures":{"0":"modelengine:entity/biggiecheese"},"elements":[{"name":"cube","from":[6.8,5.0,5.0],"to":[9.2,6.2,9.2],"rotation":{"angle":0.0,"axis":"x","origin":[3.1999998,5.0,5.0]},"faces":{"down":{"uv":[3.5,9.25,3.0,10.125],"rotation":0,"texture":"#0","tintindex":0},"east":{"uv":[12.75,12.25,13.625,12.5],"rotation":0,"texture":"#0","tintindex":0},"north":{"uv":[10.0,3.5,10.5,3.75],"rotation":0,"texture":"#0","tintindex":0},"south":{"uv":[6.5,13.0,7.0,13.25],"rotation":0,"texture":"#0","tintindex":0},"up":{"uv":[4.125,6.125,3.625,5.25],"rotation":0,"texture":"#0","tintindex":0},"west":{"uv":[12.75,12.5,13.625,12.75],"rotation":0,"texture":"#0","tintindex":0}}},{"name":"cube","from":[7.4,5.6,7.4],"to":[8.6,9.2,8.6],"rotation":{"angle":0.0,"axis":"x","origin":[3.1999998,5.0,5.0]},"faces":{"down":{"uv":[11.5,12.0,11.25,12.25],"rotation":0,"texture":"#0","tintindex":0},"east":{"uv":[8.375,11.25,8.625,12.0],"rotation":0,"texture":"#0","tintindex":0},"north":{"uv":[8.625,10.125,8.875,10.875],"rotation":0,"texture":"#0","tintindex":0},"south":{"uv":[6.875,11.375,7.125,12.125],"rotation":0,"texture":"#0","tintindex":0},"up":{"uv":[11.375,4.0,11.125,3.75],"rotation":0,"texture":"#0","tintindex":0},"west":{"uv":[8.375,12.875,8.625,13.625],"rotation":0,"texture":"#0","tintindex":0}}}],"display":{"head":{"translation":[0.0,-6.4,0.0],"rotation":[0.0,0.0,0.0],"scale":[3.8095,3.8095,3.8095]}}}