{"textures":{"0":"modelengine:entity/biggiecheese"},"elements":[{"name":"cube","from":[6.8,6.2,6.2],"to":[14.0,9.2,9.2],"rotation":{"angle":0.0,"axis":"x","origin":[9.2,7.4,7.4]},"faces":{"down":{"uv":[13.0,0.0,11.5,0.625],"rotation":0,"texture":"#0","tintindex":0},"east":{"uv":[7.75,12.375,8.375,13.0],"rotation":0,"texture":"#0","tintindex":0},"north":{"uv":[11.375,6.125,12.875,6.75],"rotation":0,"texture":"#0","tintindex":0},"south":{"uv":[11.375,6.75,12.875,7.375],"rotation":0,"texture":"#0","tintindex":0},"up":{"uv":[12.875,8.0,11.375,7.375],"rotation":0,"texture":"#0","tintindex":0},"west":{"uv":[12.5,9.625,13.125,10.25],"rotation":0,"texture":"#0","tintindex":0}}}],"display":{"head":{"translation":[0.0,-6.4,0.0],"rotation":[0.0,0.0,0.0],"scale":[3.8095,3.8095,3.8095]}}}