{"textures":{"0":"modelengine:entity/biggiecheese"},"elements":[{"name":"cube","from":[-1.0000005,-3.4000006,6.2],"to":[17.6,0.19999981,15.2],"rotation":{"angle":0.0,"axis":"x","origin":[9.2,-10.000001,8.0]},"faces":{"down":{"uv":[11.375,6.25,7.5,8.125],"rotation":0,"texture":"#0","tintindex":0},"east":{"uv":[10.5,3.0,12.375,3.75],"rotation":0,"texture":"#0","tintindex":0},"north":{"uv":[8.875,8.125,12.75,8.875],"rotation":0,"texture":"#0","tintindex":0},"south":{"uv":[8.875,8.875,12.75,9.625],"rotation":0,"texture":"#0","tintindex":0},"up":{"uv":[7.5,8.125,3.625,6.25],"rotation":0,"texture":"#0","tintindex":0},"west":{"uv":[2.0,11.375,3.875,12.125],"rotation":0,"texture":"#0","tintindex":0}}},{"name":"cube","from":[-1.6000004,-1.6000004,3.7999997],"to":[18.2,8.0,16.400002],"rotation":{"angle":0.0,"axis":"x","origin":[9.2,-10.000001,8.0]},"faces":{"down":{"uv":[4.125,2.625,0.0,5.25],"rotation":0,"texture":"#0","tintindex":0},"east":{"uv":[3.625,8.125,6.25,10.125],"rotation":0,"texture":"#0","tintindex":0},"north":{"uv":[4.125,0.0,8.25,2.0],"rotation":0,"texture":"#0","tintindex":0},"south":{"uv":[4.125,2.0,8.25,4.0],"rotation":0,"texture":"#0","tintindex":0},"up":{"uv":[4.125,2.625,0.0,0.0],"rotation":0,"texture":"#0","tintindex":0},"west":{"uv":[6.25,8.125,8.875,10.125],"rotation":0,"texture":"#0","tintindex":0}}}],"display":{"head":{"translation":[0.0,-6.4,0.0],"rotation":[0.0,0.0,0.0],"scale":[3.8095,3.8095,3.8095]}}}