{"textures":{"0":"modelengine:entity/biggiecheese"},"elements":[{"name":"cube","from":[6.8,5.0,5.0],"to":[9.2,6.2,9.2],"rotation":{"angle":0.0,"axis":"x","origin":[14.6,5.0,5.0]},"faces":{"down":{"uv":[9.625,12.125,9.125,13.0],"rotation":0,"texture":"#0","tintindex":0},"east":{"uv":[12.75,12.75,13.625,13.0],"rotation":0,"texture":"#0","tintindex":0},"north":{"uv":[7.0,13.0,7.5,13.25],"rotation":0,"texture":"#0","tintindex":0},"south":{"uv":[7.5,13.0,8.0,13.25],"rotation":0,"texture":"#0","tintindex":0},"up":{"uv":[10.25,11.75,9.75,10.875],"rotation":0,"texture":"#0","tintindex":0},"west":{"uv":[12.875,6.125,13.75,6.375],"rotation":0,"texture":"#0","tintindex":0}}},{"name":"cube","from":[7.4,5.6,7.4],"to":[8.6,9.2,8.6],"rotation":{"angle":0.0,"axis":"x","origin":[14.6,5.0,5.0]},"faces":{"down":{"uv":[9.625,13.0,9.375,13.25],"rotation":0,"texture":"#0","tintindex":0},"east":{"uv":[8.875,12.875,9.125,13.625],"rotation":0,"texture":"#0","tintindex":0},"north":{"uv":[8.625,12.875,8.875,13.625],"rotation":0,"texture":"#0","tintindex":0},"south":{"uv":[0.0,13.0,0.25,13.75],"rotation":0,"texture":"#0","tintindex":0},"up":{"uv":[7.125,12.375,6.875,12.125],"rotation":0,"texture":"#0","tintindex":0},"west":{"uv":[13.0,0.0,13.25,0.75],"rotation":0,"texture":"#0","tintindex":0}}}],"display":{"head":{"translation":[0.0,-6.4,0.0],"rotation":[0.0,0.0,0.0],"scale":[3.8095,3.8095,3.8095]}}}