{"textures":{"0":"modelengine:entity/biggiecheese"},"elements":[{"name":"cube","from":[2.6,6.2,6.2],"to":[9.8,9.2,9.2],"rotation":{"angle":0.0,"axis":"x","origin":[7.4,7.4,7.4]},"faces":{"down":{"uv":[13.0,10.75,11.5,11.375],"rotation":0,"texture":"#0","tintindex":0},"east":{"uv":[3.75,12.625,4.375,13.25],"rotation":0,"texture":"#0","tintindex":0},"north":{"uv":[11.5,0.625,13.0,1.25],"rotation":0,"texture":"#0","tintindex":0},"south":{"uv":[11.5,1.25,13.0,1.875],"rotation":0,"texture":"#0","tintindex":0},"up":{"uv":[13.0,2.5,11.5,1.875],"rotation":0,"texture":"#0","tintindex":0},"west":{"uv":[4.375,12.625,5.0,13.25],"rotation":0,"texture":"#0","tintindex":0}}}],"display":{"head":{"translation":[0.0,-6.4,0.0],"rotation":[0.0,0.0,0.0],"scale":[3.8095,3.8095,3.8095]}}}