{"textures":{"0":"modelengine:entity/biggiecheese"},"elements":[{"name":"cube","from":[6.2,4.3999996,6.2],"to":[9.8,9.2,9.8],"rotation":{"angle":0.0,"axis":"x","origin":[3.1999998,1.3999997,5.0]},"faces":{"down":{"uv":[12.0,12.25,11.25,13.0],"rotation":0,"texture":"#0","tintindex":0},"east":{"uv":[0.0,12.0,0.75,13.0],"rotation":0,"texture":"#0","tintindex":0},"north":{"uv":[11.75,9.625,12.5,10.625],"rotation":0,"texture":"#0","tintindex":0},"south":{"uv":[0.75,12.0,1.5,13.0],"rotation":0,"texture":"#0","tintindex":0},"up":{"uv":[9.125,12.875,8.375,12.125],"rotation":0,"texture":"#0","tintindex":0},"west":{"uv":[9.75,12.0,10.5,13.0],"rotation":0,"texture":"#0","tintindex":0}}}],"display":{"head":{"translation":[0.0,-6.4,0.0],"rotation":[0.0,0.0,0.0],"scale":[3.8095,3.8095,3.8095]}}}