{"textures":{"0":"modelengine:entity/biggiecheese"},"elements":[{"name":"cube","from":[-0.40000033,6.8,3.1999998],"to":[17.0,15.2,14.0],"rotation":{"angle":0.0,"axis":"x","origin":[9.2,-10.000001,6.2]},"faces":{"down":{"uv":[3.625,5.25,0.0,7.5],"rotation":0,"texture":"#0","tintindex":0},"east":{"uv":[8.25,0.0,10.5,1.75],"rotation":0,"texture":"#0","tintindex":0},"north":{"uv":[0.0,7.5,3.625,9.25],"rotation":0,"texture":"#0","tintindex":0},"south":{"uv":[7.75,4.0,11.375,5.75],"rotation":0,"texture":"#0","tintindex":0},"up":{"uv":[7.75,6.25,4.125,4.0],"rotation":0,"texture":"#0","tintindex":0},"west":{"uv":[8.25,1.75,10.5,3.5],"rotation":0,"texture":"#0","tintindex":0}}}],"display":{"head":{"translation":[0.0,-6.4,0.0],"rotation":[0.0,0.0,0.0],"scale":[3.8095,3.8095,3.8095]}}}