{"textures":{"0":"modelengine:entity/airgolem"},"elements":[{"from":[5.75,6.0,8.0],"to":[9.75,10.0,14.0],"faces":{"east":{"uv":[3.5,1.5,5.0,2.5],"tintindex":0,"rotation":0,"texture":"#0"},"south":{"uv":[5.25,5.25,6.25,6.25],"tintindex":0,"rotation":0,"texture":"#0"},"north":{"uv":[4.25,5.25,5.25,6.25],"tintindex":0,"rotation":0,"texture":"#0"},"west":{"uv":[0.0,3.75,1.5,4.75],"tintindex":0,"rotation":0,"texture":"#0"},"up":{"uv":[2.5,5.25,1.5,3.75],"tintindex":0,"rotation":0,"texture":"#0"},"down":{"uv":[5.0,0.0,4.0,1.5],"tintindex":0,"rotation":0,"texture":"#0"}}}],"display":{"gui":{"rotation":[30,225,0]}}}