{"textures":{"0":"modelengine:entity/airgolem"},"elements":[{"from":[4.5,2.0,6.5],"to":[9.5,3.0,9.5],"faces":{"east":{"uv":[1.25,9.75,2.0,10.0],"tintindex":0,"rotation":0,"texture":"#0"},"south":{"uv":[9.5,4.25,10.75,4.5],"tintindex":0,"rotation":0,"texture":"#0"},"north":{"uv":[3.75,9.5,5.0,9.75],"tintindex":0,"rotation":0,"texture":"#0"},"west":{"uv":[9.75,2.5,10.5,2.75],"tintindex":0,"rotation":0,"texture":"#0"},"up":{"uv":[8.0,0.75,6.75,0.0],"tintindex":0,"rotation":0,"texture":"#0"},"down":{"uv":[2.5,6.75,1.25,7.5],"tintindex":0,"rotation":0,"texture":"#0"}}},{"from":[6.5,3.0,6.5],"to":[9.5,6.0,9.5],"faces":{"east":{"uv":[1.5,8.25,2.25,9.0],"tintindex":0,"rotation":0,"texture":"#0"},"south":{"uv":[8.25,2.0,9.0,2.75],"tintindex":0,"rotation":0,"texture":"#0"},"north":{"uv":[0.75,8.25,1.5,9.0],"tintindex":0,"rotation":0,"texture":"#0"},"west":{"uv":[2.25,8.25,3.0,9.0],"tintindex":0,"rotation":0,"texture":"#0"},"up":{"uv":[9.0,3.5,8.25,2.75],"tintindex":0,"rotation":0,"texture":"#0"},"down":{"uv":[3.75,8.25,3.0,9.0],"tintindex":0,"rotation":0,"texture":"#0"}}},{"from":[6.5,6.0,6.5],"to":[9.5,8.0,9.5],"faces":{"east":{"uv":[9.0,8.25,9.75,8.75],"tintindex":0,"rotation":0,"texture":"#0"},"south":{"uv":[9.0,8.75,9.75,9.25],"tintindex":0,"rotation":0,"texture":"#0"},"north":{"uv":[9.0,7.75,9.75,8.25],"tintindex":0,"rotation":0,"texture":"#0"},"west":{"uv":[9.25,3.5,10.0,4.0],"tintindex":0,"rotation":0,"texture":"#0"},"up":{"uv":[4.5,9.0,3.75,8.25],"tintindex":0,"rotation":0,"texture":"#0"},"down":{"uv":[5.25,8.25,4.5,9.0],"tintindex":0,"rotation":0,"texture":"#0"}}}],"display":{"gui":{"rotation":[30,225,0]}}}