{"textures":{"0":"modelengine:entity/airgolem"},"elements":[{"from":[6.5,3.0,6.0],"to":[10.5,5.5,10.0],"faces":{"east":{"uv":[7.25,2.75,8.25,3.5],"tintindex":0,"rotation":0,"texture":"#0"},"south":{"uv":[5.5,7.25,6.5,8.0],"tintindex":0,"rotation":0,"texture":"#0"},"north":{"uv":[7.25,2.0,8.25,2.75],"tintindex":0,"rotation":0,"texture":"#0"},"west":{"uv":[6.5,7.25,7.5,8.0],"tintindex":0,"rotation":0,"texture":"#0"},"up":{"uv":[6.75,4.5,5.75,3.5],"tintindex":0,"rotation":0,"texture":"#0"},"down":{"uv":[7.0,1.0,6.0,2.0],"tintindex":0,"rotation":0,"texture":"#0"}}},{"from":[7.0,5.5,5.0],"to":[10.0,12.0,11.0],"faces":{"east":{"uv":[0.0,0.0,1.5,1.75],"tintindex":0,"rotation":0,"texture":"#0"},"south":{"uv":[2.5,4.25,3.25,6.0],"tintindex":0,"rotation":0,"texture":"#0"},"north":{"uv":[4.0,2.5,4.75,4.25],"tintindex":0,"rotation":0,"texture":"#0"},"west":{"uv":[1.5,0.0,3.0,1.75],"tintindex":0,"rotation":0,"texture":"#0"},"up":{"uv":[5.75,1.5,5.0,0.0],"tintindex":0,"rotation":0,"texture":"#0"},"down":{"uv":[2.0,5.25,1.25,6.75],"tintindex":0,"rotation":0,"texture":"#0"}}}],"display":{"gui":{"rotation":[30,225,0]}}}