{"textures":{"0":"modelengine:entity/airgolem"},"elements":[{"from":[4.5,2.0,6.5],"to":[9.5,3.0,9.5],"faces":{"east":{"uv":[9.75,0.75,10.5,1.0],"tintindex":0,"rotation":0,"texture":"#0"},"south":{"uv":[9.5,1.75,10.75,2.0],"tintindex":0,"rotation":0,"texture":"#0"},"north":{"uv":[9.5,1.5,10.75,1.75],"tintindex":0,"rotation":0,"texture":"#0"},"west":{"uv":[9.75,1.0,10.5,1.25],"tintindex":0,"rotation":0,"texture":"#0"},"up":{"uv":[6.75,7.25,5.5,6.5],"tintindex":0,"rotation":0,"texture":"#0"},"down":{"uv":[1.25,6.75,0.0,7.5],"tintindex":0,"rotation":0,"texture":"#0"}}},{"from":[6.5,3.0,6.5],"to":[9.5,6.0,9.5],"faces":{"east":{"uv":[3.0,7.5,3.75,8.25],"tintindex":0,"rotation":0,"texture":"#0"},"south":{"uv":[3.75,7.5,4.5,8.25],"tintindex":0,"rotation":0,"texture":"#0"},"north":{"uv":[1.5,7.5,2.25,8.25],"tintindex":0,"rotation":0,"texture":"#0"},"west":{"uv":[4.5,7.5,5.25,8.25],"tintindex":0,"rotation":0,"texture":"#0"},"up":{"uv":[8.25,5.5,7.5,4.75],"tintindex":0,"rotation":0,"texture":"#0"},"down":{"uv":[8.25,5.5,7.5,6.25],"tintindex":0,"rotation":0,"texture":"#0"}}},{"from":[6.5,6.0,6.5],"to":[9.5,8.0,9.5],"faces":{"east":{"uv":[9.0,3.0,9.75,3.5],"tintindex":0,"rotation":0,"texture":"#0"},"south":{"uv":[3.5,9.0,4.25,9.5],"tintindex":0,"rotation":0,"texture":"#0"},"north":{"uv":[9.0,2.5,9.75,3.0],"tintindex":0,"rotation":0,"texture":"#0"},"west":{"uv":[4.25,9.0,5.0,9.5],"tintindex":0,"rotation":0,"texture":"#0"},"up":{"uv":[8.25,8.0,7.5,7.25],"tintindex":0,"rotation":0,"texture":"#0"},"down":{"uv":[8.5,3.5,7.75,4.25],"tintindex":0,"rotation":0,"texture":"#0"}}}],"display":{"gui":{"rotation":[30,225,0]}}}