{"textures":{"0":"modelengine:entity/airgolem"},"elements":[{"from":[7.0,7.0,8.0],"to":[9.0,9.0,12.0],"faces":{"east":{"uv":[8.75,0.75,9.75,1.25],"tintindex":0,"rotation":0,"texture":"#0"},"south":{"uv":[9.5,5.5,10.0,6.0],"tintindex":0,"rotation":0,"texture":"#0"},"north":{"uv":[9.5,5.0,10.0,5.5],"tintindex":0,"rotation":0,"texture":"#0"},"west":{"uv":[6.25,8.75,7.25,9.25],"tintindex":0,"rotation":0,"texture":"#0"},"up":{"uv":[7.75,9.75,7.25,8.75],"tintindex":0,"rotation":0,"texture":"#0"},"down":{"uv":[8.25,8.75,7.75,9.75],"tintindex":0,"rotation":0,"texture":"#0"}}}],"display":{"gui":{"rotation":[30,225,0]}}}