{"textures":{"0":"modelengine:entity/airgolem"},"elements":[{"from":[6.5,4.0,8.0],"to":[9.5,7.0,11.0],"faces":{"east":{"uv":[8.25,5.5,9.0,6.25],"tintindex":0,"rotation":0,"texture":"#0"},"south":{"uv":[8.25,7.0,9.0,7.75],"tintindex":0,"rotation":0,"texture":"#0"},"north":{"uv":[8.25,4.75,9.0,5.5],"tintindex":0,"rotation":0,"texture":"#0"},"west":{"uv":[8.25,7.75,9.0,8.5],"tintindex":0,"rotation":0,"texture":"#0"},"up":{"uv":[9.25,4.25,8.5,3.5],"tintindex":0,"rotation":0,"texture":"#0"},"down":{"uv":[9.25,6.25,8.5,7.0],"tintindex":0,"rotation":0,"texture":"#0"}}},{"from":[7.0,6.0,7.0],"to":[9.0,9.0,10.0],"faces":{"east":{"uv":[8.25,8.5,9.0,9.25],"tintindex":0,"rotation":0,"texture":"#0"},"south":{"uv":[9.25,6.25,9.75,7.0],"tintindex":0,"rotation":0,"texture":"#0"},"north":{"uv":[6.25,9.25,6.75,10.0],"tintindex":0,"rotation":0,"texture":"#0"},"west":{"uv":[8.75,0.0,9.5,0.75],"tintindex":0,"rotation":0,"texture":"#0"},"up":{"uv":[7.25,10.0,6.75,9.25],"tintindex":0,"rotation":0,"texture":"#0"},"down":{"uv":[8.75,9.25,8.25,10.0],"tintindex":0,"rotation":0,"texture":"#0"}}}],"display":{"gui":{"rotation":[30,225,0]}}}