{"textures":{"0":"modelengine:entity/airgolem"},"elements":[{"from":[10.5,9.0,4.5],"to":[11.5,13.0,11.5],"faces":{"east":{"uv":[0.0,1.75,1.75,2.75],"tintindex":0,"rotation":0,"texture":"#0"},"south":{"uv":[9.25,9.5,9.5,10.5],"tintindex":0,"rotation":0,"texture":"#0"},"north":{"uv":[1.0,5.75,1.25,6.75],"tintindex":0,"rotation":0,"texture":"#0"},"west":{"uv":[1.75,1.75,3.5,2.75],"tintindex":0,"rotation":0,"texture":"#0"},"up":{"uv":[3.25,10.75,3.0,9.0],"tintindex":0,"rotation":0,"texture":"#0"},"down":{"uv":[3.5,9.0,3.25,10.75],"tintindex":0,"rotation":0,"texture":"#0"}}},{"from":[6.0,9.0,3.75],"to":[10.75,13.0,4.75],"faces":{"east":{"uv":[0.25,9.75,0.5,10.75],"tintindex":0,"rotation":0,"texture":"#0"},"south":{"uv":[4.75,2.5,6.0,3.5],"tintindex":0,"rotation":0,"texture":"#0"},"north":{"uv":[0.0,4.75,1.25,5.75],"tintindex":0,"rotation":0,"texture":"#0"},"west":{"uv":[0.5,9.75,0.75,10.75],"tintindex":0,"rotation":0,"texture":"#0"},"up":{"uv":[10.75,0.75,9.5,0.5],"tintindex":0,"rotation":0,"texture":"#0"},"down":{"uv":[2.5,9.5,1.25,9.75],"tintindex":0,"rotation":0,"texture":"#0"}}},{"from":[6.0,12.5,9.0],"to":[11.0,13.5,12.0],"faces":{"east":{"uv":[9.5,6.0,10.25,6.25],"tintindex":0,"rotation":0,"texture":"#0"},"south":{"uv":[0.0,9.5,1.25,9.75],"tintindex":0,"rotation":0,"texture":"#0"},"north":{"uv":[8.75,9.25,10.0,9.5],"tintindex":0,"rotation":0,"texture":"#0"},"west":{"uv":[9.5,7.5,10.25,7.75],"tintindex":0,"rotation":0,"texture":"#0"},"up":{"uv":[7.25,2.75,6.0,2.0],"tintindex":0,"rotation":0,"texture":"#0"},"down":{"uv":[7.25,2.75,6.0,3.5],"tintindex":0,"rotation":0,"texture":"#0"}}},{"from":[6.0,9.0,11.25],"to":[10.75,13.0,12.25],"faces":{"east":{"uv":[9.5,9.5,9.75,10.5],"tintindex":0,"rotation":0,"texture":"#0"},"south":{"uv":[4.5,4.25,5.75,5.25],"tintindex":0,"rotation":0,"texture":"#0"},"north":{"uv":[3.25,4.25,4.5,5.25],"tintindex":0,"rotation":0,"texture":"#0"},"west":{"uv":[0.0,9.75,0.25,10.75],"tintindex":0,"rotation":0,"texture":"#0"},"up":{"uv":[10.75,0.25,9.5,0.0],"tintindex":0,"rotation":0,"texture":"#0"},"down":{"uv":[10.75,0.25,9.5,0.5],"tintindex":0,"rotation":0,"texture":"#0"}}},{"from":[5.5,8.0,9.25],"to":[6.25,13.0,12.0],"faces":{"east":{"uv":[3.25,6.25,4.0,7.5],"tintindex":0,"rotation":0,"texture":"#0"},"south":{"uv":[2.5,9.5,2.75,10.75],"tintindex":0,"rotation":0,"texture":"#0"},"north":{"uv":[5.0,9.0,5.25,10.25],"tintindex":0,"rotation":0,"texture":"#0"},"west":{"uv":[4.0,6.25,4.75,7.5],"tintindex":0,"rotation":0,"texture":"#0"},"up":{"uv":[3.25,7.5,3.0,6.75],"tintindex":0,"rotation":0,"texture":"#0"},"down":{"uv":[2.5,7.5,2.25,8.25],"tintindex":0,"rotation":0,"texture":"#0"}}},{"from":[5.5,8.0,4.0],"to":[6.25,13.0,6.75],"faces":{"east":{"uv":[4.75,6.25,5.5,7.5],"tintindex":0,"rotation":0,"texture":"#0"},"south":{"uv":[3.5,9.5,3.75,10.75],"tintindex":0,"rotation":0,"texture":"#0"},"north":{"uv":[2.75,9.5,3.0,10.75],"tintindex":0,"rotation":0,"texture":"#0"},"west":{"uv":[6.25,5.25,7.0,6.5],"tintindex":0,"rotation":0,"texture":"#0"},"up":{"uv":[1.0,10.5,0.75,9.75],"tintindex":0,"rotation":0,"texture":"#0"},"down":{"uv":[1.25,9.75,1.0,10.5],"tintindex":0,"rotation":0,"texture":"#0"}}},{"from":[10.0,13.0,5.0],"to":[12.0,15.0,11.0],"faces":{"east":{"uv":[7.0,1.5,8.5,2.0],"tintindex":0,"rotation":0,"texture":"#0"},"south":{"uv":[8.75,9.5,9.25,10.0],"tintindex":0,"rotation":0,"texture":"#0"},"north":{"uv":[9.5,7.0,10.0,7.5],"tintindex":0,"rotation":0,"texture":"#0"},"west":{"uv":[7.0,4.25,8.5,4.75],"tintindex":0,"rotation":0,"texture":"#0"},"up":{"uv":[3.0,8.25,2.5,6.75],"tintindex":0,"rotation":0,"texture":"#0"},"down":{"uv":[7.5,4.75,7.0,6.25],"tintindex":0,"rotation":0,"texture":"#0"}}},{"from":[6.0,12.5,4.0],"to":[11.0,13.5,7.0],"faces":{"east":{"uv":[5.5,6.25,6.25,6.5],"tintindex":0,"rotation":0,"texture":"#0"},"south":{"uv":[9.25,4.0,10.5,4.25],"tintindex":0,"rotation":0,"texture":"#0"},"north":{"uv":[8.75,1.25,10.0,1.5],"tintindex":0,"rotation":0,"texture":"#0"},"west":{"uv":[7.0,6.25,7.75,6.5],"tintindex":0,"rotation":0,"texture":"#0"},"up":{"uv":[7.0,5.25,5.75,4.5],"tintindex":0,"rotation":0,"texture":"#0"},"down":{"uv":[3.25,6.0,2.0,6.75],"tintindex":0,"rotation":0,"texture":"#0"}}}],"display":{"gui":{"rotation":[30,225,0]}}}