{"textures":{"0":"modelengine:entity/airgolem"},"elements":[{"from":[7.0,7.0,4.0],"to":[9.0,9.0,8.0],"faces":{"east":{"uv":[8.5,1.5,9.5,2.0],"tintindex":0,"rotation":0,"texture":"#0"},"south":{"uv":[9.5,4.5,10.0,5.0],"tintindex":0,"rotation":0,"texture":"#0"},"north":{"uv":[2.5,3.75,3.0,4.25],"tintindex":0,"rotation":0,"texture":"#0"},"west":{"uv":[8.5,4.25,9.5,4.75],"tintindex":0,"rotation":0,"texture":"#0"},"up":{"uv":[5.75,9.75,5.25,8.75],"tintindex":0,"rotation":0,"texture":"#0"},"down":{"uv":[6.25,8.75,5.75,9.75],"tintindex":0,"rotation":0,"texture":"#0"}}}],"display":{"gui":{"rotation":[30,225,0]}}}