{"textures":{"0":"modelengine:entity/airgolem"},"elements":[{"from":[7.0,6.0,6.0],"to":[9.0,9.0,9.0],"faces":{"east":{"uv":[7.5,8.0,8.25,8.75],"tintindex":0,"rotation":0,"texture":"#0"},"south":{"uv":[9.0,4.75,9.5,5.5],"tintindex":0,"rotation":0,"texture":"#0"},"north":{"uv":[2.0,5.25,2.5,6.0],"tintindex":0,"rotation":0,"texture":"#0"},"west":{"uv":[0.0,8.25,0.75,9.0],"tintindex":0,"rotation":0,"texture":"#0"},"up":{"uv":[9.5,6.25,9.0,5.5],"tintindex":0,"rotation":0,"texture":"#0"},"down":{"uv":[9.5,7.0,9.0,7.75],"tintindex":0,"rotation":0,"texture":"#0"}}},{"from":[6.5,4.0,5.0],"to":[9.5,7.0,8.0],"faces":{"east":{"uv":[8.0,0.0,8.75,0.75],"tintindex":0,"rotation":0,"texture":"#0"},"south":{"uv":[8.0,0.75,8.75,1.5],"tintindex":0,"rotation":0,"texture":"#0"},"north":{"uv":[7.75,6.25,8.5,7.0],"tintindex":0,"rotation":0,"texture":"#0"},"west":{"uv":[5.25,8.0,6.0,8.75],"tintindex":0,"rotation":0,"texture":"#0"},"up":{"uv":[6.75,8.75,6.0,8.0],"tintindex":0,"rotation":0,"texture":"#0"},"down":{"uv":[7.5,8.0,6.75,8.75],"tintindex":0,"rotation":0,"texture":"#0"}}}],"display":{"gui":{"rotation":[30,225,0]}}}