{"textures":{"0":"modelengine:entity/bfb"},"elements":[{"name":"cube","from":[-22.857143,-14.285717,-48.571426],"to":[28.571428,28.693876,12.285714],"rotation":{"angle":0.0,"axis":"x","origin":[8.0,8.285713,-46.0]},"faces":{"down":{"uv":[7.0,4.0,4.0,8.0],"rotation":0,"texture":"#0","tintindex":0},"east":{"uv":[0.0,0.0,4.0,3.0],"rotation":0,"texture":"#0","tintindex":0},"north":{"uv":[0.0,6.0,3.0,9.0],"rotation":0,"texture":"#0","tintindex":0},"south":{"uv":[7.0,0.0,10.0,3.0],"rotation":0,"texture":"#0","tintindex":0},"up":{"uv":[7.0,4.0,4.0,0.0],"rotation":0,"texture":"#0","tintindex":0},"west":{"uv":[0.0,3.0,4.0,6.0],"rotation":0,"texture":"#0","tintindex":0}}},{"name":"cube","from":[-19.428574,-10.857145,-55.428574],"to":[25.142857,25.265306,-42.571426],"rotation":{"angle":0.0,"axis":"x","origin":[8.0,8.285713,-118.0]},"faces":{"down":{"uv":[13.3125,3.0,10.8125,3.5],"rotation":0,"texture":"#0","tintindex":0},"east":{"uv":[10.0,10.625,10.5,13.125],"rotation":0,"texture":"#0","tintindex":0},"north":{"uv":[3.0,8.0,5.5,10.5],"rotation":0,"texture":"#0","tintindex":0},"south":{"uv":[5.5,8.625,8.0,11.125],"rotation":0,"texture":"#0","tintindex":0},"up":{"uv":[12.3125,8.3125,9.8125,7.8125],"rotation":0,"texture":"#0","tintindex":0},"west":{"uv":[10.5,10.625,11.0,13.125],"rotation":0,"texture":"#0","tintindex":0}}},{"name":"cube","from":[-21.57143,-13.000003,6.285714],"to":[27.285715,27.408163,26.0],"rotation":{"angle":0.0,"axis":"x","origin":[8.0,8.285713,34.0]},"faces":{"down":{"uv":[12.625,6.8125,9.8125,7.8125],"rotation":0,"texture":"#0","tintindex":0},"east":{"uv":[2.0,9.0,3.0,11.8125],"rotation":0,"texture":"#0","tintindex":0},"north":{"uv":[7.0,3.0,9.8125,5.8125],"rotation":0,"texture":"#0","tintindex":0},"south":{"uv":[7.0,5.8125,9.8125,8.625],"rotation":0,"texture":"#0","tintindex":0},"up":{"uv":[12.625,6.8125,9.8125,5.8125],"rotation":0,"texture":"#0","tintindex":0},"west":{"uv":[9.8125,3.0,10.8125,5.8125],"rotation":0,"texture":"#0","tintindex":0}}},{"name":"cube","from":[-28.000002,4.1428547,18.285715],"to":[33.714287,10.2653055,38.0],"rotation":{"angle":0.0,"axis":"x","origin":[8.0,8.285713,62.0]},"faces":{"down":{"uv":[11.75,9.625,8.0,10.625],"rotation":0,"texture":"#0","tintindex":0},"east":{"uv":[3.0,7.5,4.0,7.8125],"rotation":0,"texture":"#0","tintindex":0},"north":{"uv":[9.8125,8.3125,13.5625,8.625],"rotation":0,"texture":"#0","tintindex":0},"south":{"uv":[10.8125,3.5,14.5625,3.8125],"rotation":0,"texture":"#0","tintindex":0},"up":{"uv":[11.75,9.625,8.0,8.625],"rotation":0,"texture":"#0","tintindex":0},"west":{"uv":[5.5,8.0,6.5,8.3125],"rotation":0,"texture":"#0","tintindex":0}}},{"name":"cube","from":[-4.4285727,-19.428574,18.285715],"to":[10.142857,33.836735,38.0],"rotation":{"angle":0.0,"axis":"x","origin":[8.0,8.285713,62.0]},"faces":{"down":{"uv":[11.8125,0.0,11.5,1.0],"rotation":0,"texture":"#0","tintindex":0},"east":{"uv":[0.0,9.0,1.0,12.75],"rotation":0,"texture":"#0","tintindex":0},"north":{"uv":[11.0,10.625,11.3125,14.375],"rotation":0,"texture":"#0","tintindex":0},"south":{"uv":[5.5,11.125,5.8125,14.875],"rotation":0,"texture":"#0","tintindex":0},"up":{"uv":[11.625,11.625,11.3125,10.625],"rotation":0,"texture":"#0","tintindex":0},"west":{"uv":[1.0,9.0,2.0,12.75],"rotation":0,"texture":"#0","tintindex":0}}},{"name":"cube","from":[-36.57143,-1.0000029,1.5714283],"to":[-12.571428,14.55102,28.142857],"rotation":{"angle":0.0,"axis":"x","origin":[-56.0,7.285713,31.0]},"faces":{"down":{"uv":[4.0,10.5,3.0,12.0],"rotation":0,"texture":"#0","tintindex":0},"east":{"uv":[10.0,0.0,11.5,1.0],"rotation":0,"texture":"#0","tintindex":0},"north":{"uv":[10.8125,3.8125,11.8125,4.8125],"rotation":0,"texture":"#0","tintindex":0},"south":{"uv":[10.8125,4.8125,11.8125,5.8125],"rotation":0,"texture":"#0","tintindex":0},"up":{"uv":[4.0,7.5,3.0,6.0],"rotation":0,"texture":"#0","tintindex":0},"west":{"uv":[10.0,1.0,11.5,2.0],"rotation":0,"texture":"#0","tintindex":0}}},{"name":"cube","from":[18.285713,-1.0000029,1.5714283],"to":[31.999998,12.714283,22.142857],"rotation":{"angle":0.0,"axis":"x","origin":[25.142859,5.85714,11.857143]},"faces":{"down":{"uv":[10.0,10.625,9.0,12.125],"rotation":0,"texture":"#0","tintindex":0},"east":{"uv":[10.0,2.0,11.5,3.0],"rotation":0,"texture":"#0","tintindex":0},"north":{"uv":[5.8125,11.125,6.8125,12.125],"rotation":0,"texture":"#0","tintindex":0},"south":{"uv":[6.8125,11.125,7.8125,12.125],"rotation":0,"texture":"#0","tintindex":0},"up":{"uv":[9.0,12.125,8.0,10.625],"rotation":0,"texture":"#0","tintindex":0},"west":{"uv":[4.0,10.5,5.5,11.5],"rotation":0,"texture":"#0","tintindex":0}}}],"display":{"head":{"translation":[38.4,0.45714998,22.4],"rotation":[0.0,0.0,0.0],"scale":[3.7333333,3.7333333,3.7333333]}}}