{"textures":{"0":"modelengine:entity/bfb"},"elements":[{"name":"cube","from":[6.2,-1.6000004,-11.500001],"to":[9.8,17.6,-9.700001],"rotation":{"angle":0.0,"axis":"x","origin":[8.0,8.0,8.0]},"faces":{"down":{"uv":[3.75,7.8125,3.5625,7.90625],"rotation":0,"texture":"#0","tintindex":0},"east":{"uv":[4.375,11.5,4.46875,12.5],"rotation":0,"texture":"#0","tintindex":0},"north":{"uv":[11.5,2.0,11.6875,3.0],"rotation":0,"texture":"#0","tintindex":0},"south":{"uv":[4.0,11.5,4.1875,12.5],"rotation":0,"texture":"#0","tintindex":0},"up":{"uv":[3.5625,7.90625,3.375,7.8125],"rotation":0,"texture":"#0","tintindex":0},"west":{"uv":[4.46875,11.5,4.5625,12.5],"rotation":0,"texture":"#0","tintindex":0}}}],"display":{"head":{"translation":[0.0,-6.4,0.0],"rotation":[0.0,0.0,0.0],"scale":[3.8095,3.8095,3.8095]}}}