{
	"credit": "Made with Blockbench",
	"texture_size": [64, 64],
	"textures": {
		"0": "item/AatroxSword",
		"particle": "item/AatroxSword"
	},
	"elements": [
		{
			"from": [7.5, -5, 7.25],
			"to": [8.5, 4, 8.75],
			"rotation": {"angle": 0, "axis": "y", "origin": [0, -6, 0]},
			"faces": {
				"north": {"uv": [4.5, 1.75, 4.75, 4], "texture": "#0"},
				"east": {"uv": [0, 4, 0.375, 6.25], "texture": "#0"},
				"south": {"uv": [4.5, 4, 4.75, 6.25], "texture": "#0"},
				"west": {"uv": [4, 0, 4.375, 2.25], "texture": "#0"},
				"up": {"uv": [6, 8.625, 5.75, 8.25], "texture": "#0"},
				"down": {"uv": [1.75, 8.5, 1.5, 8.875], "texture": "#0"}
			}
		},
		{
			"from": [7.25, 4, 5.75],
			"to": [8.75, 5, 10.25],
			"rotation": {"angle": 0, "axis": "y", "origin": [0, -6, 0]},
			"faces": {
				"north": {"uv": [5, 1.5, 5.375, 1.75], "texture": "#0"},
				"east": {"uv": [2.5, 6.75, 3.625, 7], "texture": "#0"},
				"south": {"uv": [8.5, 1, 8.875, 1.25], "texture": "#0"},
				"west": {"uv": [6.75, 3.25, 7.875, 3.5], "texture": "#0"},
				"up": {"uv": [6.125, 3.625, 5.75, 2.5], "texture": "#0"},
				"down": {"uv": [2.375, 6, 2, 7.125], "texture": "#0"}
			}
		},
		{
			"from": [7.25, 3.46404, 3.05552],
			"to": [8.75, 4.46404, 6.05552],
			"rotation": {"angle": -22.5, "axis": "x", "origin": [8, 3.96404, 4.55552]},
			"faces": {
				"north": {"uv": [8.5, 1.5, 8.875, 1.75], "texture": "#0"},
				"east": {"uv": [7.25, 3, 8, 3.25], "texture": "#0"},
				"south": {"uv": [8.5, 2.75, 8.875, 3], "texture": "#0"},
				"west": {"uv": [7.5, 0.5, 8.25, 0.75], "texture": "#0"},
				"up": {"uv": [7.125, 4.25, 6.75, 3.5], "texture": "#0"},
				"down": {"uv": [7.125, 4.25, 6.75, 5], "texture": "#0"}
			}
		},
		{
			"from": [7.25, 3.53665, 3.31347],
			"to": [8.75, 5.53665, 4.56347],
			"rotation": {"angle": 22.5, "axis": "x", "origin": [8, 4.53665, 3.93847]},
			"faces": {
				"north": {"uv": [6, 7.5, 6.375, 8], "texture": "#0"},
				"east": {"uv": [8, 0.75, 8.3125, 1.25], "texture": "#0"},
				"south": {"uv": [6.5, 7.5, 6.875, 8], "texture": "#0"},
				"west": {"uv": [1.25, 8, 1.5625, 8.5], "texture": "#0"},
				"up": {"uv": [5.625, 8.5625, 5.25, 8.25], "texture": "#0"},
				"down": {"uv": [7.375, 8.25, 7, 8.5625], "texture": "#0"}
			}
		},
		{
			"from": [7.25, 2.99156, 2.74896],
			"to": [8.75, 3.69867, 3.45607],
			"rotation": {"angle": 22.5, "axis": "x", "origin": [8, 3.19867, 3.24896]},
			"faces": {
				"north": {"uv": [4, 9, 4.375, 9.1875], "texture": "#0"},
				"east": {"uv": [9.5, 3.5, 9.6875, 3.6875], "texture": "#0"},
				"south": {"uv": [9, 4, 9.375, 4.1875], "texture": "#0"},
				"west": {"uv": [3.75, 9.5, 3.9375, 9.6875], "texture": "#0"},
				"up": {"uv": [4.875, 9.1875, 4.5, 9], "texture": "#0"},
				"down": {"uv": [9.375, 4.5, 9, 4.6875], "texture": "#0"}
			}
		},
		{
			"from": [7.5, 5, 6],
			"to": [8.5, 20.75, 10],
			"rotation": {"angle": 0, "axis": "y", "origin": [0, -6, 0]},
			"faces": {
				"north": {"uv": [2, 2, 2.25, 5.9375], "texture": "#0"},
				"east": {"uv": [0, 0, 1, 3.9375], "texture": "#0"},
				"south": {"uv": [2.25, 2, 2.5, 5.9375], "texture": "#0"},
				"west": {"uv": [1, 0, 2, 3.9375], "texture": "#0"},
				"up": {"uv": [7.5, 5.25, 7.25, 4.25], "texture": "#0"},
				"down": {"uv": [7.5, 5.25, 7.25, 6.25], "texture": "#0"}
			}
		},
		{
			"from": [7.5, 20.71142, 4.94396],
			"to": [8.5, 24.46142, 10.94396],
			"rotation": {"angle": 0, "axis": "y", "origin": [0, -5.28858, -1.30604]},
			"faces": {
				"north": {"uv": [5.75, 7.25, 6, 8.1875], "texture": "#0"},
				"east": {"uv": [2, 0, 3.5, 0.9375], "texture": "#0"},
				"south": {"uv": [4, 7.5, 4.25, 8.4375], "texture": "#0"},
				"west": {"uv": [2, 1, 3.5, 1.9375], "texture": "#0"},
				"up": {"uv": [6.25, 5.25, 6, 3.75], "texture": "#0"},
				"down": {"uv": [6.25, 5.25, 6, 6.75], "texture": "#0"}
			}
		},
		{
			"from": [7.25, 23.25, 7.5],
			"to": [8.75, 25.75, 8.5],
			"rotation": {"angle": 0, "axis": "y", "origin": [0, -6, 0]},
			"faces": {
				"north": {"uv": [4.25, 7.5, 4.625, 8.125], "texture": "#0"},
				"east": {"uv": [1.75, 8, 2, 8.625], "texture": "#0"},
				"south": {"uv": [7.5, 4.25, 7.875, 4.875], "texture": "#0"},
				"west": {"uv": [2, 8, 2.25, 8.625], "texture": "#0"},
				"up": {"uv": [8.875, 4.25, 8.5, 4], "texture": "#0"},
				"down": {"uv": [8.875, 5, 8.5, 5.25], "texture": "#0"}
			}
		},
		{
			"from": [7, 23.5, 7.75],
			"to": [9, 25.5, 8.25],
			"rotation": {"angle": 0, "axis": "y", "origin": [0, -6, 0]},
			"faces": {
				"north": {"uv": [7, 7.25, 7.5, 7.75], "texture": "#0"},
				"east": {"uv": [2.25, 8.5, 2.375, 9], "texture": "#0"},
				"south": {"uv": [7.5, 0, 8, 0.5], "texture": "#0"},
				"west": {"uv": [9, 9.25, 9.125, 9.75], "texture": "#0"},
				"up": {"uv": [9.75, 9.375, 9.25, 9.25], "texture": "#0"},
				"down": {"uv": [0.5, 9.5, 0, 9.625], "texture": "#0"}
			}
		},
		{
			"from": [7.25, 23.75, 8.5],
			"to": [8.75, 25.25, 8.75],
			"rotation": {"angle": 0, "axis": "y", "origin": [0, -6, 0]},
			"faces": {
				"north": {"uv": [8, 5.5, 8.375, 5.875], "texture": "#0"},
				"east": {"uv": [7.75, 9.5, 7.8125, 9.875], "texture": "#0"},
				"south": {"uv": [6, 8, 6.375, 8.375], "texture": "#0"},
				"west": {"uv": [9.5, 7.75, 9.5625, 8.125], "texture": "#0"},
				"up": {"uv": [8.375, 9.5625, 8, 9.5], "texture": "#0"},
				"down": {"uv": [9.875, 8.25, 9.5, 8.3125], "texture": "#0"}
			}
		},
		{
			"from": [7.25, 23.75, 7.25],
			"to": [8.75, 25.25, 7.5],
			"rotation": {"angle": 0, "axis": "y", "origin": [0, -6, 0]},
			"faces": {
				"north": {"uv": [8, 6, 8.375, 6.375], "texture": "#0"},
				"east": {"uv": [8.5, 9.5, 8.5625, 9.875], "texture": "#0"},
				"south": {"uv": [6.5, 8, 6.875, 8.375], "texture": "#0"},
				"west": {"uv": [9.5, 8.5, 9.5625, 8.875], "texture": "#0"},
				"up": {"uv": [9.875, 9.0625, 9.5, 9], "texture": "#0"},
				"down": {"uv": [9.625, 9.5, 9.25, 9.5625], "texture": "#0"}
			}
		},
		{
			"from": [7.5, 25.75, 7.75],
			"to": [8.5, 26.5, 8.25],
			"rotation": {"angle": 0, "axis": "y", "origin": [0, -6, 0]},
			"faces": {
				"north": {"uv": [8.25, 0.5, 8.5, 0.6875], "texture": "#0"},
				"east": {"uv": [8.75, 9.5, 8.875, 9.6875], "texture": "#0"},
				"south": {"uv": [4, 8.5, 4.25, 8.6875], "texture": "#0"},
				"west": {"uv": [0, 9.75, 0.125, 9.9375], "texture": "#0"},
				"up": {"uv": [7, 9.625, 6.75, 9.5], "texture": "#0"},
				"down": {"uv": [9.75, 6.75, 9.5, 6.875], "texture": "#0"}
			}
		},
		{
			"from": [7.25, 22.5, 7.75],
			"to": [8.75, 23.25, 8.25],
			"rotation": {"angle": 0, "axis": "y", "origin": [0, -6, 0]},
			"faces": {
				"north": {"uv": [9.5, 0.75, 9.75, 0.9375], "texture": "#0"},
				"east": {"uv": [0.25, 9.75, 0.375, 9.9375], "texture": "#0"},
				"south": {"uv": [1, 9.5, 1.25, 9.6875], "texture": "#0"},
				"west": {"uv": [0.5, 9.75, 0.625, 9.9375], "texture": "#0"},
				"up": {"uv": [7.25, 9.625, 7, 9.5], "texture": "#0"},
				"down": {"uv": [9.75, 7, 9.5, 7.125], "texture": "#0"}
			}
		},
		{
			"from": [7.25, 30.71904, 6.36554],
			"to": [8.75, 31.42614, 7.07264],
			"rotation": {"angle": 45, "axis": "x", "origin": [8, 31.71904, 6.99054]},
			"faces": {
				"north": {"uv": [9, 4.75, 9.375, 4.9375], "texture": "#0"},
				"east": {"uv": [9.5, 3.75, 9.6875, 3.9375], "texture": "#0"},
				"south": {"uv": [5, 9, 5.375, 9.1875], "texture": "#0"},
				"west": {"uv": [4, 9.5, 4.1875, 9.6875], "texture": "#0"},
				"up": {"uv": [9.375, 5.1875, 9, 5], "texture": "#0"},
				"down": {"uv": [9.375, 5.25, 9, 5.4375], "texture": "#0"}
			}
		},
		{
			"from": [7.25, 26.45387, 5.84149],
			"to": [8.75, 31.45387, 6.84149],
			"rotation": {"angle": 0, "axis": "y", "origin": [0, -4.29613, -0.15851]},
			"faces": {
				"north": {"uv": [5.5, 0, 5.875, 1.25], "texture": "#0"},
				"east": {"uv": [6.25, 3, 6.5, 4.25], "texture": "#0"},
				"south": {"uv": [5.5, 1.25, 5.875, 2.5], "texture": "#0"},
				"west": {"uv": [6.25, 4.25, 6.5, 5.5], "texture": "#0"},
				"up": {"uv": [8.875, 5.5, 8.5, 5.25], "texture": "#0"},
				"down": {"uv": [8.875, 5.5, 8.5, 5.75], "texture": "#0"}
			}
		},
		{
			"from": [7.25, 26.45387, 9.15851],
			"to": [8.75, 31.45387, 10.15851],
			"rotation": {"angle": 0, "axis": "y", "origin": [0, -4.29613, 0.15851]},
			"faces": {
				"north": {"uv": [2.5, 5.5, 2.875, 6.75], "texture": "#0"},
				"east": {"uv": [4.5, 6.25, 4.75, 7.5], "texture": "#0"},
				"south": {"uv": [3, 5.5, 3.375, 6.75], "texture": "#0"},
				"west": {"uv": [6.25, 5.5, 6.5, 6.75], "texture": "#0"},
				"up": {"uv": [8.875, 6, 8.5, 5.75], "texture": "#0"},
				"down": {"uv": [6.375, 8.5, 6, 8.75], "texture": "#0"}
			}
		},
		{
			"from": [7.25, 26.95387, 9.90851],
			"to": [8.75, 28.95387, 10.90851],
			"rotation": {"angle": 0, "axis": "y", "origin": [0, -4.29613, 0.15851]},
			"faces": {
				"north": {"uv": [7.5, 6.5, 7.875, 7], "texture": "#0"},
				"east": {"uv": [7, 0.75, 7.25, 1.25], "texture": "#0"},
				"south": {"uv": [7.5, 7, 7.875, 7.5], "texture": "#0"},
				"west": {"uv": [2.25, 8, 2.5, 8.5], "texture": "#0"},
				"up": {"uv": [8.875, 6.25, 8.5, 6], "texture": "#0"},
				"down": {"uv": [8.875, 6.25, 8.5, 6.5], "texture": "#0"}
			}
		},
		{
			"from": [7.25, 26.95387, 5.15851],
			"to": [8.75, 28.95387, 6.15851],
			"rotation": {"angle": 0, "axis": "y", "origin": [0, -4.29613, 0.15851]},
			"faces": {
				"north": {"uv": [7.5, 7.5, 7.875, 8], "texture": "#0"},
				"east": {"uv": [4.75, 8.25, 5, 8.75], "texture": "#0"},
				"south": {"uv": [0.5, 7.75, 0.875, 8.25], "texture": "#0"},
				"west": {"uv": [5, 8.25, 5.25, 8.75], "texture": "#0"},
				"up": {"uv": [6.875, 8.75, 6.5, 8.5], "texture": "#0"},
				"down": {"uv": [8.875, 6.5, 8.5, 6.75], "texture": "#0"}
			}
		},
		{
			"from": [7.25, 23.92354, 9.89595],
			"to": [8.75, 27.17354, 11.59595],
			"rotation": {"angle": -45, "axis": "x", "origin": [8, 25.92354, 10.39595]},
			"faces": {
				"north": {"uv": [0.5, 6.75, 0.875, 7.5625], "texture": "#0"},
				"east": {"uv": [0, 6.25, 0.4375, 7.0625], "texture": "#0"},
				"south": {"uv": [1, 6.75, 1.375, 7.5625], "texture": "#0"},
				"west": {"uv": [6.25, 0, 6.6875, 0.8125], "texture": "#0"},
				"up": {"uv": [3.875, 8.1875, 3.5, 7.75], "texture": "#0"},
				"down": {"uv": [7.375, 7.75, 7, 8.1875], "texture": "#0"}
			}
		},
		{
			"from": [7.25, 24.28086, 4.2414],
			"to": [8.75, 27.53086, 5.9414],
			"rotation": {"angle": 45, "axis": "x", "origin": [8, 25.90586, 5.0914]},
			"faces": {
				"north": {"uv": [6.75, 1.25, 7.125, 2.0625], "texture": "#0"},
				"east": {"uv": [6.25, 1, 6.6875, 1.8125], "texture": "#0"},
				"south": {"uv": [6.75, 2.25, 7.125, 3.0625], "texture": "#0"},
				"west": {"uv": [6.25, 2, 6.6875, 2.8125], "texture": "#0"},
				"up": {"uv": [0.375, 8.4375, 0, 8], "texture": "#0"},
				"down": {"uv": [8.375, 0, 8, 0.4375], "texture": "#0"}
			}
		},
		{
			"from": [7.5, 23.61836, 9.91865],
			"to": [8.5, 26.61836, 12.66865],
			"rotation": {"angle": 22.5, "axis": "x", "origin": [8.25, 27.36836, 10.16865]},
			"faces": {
				"north": {"uv": [4.75, 6.75, 5.125, 7.5], "texture": "#0"},
				"east": {"uv": [4.75, 1.75, 5.4375, 2.5], "texture": "#0"},
				"south": {"uv": [6.75, 5, 7.125, 5.75], "texture": "#0"},
				"west": {"uv": [2.5, 4.75, 3.1875, 5.5], "texture": "#0"},
				"up": {"uv": [2.875, 7.6875, 2.5, 7], "texture": "#0"},
				"down": {"uv": [3.375, 7, 3, 7.6875], "texture": "#0"}
			}
		},
		{
			"from": [7.5, 25.22493, 4.38425],
			"to": [8.5, 27.92493, 7.13425],
			"rotation": {"angle": -22.5, "axis": "x", "origin": [8.25, 25.42493, 9.63425]},
			"faces": {
				"north": {"uv": [3.5, 7, 3.875, 7.6875], "texture": "#0"},
				"east": {"uv": [5.25, 4, 5.9375, 4.6875], "texture": "#0"},
				"south": {"uv": [7, 6.5, 7.375, 7.1875], "texture": "#0"},
				"west": {"uv": [5.25, 4.75, 5.9375, 5.4375], "texture": "#0"},
				"up": {"uv": [0.375, 7.9375, 0, 7.25], "texture": "#0"},
				"down": {"uv": [7.625, 0.75, 7.25, 1.4375], "texture": "#0"}
			}
		},
		{
			"from": [7.25, 31.24676, 9.2443],
			"to": [8.75, 31.95387, 9.95141],
			"rotation": {"angle": 45, "axis": "x", "origin": [8, 31.45387, 9.45141]},
			"faces": {
				"north": {"uv": [5.5, 9, 5.875, 9.1875], "texture": "#0"},
				"east": {"uv": [9.5, 4, 9.6875, 4.1875], "texture": "#0"},
				"south": {"uv": [9, 5.5, 9.375, 5.6875], "texture": "#0"},
				"west": {"uv": [4.25, 9.5, 4.4375, 9.6875], "texture": "#0"},
				"up": {"uv": [9.375, 5.9375, 9, 5.75], "texture": "#0"},
				"down": {"uv": [6.375, 9, 6, 9.1875], "texture": "#0"}
			}
		},
		{
			"from": [7.25, 5, 10],
			"to": [8.75, 10.5, 10.5],
			"rotation": {"angle": 0, "axis": "y", "origin": [0, -6, 0]},
			"faces": {
				"north": {"uv": [4.75, 2.5, 5.125, 3.875], "texture": "#0"},
				"east": {"uv": [2.5, 7.75, 2.625, 9.125], "texture": "#0"},
				"south": {"uv": [4.75, 4, 5.125, 5.375], "texture": "#0"},
				"west": {"uv": [2.75, 7.75, 2.875, 9.125], "texture": "#0"},
				"up": {"uv": [9.875, 1.125, 9.5, 1], "texture": "#0"},
				"down": {"uv": [1.625, 9.5, 1.25, 9.625], "texture": "#0"}
			}
		},
		{
			"from": [7.25, 5, 5.5],
			"to": [8.75, 10.5, 6],
			"rotation": {"angle": 0, "axis": "y", "origin": [0, -6, 0]},
			"faces": {
				"north": {"uv": [5, 0, 5.375, 1.375], "texture": "#0"},
				"east": {"uv": [3, 7.75, 3.125, 9.125], "texture": "#0"},
				"south": {"uv": [5.25, 2.5, 5.625, 3.875], "texture": "#0"},
				"west": {"uv": [3.25, 7.75, 3.375, 9.125], "texture": "#0"},
				"up": {"uv": [9.875, 1.625, 9.5, 1.5], "texture": "#0"},
				"down": {"uv": [2.125, 9.5, 1.75, 9.625], "texture": "#0"}
			}
		},
		{
			"from": [7.25, 9.20321, 4.00795],
			"to": [8.75, 10.20321, 6.50795],
			"rotation": {"angle": -22.5, "axis": "x", "origin": [8, 9.70321, 4.88295]},
			"faces": {
				"north": {"uv": [8.5, 6.75, 8.875, 7], "texture": "#0"},
				"east": {"uv": [8, 1.25, 8.625, 1.5], "texture": "#0"},
				"south": {"uv": [8.5, 7, 8.875, 7.25], "texture": "#0"},
				"west": {"uv": [8, 3, 8.625, 3.25], "texture": "#0"},
				"up": {"uv": [5.125, 8.125, 4.75, 7.5], "texture": "#0"},
				"down": {"uv": [7.875, 5, 7.5, 5.625], "texture": "#0"}
			}
		},
		{
			"from": [7.25, 10.01641, 6.09789],
			"to": [8.75, 10.72352, 6.805],
			"rotation": {"angle": 22.5, "axis": "x", "origin": [8, 10.51641, 6.305]},
			"faces": {
				"north": {"uv": [9, 6, 9.375, 6.1875], "texture": "#0"},
				"east": {"uv": [4.5, 9.5, 4.6875, 9.6875], "texture": "#0"},
				"south": {"uv": [9, 6.25, 9.375, 6.4375], "texture": "#0"},
				"west": {"uv": [9.5, 4.5, 9.6875, 4.6875], "texture": "#0"},
				"up": {"uv": [6.875, 9.1875, 6.5, 9], "texture": "#0"},
				"down": {"uv": [9.375, 6.5, 9, 6.6875], "texture": "#0"}
			}
		},
		{
			"from": [7.25, 9.57236, 4.18],
			"to": [8.75, 12.52236, 5.18],
			"rotation": {"angle": 22.5, "axis": "x", "origin": [8, 10.44736, 4.68]},
			"faces": {
				"north": {"uv": [5.25, 6.75, 5.625, 7.5], "texture": "#0"},
				"east": {"uv": [3.25, 4.75, 3.5, 5.5], "texture": "#0"},
				"south": {"uv": [6.75, 5.75, 7.125, 6.5], "texture": "#0"},
				"west": {"uv": [6, 1.75, 6.25, 2.5], "texture": "#0"},
				"up": {"uv": [8.875, 7.5, 8.5, 7.25], "texture": "#0"},
				"down": {"uv": [7.875, 8.5, 7.5, 8.75], "texture": "#0"}
			}
		},
		{
			"from": [7.25, 9.19213, 5.10906],
			"to": [8.75, 9.44213, 5.85906],
			"rotation": {"angle": 22.5, "axis": "x", "origin": [8, 9.31713, 5.58406]},
			"faces": {
				"north": {"uv": [0.75, 9.75, 1.125, 9.8125], "texture": "#0"},
				"east": {"uv": [1.75, 9.75, 1.9375, 9.8125], "texture": "#0"},
				"south": {"uv": [9.75, 0.75, 10.125, 0.8125], "texture": "#0"},
				"west": {"uv": [9.75, 1.75, 9.9375, 1.8125], "texture": "#0"},
				"up": {"uv": [9.375, 6.9375, 9, 6.75], "texture": "#0"},
				"down": {"uv": [7.375, 9, 7, 9.1875], "texture": "#0"}
			}
		},
		{
			"from": [7.25, 8.96992, 3.65381],
			"to": [8.75, 9.67702, 4.36092],
			"rotation": {"angle": 22.5, "axis": "x", "origin": [8, 9.17702, 4.15381]},
			"faces": {
				"north": {"uv": [9, 7, 9.375, 7.1875], "texture": "#0"},
				"east": {"uv": [4.75, 9.5, 4.9375, 9.6875], "texture": "#0"},
				"south": {"uv": [9, 7.25, 9.375, 7.4375], "texture": "#0"},
				"west": {"uv": [9.5, 4.75, 9.6875, 4.9375], "texture": "#0"},
				"up": {"uv": [7.875, 9.1875, 7.5, 9], "texture": "#0"},
				"down": {"uv": [9.375, 7.5, 9, 7.6875], "texture": "#0"}
			}
		},
		{
			"from": [7.25, 7.2, 4.05],
			"to": [8.75, 8.2, 6.8],
			"rotation": {"angle": -22.5, "axis": "x", "origin": [8, 7.5, 5.075]},
			"faces": {
				"north": {"uv": [8.5, 7.5, 8.875, 7.75], "texture": "#0"},
				"east": {"uv": [7.75, 2.75, 8.4375, 3], "texture": "#0"},
				"south": {"uv": [8.5, 7.75, 8.875, 8], "texture": "#0"},
				"west": {"uv": [7.75, 3.5, 8.4375, 3.75], "texture": "#0"},
				"up": {"uv": [7.625, 2.1875, 7.25, 1.5], "texture": "#0"},
				"down": {"uv": [2.375, 7.25, 2, 7.9375], "texture": "#0"}
			}
		},
		{
			"from": [7.25, 8.70879, 6.02722],
			"to": [8.75, 9.70879, 6.52722],
			"rotation": {"angle": -45, "axis": "x", "origin": [8, 9.20879, 7.40222]},
			"faces": {
				"north": {"uv": [8, 8.5, 8.375, 8.75], "texture": "#0"},
				"east": {"uv": [7.25, 9.5, 7.375, 9.75], "texture": "#0"},
				"south": {"uv": [8.5, 8, 8.875, 8.25], "texture": "#0"},
				"west": {"uv": [9.5, 7.25, 9.625, 7.5], "texture": "#0"},
				"up": {"uv": [2.625, 9.625, 2.25, 9.5], "texture": "#0"},
				"down": {"uv": [3.125, 9.5, 2.75, 9.625], "texture": "#0"}
			}
		},
		{
			"from": [7.25, 8.23652, 6.42994],
			"to": [8.75, 8.94363, 7.13705],
			"rotation": {"angle": 0, "axis": "y", "origin": [8, 8.44363, 6.92994]},
			"faces": {
				"north": {"uv": [9, 7.75, 9.375, 7.9375], "texture": "#0"},
				"east": {"uv": [5, 9.5, 5.1875, 9.6875], "texture": "#0"},
				"south": {"uv": [8, 9, 8.375, 9.1875], "texture": "#0"},
				"west": {"uv": [9.5, 5, 9.6875, 5.1875], "texture": "#0"},
				"up": {"uv": [9.375, 8.1875, 9, 8], "texture": "#0"},
				"down": {"uv": [9.375, 8.25, 9, 8.4375], "texture": "#0"}
			}
		},
		{
			"from": [7.25, 6.86676, 4.73563],
			"to": [8.75, 7.86676, 5.73563],
			"rotation": {"angle": 22.5, "axis": "x", "origin": [8, 7.06676, 5.33563]},
			"faces": {
				"north": {"uv": [8.5, 8.25, 8.875, 8.5], "texture": "#0"},
				"east": {"uv": [5.75, 3.75, 6, 4], "texture": "#0"},
				"south": {"uv": [8.5, 8.5, 8.875, 8.75], "texture": "#0"},
				"west": {"uv": [3.75, 6.75, 4, 7], "texture": "#0"},
				"up": {"uv": [0.875, 9, 0.5, 8.75], "texture": "#0"},
				"down": {"uv": [9.125, 1.25, 8.75, 1.5], "texture": "#0"}
			}
		},
		{
			"from": [7.25, 6.89408, 3.63074],
			"to": [8.75, 7.60118, 4.33785],
			"rotation": {"angle": 22.5, "axis": "x", "origin": [8, 7.10118, 4.13074]},
			"faces": {
				"north": {"uv": [8.5, 9, 8.875, 9.1875], "texture": "#0"},
				"east": {"uv": [5.25, 9.5, 5.4375, 9.6875], "texture": "#0"},
				"south": {"uv": [9, 8.5, 9.375, 8.6875], "texture": "#0"},
				"west": {"uv": [9.5, 5.25, 9.6875, 5.4375], "texture": "#0"},
				"up": {"uv": [9.375, 8.9375, 9, 8.75], "texture": "#0"},
				"down": {"uv": [9.375, 9, 9, 9.1875], "texture": "#0"}
			}
		},
		{
			"from": [7.25, 4.55, 4.65],
			"to": [8.75, 5.6214, 6.1514],
			"rotation": {"angle": -22.5, "axis": "x", "origin": [8, 5.3607, 5.3257]},
			"faces": {
				"north": {"uv": [1.75, 8.75, 2.125, 9], "texture": "#0"},
				"east": {"uv": [8.75, 1.75, 9.125, 2], "texture": "#0"},
				"south": {"uv": [8.75, 2, 9.125, 2.25], "texture": "#0"},
				"west": {"uv": [8.75, 2.25, 9.125, 2.5], "texture": "#0"},
				"up": {"uv": [8.375, 6.875, 8, 6.5], "texture": "#0"},
				"down": {"uv": [8.375, 7, 8, 7.375], "texture": "#0"}
			}
		},
		{
			"from": [7.25, 4.36934, 4.59588],
			"to": [8.75, 5.09074, 5.74728],
			"rotation": {"angle": 0, "axis": "y", "origin": [8, 5.23004, 5.27158]},
			"faces": {
				"north": {"uv": [0, 9.25, 0.375, 9.4375], "texture": "#0"},
				"east": {"uv": [9.5, 0, 9.8125, 0.1875], "texture": "#0"},
				"south": {"uv": [0.5, 9.25, 0.875, 9.4375], "texture": "#0"},
				"west": {"uv": [9.5, 0.25, 9.8125, 0.4375], "texture": "#0"},
				"up": {"uv": [0.375, 8.8125, 0, 8.5], "texture": "#0"},
				"down": {"uv": [8.875, 0, 8.5, 0.3125], "texture": "#0"}
			}
		},
		{
			"from": [7.25, 10.25, 10],
			"to": [8.75, 20.75, 11],
			"rotation": {"angle": 0, "axis": "y", "origin": [0, -6, 0]},
			"faces": {
				"north": {"uv": [2.5, 2, 2.875, 4.625], "texture": "#0"},
				"east": {"uv": [0.5, 4, 0.75, 6.625], "texture": "#0"},
				"south": {"uv": [3, 2, 3.375, 4.625], "texture": "#0"},
				"west": {"uv": [0.75, 4, 1, 6.625], "texture": "#0"},
				"up": {"uv": [9.125, 2.75, 8.75, 2.5], "texture": "#0"},
				"down": {"uv": [9.125, 3, 8.75, 3.25], "texture": "#0"}
			}
		},
		{
			"from": [7.25, 10.25, 5],
			"to": [8.75, 20.75, 6],
			"rotation": {"angle": 0, "axis": "y", "origin": [0, -6, 0]},
			"faces": {
				"north": {"uv": [3.5, 0, 3.875, 2.625], "texture": "#0"},
				"east": {"uv": [1, 4, 1.25, 6.625], "texture": "#0"},
				"south": {"uv": [3.5, 2.75, 3.875, 5.375], "texture": "#0"},
				"west": {"uv": [1.25, 4, 1.5, 6.625], "texture": "#0"},
				"up": {"uv": [9.125, 3.5, 8.75, 3.25], "texture": "#0"},
				"down": {"uv": [3.875, 8.75, 3.5, 9], "texture": "#0"}
			}
		},
		{
			"from": [7.25, 20.40642, 4.27269],
			"to": [8.75, 25.40642, 5.27269],
			"rotation": {"angle": -22.5, "axis": "x", "origin": [8, 22.40642, 4.77269]},
			"faces": {
				"north": {"uv": [3.5, 5.5, 3.875, 6.75], "texture": "#0"},
				"east": {"uv": [6.5, 3, 6.75, 4.25], "texture": "#0"},
				"south": {"uv": [4.75, 5.5, 5.125, 6.75], "texture": "#0"},
				"west": {"uv": [6.5, 4.25, 6.75, 5.5], "texture": "#0"},
				"up": {"uv": [4.375, 9, 4, 8.75], "texture": "#0"},
				"down": {"uv": [9.125, 4.25, 8.75, 4.5], "texture": "#0"}
			}
		},
		{
			"from": [7.25, 24.87149, 2.74196],
			"to": [8.75, 31.87149, 3.74196],
			"rotation": {"angle": 22.5, "axis": "x", "origin": [8, 23.87149, 3.24196]},
			"faces": {
				"north": {"uv": [1.5, 4, 1.875, 5.75], "texture": "#0"},
				"east": {"uv": [4, 5.75, 4.25, 7.5], "texture": "#0"},
				"south": {"uv": [4, 2.25, 4.375, 4], "texture": "#0"},
				"west": {"uv": [4.25, 5.75, 4.5, 7.5], "texture": "#0"},
				"up": {"uv": [4.875, 9, 4.5, 8.75], "texture": "#0"},
				"down": {"uv": [5.375, 8.75, 5, 9], "texture": "#0"}
			}
		},
		{
			"from": [7.25, 20.40642, 10.72731],
			"to": [8.75, 25.40642, 11.72731],
			"rotation": {"angle": 22.5, "axis": "x", "origin": [8, 22.40642, 11.22731]},
			"faces": {
				"north": {"uv": [5.25, 5.5, 5.625, 6.75], "texture": "#0"},
				"east": {"uv": [6.5, 5.5, 6.75, 6.75], "texture": "#0"},
				"south": {"uv": [1.5, 5.75, 1.875, 7], "texture": "#0"},
				"west": {"uv": [6.75, 0, 7, 1.25], "texture": "#0"},
				"up": {"uv": [5.875, 9, 5.5, 8.75], "texture": "#0"},
				"down": {"uv": [6.375, 8.75, 6, 9], "texture": "#0"}
			}
		},
		{
			"from": [7.25, 24.51806, 10.48119],
			"to": [8.75, 31.51806, 11.48119],
			"rotation": {"angle": -22.5, "axis": "x", "origin": [8, 28.16119, 10.98119]},
			"faces": {
				"north": {"uv": [4, 4, 4.375, 5.75], "texture": "#0"},
				"east": {"uv": [5.75, 5.5, 6, 7.25], "texture": "#0"},
				"south": {"uv": [4.5, 0, 4.875, 1.75], "texture": "#0"},
				"west": {"uv": [6, 0, 6.25, 1.75], "texture": "#0"},
				"up": {"uv": [6.875, 9, 6.5, 8.75], "texture": "#0"},
				"down": {"uv": [7.375, 8.75, 7, 9], "texture": "#0"}
			}
		},
		{
			"from": [7.25, 9.38206, 9.86329],
			"to": [8.75, 12.33206, 10.86329],
			"rotation": {"angle": -22.5, "axis": "x", "origin": [8, 12.75706, 10.36329]},
			"faces": {
				"north": {"uv": [6, 6.75, 6.375, 7.5], "texture": "#0"},
				"east": {"uv": [7.75, 0.75, 8, 1.5], "texture": "#0"},
				"south": {"uv": [6.5, 6.75, 6.875, 7.5], "texture": "#0"},
				"west": {"uv": [1, 7.75, 1.25, 8.5], "texture": "#0"},
				"up": {"uv": [7.875, 9, 7.5, 8.75], "texture": "#0"},
				"down": {"uv": [8.375, 8.75, 8, 9], "texture": "#0"}
			}
		},
		{
			"from": [7.25, 9.05971, 9.46351],
			"to": [8.75, 10.05971, 11.96351],
			"rotation": {"angle": 22.5, "axis": "x", "origin": [8, 9.55971, 11.46351]},
			"faces": {
				"north": {"uv": [8.5, 8.75, 8.875, 9], "texture": "#0"},
				"east": {"uv": [8, 3.25, 8.625, 3.5], "texture": "#0"},
				"south": {"uv": [0, 9, 0.375, 9.25], "texture": "#0"},
				"west": {"uv": [8, 4.25, 8.625, 4.5], "texture": "#0"},
				"up": {"uv": [5.625, 8.125, 5.25, 7.5], "texture": "#0"},
				"down": {"uv": [7.875, 5.75, 7.5, 6.375], "texture": "#0"}
			}
		},
		{
			"from": [7.25, 10.01641, 9.195],
			"to": [8.75, 10.72352, 9.90211],
			"rotation": {"angle": -22.5, "axis": "x", "origin": [8, 10.51641, 9.695]},
			"faces": {
				"north": {"uv": [1, 9.25, 1.375, 9.4375], "texture": "#0"},
				"east": {"uv": [5.5, 9.5, 5.6875, 9.6875], "texture": "#0"},
				"south": {"uv": [9.25, 1.25, 9.625, 1.4375], "texture": "#0"},
				"west": {"uv": [9.5, 5.5, 9.6875, 5.6875], "texture": "#0"},
				"up": {"uv": [1.875, 9.4375, 1.5, 9.25], "texture": "#0"},
				"down": {"uv": [9.625, 1.75, 9.25, 1.9375], "texture": "#0"}
			}
		},
		{
			"from": [7.25, 9.45321, 10.24205],
			"to": [8.75, 9.70321, 10.99205],
			"rotation": {"angle": -22.5, "axis": "x", "origin": [8, 9.70321, 11.11705]},
			"faces": {
				"north": {"uv": [1.25, 9.75, 1.625, 9.8125], "texture": "#0"},
				"east": {"uv": [2, 9.75, 2.1875, 9.8125], "texture": "#0"},
				"south": {"uv": [9.75, 1.25, 10.125, 1.3125], "texture": "#0"},
				"west": {"uv": [9.75, 2, 9.9375, 2.0625], "texture": "#0"},
				"up": {"uv": [2.375, 9.4375, 2, 9.25], "texture": "#0"},
				"down": {"uv": [9.625, 2, 9.25, 2.1875], "texture": "#0"}
			}
		},
		{
			"from": [7.25, 8.98895, 11.73476],
			"to": [8.75, 9.69605, 12.44186],
			"rotation": {"angle": -22.5, "axis": "x", "origin": [8, 8.94605, 11.94186]},
			"faces": {
				"north": {"uv": [9.25, 2.25, 9.625, 2.4375], "texture": "#0"},
				"east": {"uv": [5.75, 9.5, 5.9375, 9.6875], "texture": "#0"},
				"south": {"uv": [2.5, 9.25, 2.875, 9.4375], "texture": "#0"},
				"west": {"uv": [9.5, 5.75, 9.6875, 5.9375], "texture": "#0"},
				"up": {"uv": [9.625, 2.6875, 9.25, 2.5], "texture": "#0"},
				"down": {"uv": [3.375, 9.25, 3, 9.4375], "texture": "#0"}
			}
		},
		{
			"from": [7.25, 6.9, 10.15],
			"to": [8.75, 7.9, 11.15],
			"rotation": {"angle": -22.5, "axis": "x", "origin": [8, 7.5, 10.75]},
			"faces": {
				"north": {"uv": [9, 0, 9.375, 0.25], "texture": "#0"},
				"east": {"uv": [6.75, 6.5, 7, 6.75], "texture": "#0"},
				"south": {"uv": [9, 0.25, 9.375, 0.5], "texture": "#0"},
				"west": {"uv": [7.25, 6.25, 7.5, 6.5], "texture": "#0"},
				"up": {"uv": [0.875, 9.25, 0.5, 9], "texture": "#0"},
				"down": {"uv": [9.375, 0.5, 9, 0.75], "texture": "#0"}
			}
		},
		{
			"from": [7.25, 8.66003, 9.54342],
			"to": [8.75, 9.66003, 10.04342],
			"rotation": {"angle": 45, "axis": "x", "origin": [8, 9.16003, 8.54342]},
			"faces": {
				"north": {"uv": [9, 0.75, 9.375, 1], "texture": "#0"},
				"east": {"uv": [7.5, 9.5, 7.625, 9.75], "texture": "#0"},
				"south": {"uv": [1, 9, 1.375, 9.25], "texture": "#0"},
				"west": {"uv": [9.5, 7.5, 9.625, 7.75], "texture": "#0"},
				"up": {"uv": [9.875, 2.875, 9.5, 2.75], "texture": "#0"},
				"down": {"uv": [3.625, 9.5, 3.25, 9.625], "texture": "#0"}
			}
		},
		{
			"from": [7.25, 8.09937, 8.89697],
			"to": [8.75, 8.80648, 9.60408],
			"rotation": {"angle": 0, "axis": "y", "origin": [8, 8.30648, 9.10408]},
			"faces": {
				"north": {"uv": [9.25, 3, 9.625, 3.1875], "texture": "#0"},
				"east": {"uv": [6, 9.5, 6.1875, 9.6875], "texture": "#0"},
				"south": {"uv": [9.25, 3.25, 9.625, 3.4375], "texture": "#0"},
				"west": {"uv": [9.5, 6, 9.6875, 6.1875], "texture": "#0"},
				"up": {"uv": [3.875, 9.4375, 3.5, 9.25], "texture": "#0"},
				"down": {"uv": [4.375, 9.25, 4, 9.4375], "texture": "#0"}
			}
		},
		{
			"from": [7.25, 6.84672, 9.2706],
			"to": [8.75, 7.84672, 12.0206],
			"rotation": {"angle": 22.5, "axis": "x", "origin": [8, 7.34672, 11.5206]},
			"faces": {
				"north": {"uv": [9, 1, 9.375, 1.25], "texture": "#0"},
				"east": {"uv": [7.75, 3.75, 8.4375, 4], "texture": "#0"},
				"south": {"uv": [1.5, 9, 1.875, 9.25], "texture": "#0"},
				"west": {"uv": [7.75, 4, 8.4375, 4.25], "texture": "#0"},
				"up": {"uv": [7.625, 2.9375, 7.25, 2.25], "texture": "#0"},
				"down": {"uv": [7.625, 3.5, 7.25, 4.1875], "texture": "#0"}
			}
		},
		{
			"from": [7.25, 6.80476, 11.68666],
			"to": [8.75, 7.51187, 12.39377],
			"rotation": {"angle": -22.5, "axis": "x", "origin": [8, 7.01187, 12.01877]},
			"faces": {
				"north": {"uv": [9.25, 4.25, 9.625, 4.4375], "texture": "#0"},
				"east": {"uv": [6.25, 9.5, 6.4375, 9.6875], "texture": "#0"},
				"south": {"uv": [4.5, 9.25, 4.875, 9.4375], "texture": "#0"},
				"west": {"uv": [9.5, 6.25, 9.6875, 6.4375], "texture": "#0"},
				"up": {"uv": [5.375, 9.4375, 5, 9.25], "texture": "#0"},
				"down": {"uv": [5.875, 9.25, 5.5, 9.4375], "texture": "#0"}
			}
		},
		{
			"from": [7.25, 4.5, 10.25],
			"to": [8.75, 5.22135, 11.40142],
			"rotation": {"angle": 0, "axis": "y", "origin": [0, -6, 0]},
			"faces": {
				"north": {"uv": [6, 9.25, 6.375, 9.4375], "texture": "#0"},
				"east": {"uv": [0.5, 9.5, 0.8125, 9.6875], "texture": "#0"},
				"south": {"uv": [6.5, 9.25, 6.875, 9.4375], "texture": "#0"},
				"west": {"uv": [9.5, 0.5, 9.8125, 0.6875], "texture": "#0"},
				"up": {"uv": [8.875, 0.8125, 8.5, 0.5], "texture": "#0"},
				"down": {"uv": [1.375, 8.5, 1, 8.8125], "texture": "#0"}
			}
		},
		{
			"from": [7.25, 4.52664, 9.7647],
			"to": [8.75, 5.548, 11.26612],
			"rotation": {"angle": 22.5, "axis": "x", "origin": [8, 5.18732, 10.69041]},
			"faces": {
				"north": {"uv": [9, 1.5, 9.375, 1.75], "texture": "#0"},
				"east": {"uv": [2, 9, 2.375, 9.25], "texture": "#0"},
				"south": {"uv": [9, 2.75, 9.375, 3], "texture": "#0"},
				"west": {"uv": [3.5, 9, 3.875, 9.25], "texture": "#0"},
				"up": {"uv": [7.875, 8.375, 7.5, 8], "texture": "#0"},
				"down": {"uv": [8.375, 7.5, 8, 7.875], "texture": "#0"}
			}
		},
		{
			"from": [7.25, 3.65538, 9.98254],
			"to": [8.75, 4.65538, 12.98254],
			"rotation": {"angle": 22.5, "axis": "x", "origin": [8, 4.15538, 10.98254]},
			"faces": {
				"north": {"uv": [9, 3.5, 9.375, 3.75], "texture": "#0"},
				"east": {"uv": [1.25, 7.75, 2, 8], "texture": "#0"},
				"south": {"uv": [9, 3.75, 9.375, 4], "texture": "#0"},
				"west": {"uv": [7.75, 1.5, 8.5, 1.75], "texture": "#0"},
				"up": {"uv": [7.375, 0.75, 7, 0], "texture": "#0"},
				"down": {"uv": [1.875, 7, 1.5, 7.75], "texture": "#0"}
			}
		},
		{
			"from": [7.25, 2.99156, 12.54393],
			"to": [8.75, 3.69867, 13.25104],
			"rotation": {"angle": -22.5, "axis": "x", "origin": [8, 3.19867, 12.75104]},
			"faces": {
				"north": {"uv": [7, 9.25, 7.375, 9.4375], "texture": "#0"},
				"east": {"uv": [6.5, 9.5, 6.6875, 9.6875], "texture": "#0"},
				"south": {"uv": [7.5, 9.25, 7.875, 9.4375], "texture": "#0"},
				"west": {"uv": [9.5, 6.5, 9.6875, 6.6875], "texture": "#0"},
				"up": {"uv": [8.375, 9.4375, 8, 9.25], "texture": "#0"},
				"down": {"uv": [8.875, 9.25, 8.5, 9.4375], "texture": "#0"}
			}
		},
		{
			"from": [7.25, 3.54643, 11.23567],
			"to": [8.75, 5.54643, 12.48567],
			"rotation": {"angle": -22.5, "axis": "x", "origin": [8, 5.04643, 11.98567]},
			"faces": {
				"north": {"uv": [7.75, 1.75, 8.125, 2.25], "texture": "#0"},
				"east": {"uv": [8, 4.5, 8.3125, 5], "texture": "#0"},
				"south": {"uv": [7.75, 2.25, 8.125, 2.75], "texture": "#0"},
				"west": {"uv": [8, 5, 8.3125, 5.5], "texture": "#0"},
				"up": {"uv": [8.875, 3.8125, 8.5, 3.5], "texture": "#0"},
				"down": {"uv": [8.875, 4.5, 8.5, 4.8125], "texture": "#0"}
			}
		},
		{
			"from": [7.25, -6, 7.75],
			"to": [8.75, -4.5, 9.25],
			"rotation": {"angle": -45, "axis": "x", "origin": [8, -5.75, 8]},
			"faces": {
				"north": {"uv": [8, 8, 8.375, 8.375], "texture": "#0"},
				"east": {"uv": [0.5, 8.25, 0.875, 8.625], "texture": "#0"},
				"south": {"uv": [8.25, 1.75, 8.625, 2.125], "texture": "#0"},
				"west": {"uv": [8.25, 2.25, 8.625, 2.625], "texture": "#0"},
				"up": {"uv": [3.875, 8.625, 3.5, 8.25], "texture": "#0"},
				"down": {"uv": [4.625, 8.25, 4.25, 8.625], "texture": "#0"}
			}
		}
	],
	"display": {
		"thirdperson_righthand": {
			"translation": [0, 7.5, 1.5]
		},
		"thirdperson_lefthand": {
			"translation": [0, 7.5, 1.5]
		},
		"firstperson_righthand": {
			"translation": [11.75, -3.25, -7.75]
		},
		"firstperson_lefthand": {
			"rotation": [-90, 0, 0],
			"translation": [0, 11.25, 0.25]
		},
		"gui": {
			"rotation": [0, 90, 0],
			"translation": [0, -5.25, 0]
		},
		"fixed": {
			"rotation": [90, 0, 0],
			"translation": [0, 0, -80],
			"scale": [4, 4, 4]
		}
	},
	"groups": [
		{
			"name": "AatroxSword",
			"origin": [8, 8, 8],
			"color": 0,
			"children": [
				0,
				1,
				2,
				3,
				4,
				5,
				6,
				7,
				8,
				9,
				10,
				11,
				12,
				13,
				14,
				15,
				16,
				17,
				18,
				19,
				20,
				21,
				22,
				23,
				24,
				25,
				26,
				27,
				28,
				29,
				30,
				31,
				32,
				33,
				34,
				35,
				36,
				37,
				38,
				39,
				40,
				41,
				42,
				43,
				44,
				45,
				46,
				47,
				48,
				49,
				50,
				51,
				52,
				53,
				54,
				55,
				56,
				57,
				58
			]
		}
	]
}