{
	"credit": "Made with Blockbench",
	"textures": {
		"0": "item/AStaff1",
		"1": "item/AStaff2",
		"2": "item/AStaff3",
		"3": "item/AStaff4",
		"4": "item/AStaff5",
		"7": "item/AStaff6",
		"9": "item/AStaff7"
	},
	"elements": [
		{
			"from": [7.75, 0, -2.25],
			"to": [8.75, 1, 1.75],
			"rotation": {"angle": 45, "axis": "y", "origin": [8.5, 0, 1]},
			"faces": {
				"north": {"uv": [4, 4, 5, 5], "rotation": 90, "texture": "#4"},
				"east": {"uv": [0, 4, 4, 5], "rotation": 180, "texture": "#4"},
				"south": {"uv": [9, 4, 10, 5], "rotation": 270, "texture": "#4"},
				"west": {"uv": [5, 4, 9, 5], "texture": "#4"},
				"up": {"uv": [5, 4, 4, 0], "rotation": 270, "texture": "#4"},
				"down": {"uv": [6, 0, 5, 4], "rotation": 270, "texture": "#4"}
			}
		},
		{
			"from": [9.06066, 0, -1.70711],
			"to": [10.06066, 1, 2.29289],
			"rotation": {"angle": -45, "axis": "y", "origin": [9.56066, 0.5, 0.29289]},
			"faces": {
				"north": {"uv": [4, 4, 5, 5], "rotation": 90, "texture": "#4"},
				"east": {"uv": [0, 4, 4, 5], "rotation": 180, "texture": "#4"},
				"south": {"uv": [9, 4, 10, 5], "rotation": 270, "texture": "#4"},
				"west": {"uv": [5, 4, 9, 5], "texture": "#4"},
				"up": {"uv": [5, 4, 4, 0], "rotation": 270, "texture": "#4"},
				"down": {"uv": [6, 0, 5, 4], "rotation": 270, "texture": "#4"}
			}
		},
		{
			"from": [8, 0, 0.8],
			"to": [9, 1, 23.925],
			"rotation": {"angle": 0, "axis": "y", "origin": [8.5, 0, 1]},
			"faces": {
				"north": {"uv": [0, 0, 1, 1], "texture": "#0"},
				"east": {"uv": [0, 0, 16, 1], "texture": "#0"},
				"south": {"uv": [0, 0, 1, 1], "texture": "#0"},
				"west": {"uv": [0, 0, 16, 1], "texture": "#0"},
				"up": {"uv": [0, 0, 1, 16], "texture": "#0"},
				"down": {"uv": [0, 0, 1, 16], "texture": "#0"}
			}
		},
		{
			"from": [7.75, -0.25, 21],
			"to": [9.25, 1.25, 22],
			"faces": {
				"north": {"uv": [2.5, 7, 7.5, 11.5], "texture": "#1"},
				"east": {"uv": [8.5, 7.5, 13.5, 12], "texture": "#1"},
				"south": {"uv": [3, 3, 9.5, 9], "texture": "#1"},
				"west": {"uv": [4.5, 5.5, 8.5, 10], "texture": "#1"},
				"up": {"uv": [4, 3, 8.5, 7], "texture": "#1"},
				"down": {"uv": [6, 2.5, 10.5, 7], "texture": "#1"}
			}
		},
		{
			"from": [7.75, -0.25, -0.9],
			"to": [9.25, 1.25, 0.1],
			"rotation": {"angle": -45, "axis": "y", "origin": [8.5, 0.5, 1.4]},
			"faces": {
				"north": {"uv": [7.5, 5, 12.5, 10], "texture": "#1"},
				"east": {"uv": [6.5, 8.5, 12.5, 14.5], "texture": "#1"},
				"south": {"uv": [10, 3.5, 15, 9], "texture": "#1"},
				"west": {"uv": [2, 9, 10, 14], "texture": "#1"},
				"up": {"uv": [3.5, 2.5, 8.5, 7], "texture": "#1"},
				"down": {"uv": [6.5, 8.5, 12, 15], "texture": "#1"}
			}
		},
		{
			"from": [7.775, -0.25, -0.9],
			"to": [9.275, 1.25, 0.1],
			"rotation": {"angle": 45, "axis": "y", "origin": [8.5, 0.5, 1.4]},
			"faces": {
				"north": {"uv": [7.5, 2, 9, 3.5], "texture": "#1"},
				"east": {"uv": [7.5, 11, 11.5, 14.5], "texture": "#1"},
				"south": {"uv": [4.5, 7, 9.5, 11], "texture": "#1"},
				"west": {"uv": [10.5, 7.5, 14, 12], "texture": "#1"},
				"up": {"uv": [6.5, 4.5, 12, 9.5], "texture": "#1"},
				"down": {"uv": [4, 4.5, 10.5, 9.5], "texture": "#1"}
			}
		},
		{
			"from": [7.75, -0.25, 19],
			"to": [9.25, 1.25, 20],
			"faces": {
				"north": {"uv": [6.5, 3.5, 13, 8.5], "texture": "#1"},
				"east": {"uv": [4.5, 2.5, 12, 7], "texture": "#1"},
				"south": {"uv": [2.5, 8.5, 8, 14], "texture": "#1"},
				"west": {"uv": [13.5, 2, 9.5, 5.5], "texture": "#1"},
				"up": {"uv": [4, 2, 9, 6.5], "texture": "#1"},
				"down": {"uv": [7.5, 7.5, 14, 13], "texture": "#1"}
			}
		},
		{
			"from": [8.575, 0.4, -7.05],
			"to": [10.3, 0.65, -4.475],
			"rotation": {"angle": 0, "axis": "y", "origin": [6, 0, -6]},
			"faces": {
				"north": {"uv": [0, 0, 1.725, 0.25], "texture": "#9"},
				"east": {"uv": [0, 0, 2.575, 0.25], "texture": "#9"},
				"south": {"uv": [0, 0, 1.725, 0.25], "texture": "#9"},
				"west": {"uv": [0, 0, 2.575, 0.25], "texture": "#9"},
				"up": {"uv": [0, 0, 1.725, 2.575], "texture": "#9"},
				"down": {"uv": [0, 0, 1.725, 2.575], "texture": "#9"}
			}
		},
		{
			"from": [9.775, 0.4, -9.4],
			"to": [11.275, 0.65, -4.475],
			"rotation": {"angle": 22.5, "axis": "y", "origin": [11, 0, -6]},
			"faces": {
				"north": {"uv": [0, 0, 1.5, 0.25], "texture": "#9"},
				"east": {"uv": [0, 0, 4.925, 0.25], "texture": "#9"},
				"south": {"uv": [0, 0, 1.5, 0.25], "texture": "#9"},
				"west": {"uv": [0, 0, 4.925, 0.25], "texture": "#9"},
				"up": {"uv": [0, 0, 1.5, 4.925], "texture": "#9"},
				"down": {"uv": [0, 0, 1.5, 4.925], "texture": "#9"}
			}
		},
		{
			"from": [5.725, 0.4, -9.4],
			"to": [7.225, 0.65, -4.475],
			"rotation": {"angle": -22.5, "axis": "y", "origin": [6, 0, -6]},
			"faces": {
				"north": {"uv": [0, 0, 1.5, 0.25], "texture": "#9"},
				"east": {"uv": [0, 0, 4.925, 0.25], "texture": "#9"},
				"south": {"uv": [0, 0, 1.5, 0.25], "texture": "#9"},
				"west": {"uv": [0, 0, 4.925, 0.25], "texture": "#9"},
				"up": {"uv": [0, 0, 1.5, 4.925], "texture": "#9"},
				"down": {"uv": [0, 0, 1.5, 4.925], "texture": "#9"}
			}
		},
		{
			"from": [8.575, 0.4, -8.7],
			"to": [9.325, 0.65, -6.975],
			"rotation": {"angle": 0, "axis": "y", "origin": [6, 0, -6]},
			"faces": {
				"north": {"uv": [0, 0, 0.75, 0.25], "texture": "#9"},
				"east": {"uv": [0, 0, 1.725, 0.25], "texture": "#9"},
				"south": {"uv": [0, 0, 0.75, 0.25], "texture": "#9"},
				"west": {"uv": [0, 0, 1.725, 0.25], "texture": "#9"},
				"up": {"uv": [0, 0, 0.75, 1.725], "texture": "#9"},
				"down": {"uv": [0, 0, 0.75, 1.725], "texture": "#9"}
			}
		},
		{
			"from": [10.3, 0, -4.5],
			"to": [11.3, 1, -0.75],
			"rotation": {"angle": 0, "axis": "y", "origin": [6, 0, -6]},
			"faces": {
				"north": {"uv": [0, 0, 1, 1], "texture": "#4"},
				"east": {"uv": [0, 0, 3.75, 1], "texture": "#4"},
				"south": {"uv": [0, 0, 1, 1], "texture": "#4"},
				"west": {"uv": [0, 0, 3.75, 1], "texture": "#4"},
				"up": {"uv": [0, 0, 1, 3.75], "texture": "#4"},
				"down": {"uv": [0, 0, 1, 3.75], "texture": "#4"}
			}
		},
		{
			"from": [6.725, 0.4, -7.05],
			"to": [8.45, 0.65, -4.475],
			"rotation": {"angle": 0, "axis": "y", "origin": [6, 0, -6]},
			"faces": {
				"north": {"uv": [0, 0, 1.725, 0.25], "texture": "#9"},
				"east": {"uv": [0, 0, 2.575, 0.25], "texture": "#9"},
				"south": {"uv": [0, 0, 1.725, 0.25], "texture": "#9"},
				"west": {"uv": [0, 0, 2.575, 0.25], "texture": "#9"},
				"up": {"uv": [0, 0, 1.725, 2.575], "texture": "#9"},
				"down": {"uv": [0, 0, 1.725, 2.575], "texture": "#9"}
			}
		},
		{
			"from": [7.7, 0.4, -8.7],
			"to": [8.45, 0.65, -6.975],
			"rotation": {"angle": 0, "axis": "y", "origin": [6, 0, -6]},
			"faces": {
				"north": {"uv": [0, 0, 0.75, 0.25], "texture": "#9"},
				"east": {"uv": [0, 0, 1.725, 0.25], "texture": "#9"},
				"south": {"uv": [0, 0, 0.75, 0.25], "texture": "#9"},
				"west": {"uv": [0, 0, 1.725, 0.25], "texture": "#9"},
				"up": {"uv": [0, 0, 0.75, 1.725], "texture": "#9"},
				"down": {"uv": [0, 0, 0.75, 1.725], "texture": "#9"}
			}
		},
		{
			"from": [5.7, 0, -4.5],
			"to": [6.7, 1, -0.75],
			"rotation": {"angle": 0, "axis": "y", "origin": [6, 0, -6]},
			"faces": {
				"north": {"uv": [0, 0, 1, 1], "texture": "#4"},
				"east": {"uv": [0, 0, 3.75, 1], "texture": "#4"},
				"south": {"uv": [0, 0, 1, 1], "texture": "#4"},
				"west": {"uv": [0, 0, 3.75, 1], "texture": "#4"},
				"up": {"uv": [0, 0, 1, 3.75], "texture": "#4"},
				"down": {"uv": [0, 0, 1, 3.75], "texture": "#4"}
			}
		},
		{
			"from": [9.3, 0.475, -5.675],
			"to": [9.55, 0.725, -3.825],
			"rotation": {"angle": -22.5, "axis": "y", "origin": [7.55, 0.55, -4]},
			"faces": {
				"north": {"uv": [0, 0, 0.25, 0.25], "texture": "#9"},
				"east": {"uv": [0, 0, 1.85, 0.25], "texture": "#9"},
				"south": {"uv": [0, 0, 0.25, 0.25], "texture": "#9"},
				"west": {"uv": [0, 0, 1.85, 0.25], "texture": "#9"},
				"up": {"uv": [0, 0, 0.25, 1.85], "texture": "#9"},
				"down": {"uv": [0, 0, 0.25, 1.85], "texture": "#9"}
			}
		},
		{
			"from": [9.775, 0.325, -7.275],
			"to": [10.7, 0.725, -4.475],
			"rotation": {"angle": 22.5, "axis": "y", "origin": [11, 0, -6]},
			"faces": {
				"north": {"uv": [0, 0, 0.925, 0.4], "texture": "#9"},
				"east": {"uv": [0, 0, 2.8, 0.4], "texture": "#9"},
				"south": {"uv": [0, 0, 0.925, 0.4], "texture": "#9"},
				"west": {"uv": [0, 0, 2.8, 0.4], "texture": "#9"},
				"up": {"uv": [0, 0, 0.925, 2.8], "texture": "#9"},
				"down": {"uv": [0, 0, 0.925, 2.8], "texture": "#9"}
			}
		},
		{
			"from": [6.325, 0.325, -7.25],
			"to": [7.25, 0.725, -4.475],
			"rotation": {"angle": -22.5, "axis": "y", "origin": [6, 0, -6]},
			"faces": {
				"north": {"uv": [0, 0, 0.925, 0.4], "texture": "#9"},
				"east": {"uv": [0, 0, 2.775, 0.4], "texture": "#9"},
				"south": {"uv": [0, 0, 0.925, 0.4], "texture": "#9"},
				"west": {"uv": [0, 0, 2.775, 0.4], "texture": "#9"},
				"up": {"uv": [0, 0, 0.925, 2.775], "texture": "#9"},
				"down": {"uv": [0, 0, 0.925, 2.775], "texture": "#9"}
			}
		},
		{
			"from": [6.725, 0.475, -7.025],
			"to": [8.375, 0.725, -4.475],
			"rotation": {"angle": 0, "axis": "y", "origin": [6, 0, -6]},
			"faces": {
				"north": {"uv": [0, 0, 1.65, 0.25], "texture": "#9"},
				"east": {"uv": [0, 0, 2.55, 0.25], "texture": "#9"},
				"south": {"uv": [0, 0, 1.65, 0.25], "texture": "#9"},
				"west": {"uv": [0, 0, 2.55, 0.25], "texture": "#9"},
				"up": {"uv": [0, 0, 1.65, 2.55], "texture": "#9"},
				"down": {"uv": [0, 0, 1.65, 2.55], "texture": "#9"}
			}
		},
		{
			"from": [6.725, 0.325, -7.05],
			"to": [8.45, 0.575, -4.475],
			"rotation": {"angle": 0, "axis": "y", "origin": [6, 0, -6]},
			"faces": {
				"north": {"uv": [0, 0, 1.725, 0.25], "texture": "#9"},
				"east": {"uv": [0, 0, 2.575, 0.25], "texture": "#9"},
				"south": {"uv": [0, 0, 1.725, 0.25], "texture": "#9"},
				"west": {"uv": [0, 0, 2.575, 0.25], "texture": "#9"},
				"up": {"uv": [0, 0, 1.725, 2.575], "texture": "#9"},
				"down": {"uv": [0, 0, 1.725, 2.575], "texture": "#9"}
			}
		},
		{
			"from": [8.65, 0.475, -7.05],
			"to": [10.3, 0.725, -4.475],
			"rotation": {"angle": 0, "axis": "y", "origin": [6, 0, -6]},
			"faces": {
				"north": {"uv": [0, 0, 1.65, 0.25], "texture": "#9"},
				"east": {"uv": [0, 0, 2.575, 0.25], "texture": "#9"},
				"south": {"uv": [0, 0, 1.65, 0.25], "texture": "#9"},
				"west": {"uv": [0, 0, 2.575, 0.25], "texture": "#9"},
				"up": {"uv": [0, 0, 1.65, 2.575], "texture": "#9"},
				"down": {"uv": [0, 0, 1.65, 2.575], "texture": "#9"}
			}
		},
		{
			"from": [8.575, 0.325, -7.05],
			"to": [10.3, 0.575, -4.475],
			"rotation": {"angle": 0, "axis": "y", "origin": [6, 0, -6]},
			"faces": {
				"north": {"uv": [0, 0, 1.725, 0.25], "texture": "#9"},
				"east": {"uv": [0, 0, 2.575, 0.25], "texture": "#9"},
				"south": {"uv": [0, 0, 1.725, 0.25], "texture": "#9"},
				"west": {"uv": [0, 0, 2.575, 0.25], "texture": "#9"},
				"up": {"uv": [0, 0, 1.725, 2.575], "texture": "#9"},
				"down": {"uv": [0, 0, 1.725, 2.575], "texture": "#9"}
			}
		},
		{
			"from": [7.75, -0.4, -3.25],
			"to": [9.25, 1.1, -1.75],
			"faces": {
				"north": {"uv": [6, 4.5, 14, 11.5], "texture": "#2"},
				"east": {"uv": [1, 7.5, 6, 13.5], "texture": "#2"},
				"south": {"uv": [8, 9, 14.5, 15], "texture": "#2"},
				"west": {"uv": [7, 4.5, 13, 10.5], "texture": "#2"},
				"up": {"uv": [1, 1, 7, 6], "texture": "#2"},
				"down": {"uv": [4.5, 1.5, 13.5, 8], "texture": "#2"}
			}
		},
		{
			"from": [7.95, -0.4, -3.125],
			"to": [9.45, 0.85, -1.875],
			"faces": {
				"north": {"uv": [6, 4.5, 14, 11.25], "texture": "#2"},
				"east": {"uv": [1, 7.5, 5.75, 13.25], "texture": "#2"},
				"south": {"uv": [8, 9, 14.5, 14.75], "texture": "#2"},
				"west": {"uv": [7, 4.5, 12.75, 10.25], "texture": "#2"},
				"up": {"uv": [1, 1, 7, 5.75], "texture": "#2"},
				"down": {"uv": [4.5, 1.5, 13.5, 7.75], "texture": "#2"}
			}
		},
		{
			"from": [7.55, -0.4, -3.125],
			"to": [9.05, 0.85, -1.875],
			"faces": {
				"north": {"uv": [6, 4.5, 14, 11.25], "texture": "#2"},
				"east": {"uv": [1, 7.5, 5.75, 13.25], "texture": "#2"},
				"south": {"uv": [8, 9, 14.5, 14.75], "texture": "#2"},
				"west": {"uv": [7, 4.5, 12.75, 10.25], "texture": "#2"},
				"up": {"uv": [1, 1, 7, 5.75], "texture": "#2"},
				"down": {"uv": [4.5, 1.5, 13.5, 7.75], "texture": "#2"}
			}
		},
		{
			"from": [7.875, -0.4, -3.05],
			"to": [9.125, 0.85, -1.55],
			"faces": {
				"north": {"uv": [6, 4.5, 13.75, 11.25], "texture": "#2"},
				"east": {"uv": [1, 7.5, 6, 13.25], "texture": "#2"},
				"south": {"uv": [8, 9, 14.25, 14.75], "texture": "#2"},
				"west": {"uv": [7, 4.5, 13, 10.25], "texture": "#2"},
				"up": {"uv": [1, 1, 6.75, 6], "texture": "#2"},
				"down": {"uv": [4.5, 1.5, 13.25, 8], "texture": "#2"}
			}
		},
		{
			"from": [7.875, -0.4, -3.45],
			"to": [9.125, 0.85, -1.95],
			"faces": {
				"north": {"uv": [6, 4.5, 13.75, 11.25], "texture": "#2"},
				"east": {"uv": [1, 7.5, 6, 13.25], "texture": "#2"},
				"south": {"uv": [8, 9, 14.25, 14.75], "texture": "#2"},
				"west": {"uv": [7, 4.5, 13, 10.25], "texture": "#2"},
				"up": {"uv": [1, 1, 6.75, 6], "texture": "#2"},
				"down": {"uv": [4.5, 1.5, 13.25, 8], "texture": "#2"}
			}
		},
		{
			"from": [7.875, -0.45, -3.125],
			"to": [9.125, 1.3, -1.875],
			"faces": {
				"north": {"uv": [6, 4.5, 13.75, 11.75], "texture": "#2"},
				"east": {"uv": [1, 7.5, 5.75, 13.75], "texture": "#2"},
				"south": {"uv": [8, 9, 14.25, 15.25], "texture": "#2"},
				"west": {"uv": [7, 4.5, 12.75, 10.75], "texture": "#2"},
				"up": {"uv": [1, 1, 6.75, 5.75], "texture": "#2"},
				"down": {"uv": [4.5, 1.5, 13.25, 7.75], "texture": "#2"}
			}
		},
		{
			"from": [7.875, -0.6, -3.125],
			"to": [9.125, 1.15, -1.875],
			"faces": {
				"north": {"uv": [6, 4.5, 13.75, 11.75], "texture": "#2"},
				"east": {"uv": [1, 7.5, 5.75, 13.75], "texture": "#2"},
				"south": {"uv": [8, 9, 14.25, 15.25], "texture": "#2"},
				"west": {"uv": [7, 4.5, 12.75, 10.75], "texture": "#2"},
				"up": {"uv": [1, 1, 6.75, 5.75], "texture": "#2"},
				"down": {"uv": [4.5, 1.5, 13.25, 7.75], "texture": "#2"}
			}
		},
		{
			"from": [6.625, 3.725, -2.75],
			"to": [10.625, 4.225, -2.25],
			"rotation": {"angle": 0, "axis": "y", "origin": [0, 0.425, 0]},
			"faces": {
				"north": {"uv": [0, 0, 4, 0.5], "texture": "#7"},
				"east": {"uv": [0, 0, 0.5, 0.5], "texture": "#7"},
				"south": {"uv": [0, 0, 4, 0.5], "texture": "#7"},
				"west": {"uv": [0, 0, 0.5, 0.5], "texture": "#7"},
				"up": {"uv": [0, 0, 4, 0.5], "texture": "#7"},
				"down": {"uv": [0, 0, 4, 0.5], "texture": "#7"}
			}
		},
		{
			"from": [6.625, -3.375, -2.75],
			"to": [10.625, -2.875, -2.25],
			"rotation": {"angle": 0, "axis": "y", "origin": [0, 0.425, 0]},
			"faces": {
				"north": {"uv": [0, 0, 4, 0.5], "texture": "#7"},
				"east": {"uv": [0, 0, 0.5, 0.5], "texture": "#7"},
				"south": {"uv": [0, 0, 4, 0.5], "texture": "#7"},
				"west": {"uv": [0, 0, 0.5, 0.5], "texture": "#7"},
				"up": {"uv": [0, 0, 4, 0.5], "texture": "#7"},
				"down": {"uv": [0, 0, 4, 0.5], "texture": "#7"}
			}
		},
		{
			"from": [5.425, 4.05, -2.75],
			"to": [7, 4.55, -2.25],
			"rotation": {"angle": 22.5, "axis": "z", "origin": [7.625, 3.475, -2.5]},
			"faces": {
				"north": {"uv": [0, 0, 1.575, 0.5], "texture": "#7"},
				"east": {"uv": [0, 0, 0.5, 0.5], "texture": "#7"},
				"south": {"uv": [0, 0, 1.575, 0.5], "texture": "#7"},
				"west": {"uv": [0, 0, 0.5, 0.5], "texture": "#7"},
				"up": {"uv": [0, 0, 1.575, 0.5], "texture": "#7"},
				"down": {"uv": [0, 0, 1.575, 0.5], "texture": "#7"}
			}
		},
		{
			"from": [7.6, -3.975, -2.75],
			"to": [9.175, -3.475, -2.25],
			"rotation": {"angle": 22.5, "axis": "z", "origin": [7.625, 3.475, -2.5]},
			"faces": {
				"north": {"uv": [0, 0, 1.575, 0.5], "texture": "#7"},
				"east": {"uv": [0, 0, 0.5, 0.5], "texture": "#7"},
				"south": {"uv": [0, 0, 1.575, 0.5], "texture": "#7"},
				"west": {"uv": [0, 0, 0.5, 0.5], "texture": "#7"},
				"up": {"uv": [0, 0, 1.575, 0.5], "texture": "#7"},
				"down": {"uv": [0, 0, 1.575, 0.5], "texture": "#7"}
			}
		},
		{
			"from": [4.475, 4.8, -2.75],
			"to": [6.05, 5.3, -2.25],
			"rotation": {"angle": 45, "axis": "z", "origin": [7.625, 3.475, -2.5]},
			"faces": {
				"north": {"uv": [0, 0, 1.575, 0.5], "texture": "#7"},
				"east": {"uv": [0, 0, 0.5, 0.5], "texture": "#7"},
				"south": {"uv": [0, 0, 1.575, 0.5], "texture": "#7"},
				"west": {"uv": [0, 0, 0.5, 0.5], "texture": "#7"},
				"up": {"uv": [0, 0, 1.575, 0.5], "texture": "#7"},
				"down": {"uv": [0, 0, 1.575, 0.5], "texture": "#7"}
			}
		},
		{
			"from": [6.225, -4, -2.75],
			"to": [7.8, -3.5, -2.25],
			"rotation": {"angle": 45, "axis": "z", "origin": [7.625, 3.475, -2.5]},
			"faces": {
				"north": {"uv": [0, 0, 1.575, 0.5], "texture": "#7"},
				"east": {"uv": [0, 0, 0.5, 0.5], "texture": "#7"},
				"south": {"uv": [0, 0, 1.575, 0.5], "texture": "#7"},
				"west": {"uv": [0, 0, 0.5, 0.5], "texture": "#7"},
				"up": {"uv": [0, 0, 1.575, 0.5], "texture": "#7"},
				"down": {"uv": [0, 0, 1.575, 0.5], "texture": "#7"}
			}
		},
		{
			"from": [4.75, -0.275, -2.75],
			"to": [5.25, 1.3, -2.25],
			"rotation": {"angle": -22.5, "axis": "z", "origin": [7.625, 3.475, -2.5]},
			"faces": {
				"north": {"uv": [0, 0, 1.575, 0.5], "rotation": 90, "texture": "#7"},
				"east": {"uv": [0, 0, 1.575, 0.5], "rotation": 270, "texture": "#7"},
				"south": {"uv": [0, 0, 1.575, 0.5], "rotation": 270, "texture": "#7"},
				"west": {"uv": [0, 0, 1.575, 0.5], "rotation": 270, "texture": "#7"},
				"up": {"uv": [0, 0, 0.5, 0.5], "rotation": 270, "texture": "#7"},
				"down": {"uv": [0, 0, 0.5, 0.5], "rotation": 270, "texture": "#7"}
			}
		},
		{
			"from": [14.1, 0.725, -2.75],
			"to": [14.6, 2.3, -2.25],
			"rotation": {"angle": -22.5, "axis": "z", "origin": [7.625, 3.475, -2.5]},
			"faces": {
				"north": {"uv": [0, 0, 1.575, 0.5], "rotation": 90, "texture": "#7"},
				"east": {"uv": [0, 0, 1.575, 0.5], "rotation": 270, "texture": "#7"},
				"south": {"uv": [0, 0, 1.575, 0.5], "rotation": 270, "texture": "#7"},
				"west": {"uv": [0, 0, 1.575, 0.5], "rotation": 270, "texture": "#7"},
				"up": {"uv": [0, 0, 0.5, 0.5], "rotation": 270, "texture": "#7"},
				"down": {"uv": [0, 0, 0.5, 0.5], "rotation": 270, "texture": "#7"}
			}
		},
		{
			"from": [3.55, -0.325, -2.75],
			"to": [4.05, 1.25, -2.25],
			"rotation": {"angle": 0, "axis": "y", "origin": [7.625, 3.475, -2.5]},
			"faces": {
				"north": {"uv": [0, 0, 1.575, 0.5], "rotation": 90, "texture": "#7"},
				"east": {"uv": [0, 0, 1.575, 0.5], "rotation": 270, "texture": "#7"},
				"south": {"uv": [0, 0, 1.575, 0.5], "rotation": 270, "texture": "#7"},
				"west": {"uv": [0, 0, 1.575, 0.5], "rotation": 270, "texture": "#7"},
				"up": {"uv": [0, 0, 0.5, 0.5], "rotation": 270, "texture": "#7"},
				"down": {"uv": [0, 0, 0.5, 0.5], "rotation": 270, "texture": "#7"}
			}
		},
		{
			"from": [13.125, -0.325, -2.75],
			"to": [13.625, 1.25, -2.25],
			"rotation": {"angle": 0, "axis": "y", "origin": [7.625, 3.475, -2.5]},
			"faces": {
				"north": {"uv": [0, 0, 1.575, 0.5], "rotation": 90, "texture": "#7"},
				"east": {"uv": [0, 0, 1.575, 0.5], "rotation": 270, "texture": "#7"},
				"south": {"uv": [0, 0, 1.575, 0.5], "rotation": 270, "texture": "#7"},
				"west": {"uv": [0, 0, 1.575, 0.5], "rotation": 270, "texture": "#7"},
				"up": {"uv": [0, 0, 0.5, 0.5], "rotation": 270, "texture": "#7"},
				"down": {"uv": [0, 0, 0.5, 0.5], "rotation": 270, "texture": "#7"}
			}
		},
		{
			"from": [11.8, -0.975, -2.75],
			"to": [12.3, 0.6, -2.25],
			"rotation": {"angle": 22.5, "axis": "z", "origin": [7.625, 3.475, -2.5]},
			"faces": {
				"north": {"uv": [0, 0, 1.575, 0.5], "rotation": 90, "texture": "#7"},
				"east": {"uv": [0, 0, 1.575, 0.5], "rotation": 270, "texture": "#7"},
				"south": {"uv": [0, 0, 1.575, 0.5], "rotation": 270, "texture": "#7"},
				"west": {"uv": [0, 0, 1.575, 0.5], "rotation": 270, "texture": "#7"},
				"up": {"uv": [0, 0, 0.5, 0.5], "rotation": 270, "texture": "#7"},
				"down": {"uv": [0, 0, 0.5, 0.5], "rotation": 270, "texture": "#7"}
			}
		},
		{
			"from": [2.425, 0, -2.75],
			"to": [2.925, 1.575, -2.25],
			"rotation": {"angle": 22.5, "axis": "z", "origin": [7.625, 3.475, -2.5]},
			"faces": {
				"north": {"uv": [0, 0, 1.575, 0.5], "rotation": 90, "texture": "#7"},
				"east": {"uv": [0, 0, 1.575, 0.5], "rotation": 270, "texture": "#7"},
				"south": {"uv": [0, 0, 1.575, 0.5], "rotation": 270, "texture": "#7"},
				"west": {"uv": [0, 0, 1.575, 0.5], "rotation": 270, "texture": "#7"},
				"up": {"uv": [0, 0, 0.5, 0.5], "rotation": 270, "texture": "#7"},
				"down": {"uv": [0, 0, 0.5, 0.5], "rotation": 270, "texture": "#7"}
			}
		},
		{
			"from": [10.525, 6.175, -2.75],
			"to": [12.1, 6.675, -2.25],
			"rotation": {"angle": -45, "axis": "z", "origin": [7.625, 3.475, -2.5]},
			"faces": {
				"north": {"uv": [0, 0, 1.575, 0.5], "texture": "#7"},
				"east": {"uv": [0, 0, 0.5, 0.5], "texture": "#7"},
				"south": {"uv": [0, 0, 1.575, 0.5], "texture": "#7"},
				"west": {"uv": [0, 0, 0.5, 0.5], "texture": "#7"},
				"up": {"uv": [0, 0, 1.575, 0.5], "texture": "#7"},
				"down": {"uv": [0, 0, 1.575, 0.5], "texture": "#7"}
			}
		},
		{
			"from": [8.8, -2.65, -2.75],
			"to": [10.375, -2.15, -2.25],
			"rotation": {"angle": -45, "axis": "z", "origin": [7.625, 3.475, -2.5]},
			"faces": {
				"north": {"uv": [0, 0, 1.575, 0.5], "texture": "#7"},
				"east": {"uv": [0, 0, 0.5, 0.5], "texture": "#7"},
				"south": {"uv": [0, 0, 1.575, 0.5], "texture": "#7"},
				"west": {"uv": [0, 0, 0.5, 0.5], "texture": "#7"},
				"up": {"uv": [0, 0, 1.575, 0.5], "texture": "#7"},
				"down": {"uv": [0, 0, 1.575, 0.5], "texture": "#7"}
			}
		},
		{
			"from": [10.075, 4.8, -2.75],
			"to": [11.65, 5.3, -2.25],
			"rotation": {"angle": -22.5, "axis": "z", "origin": [7.625, 3.475, -2.5]},
			"faces": {
				"north": {"uv": [0, 0, 1.575, 0.5], "texture": "#7"},
				"east": {"uv": [0, 0, 0.5, 0.5], "texture": "#7"},
				"south": {"uv": [0, 0, 1.575, 0.5], "texture": "#7"},
				"west": {"uv": [0, 0, 0.5, 0.5], "texture": "#7"},
				"up": {"uv": [0, 0, 1.575, 0.5], "texture": "#7"},
				"down": {"uv": [0, 0, 1.575, 0.5], "texture": "#7"}
			}
		},
		{
			"from": [7.75, -3.225, -2.75],
			"to": [9.325, -2.725, -2.25],
			"rotation": {"angle": -22.5, "axis": "z", "origin": [7.625, 3.475, -2.5]},
			"faces": {
				"north": {"uv": [0, 0, 1.575, 0.5], "texture": "#7"},
				"east": {"uv": [0, 0, 0.5, 0.5], "texture": "#7"},
				"south": {"uv": [0, 0, 1.575, 0.5], "texture": "#7"},
				"west": {"uv": [0, 0, 0.5, 0.5], "texture": "#7"},
				"up": {"uv": [0, 0, 1.575, 0.5], "texture": "#7"},
				"down": {"uv": [0, 0, 1.575, 0.5], "texture": "#7"}
			}
		},
		{
			"from": [7.5, -0.4, 24.125],
			"to": [9.5, 1.6, 26.125],
			"faces": {
				"north": {"uv": [3, 4, 16, 15.5], "texture": "#3"},
				"east": {"uv": [3.5, 4, 15.5, 14.5], "texture": "#3"},
				"south": {"uv": [3, 4, 15.5, 15], "texture": "#3"},
				"west": {"uv": [3, 3.75, 16, 15.75], "texture": "#3"},
				"up": {"uv": [3.5, 4.5, 14.5, 14.5], "texture": "#3"},
				"down": {"uv": [2.5, 3.5, 16, 15.5], "texture": "#3"}
			}
		},
		{
			"from": [7.7, -0.4, 24.25],
			"to": [9.7, 1.35, 26],
			"faces": {
				"north": {"uv": [3, 4, 16, 15.25], "texture": "#3"},
				"east": {"uv": [3.5, 4, 15.25, 14.25], "texture": "#3"},
				"south": {"uv": [3, 4, 15.5, 14.75], "texture": "#3"},
				"west": {"uv": [3, 3.75, 15.75, 15.5], "texture": "#3"},
				"up": {"uv": [3.5, 4.5, 14.5, 14.25], "texture": "#3"},
				"down": {"uv": [2.5, 3.5, 16, 15.25], "texture": "#3"}
			}
		},
		{
			"from": [7.3, -0.4, 24.25],
			"to": [9.3, 1.35, 26],
			"faces": {
				"north": {"uv": [3, 4, 16, 15.25], "texture": "#3"},
				"east": {"uv": [3.5, 4, 15.25, 14.25], "texture": "#3"},
				"south": {"uv": [3, 4, 15.5, 14.75], "texture": "#3"},
				"west": {"uv": [3, 3.75, 15.75, 15.5], "texture": "#3"},
				"up": {"uv": [3.5, 4.5, 14.5, 14.25], "texture": "#3"},
				"down": {"uv": [2.5, 3.5, 16, 15.25], "texture": "#3"}
			}
		},
		{
			"from": [7.625, -0.4, 24.325],
			"to": [9.375, 1.35, 26.325],
			"faces": {
				"north": {"uv": [3, 4, 15.75, 15.25], "texture": "#3"},
				"east": {"uv": [3.5, 4, 15.5, 14.25], "texture": "#3"},
				"south": {"uv": [3, 4, 15.25, 14.75], "texture": "#3"},
				"west": {"uv": [3, 3.75, 16, 15.5], "texture": "#3"},
				"up": {"uv": [3.5, 4.5, 14.25, 14.5], "texture": "#3"},
				"down": {"uv": [2.5, 3.5, 15.75, 15.5], "texture": "#3"}
			}
		},
		{
			"from": [7.625, -0.4, 23.925],
			"to": [9.375, 1.35, 25.925],
			"faces": {
				"north": {"uv": [3, 4, 15.75, 15.25], "texture": "#3"},
				"east": {"uv": [3.5, 4, 15.5, 14.25], "texture": "#3"},
				"south": {"uv": [3, 4, 15.25, 14.75], "texture": "#3"},
				"west": {"uv": [3, 3.75, 16, 15.5], "texture": "#3"},
				"up": {"uv": [3.5, 4.5, 14.25, 14.5], "texture": "#3"},
				"down": {"uv": [2.5, 3.5, 15.75, 15.5], "texture": "#3"}
			}
		},
		{
			"from": [7.625, -0.45, 24.25],
			"to": [9.375, 1.8, 26],
			"faces": {
				"north": {"uv": [3, 4, 15.75, 15.75], "texture": "#3"},
				"east": {"uv": [3.5, 4, 15.25, 14.75], "texture": "#3"},
				"south": {"uv": [3, 4, 15.25, 15.25], "texture": "#3"},
				"west": {"uv": [3, 3.75, 15.75, 16], "texture": "#3"},
				"up": {"uv": [3.5, 4.5, 14.25, 14.25], "texture": "#3"},
				"down": {"uv": [2.5, 3.5, 15.75, 15.25], "texture": "#3"}
			}
		},
		{
			"from": [7.625, -0.6, 24.25],
			"to": [9.375, 1.65, 26],
			"faces": {
				"north": {"uv": [3, 4, 15.75, 15.75], "texture": "#3"},
				"east": {"uv": [3.5, 4, 15.25, 14.75], "texture": "#3"},
				"south": {"uv": [3, 4, 15.25, 15.25], "texture": "#3"},
				"west": {"uv": [3, 3.75, 15.75, 16], "texture": "#3"},
				"up": {"uv": [3.5, 4.5, 14.25, 14.25], "texture": "#3"},
				"down": {"uv": [2.5, 3.5, 15.75, 15.25], "texture": "#3"}
			}
		},
		{
			"from": [7.85, -0.05, -1.65],
			"to": [9.15, 1.05, 1.1],
			"rotation": {"angle": -45, "axis": "y", "origin": [8.5, 0.5, 1.4]},
			"faces": {
				"north": {"uv": [0, 0, 1.3, 1.1], "texture": "#4"},
				"east": {"uv": [0, 0, 2.75, 1.1], "texture": "#4"},
				"south": {"uv": [0, 0, 1.3, 1.1], "texture": "#4"},
				"west": {"uv": [0, 0, 2.75, 1.1], "texture": "#4"},
				"up": {"uv": [0, 0, 1.3, 2.75], "texture": "#4"},
				"down": {"uv": [0, 0, 1.3, 2.75], "texture": "#4"}
			}
		},
		{
			"from": [7.56746, -0.05, -2.64246],
			"to": [8.86746, 1.05, 0.35754],
			"rotation": {"angle": 45, "axis": "y", "origin": [9.24246, 0.5, 0.65754]},
			"faces": {
				"north": {"uv": [0, 0, 1.3, 1.1], "texture": "#4"},
				"east": {"uv": [0, 0, 3, 1.1], "texture": "#4"},
				"south": {"uv": [0, 0, 1.3, 1.1], "texture": "#4"},
				"west": {"uv": [0, 0, 3, 1.1], "texture": "#4"},
				"up": {"uv": [0, 0, 1.3, 3], "texture": "#4"},
				"down": {"uv": [0, 0, 1.3, 3], "texture": "#4"}
			}
		}
	],
	"display": {
		"thirdperson_righthand": {
			"rotation": [125, 0, 90],
			"translation": [-7.5, 5.25, 5]
		},
		"thirdperson_lefthand": {
			"rotation": [120, 0, 90],
			"translation": [-7.5, 5.25, 5.25]
		},
		"firstperson_righthand": {
			"rotation": [75, 0, 90],
			"translation": [-6, -0.5, 0.5]
		},
		"firstperson_lefthand": {
			"rotation": [75, 0, 90],
			"translation": [-4.5, 0, 0]
		},
		"ground": {
			"translation": [0, 6.25, 0]
		},
		"gui": {
			"rotation": [90, -45, 0],
			"translation": [-0.75, -0.25, 0],
			"scale": [0.75, 0.75, 0.75]
		},
		"head": {
			"rotation": [90, -56, 0],
			"translation": [0, -12.25, 14],
			"scale": [1.25, 1.25, 1.25]
		},
		"fixed": {
			"rotation": [90, 0, 0],
			"translation": [0, 0, 7]
		}
	},
	"groups": [
		0,
		1,
		2,
		{
			"name": "group",
			"origin": [8, 8, 8],
			"color": 0,
			"children": [3, 4, 5, 6]
		},
		{
			"name": "group",
			"origin": [11, 0, -5],
			"color": 0,
			"children": [
				7,
				8,
				9,
				10,
				11,
				12,
				13,
				14,
				15,
				{
					"name": "Upper",
					"origin": [6, 0, -6],
					"color": 0,
					"children": [16, 17, 18, 19, 20, 21]
				}
			]
		},
		{
			"name": "group",
			"origin": [0, 0, 0],
			"color": 0,
			"children": [22, 23, 24, 25, 26, 27, 28]
		},
		{
			"name": "Ring",
			"origin": [8, 8, 8],
			"color": 0,
			"children": [29, 30, 31, 32, 33, 34, 35, 36, 37, 38, 39, 40, 41, 42, 43, 44]
		},
		{
			"name": "group",
			"origin": [0, 0, 0],
			"color": 0,
			"children": [45, 46, 47, 48, 49, 50, 51]
		},
		{
			"name": "group",
			"origin": [9.24246, 0.5, 0.65754],
			"color": 0,
			"children": [52, 53]
		}
	]
}