{
	"credit": "Made with Blockbench",
	"texture_size": [32, 32],
	"textures": {
		"0": "item/archer_hood",
		"particle": "item/archer_hood"
	},
	"elements": [
		{
			"from": [5.5, 0, 0],
			"to": [6, 3.5, 4],
			"rotation": {"angle": -22.5, "axis": "x", "origin": [0, 0, 0]},
			"faces": {
				"north": {"uv": [9, 2, 9.25, 3.75], "texture": "#0"},
				"east": {"uv": [0, 0, 2, 1.75], "texture": "#0"},
				"south": {"uv": [4.5, 9, 4.75, 10.75], "texture": "#0"},
				"west": {"uv": [0, 2, 2, 3.75], "texture": "#0"},
				"up": {"uv": [7.75, 10, 7.5, 8], "texture": "#0"},
				"down": {"uv": [8.25, 8, 8, 10], "texture": "#0"}
			}
		},
		{
			"from": [6, 1.25, 1],
			"to": [6.5, 4.75, 4],
			"faces": {
				"north": {"uv": [5, 9, 5.25, 10.75], "texture": "#0"},
				"east": {"uv": [0, 4, 1.5, 5.75], "texture": "#0"},
				"south": {"uv": [5.5, 9, 5.75, 10.75], "texture": "#0"},
				"west": {"uv": [4, 0, 5.5, 1.75], "texture": "#0"},
				"up": {"uv": [9.25, 10.5, 9, 9], "texture": "#0"},
				"down": {"uv": [0.25, 9.5, 0, 11], "texture": "#0"}
			}
		},
		{
			"from": [6, 0, 0],
			"to": [6.5, 1.25, 4],
			"faces": {
				"north": {"uv": [7, 2, 7.25, 2.625], "texture": "#0"},
				"east": {"uv": [3.5, 7.5, 5.5, 8.125], "texture": "#0"},
				"south": {"uv": [9, 0.5, 9.25, 1.125], "texture": "#0"},
				"west": {"uv": [7.5, 4, 9.5, 4.625], "texture": "#0"},
				"up": {"uv": [1.25, 10.5, 1, 8.5], "texture": "#0"},
				"down": {"uv": [1.75, 8.5, 1.5, 10.5], "texture": "#0"}
			}
		},
		{
			"from": [9.5, 0, 0],
			"to": [10, 1.25, 4],
			"rotation": {"angle": 0, "axis": "x", "origin": [16, 0, 0]},
			"faces": {
				"north": {"uv": [2.5, 10, 2.75, 10.625], "texture": "#0"},
				"east": {"uv": [7.5, 5, 9.5, 5.625], "texture": "#0"},
				"south": {"uv": [3, 10, 3.25, 10.625], "texture": "#0"},
				"west": {"uv": [7.5, 6, 9.5, 6.625], "texture": "#0"},
				"up": {"uv": [2.25, 10.5, 2, 8.5], "texture": "#0"},
				"down": {"uv": [8.75, 2, 8.5, 4], "texture": "#0"}
			}
		},
		{
			"from": [9.5, 1.25, 1],
			"to": [10, 4.75, 4],
			"rotation": {"angle": 0, "axis": "x", "origin": [16, 0, 0]},
			"faces": {
				"north": {"uv": [6, 9, 6.25, 10.75], "texture": "#0"},
				"east": {"uv": [1.5, 4, 3, 5.75], "texture": "#0"},
				"south": {"uv": [6.5, 9, 6.75, 10.75], "texture": "#0"},
				"west": {"uv": [4, 2, 5.5, 3.75], "texture": "#0"},
				"up": {"uv": [0.75, 11, 0.5, 9.5], "texture": "#0"},
				"down": {"uv": [9.75, 0.5, 9.5, 2], "texture": "#0"}
			}
		},
		{
			"from": [6.5, 4.25, 1],
			"to": [9.5, 4.75, 4],
			"rotation": {"angle": 0, "axis": "x", "origin": [16, 0, 0]},
			"faces": {
				"north": {"uv": [9.5, 2, 11, 2.25], "texture": "#0"},
				"east": {"uv": [9.5, 2.5, 11, 2.75], "texture": "#0"},
				"south": {"uv": [9.5, 3, 11, 3.25], "texture": "#0"},
				"west": {"uv": [9.5, 3.5, 11, 3.75], "texture": "#0"},
				"up": {"uv": [7, 1.5, 5.5, 0], "texture": "#0"},
				"down": {"uv": [7, 1.5, 5.5, 3], "texture": "#0"}
			}
		},
		{
			"from": [7, 4.75, 2],
			"to": [9, 5.25, 4],
			"rotation": {"angle": 0, "axis": "x", "origin": [16, 0, 0]},
			"faces": {
				"north": {"uv": [2.5, 9.5, 3.5, 9.75], "texture": "#0"},
				"east": {"uv": [9.5, 5, 10.5, 5.25], "texture": "#0"},
				"south": {"uv": [9.5, 5.5, 10.5, 5.75], "texture": "#0"},
				"west": {"uv": [9.5, 6, 10.5, 6.25], "texture": "#0"},
				"up": {"uv": [6.5, 8.5, 5.5, 7.5], "texture": "#0"},
				"down": {"uv": [8.5, 7, 7.5, 8], "texture": "#0"}
			}
		},
		{
			"from": [6.5, 0, 3.5],
			"to": [9.5, 1, 4],
			"rotation": {"angle": 0, "axis": "x", "origin": [16, 0, 0]},
			"faces": {
				"north": {"uv": [1, 8, 2.5, 8.5], "texture": "#0"},
				"east": {"uv": [7.5, 10, 7.75, 10.5], "texture": "#0"},
				"south": {"uv": [8, 1.5, 9.5, 2], "texture": "#0"},
				"west": {"uv": [8, 10, 8.25, 10.5], "texture": "#0"},
				"up": {"uv": [11, 4.25, 9.5, 4], "texture": "#0"},
				"down": {"uv": [11, 4.5, 9.5, 4.75], "texture": "#0"}
			}
		},
		{
			"from": [10, 0, 0],
			"to": [10.5, 3.5, 4],
			"rotation": {"angle": -22.5, "axis": "x", "origin": [16, 0, 0]},
			"faces": {
				"north": {"uv": [7, 9, 7.25, 10.75], "texture": "#0"},
				"east": {"uv": [2, 0, 4, 1.75], "texture": "#0"},
				"south": {"uv": [8.5, 9, 8.75, 10.75], "texture": "#0"},
				"west": {"uv": [2, 2, 4, 3.75], "texture": "#0"},
				"up": {"uv": [3.75, 10.5, 3.5, 8.5], "texture": "#0"},
				"down": {"uv": [4.25, 8.5, 4, 10.5], "texture": "#0"}
			}
		},
		{
			"from": [9, 3.5, 0],
			"to": [10.5, 4, 4],
			"rotation": {"angle": -22.5, "axis": "x", "origin": [0, 0, 0]},
			"faces": {
				"north": {"uv": [9.5, 9.5, 10.25, 9.75], "texture": "#0"},
				"east": {"uv": [4.5, 8.5, 6.5, 8.75], "texture": "#0"},
				"south": {"uv": [10, 0.5, 10.75, 0.75], "texture": "#0"},
				"west": {"uv": [8.5, 7, 10.5, 7.25], "texture": "#0"},
				"up": {"uv": [7.25, 7, 6.5, 5], "texture": "#0"},
				"down": {"uv": [7.75, 0, 7, 2], "texture": "#0"}
			}
		},
		{
			"from": [5.5, 3.5, 0],
			"to": [7, 4, 4],
			"rotation": {"angle": -22.5, "axis": "x", "origin": [0, 0, 0]},
			"faces": {
				"north": {"uv": [10, 1, 10.75, 1.25], "texture": "#0"},
				"east": {"uv": [8.5, 7.5, 10.5, 7.75], "texture": "#0"},
				"south": {"uv": [10, 1.5, 10.75, 1.75], "texture": "#0"},
				"west": {"uv": [8.5, 8, 10.5, 8.25], "texture": "#0"},
				"up": {"uv": [7.25, 9, 6.5, 7], "texture": "#0"},
				"down": {"uv": [8.25, 2, 7.5, 4], "texture": "#0"}
			}
		},
		{
			"from": [7, 4, 0],
			"to": [9, 4.5, 4],
			"rotation": {"angle": -22.5, "axis": "x", "origin": [0, 0, 0]},
			"faces": {
				"north": {"uv": [9.5, 6.5, 10.5, 6.75], "texture": "#0"},
				"east": {"uv": [8.5, 8.5, 10.5, 8.75], "texture": "#0"},
				"south": {"uv": [9.5, 9, 10.5, 9.25], "texture": "#0"},
				"west": {"uv": [9, 0, 11, 0.25], "texture": "#0"},
				"up": {"uv": [1, 8, 0, 6], "texture": "#0"},
				"down": {"uv": [2, 6, 1, 8], "texture": "#0"}
			}
		},
		{
			"from": [6.5, 2.25, 1.75],
			"to": [9.5, 5.5, 4],
			"rotation": {"angle": 22.5, "axis": "x", "origin": [16, 0, 0]},
			"faces": {
				"north": {"uv": [3, 4, 4.5, 5.625], "texture": "#0"},
				"east": {"uv": [2, 6, 3.125, 7.625], "texture": "#0"},
				"south": {"uv": [4.5, 4, 6, 5.625], "texture": "#0"},
				"west": {"uv": [6, 3, 7.125, 4.625], "texture": "#0"},
				"up": {"uv": [5, 7.125, 3.5, 6], "texture": "#0"},
				"down": {"uv": [6.5, 6, 5, 7.125], "texture": "#0"}
			}
		},
		{
			"from": [7.5, 3.25, 1.75],
			"to": [8.5, 5.5, 3.5],
			"rotation": {"angle": 45, "axis": "x", "origin": [16, 0, 0]},
			"faces": {
				"north": {"uv": [2.5, 8, 3, 9.125], "texture": "#0"},
				"east": {"uv": [0, 8, 0.875, 9.125], "texture": "#0"},
				"south": {"uv": [3, 8, 3.5, 9.125], "texture": "#0"},
				"west": {"uv": [8, 0, 8.875, 1.125], "texture": "#0"},
				"up": {"uv": [6, 3.875, 5.5, 3], "texture": "#0"},
				"down": {"uv": [6.5, 5, 6, 5.875], "texture": "#0"}
			}
		}
	],
	"display": {
		"thirdperson_righthand": {
			"translation": [0, 7.25, 7.5]
		},
		"thirdperson_lefthand": {
			"translation": [0, 8.5, 8.25]
		},
		"firstperson_righthand": {
			"translation": [25, 8.75, -12.25],
			"scale": [4, 4, 4]
		},
		"firstperson_lefthand": {
			"translation": [40.25, 6.5, -13.5],
			"scale": [4, 4, 4]
		},
		"ground": {
			"translation": [0, 12.75, 11.25],
			"scale": [2, 2, 2]
		},
		"gui": {
			"rotation": [0, -135, 0],
			"translation": [-9, 9.75, 0],
			"scale": [2, 2, 2]
		},
		"head": {
			"translation": [0.25, 20.75, 21.25],
			"scale": [3.5, 3.5, 3.5]
		},
		"fixed": {
			"translation": [0, 13, 12.5],
			"scale": [2.5, 2.5, 2.5]
		}
	}
}