{
	"credit": "Made with Blockbench",
	"texture_size": [20, 20],
	"textures": {
		"0": "block/AssassinShovel",
		"particle": "block/AssassinShovel"
	},
	"elements": [
		{
			"from": [7.25, 4, 7.25],
			"to": [8.75, 10, 8.75],
			"rotation": {"angle": 0, "axis": "y", "origin": [7, 4, 7]},
			"faces": {
				"north": {"uv": [0, 4, 1.2, 8.8], "texture": "#0"},
				"east": {"uv": [1.6, 4, 2.8, 8.8], "texture": "#0"},
				"south": {"uv": [3.2, 4, 4.4, 8.8], "texture": "#0"},
				"west": {"uv": [4.8, 4, 6, 8.8], "texture": "#0"},
				"up": {"uv": [10.8, 7.6, 9.6, 6.4], "texture": "#0"},
				"down": {"uv": [10.8, 8, 9.6, 9.2], "texture": "#0"}
			}
		},
		{
			"from": [7.249, 1.78911, 6.81023],
			"to": [8.747, 4.78911, 7.31023],
			"rotation": {"angle": 22.5, "axis": "x", "origin": [8, 2.78911, 7.56023]},
			"faces": {
				"north": {"uv": [8, 4, 9.2, 6.4], "texture": "#0"},
				"east": {"uv": [3.2, 11.2, 3.6, 13.6], "texture": "#0"},
				"south": {"uv": [8, 6.4, 9.2, 8.8], "texture": "#0"},
				"west": {"uv": [4, 11.2, 4.4, 13.6], "texture": "#0"},
				"up": {"uv": [13.2, 3.6, 12, 3.2], "texture": "#0"},
				"down": {"uv": [14, 8.8, 12.8, 9.2], "texture": "#0"}
			}
		},
		{
			"from": [7.249, 1.76956, 9.09149],
			"to": [8.747, 4.76956, 9.59149],
			"rotation": {"angle": -22.5, "axis": "x", "origin": [6.75, 1.76956, 8.59149]},
			"faces": {
				"north": {"uv": [0, 8.8, 1.2, 11.2], "texture": "#0"},
				"east": {"uv": [4.8, 11.2, 5.2, 13.6], "texture": "#0"},
				"south": {"uv": [1.6, 8.8, 2.8, 11.2], "texture": "#0"},
				"west": {"uv": [5.6, 11.2, 6, 13.6], "texture": "#0"},
				"up": {"uv": [14, 10, 12.8, 9.6], "texture": "#0"},
				"down": {"uv": [14, 10.4, 12.8, 10.8], "texture": "#0"}
			}
		},
		{
			"from": [7.25, 1.90224, 6.48463],
			"to": [8.75, 2.15224, 9.51537],
			"rotation": {"angle": 0, "axis": "y", "origin": [6.747, 0.15224, 6.48463]},
			"faces": {
				"north": {"uv": [13.6, 8, 14.8, 8.2], "texture": "#0"},
				"east": {"uv": [12.8, 11.2, 15.2, 11.4], "texture": "#0"},
				"south": {"uv": [12.8, 13.6, 14, 13.8], "texture": "#0"},
				"west": {"uv": [12.8, 12, 15.2, 12.2], "texture": "#0"},
				"up": {"uv": [4.4, 11.2, 3.2, 8.8], "texture": "#0"},
				"down": {"uv": [6, 8.8, 4.8, 11.2], "texture": "#0"}
			}
		},
		{
			"from": [8.14645, 9.75, 7.251],
			"to": [8.64645, 10.25, 8.749],
			"rotation": {"angle": -45, "axis": "z", "origin": [8.39645, 10, 7.999]},
			"faces": {
				"north": {"uv": [10.4, 5.6, 10.8, 6], "texture": "#0"},
				"east": {"uv": [12.8, 12.8, 14, 13.2], "texture": "#0"},
				"south": {"uv": [14.4, 0.8, 14.8, 1.2], "texture": "#0"},
				"west": {"uv": [13.6, 0, 14.8, 0.4], "texture": "#0"},
				"up": {"uv": [9.2, 14, 8.8, 12.8], "texture": "#0"},
				"down": {"uv": [14, 0.8, 13.6, 2], "texture": "#0"}
			}
		},
		{
			"from": [8.34835, 10.00355, 4.65901],
			"to": [8.90901, 14.35355, 5.21967],
			"rotation": {"angle": -45, "axis": "y", "origin": [6.73223, 11.35355, 4.83579]},
			"faces": {
				"north": {"uv": [9.6, 9.6, 10, 13], "texture": "#0"},
				"east": {"uv": [10.4, 0, 10.8, 3.4], "texture": "#0"},
				"south": {"uv": [6.4, 10.4, 6.8, 13.8], "texture": "#0"},
				"west": {"uv": [7.2, 10.4, 7.6, 13.8], "texture": "#0"},
				"up": {"uv": [2, 14.8, 1.6, 14.4], "texture": "#0"},
				"down": {"uv": [14.8, 1.6, 14.4, 2], "texture": "#0"}
			}
		},
		{
			"from": [7.35355, 9.75, 7.251],
			"to": [7.85355, 10.25, 8.749],
			"rotation": {"angle": -45, "axis": "z", "origin": [7.60355, 10, 7.999]},
			"faces": {
				"north": {"uv": [2.4, 14.4, 2.8, 14.8], "texture": "#0"},
				"east": {"uv": [13.6, 2.4, 14.8, 2.8], "texture": "#0"},
				"south": {"uv": [3.2, 14.4, 3.6, 14.8], "texture": "#0"},
				"west": {"uv": [3.2, 13.6, 4.4, 14], "texture": "#0"},
				"up": {"uv": [14, 4.4, 13.6, 3.2], "texture": "#0"},
				"down": {"uv": [5.2, 13.6, 4.8, 14.8], "texture": "#0"}
			}
		},
		{
			"from": [7.60355, 10.00355, 6.25],
			"to": [8.39645, 14.35355, 9.75],
			"rotation": {"angle": 0, "axis": "y", "origin": [7.60355, 10.35355, 7.25]},
			"faces": {
				"north": {"uv": [8, 8.8, 8.6, 12.2], "texture": "#0"},
				"east": {"uv": [0, 0, 2.8, 3.4], "texture": "#0"},
				"south": {"uv": [8.8, 8.8, 9.4, 12.2], "texture": "#0"},
				"west": {"uv": [3.2, 0, 6, 3.4], "texture": "#0"},
				"up": {"uv": [10.2, 2.8, 9.6, 0], "texture": "#0"},
				"down": {"uv": [10.2, 3.2, 9.6, 6], "texture": "#0"}
			}
		},
		{
			"from": [8.34835, 10.00355, 8.15901],
			"to": [8.90901, 14.35355, 8.71967],
			"rotation": {"angle": -45, "axis": "y", "origin": [6.73223, 11.35355, 8.33579]},
			"faces": {
				"north": {"uv": [10.4, 9.6, 10.8, 13], "texture": "#0"},
				"east": {"uv": [0, 11.2, 0.4, 14.6], "texture": "#0"},
				"south": {"uv": [11.2, 0, 11.6, 3.4], "texture": "#0"},
				"west": {"uv": [0.8, 11.2, 1.2, 14.6], "texture": "#0"},
				"up": {"uv": [14.8, 3.6, 14.4, 3.2], "texture": "#0"},
				"down": {"uv": [4.4, 14.4, 4, 14.8], "texture": "#0"}
			}
		},
		{
			"from": [15.60355, 11.03984, 6.25],
			"to": [16.16421, 11.60051, 9.75],
			"rotation": {"angle": -45, "axis": "z", "origin": [15.60355, 22.35355, 14.25]},
			"faces": {
				"north": {"uv": [14.4, 4, 14.8, 4.4], "texture": "#0"},
				"east": {"uv": [10.4, 4, 13.2, 4.4], "texture": "#0"},
				"south": {"uv": [14.4, 4.8, 14.8, 5.2], "texture": "#0"},
				"west": {"uv": [10.4, 4.8, 13.2, 5.2], "texture": "#0"},
				"up": {"uv": [2, 14, 1.6, 11.2], "texture": "#0"},
				"down": {"uv": [2.8, 11.2, 2.4, 14], "texture": "#0"}
			}
		},
		{
			"from": [7.85355, 14.35355, 7],
			"to": [8.14645, 18.35355, 9],
			"rotation": {"angle": 0, "axis": "y", "origin": [6.39645, 14.35355, 7]},
			"faces": {
				"north": {"uv": [11.2, 5.6, 11.4, 8.8], "texture": "#0"},
				"east": {"uv": [6.4, 0, 8, 3.2], "texture": "#0"},
				"south": {"uv": [11.2, 8.8, 11.4, 12], "texture": "#0"},
				"west": {"uv": [6.4, 3.2, 8, 6.4], "texture": "#0"},
				"up": {"uv": [13.8, 6.4, 13.6, 4.8], "texture": "#0"},
				"down": {"uv": [5.8, 13.6, 5.6, 15.2], "texture": "#0"}
			}
		},
		{
			"from": [8.52513, 14.35355, 5.58579],
			"to": [8.73223, 18.35355, 5.79289],
			"rotation": {"angle": -45, "axis": "y", "origin": [6.73223, 16.35355, 5.58579]},
			"faces": {
				"north": {"uv": [12, 0, 12.2, 3.2], "texture": "#0"},
				"east": {"uv": [12, 5.6, 12.2, 8.8], "texture": "#0"},
				"south": {"uv": [12, 8.8, 12.2, 12], "texture": "#0"},
				"west": {"uv": [11.2, 12, 11.4, 15.2], "texture": "#0"},
				"up": {"uv": [14.6, 5.8, 14.4, 5.6], "texture": "#0"},
				"down": {"uv": [6.6, 14.4, 6.4, 14.6], "texture": "#0"}
			}
		},
		{
			"from": [8.52513, 14.35355, 7.58579],
			"to": [8.73223, 18.35355, 7.79289],
			"rotation": {"angle": -45, "axis": "y", "origin": [6.73223, 16.35355, 7.58579]},
			"faces": {
				"north": {"uv": [12, 12, 12.2, 15.2], "texture": "#0"},
				"east": {"uv": [12.8, 0, 13, 3.2], "texture": "#0"},
				"south": {"uv": [12.8, 5.6, 13, 8.8], "texture": "#0"},
				"west": {"uv": [8, 12.8, 8.2, 16], "texture": "#0"},
				"up": {"uv": [7.4, 14.6, 7.2, 14.4], "texture": "#0"},
				"down": {"uv": [9, 14.4, 8.8, 14.6], "texture": "#0"}
			}
		},
		{
			"from": [7.89645, 18.25, 7],
			"to": [8.10355, 18.45711, 9],
			"rotation": {"angle": 45, "axis": "z", "origin": [8, 18.35355, 8]},
			"faces": {
				"north": {"uv": [14.4, 8.8, 14.6, 9], "texture": "#0"},
				"east": {"uv": [13.6, 6.4, 15.2, 6.6], "texture": "#0"},
				"south": {"uv": [14.4, 9.6, 14.6, 9.8], "texture": "#0"},
				"west": {"uv": [13.6, 7.2, 15.2, 7.4], "texture": "#0"},
				"up": {"uv": [9.8, 15.2, 9.6, 13.6], "texture": "#0"},
				"down": {"uv": [10.6, 13.6, 10.4, 15.2], "texture": "#0"}
			}
		},
		{
			"from": [8, 18.5, 7.25],
			"to": [8, 23.5, 8.75],
			"rotation": {"angle": 0, "axis": "z", "origin": [6, 18.5, 7]},
			"faces": {
				"north": {"uv": [0, 0, 0, 4], "texture": "#0"},
				"east": {"uv": [6.4, 6.4, 7.6, 10.4], "texture": "#0"},
				"south": {"uv": [0, 0, 0, 4], "texture": "#0"},
				"west": {"uv": [8, 0, 9.2, 4], "texture": "#0"},
				"up": {"uv": [0, 1.2, 0, 0], "texture": "#0"},
				"down": {"uv": [0, 0, 0, 1.2], "texture": "#0"}
			}
		}
	],
	"display": {
		"thirdperson_righthand": {
			"translation": [0, -1.25, 0.75]
		},
		"thirdperson_lefthand": {
			"translation": [0, -1.25, 0.75]
		},
		"firstperson_righthand": {
			"translation": [2.5, -1.25, -0.75]
		},
		"firstperson_lefthand": {
			"translation": [2.5, -1.25, -0.75]
		},
		"ground": {
			"rotation": [90, 0, 0]
		},
		"gui": {
			"rotation": [90, 45, -90],
			"translation": [-2, -2, 0]
		},
		"fixed": {
			"rotation": [90, -45, 90],
			"translation": [2, -2, 0]
		}
	},
	"groups": [
		{
			"name": "AssassinShovel",
			"origin": [8, 8, 8],
			"color": 0,
			"children": [0, 1, 2, 3, 4, 5, 6, 7, 8, 9, 10, 11, 12, 13, 14]
		}
	]
}