{
	"credit": "Made with Blockbench",
	"texture_size": [32, 32],
	"textures": {
		"0": "item/RS1",
		"1": "item/RS2",
		"2": "item/RS3",
		"3": "item/RS4",
		"4": "item/RS5",
		"particle": "item/RS1"
	},
	"elements": [
		{
			"from": [7.25, -6.35, 6.5],
			"to": [9.75, -6.1, 9.5],
			"rotation": {"angle": 0, "axis": "y", "origin": [0, -6.35, 7]},
			"faces": {
				"north": {"uv": [6, 1, 8.5, 1.25], "texture": "#2"},
				"east": {"uv": [0, 6, 3, 6.25], "texture": "#2"},
				"south": {"uv": [6, 2, 8.5, 2.25], "texture": "#2"},
				"west": {"uv": [6, 0, 9, 0.25], "texture": "#2"},
				"up": {"uv": [2.5, 3, 0, 0], "texture": "#2"},
				"down": {"uv": [2.5, 3, 0, 6], "texture": "#2"}
			}
		},
		{
			"from": [9.75, -6.35, 7],
			"to": [9.875, -6.1, 9.19822],
			"rotation": {"angle": 0, "axis": "y", "origin": [9.8125, -6.225, 8.09911]},
			"faces": {
				"north": {"uv": [2, 12, 2.125, 12.25], "texture": "#2"},
				"east": {"uv": [7, 5, 9.1875, 5.25], "texture": "#2"},
				"south": {"uv": [12, 2, 12.125, 2.25], "texture": "#2"},
				"west": {"uv": [0, 8, 2.1875, 8.25], "texture": "#2"},
				"up": {"uv": [5.125, 10.1875, 5, 8], "texture": "#2"},
				"down": {"uv": [4.125, 9, 4, 11.1875], "texture": "#2"}
			}
		},
		{
			"from": [9.33415, -6.325, 6.59781],
			"to": [9.535, -6.125, 7.10758],
			"rotation": {"angle": 22.5, "axis": "y", "origin": [9.39665, -6.225, 6.00847]},
			"faces": {
				"north": {"uv": [0, 12, 0.1875, 12.1875], "texture": "#2"},
				"east": {"uv": [0, 11, 0.5, 11.1875], "texture": "#2"},
				"south": {"uv": [12, 0, 12.1875, 0.1875], "texture": "#2"},
				"west": {"uv": [11, 0, 11.5, 0.1875], "texture": "#2"},
				"up": {"uv": [1.1875, 11.5, 1, 11], "texture": "#2"},
				"down": {"uv": [11.1875, 1, 11, 1.5], "texture": "#2"}
			}
		},
		{
			"from": [9.75, -6.35, 7],
			"to": [9.875, -6.1, 7],
			"rotation": {"angle": 0, "axis": "y", "origin": [0, -6.35, 7]},
			"faces": {
				"north": {"uv": [3, 12, 3.125, 12.25], "texture": "#2"},
				"east": {"uv": [0, 0, 0, 0.25], "texture": "#2"},
				"south": {"uv": [12, 3, 12.125, 3.25], "texture": "#2"},
				"west": {"uv": [0, 0, 0, 0.25], "texture": "#2"},
				"up": {"uv": [0.125, 0, 0, 0], "texture": "#2"},
				"down": {"uv": [0.125, 0, 0, 0], "texture": "#2"}
			}
		},
		{
			"from": [7, -6.35, 7],
			"to": [7.25, -6.1, 9.25],
			"rotation": {"angle": 0, "axis": "y", "origin": [0, -6.35, 7]},
			"faces": {
				"north": {"uv": [11, 5, 11.25, 5.25], "texture": "#2"},
				"east": {"uv": [3, 7, 5.25, 7.25], "texture": "#2"},
				"south": {"uv": [6, 11, 6.25, 11.25], "texture": "#2"},
				"west": {"uv": [7, 4, 9.25, 4.25], "texture": "#2"},
				"up": {"uv": [6.25, 9.25, 6, 7], "texture": "#2"},
				"down": {"uv": [7.25, 7, 7, 9.25], "texture": "#2"}
			}
		},
		{
			"from": [7.421, -6.325, 9.11653],
			"to": [7.671, -6.125, 9.44317],
			"rotation": {"angle": 22.5, "axis": "y", "origin": [7.546, -6.225, 10.24153]},
			"faces": {
				"north": {"uv": [11, 9, 11.25, 9.1875], "texture": "#2"},
				"east": {"uv": [11, 6, 11.3125, 6.1875], "texture": "#2"},
				"south": {"uv": [10, 11, 10.25, 11.1875], "texture": "#2"},
				"west": {"uv": [7, 11, 7.3125, 11.1875], "texture": "#2"},
				"up": {"uv": [2.25, 11.3125, 2, 11], "texture": "#2"},
				"down": {"uv": [11.25, 2, 11, 2.3125], "texture": "#2"}
			}
		},
		{
			"from": [7.46063, -6.325, 6.57586],
			"to": [7.671, -6.125, 7.13347],
			"rotation": {"angle": -22.5, "axis": "y", "origin": [7.546, -6.225, 6.00847]},
			"faces": {
				"north": {"uv": [11, 10, 11.21875, 10.1875], "texture": "#2"},
				"east": {"uv": [10, 9, 10.5625, 9.1875], "texture": "#2"},
				"south": {"uv": [11, 11, 11.21875, 11.1875], "texture": "#2"},
				"west": {"uv": [10, 10, 10.5625, 10.1875], "texture": "#2"},
				"up": {"uv": [10.21875, 8.5625, 10, 8], "texture": "#2"},
				"down": {"uv": [9.21875, 10, 9, 10.5625], "texture": "#2"}
			}
		},
		{
			"from": [9.91627, -6.325, 9.24535],
			"to": [10.09135, -6.125, 9.572],
			"rotation": {"angle": -22.5, "axis": "y", "origin": [10.10165, -6.225, 8.67797]},
			"faces": {
				"north": {"uv": [1, 12, 1.1875, 12.1875], "texture": "#2"},
				"east": {"uv": [11, 7, 11.3125, 7.1875], "texture": "#2"},
				"south": {"uv": [12, 1, 12.1875, 1.1875], "texture": "#2"},
				"west": {"uv": [8, 11, 8.3125, 11.1875], "texture": "#2"},
				"up": {"uv": [11.1875, 8.3125, 11, 8], "texture": "#2"},
				"down": {"uv": [9.1875, 11, 9, 11.3125], "texture": "#2"}
			}
		},
		{
			"from": [7.35, -6.25, 6.25],
			"to": [9.65, -6, 6.95],
			"rotation": {"angle": 0, "axis": "y", "origin": [0, -6.35, 7]},
			"faces": {
				"north": {"uv": [3, 6, 5.3125, 6.25], "texture": "#2"},
				"east": {"uv": [2, 10, 2.6875, 10.25], "texture": "#2"},
				"south": {"uv": [6, 3, 8.3125, 3.25], "texture": "#2"},
				"west": {"uv": [3, 10, 3.6875, 10.25], "texture": "#2"},
				"up": {"uv": [5.3125, 0.6875, 3, 0], "texture": "#2"},
				"down": {"uv": [5.3125, 1, 3, 1.6875], "texture": "#2"}
			}
		},
		{
			"from": [7.35, -6.45, 9.25],
			"to": [9.65, -6.2, 9.95],
			"rotation": {"angle": 0, "axis": "y", "origin": [0, -6.35, 7]},
			"faces": {
				"north": {"uv": [6, 6, 8.3125, 6.25], "texture": "#2"},
				"east": {"uv": [10, 4, 10.6875, 4.25], "texture": "#2"},
				"south": {"uv": [0, 7, 2.3125, 7.25], "texture": "#2"},
				"west": {"uv": [10, 5, 10.6875, 5.25], "texture": "#2"},
				"up": {"uv": [5.3125, 2.6875, 3, 2], "texture": "#2"},
				"down": {"uv": [5.3125, 3, 3, 3.6875], "texture": "#2"}
			}
		},
		{
			"from": [7.65, -6.15, 5.775],
			"to": [9.35, -5.9, 6.475],
			"rotation": {"angle": 0, "axis": "y", "origin": [0, -6.35, 7]},
			"faces": {
				"north": {"uv": [3, 8, 4.6875, 8.25], "texture": "#2"},
				"east": {"uv": [6, 10, 6.6875, 10.25], "texture": "#2"},
				"south": {"uv": [8, 7, 9.6875, 7.25], "texture": "#2"},
				"west": {"uv": [7, 10, 7.6875, 10.25], "texture": "#2"},
				"up": {"uv": [4.6875, 4.6875, 3, 4], "texture": "#2"},
				"down": {"uv": [4.6875, 5, 3, 5.6875], "texture": "#2"}
			}
		},
		{
			"from": [7.95, -6.1, 5.675],
			"to": [9.05, -5.85, 5.975],
			"rotation": {"angle": 0, "axis": "y", "origin": [0, -6.35, 7]},
			"faces": {
				"north": {"uv": [9, 3, 10.09375, 3.25], "texture": "#2"},
				"east": {"uv": [3, 11, 3.3125, 11.25], "texture": "#2"},
				"south": {"uv": [9, 6, 10.09375, 6.25], "texture": "#2"},
				"west": {"uv": [11, 3, 11.3125, 3.25], "texture": "#2"},
				"up": {"uv": [10.09375, 0.3125, 9, 0], "texture": "#2"},
				"down": {"uv": [10.09375, 1, 9, 1.3125], "texture": "#2"}
			}
		},
		{
			"from": [7.95, -6.575, 10.125],
			"to": [9.05, -6.325, 10.425],
			"rotation": {"angle": 0, "axis": "y", "origin": [0, -6.35, 7]},
			"faces": {
				"north": {"uv": [8, 9, 9.09375, 9.25], "texture": "#2"},
				"east": {"uv": [11, 4, 11.3125, 4.25], "texture": "#2"},
				"south": {"uv": [0, 10, 1.09375, 10.25], "texture": "#2"},
				"west": {"uv": [5, 11, 5.3125, 11.25], "texture": "#2"},
				"up": {"uv": [3.09375, 9.3125, 2, 9], "texture": "#2"},
				"down": {"uv": [10.09375, 2, 9, 2.3125], "texture": "#2"}
			}
		},
		{
			"from": [7.65, -6.525, 9.65],
			"to": [9.35, -6.275, 10.35],
			"rotation": {"angle": 0, "axis": "y", "origin": [0, -6.35, 7]},
			"faces": {
				"north": {"uv": [8, 8, 9.6875, 8.25], "texture": "#2"},
				"east": {"uv": [10, 7, 10.6875, 7.25], "texture": "#2"},
				"south": {"uv": [0, 9, 1.6875, 9.25], "texture": "#2"},
				"west": {"uv": [8, 10, 8.6875, 10.25], "texture": "#2"},
				"up": {"uv": [6.6875, 4.6875, 5, 4], "texture": "#2"},
				"down": {"uv": [6.6875, 5, 5, 5.6875], "texture": "#2"}
			}
		},
		{
			"from": [8, -6.5, 7],
			"to": [9, -6.35, 9.025],
			"rotation": {"angle": 0, "axis": "y", "origin": [0, -15, 0]},
			"faces": {
				"north": {"uv": [5.5, 8.5, 6, 8.5625], "texture": "#1"},
				"east": {"uv": [4.5, 8, 5.5, 8.0625], "texture": "#1"},
				"south": {"uv": [8.5, 5.5, 9, 5.5625], "texture": "#1"},
				"west": {"uv": [8, 4.5, 9, 4.5625], "texture": "#1"},
				"up": {"uv": [2.5, 5, 2, 4], "texture": "#1"},
				"down": {"uv": [3, 4, 2.5, 5], "texture": "#1"}
			}
		},
		{
			"from": [7.9, -15, 6.9],
			"to": [9.1, -14, 9],
			"rotation": {"angle": 0, "axis": "y", "origin": [0, -15, 0]},
			"faces": {
				"north": {"uv": [2.5, 5.5, 3.09375, 6], "texture": "#1"},
				"east": {"uv": [3.5, 2, 4.5625, 2.5], "texture": "#1"},
				"south": {"uv": [5.5, 2.5, 6.09375, 3], "texture": "#1"},
				"west": {"uv": [3.5, 2.5, 4.5625, 3], "texture": "#1"},
				"up": {"uv": [2.59375, 1.0625, 2, 0], "texture": "#1"},
				"down": {"uv": [2.59375, 1.5, 2, 2.5625], "texture": "#1"}
			}
		},
		{
			"from": [7.875, -14.9, 6.875],
			"to": [9.125, -14.1, 9.025],
			"rotation": {"angle": 0, "axis": "y", "origin": [0, -15, 0]},
			"faces": {
				"north": {"uv": [1.5, 6, 2.125, 6.40625], "texture": "#1"},
				"east": {"uv": [2.5, 5, 3.5625, 5.40625], "texture": "#1"},
				"south": {"uv": [2.5, 6, 3.125, 6.40625], "texture": "#1"},
				"west": {"uv": [4, 5, 5.0625, 5.40625], "texture": "#1"},
				"up": {"uv": [0.625, 2.5625, 0, 1.5], "texture": "#1"},
				"down": {"uv": [1.625, 1.5, 1, 2.5625], "texture": "#1"}
			}
		},
		{
			"from": [7.95, -14, 6.95],
			"to": [9.05, -13, 8.9],
			"rotation": {"angle": 0, "axis": "y", "origin": [0, -15, 0]},
			"faces": {
				"north": {"uv": [5.5, 3.5, 6.0625, 4], "texture": "#1"},
				"east": {"uv": [3.5, 4, 4.46875, 4.5], "texture": "#1"},
				"south": {"uv": [5.5, 4, 6.0625, 4.5], "texture": "#1"},
				"west": {"uv": [0, 4.5, 0.96875, 5], "texture": "#1"},
				"up": {"uv": [4.0625, 0.96875, 3.5, 0], "texture": "#1"},
				"down": {"uv": [4.0625, 1, 3.5, 1.96875], "texture": "#1"}
			}
		},
		{
			"from": [7.925, -14, 6.925],
			"to": [9.075, -13.3, 8.925],
			"rotation": {"angle": 0, "axis": "y", "origin": [0, -15, 0]},
			"faces": {
				"north": {"uv": [0, 7, 0.5625, 7.34375], "texture": "#1"},
				"east": {"uv": [5.5, 1.5, 6.5, 1.84375], "texture": "#1"},
				"south": {"uv": [7, 0, 7.5625, 0.34375], "texture": "#1"},
				"west": {"uv": [5.5, 2, 6.5, 2.34375], "texture": "#1"},
				"up": {"uv": [2.5625, 4, 2, 3], "texture": "#1"},
				"down": {"uv": [3.5625, 3, 3, 4], "texture": "#1"}
			}
		},
		{
			"from": [7.925, -14.00021, 8.89895],
			"to": [9.075, -13.00021, 9.09895],
			"rotation": {"angle": -22.5, "axis": "x", "origin": [8.5, -13.50021, 8.99895]},
			"faces": {
				"north": {"uv": [5.5, 4.5, 6.0625, 5], "texture": "#1"},
				"east": {"uv": [8.5, 0, 8.59375, 0.5], "texture": "#1"},
				"south": {"uv": [5, 5.5, 5.5625, 6], "texture": "#1"},
				"west": {"uv": [8.5, 0.5, 8.59375, 1], "texture": "#1"},
				"up": {"uv": [8.5625, 7.09375, 8, 7], "texture": "#1"},
				"down": {"uv": [8.0625, 8, 7.5, 8.09375], "texture": "#1"}
			}
		},
		{
			"from": [8.2, -14.25021, 8.89895],
			"to": [8.8, -14.00021, 9.09895],
			"rotation": {"angle": -22.5, "axis": "x", "origin": [8.5, -13.50021, 8.99895]},
			"faces": {
				"north": {"uv": [1.5, 8.5, 1.8125, 8.625], "texture": "#1"},
				"east": {"uv": [6.5, 9, 6.59375, 9.125], "texture": "#1"},
				"south": {"uv": [8.5, 1.5, 8.8125, 1.625], "texture": "#1"},
				"west": {"uv": [9, 6.5, 9.09375, 6.625], "texture": "#1"},
				"up": {"uv": [6.3125, 8.59375, 6, 8.5], "texture": "#1"},
				"down": {"uv": [8.8125, 6, 8.5, 6.09375], "texture": "#1"}
			}
		},
		{
			"from": [8.075, -14.12521, 8.89895],
			"to": [8.2, -14.00021, 9.09895],
			"rotation": {"angle": -22.5, "axis": "x", "origin": [8.5, -13.50021, 8.99895]},
			"faces": {
				"north": {"uv": [9.5, 2, 9.5625, 2.0625], "texture": "#1"},
				"east": {"uv": [7.5, 9, 7.59375, 9.0625], "texture": "#1"},
				"south": {"uv": [2.5, 9.5, 2.5625, 9.5625], "texture": "#1"},
				"west": {"uv": [9, 7.5, 9.09375, 7.5625], "texture": "#1"},
				"up": {"uv": [8.0625, 9.09375, 8, 9], "texture": "#1"},
				"down": {"uv": [9.0625, 8, 9, 8.09375], "texture": "#1"}
			}
		},
		{
			"from": [8.8, -14.12521, 8.89895],
			"to": [8.925, -14.00021, 9.09895],
			"rotation": {"angle": -22.5, "axis": "x", "origin": [8.5, -13.50021, 8.99895]},
			"faces": {
				"north": {"uv": [9.5, 2.5, 9.5625, 2.5625], "texture": "#1"},
				"east": {"uv": [8.5, 9, 8.59375, 9.0625], "texture": "#1"},
				"south": {"uv": [3, 9.5, 3.0625, 9.5625], "texture": "#1"},
				"west": {"uv": [9, 8.5, 9.09375, 8.5625], "texture": "#1"},
				"up": {"uv": [9.0625, 9.09375, 9, 9], "texture": "#1"},
				"down": {"uv": [0.0625, 9.5, 0, 9.59375], "texture": "#1"}
			}
		},
		{
			"from": [7.875, -14.00021, 8.89895],
			"to": [7.95, -13.20021, 8.99895],
			"rotation": {"angle": -22.5, "axis": "x", "origin": [8.5, -13.50021, 8.99895]},
			"faces": {
				"north": {"uv": [7, 2, 7.4375, 2.40625], "texture": "#1"},
				"east": {"uv": [3, 9, 3.0625, 9.40625], "texture": "#1"},
				"south": {"uv": [2.5, 7, 2.9375, 7.40625], "texture": "#1"},
				"west": {"uv": [3.5, 9, 3.5625, 9.40625], "texture": "#1"},
				"up": {"uv": [7.4375, 8.5625, 7, 8.5], "texture": "#1"},
				"down": {"uv": [7.9375, 8.5, 7.5, 8.5625], "texture": "#1"}
			}
		},
		{
			"from": [7.9, -14.00021, 8.89895],
			"to": [7.95, -13.10021, 8.99895],
			"rotation": {"angle": -22.5, "axis": "x", "origin": [8.5, -13.50021, 8.99895]},
			"faces": {
				"north": {"uv": [7, 0.5, 7.4375, 0.9375], "texture": "#1"},
				"east": {"uv": [8, 8.5, 8.0625, 8.9375], "texture": "#1"},
				"south": {"uv": [1, 7, 1.4375, 7.4375], "texture": "#1"},
				"west": {"uv": [8.5, 8, 8.5625, 8.4375], "texture": "#1"},
				"up": {"uv": [8.9375, 8.5625, 8.5, 8.5], "texture": "#1"},
				"down": {"uv": [0.4375, 9, 0, 9.0625], "texture": "#1"}
			}
		},
		{
			"from": [9.075, -14.00021, 8.89895],
			"to": [9.125, -13.20021, 8.99895],
			"rotation": {"angle": -22.5, "axis": "x", "origin": [8.5, -13.50021, 8.99895]},
			"faces": {
				"north": {"uv": [5.5, 6.5, 6.0625, 6.90625], "texture": "#1"},
				"east": {"uv": [4, 9, 4.0625, 9.40625], "texture": "#1"},
				"south": {"uv": [6.5, 5.5, 7.0625, 5.90625], "texture": "#1"},
				"west": {"uv": [4.5, 9, 4.5625, 9.40625], "texture": "#1"},
				"up": {"uv": [3.0625, 8.5625, 2.5, 8.5], "texture": "#1"},
				"down": {"uv": [9.0625, 2.5, 8.5, 2.5625], "texture": "#1"}
			}
		},
		{
			"from": [9.05, -14.00021, 8.89895],
			"to": [9.1, -13.10021, 8.99895],
			"rotation": {"angle": -22.5, "axis": "x", "origin": [8.5, -13.50021, 8.99895]},
			"faces": {
				"north": {"uv": [6.5, 4, 7.03125, 4.4375], "texture": "#1"},
				"east": {"uv": [9, 0, 9.0625, 0.4375], "texture": "#1"},
				"south": {"uv": [4.5, 6.5, 5.03125, 6.9375], "texture": "#1"},
				"west": {"uv": [0.5, 9, 0.5625, 9.4375], "texture": "#1"},
				"up": {"uv": [9.03125, 3.5625, 8.5, 3.5], "texture": "#1"},
				"down": {"uv": [9.03125, 4, 8.5, 4.0625], "texture": "#1"}
			}
		},
		{
			"from": [7.95, -15.00021, 8.64895],
			"to": [9.075, -14.00021, 8.84895],
			"rotation": {"angle": -22.5, "axis": "x", "origin": [8.5, -13.50021, 8.99895]},
			"faces": {
				"north": {"uv": [5.5, 5, 6.0625, 5.5], "texture": "#1"},
				"east": {"uv": [1, 8.5, 1.09375, 9], "texture": "#1"},
				"south": {"uv": [6, 0, 6.5625, 0.5], "texture": "#1"},
				"west": {"uv": [8.5, 1, 8.59375, 1.5], "texture": "#1"},
				"up": {"uv": [8.5625, 7.59375, 8, 7.5], "texture": "#1"},
				"down": {"uv": [0.5625, 8.5, 0, 8.59375], "texture": "#1"}
			}
		},
		{
			"from": [8.2, -15.25021, 8.64895],
			"to": [8.8, -15.00021, 8.84895],
			"rotation": {"angle": -22.5, "axis": "x", "origin": [8.5, -13.50021, 8.99895]},
			"faces": {
				"north": {"uv": [2, 8.5, 2.3125, 8.625], "texture": "#1"},
				"east": {"uv": [7, 9, 7.09375, 9.125], "texture": "#1"},
				"south": {"uv": [8.5, 2, 8.8125, 2.125], "texture": "#1"},
				"west": {"uv": [9, 7, 9.09375, 7.125], "texture": "#1"},
				"up": {"uv": [6.8125, 8.59375, 6.5, 8.5], "texture": "#1"},
				"down": {"uv": [8.8125, 6.5, 8.5, 6.59375], "texture": "#1"}
			}
		},
		{
			"from": [8.075, -15.12521, 8.64895],
			"to": [8.2, -15.00021, 8.84895],
			"rotation": {"angle": -22.5, "axis": "x", "origin": [8.5, -13.50021, 8.99895]},
			"faces": {
				"north": {"uv": [9.5, 3, 9.5625, 3.0625], "texture": "#1"},
				"east": {"uv": [9.5, 0, 9.59375, 0.0625], "texture": "#1"},
				"south": {"uv": [3.5, 9.5, 3.5625, 9.5625], "texture": "#1"},
				"west": {"uv": [0.5, 9.5, 0.59375, 9.5625], "texture": "#1"},
				"up": {"uv": [9.5625, 0.59375, 9.5, 0.5], "texture": "#1"},
				"down": {"uv": [1.0625, 9.5, 1, 9.59375], "texture": "#1"}
			}
		},
		{
			"from": [8.8, -15.12521, 8.64895],
			"to": [8.925, -15.00021, 8.84895],
			"rotation": {"angle": -22.5, "axis": "x", "origin": [8.5, -13.50021, 8.99895]},
			"faces": {
				"north": {"uv": [9.5, 3.5, 9.5625, 3.5625], "texture": "#1"},
				"east": {"uv": [9.5, 1, 9.59375, 1.0625], "texture": "#1"},
				"south": {"uv": [4, 9.5, 4.0625, 9.5625], "texture": "#1"},
				"west": {"uv": [1.5, 9.5, 1.59375, 9.5625], "texture": "#1"},
				"up": {"uv": [9.5625, 1.59375, 9.5, 1.5], "texture": "#1"},
				"down": {"uv": [2.0625, 9.5, 2, 9.59375], "texture": "#1"}
			}
		},
		{
			"from": [7.85, -15.00021, 8.64895],
			"to": [7.9, -14.20021, 8.74895],
			"rotation": {"angle": -22.5, "axis": "x", "origin": [8.5, -13.50021, 8.99895]},
			"faces": {
				"north": {"uv": [7, 2.5, 7.4375, 2.90625], "texture": "#1"},
				"east": {"uv": [9, 4.5, 9.0625, 4.90625], "texture": "#1"},
				"south": {"uv": [3, 7, 3.4375, 7.40625], "texture": "#1"},
				"west": {"uv": [5, 9, 5.0625, 9.40625], "texture": "#1"},
				"up": {"uv": [9.4375, 0.5625, 9, 0.5], "texture": "#1"},
				"down": {"uv": [1.4375, 9, 1, 9.0625], "texture": "#1"}
			}
		},
		{
			"from": [7.9, -15.00021, 8.64895],
			"to": [7.95, -14.10021, 8.74895],
			"rotation": {"angle": -22.5, "axis": "x", "origin": [8.5, -13.50021, 8.99895]},
			"faces": {
				"north": {"uv": [7, 1, 7.4375, 1.4375], "texture": "#1"},
				"east": {"uv": [9, 1, 9.0625, 1.4375], "texture": "#1"},
				"south": {"uv": [1.5, 7, 1.9375, 7.4375], "texture": "#1"},
				"west": {"uv": [1.5, 9, 1.5625, 9.4375], "texture": "#1"},
				"up": {"uv": [9.4375, 1.5625, 9, 1.5], "texture": "#1"},
				"down": {"uv": [2.4375, 9, 2, 9.0625], "texture": "#1"}
			}
		},
		{
			"from": [9.1, -15.00021, 8.64895],
			"to": [9.15, -14.20021, 8.74895],
			"rotation": {"angle": -22.5, "axis": "x", "origin": [8.5, -13.50021, 8.99895]},
			"faces": {
				"north": {"uv": [6.5, 6, 7.0625, 6.40625], "texture": "#1"},
				"east": {"uv": [5.5, 9, 5.5625, 9.40625], "texture": "#1"},
				"south": {"uv": [6.5, 6.5, 7.0625, 6.90625], "texture": "#1"},
				"west": {"uv": [9, 5.5, 9.0625, 5.90625], "texture": "#1"},
				"up": {"uv": [9.0625, 3.0625, 8.5, 3], "texture": "#1"},
				"down": {"uv": [4.0625, 8.5, 3.5, 8.5625], "texture": "#1"}
			}
		},
		{
			"from": [9.075, -15.00021, 8.64895],
			"to": [9.1, -14.10021, 8.74895],
			"rotation": {"angle": -22.5, "axis": "x", "origin": [8.5, -13.50021, 8.99895]},
			"faces": {
				"north": {"uv": [6.5, 4.5, 7.03125, 4.9375], "texture": "#1"},
				"east": {"uv": [9, 2, 9.0625, 2.4375], "texture": "#1"},
				"south": {"uv": [6.5, 5, 7.03125, 5.4375], "texture": "#1"},
				"west": {"uv": [2.5, 9, 2.5625, 9.4375], "texture": "#1"},
				"up": {"uv": [5.03125, 8.5625, 4.5, 8.5], "texture": "#1"},
				"down": {"uv": [9.03125, 5, 8.5, 5.0625], "texture": "#1"}
			}
		},
		{
			"from": [7.975, -13, 6.975],
			"to": [9.025, -12, 8.8],
			"rotation": {"angle": 0, "axis": "y", "origin": [0, -15, 0]},
			"faces": {
				"north": {"uv": [0.5, 6, 1.03125, 6.5], "texture": "#1"},
				"east": {"uv": [3.5, 4.5, 4.40625, 5], "texture": "#1"},
				"south": {"uv": [6, 0.5, 6.53125, 1], "texture": "#1"},
				"west": {"uv": [4.5, 4, 5.40625, 4.5], "texture": "#1"},
				"up": {"uv": [5.03125, 1.90625, 4.5, 1], "texture": "#1"},
				"down": {"uv": [5.03125, 3, 4.5, 3.90625], "texture": "#1"}
			}
		},
		{
			"from": [8, -12, 7],
			"to": [9, -9.5, 8.7],
			"rotation": {"angle": 0, "axis": "y", "origin": [0, -15, 0]},
			"faces": {
				"north": {"uv": [0, 3, 0.5, 4.25], "texture": "#1"},
				"east": {"uv": [0, 0, 0.84375, 1.25], "texture": "#1"},
				"south": {"uv": [3, 0, 3.5, 1.25], "texture": "#1"},
				"west": {"uv": [1, 0, 1.84375, 1.25], "texture": "#1"},
				"up": {"uv": [0.5, 6.34375, 0, 5.5], "texture": "#1"},
				"down": {"uv": [6, 0, 5.5, 0.84375], "texture": "#1"}
			}
		},
		{
			"from": [8, -9.5, 6.975],
			"to": [9, -8.5, 8.775],
			"rotation": {"angle": 0, "axis": "y", "origin": [0, -15, 0]},
			"faces": {
				"north": {"uv": [1.5, 5.5, 2, 6], "texture": "#1"},
				"east": {"uv": [4.5, 4.5, 5.40625, 5], "texture": "#1"},
				"south": {"uv": [3.5, 6, 4, 6.5], "texture": "#1"},
				"west": {"uv": [0, 5, 0.90625, 5.5], "texture": "#1"},
				"up": {"uv": [2, 5.40625, 1.5, 4.5], "texture": "#1"},
				"down": {"uv": [5.5, 0, 5, 0.90625], "texture": "#1"}
			}
		},
		{
			"from": [8.025, -9.40454, 7.07992],
			"to": [8.975, -8.40454, 7.37992],
			"rotation": {"angle": -22.5, "axis": "x", "origin": [8.5, -8.90454, 7.22992]},
			"faces": {
				"north": {"uv": [4, 6, 4.5, 6.5], "texture": "#1"},
				"east": {"uv": [1, 7.5, 1.15625, 8], "texture": "#1"},
				"south": {"uv": [4.5, 6, 5, 6.5], "texture": "#1"},
				"west": {"uv": [7.5, 1, 7.65625, 1.5], "texture": "#1"},
				"up": {"uv": [2, 7.65625, 1.5, 7.5], "texture": "#1"},
				"down": {"uv": [8, 1.5, 7.5, 1.65625], "texture": "#1"}
			}
		},
		{
			"from": [8.025, -8.65454, 6.97992],
			"to": [8.975, -7.65454, 7.27992],
			"rotation": {"angle": -22.5, "axis": "x", "origin": [8.5, -8.15454, 7.12992]},
			"faces": {
				"north": {"uv": [5, 6, 5.5, 6.5], "texture": "#1"},
				"east": {"uv": [2, 7.5, 2.15625, 8], "texture": "#1"},
				"south": {"uv": [5.5, 6, 6, 6.5], "texture": "#1"},
				"west": {"uv": [7.5, 2, 7.65625, 2.5], "texture": "#1"},
				"up": {"uv": [3, 7.65625, 2.5, 7.5], "texture": "#1"},
				"down": {"uv": [8, 2.5, 7.5, 2.65625], "texture": "#1"}
			}
		},
		{
			"from": [8.025, -12.09546, 8.32008],
			"to": [8.925, -11.09546, 8.62008],
			"rotation": {"angle": -22.5, "axis": "x", "origin": [8.525, -11.59546, 8.47008]},
			"faces": {
				"north": {"uv": [6, 5.5, 6.5, 6], "texture": "#1"},
				"east": {"uv": [3, 7.5, 3.15625, 8], "texture": "#1"},
				"south": {"uv": [6, 6, 6.5, 6.5], "texture": "#1"},
				"west": {"uv": [3.5, 7.5, 3.65625, 8], "texture": "#1"},
				"up": {"uv": [8, 3.65625, 7.5, 3.5], "texture": "#1"},
				"down": {"uv": [4.5, 7.5, 4, 7.65625], "texture": "#1"}
			}
		},
		{
			"from": [8.05, -13.09546, 8.42008],
			"to": [8.95, -12.09546, 8.72008],
			"rotation": {"angle": -22.5, "axis": "x", "origin": [8.55, -12.59546, 8.57008]},
			"faces": {
				"north": {"uv": [0, 6.5, 0.5, 7], "texture": "#1"},
				"east": {"uv": [7.5, 4, 7.65625, 4.5], "texture": "#1"},
				"south": {"uv": [0.5, 6.5, 1, 7], "texture": "#1"},
				"west": {"uv": [4.5, 7.5, 4.65625, 8], "texture": "#1"},
				"up": {"uv": [8, 4.65625, 7.5, 4.5], "texture": "#1"},
				"down": {"uv": [5.5, 7.5, 5, 7.65625], "texture": "#1"}
			}
		},
		{
			"from": [8.1, -14.09546, 8.52008],
			"to": [9, -13.09546, 8.82008],
			"rotation": {"angle": -22.5, "axis": "x", "origin": [8.6, -13.59546, 8.67008]},
			"faces": {
				"north": {"uv": [1, 6.5, 1.5, 7], "texture": "#1"},
				"east": {"uv": [7.5, 5, 7.65625, 5.5], "texture": "#1"},
				"south": {"uv": [6.5, 1, 7, 1.5], "texture": "#1"},
				"west": {"uv": [5.5, 7.5, 5.65625, 8], "texture": "#1"},
				"up": {"uv": [8, 5.65625, 7.5, 5.5], "texture": "#1"},
				"down": {"uv": [6.5, 7.5, 6, 7.65625], "texture": "#1"}
			}
		},
		{
			"from": [8.025, -8.15454, 8.89508],
			"to": [8.975, -7.15454, 9.19508],
			"rotation": {"angle": 22.5, "axis": "x", "origin": [8.5, -7.65454, 9.04508]},
			"faces": {
				"north": {"uv": [1.5, 6.5, 2, 7], "texture": "#1"},
				"east": {"uv": [7.5, 6, 7.65625, 6.5], "texture": "#1"},
				"south": {"uv": [6.5, 1.5, 7, 2], "texture": "#1"},
				"west": {"uv": [6.5, 7.5, 6.65625, 8], "texture": "#1"},
				"up": {"uv": [8, 6.65625, 7.5, 6.5], "texture": "#1"},
				"down": {"uv": [7.5, 7.5, 7, 7.65625], "texture": "#1"}
			}
		},
		{
			"from": [8.025, -7.40454, 8.54508],
			"to": [8.975, -6.40454, 8.84508],
			"rotation": {"angle": 22.5, "axis": "x", "origin": [8.5, -6.90454, 8.69508]},
			"faces": {
				"north": {"uv": [2, 6.5, 2.5, 7], "texture": "#1"},
				"east": {"uv": [7.5, 7, 7.65625, 7.5], "texture": "#1"},
				"south": {"uv": [6.5, 2, 7, 2.5], "texture": "#1"},
				"west": {"uv": [7.5, 7.5, 7.65625, 8], "texture": "#1"},
				"up": {"uv": [0.5, 8.15625, 0, 8], "texture": "#1"},
				"down": {"uv": [8.5, 0, 8, 0.15625], "texture": "#1"}
			}
		},
		{
			"from": [8.025, -9.40454, 8.44508],
			"to": [8.975, -8.40454, 8.74508],
			"rotation": {"angle": 22.5, "axis": "x", "origin": [8.5, -8.90454, 8.59508]},
			"faces": {
				"north": {"uv": [2.5, 6.5, 3, 7], "texture": "#1"},
				"east": {"uv": [0.5, 8, 0.65625, 8.5], "texture": "#1"},
				"south": {"uv": [6.5, 2.5, 7, 3], "texture": "#1"},
				"west": {"uv": [1, 8, 1.15625, 8.5], "texture": "#1"},
				"up": {"uv": [8.5, 1.15625, 8, 1], "texture": "#1"},
				"down": {"uv": [2, 8, 1.5, 8.15625], "texture": "#1"}
			}
		},
		{
			"from": [8.025, -7.26934, 6.69724],
			"to": [8.975, -7.01934, 6.99724],
			"rotation": {"angle": 22.5, "axis": "x", "origin": [8.5, -7.51934, 6.84724]},
			"faces": {
				"north": {"uv": [8, 5, 8.5, 5.125], "texture": "#1"},
				"east": {"uv": [6, 9, 6.15625, 9.125], "texture": "#1"},
				"south": {"uv": [5.5, 8, 6, 8.125], "texture": "#1"},
				"west": {"uv": [9, 6, 9.15625, 6.125], "texture": "#1"},
				"up": {"uv": [8.5, 1.65625, 8, 1.5], "texture": "#1"},
				"down": {"uv": [2.5, 8, 2, 8.15625], "texture": "#1"}
			}
		},
		{
			"from": [8.025, -8.65454, 8.69508],
			"to": [8.975, -7.65454, 8.99508],
			"rotation": {"angle": 22.5, "axis": "x", "origin": [8.5, -8.15454, 8.84508]},
			"faces": {
				"north": {"uv": [3, 6.5, 3.5, 7], "texture": "#1"},
				"east": {"uv": [8, 2, 8.15625, 2.5], "texture": "#1"},
				"south": {"uv": [3.5, 6.5, 4, 7], "texture": "#1"},
				"west": {"uv": [2.5, 8, 2.65625, 8.5], "texture": "#1"},
				"up": {"uv": [8.5, 2.65625, 8, 2.5], "texture": "#1"},
				"down": {"uv": [3.5, 8, 3, 8.15625], "texture": "#1"}
			}
		},
		{
			"from": [8.025, -10.40454, 8.29508],
			"to": [8.975, -9.40454, 8.59508],
			"rotation": {"angle": 22.5, "axis": "x", "origin": [8.5, -9.90454, 8.44508]},
			"faces": {
				"north": {"uv": [6.5, 3.5, 7, 4], "texture": "#1"},
				"east": {"uv": [3.5, 8, 3.65625, 8.5], "texture": "#1"},
				"south": {"uv": [4, 6.5, 4.5, 7], "texture": "#1"},
				"west": {"uv": [8, 3.5, 8.15625, 4], "texture": "#1"},
				"up": {"uv": [4.5, 8.15625, 4, 8], "texture": "#1"},
				"down": {"uv": [8.5, 4, 8, 4.15625], "texture": "#1"}
			}
		},
		{
			"from": [8, -8.5, 6.9],
			"to": [9, -7.75, 8.925],
			"rotation": {"angle": 0, "axis": "y", "origin": [0, -15, 0]},
			"faces": {
				"north": {"uv": [7, 1.5, 7.5, 1.875], "texture": "#1"},
				"east": {"uv": [0.5, 5.5, 1.5, 5.875], "texture": "#1"},
				"south": {"uv": [2, 7, 2.5, 7.375], "texture": "#1"},
				"west": {"uv": [5.5, 1, 6.5, 1.375], "texture": "#1"},
				"up": {"uv": [3.5, 5, 3, 4], "texture": "#1"},
				"down": {"uv": [4.5, 3, 4, 4], "texture": "#1"}
			}
		},
		{
			"from": [8, -7.75, 6.80433],
			"to": [9, -7.23097, 9.175],
			"rotation": {"angle": 0, "axis": "y", "origin": [0, -15, 0]},
			"faces": {
				"north": {"uv": [7, 3.5, 7.5, 3.75], "texture": "#1"},
				"east": {"uv": [5.5, 3, 6.6875, 3.25], "texture": "#1"},
				"south": {"uv": [5, 7, 5.5, 7.25], "texture": "#1"},
				"west": {"uv": [3.5, 5.5, 4.6875, 5.75], "texture": "#1"},
				"up": {"uv": [2, 4.1875, 1.5, 3], "texture": "#1"},
				"down": {"uv": [3.5, 1.5, 3, 2.6875], "texture": "#1"}
			}
		},
		{
			"from": [8, -7.25, 6.9],
			"to": [9, -7, 9.375],
			"rotation": {"angle": 0, "axis": "y", "origin": [0, -15, 0]},
			"faces": {
				"north": {"uv": [8, 5.5, 8.5, 5.625], "texture": "#1"},
				"east": {"uv": [7, 3, 8.25, 3.125], "texture": "#1"},
				"south": {"uv": [6, 8, 6.5, 8.125], "texture": "#1"},
				"west": {"uv": [3.5, 7, 4.75, 7.125], "texture": "#1"},
				"up": {"uv": [1, 4.25, 0.5, 3], "texture": "#1"},
				"down": {"uv": [1.5, 3, 1, 4.25], "texture": "#1"}
			}
		},
		{
			"from": [8, -7, 7],
			"to": [9, -6.75, 8.825],
			"rotation": {"angle": 0, "axis": "y", "origin": [0, -15, 0]},
			"faces": {
				"north": {"uv": [8, 6, 8.5, 6.125], "texture": "#1"},
				"east": {"uv": [0, 7.5, 0.90625, 7.625], "texture": "#1"},
				"south": {"uv": [6.5, 8, 7, 8.125], "texture": "#1"},
				"west": {"uv": [7.5, 0.5, 8.40625, 0.625], "texture": "#1"},
				"up": {"uv": [2.5, 5.90625, 2, 5], "texture": "#1"},
				"down": {"uv": [5.5, 2, 5, 2.90625], "texture": "#1"}
			}
		},
		{
			"from": [8, -6.75, 7],
			"to": [9, -6.5, 8.925],
			"rotation": {"angle": 0, "axis": "y", "origin": [0, -15, 0]},
			"faces": {
				"north": {"uv": [8, 6.5, 8.5, 6.625], "texture": "#1"},
				"east": {"uv": [5.5, 7, 6.46875, 7.125], "texture": "#1"},
				"south": {"uv": [7, 8, 7.5, 8.125], "texture": "#1"},
				"west": {"uv": [6.5, 7, 7.46875, 7.125], "texture": "#1"},
				"up": {"uv": [5, 0.96875, 4.5, 0], "texture": "#1"},
				"down": {"uv": [1.5, 4.5, 1, 5.46875], "texture": "#1"}
			}
		},
		{
			"from": [8.25, -6.1, 7.1],
			"to": [8.75, -5.6, 8.6],
			"rotation": {"angle": 0, "axis": "y", "origin": [7.75, -6.1, 7.5]},
			"faces": {
				"north": {"uv": [1, 9, 1.5, 9.5], "texture": "#3"},
				"east": {"uv": [0, 3, 1.5, 3.5], "texture": "#3"},
				"south": {"uv": [9, 1, 9.5, 1.5], "texture": "#3"},
				"west": {"uv": [2, 3, 3.5, 3.5], "texture": "#3"},
				"up": {"uv": [0.5, 5.5, 0, 4], "texture": "#3"},
				"down": {"uv": [4.5, 0, 4, 1.5], "texture": "#3"}
			}
		},
		{
			"from": [7.8, -6.20355, 7.1],
			"to": [8.5, -5.70355, 8.6],
			"rotation": {"angle": 45, "axis": "z", "origin": [8.25, -5.95355, 7.85]},
			"faces": {
				"north": {"uv": [1, 8, 1.6875, 8.5], "texture": "#3"},
				"east": {"uv": [1, 4, 2.5, 4.5], "texture": "#3"},
				"south": {"uv": [8, 1, 8.6875, 1.5], "texture": "#3"},
				"west": {"uv": [4, 2, 5.5, 2.5], "texture": "#3"},
				"up": {"uv": [0.6875, 1.5, 0, 0], "texture": "#3"},
				"down": {"uv": [1.6875, 0, 1, 1.5], "texture": "#3"}
			}
		},
		{
			"from": [8.64142, -6.34498, 7.1],
			"to": [9.14142, -5.64498, 8.6],
			"rotation": {"angle": 45, "axis": "z", "origin": [8.89142, -6.09498, 7.85]},
			"faces": {
				"north": {"uv": [2, 8, 2.5, 8.6875], "texture": "#3"},
				"east": {"uv": [0, 2, 1.5, 2.6875], "texture": "#3"},
				"south": {"uv": [8, 2, 8.5, 2.6875], "texture": "#3"},
				"west": {"uv": [2, 0, 3.5, 0.6875], "texture": "#3"},
				"up": {"uv": [3.5, 5.5, 3, 4], "texture": "#3"},
				"down": {"uv": [4.5, 3, 4, 4.5], "texture": "#3"}
			}
		},
		{
			"from": [8.25, -6.30711, 8.70355],
			"to": [8.75, -5.55711, 9.20355],
			"rotation": {"angle": -45, "axis": "x", "origin": [8.5, -6.30711, 8.95355]},
			"faces": {
				"north": {"uv": [7, 3, 7.5, 3.75], "texture": "#3"},
				"east": {"uv": [4, 7, 4.5, 7.75], "texture": "#3"},
				"south": {"uv": [7, 4, 7.5, 4.75], "texture": "#3"},
				"west": {"uv": [5, 7, 5.5, 7.75], "texture": "#3"},
				"up": {"uv": [2.5, 9.5, 2, 9], "texture": "#3"},
				"down": {"uv": [9.5, 2, 9, 2.5], "texture": "#3"}
			}
		},
		{
			"from": [8.25, -6.10711, 6.49645],
			"to": [8.75, -5.55711, 7.09645],
			"rotation": {"angle": 45, "axis": "x", "origin": [8.5, -6.30711, 6.74645]},
			"faces": {
				"north": {"uv": [8, 6, 8.5, 6.5625], "texture": "#3"},
				"east": {"uv": [3, 8, 3.59375, 8.5625], "texture": "#3"},
				"south": {"uv": [8, 7, 8.5, 7.5625], "texture": "#3"},
				"west": {"uv": [8, 3, 8.59375, 3.5625], "texture": "#3"},
				"up": {"uv": [4.5, 8.59375, 4, 8], "texture": "#3"},
				"down": {"uv": [8.5, 4, 8, 4.59375], "texture": "#3"}
			}
		},
		{
			"from": [8.275, -5.6, 7.45],
			"to": [8.725, -5.1, 8.25],
			"rotation": {"angle": 0, "axis": "y", "origin": [7.75, -6.1, 7.5]},
			"faces": {
				"north": {"uv": [3, 9, 3.4375, 9.5], "texture": "#3"},
				"east": {"uv": [7, 1, 7.8125, 1.5], "texture": "#3"},
				"south": {"uv": [9, 3, 9.4375, 3.5], "texture": "#3"},
				"west": {"uv": [7, 2, 7.8125, 2.5], "texture": "#3"},
				"up": {"uv": [7.4375, 5.8125, 7, 5], "texture": "#3"},
				"down": {"uv": [7.4375, 6, 7, 6.8125], "texture": "#3"}
			}
		},
		{
			"from": [8.325, -5.2, 7.875],
			"to": [8.675, -5.05, 8.9],
			"rotation": {"angle": 0, "axis": "y", "origin": [7.75, -6.1, 7.5]},
			"faces": {
				"north": {"uv": [10, 4, 10.34375, 4.15625], "texture": "#3"},
				"east": {"uv": [9, 6, 10.03125, 6.15625], "texture": "#3"},
				"south": {"uv": [5, 10, 5.34375, 10.15625], "texture": "#3"},
				"west": {"uv": [7, 9, 8.03125, 9.15625], "texture": "#3"},
				"up": {"uv": [7.34375, 8.03125, 7, 7], "texture": "#3"},
				"down": {"uv": [0.34375, 8, 0, 9.03125], "texture": "#3"}
			}
		},
		{
			"from": [8.275, -5.1, 7.075],
			"to": [8.725, -4.85, 8.75],
			"rotation": {"angle": 0, "axis": "y", "origin": [8.5, -4.975, 7.9125]},
			"faces": {
				"north": {"uv": [9, 7, 9.4375, 7.25], "texture": "#3"},
				"east": {"uv": [7, 0, 8.6875, 0.25], "texture": "#3"},
				"south": {"uv": [9, 9, 9.4375, 9.25], "texture": "#3"},
				"west": {"uv": [1, 7, 2.6875, 7.25], "texture": "#3"},
				"up": {"uv": [5.4375, 1.6875, 5, 0], "texture": "#3"},
				"down": {"uv": [1.4375, 5, 1, 6.6875], "texture": "#3"}
			}
		},
		{
			"from": [8.3, -6.66341, 7.38598],
			"to": [8.7, -4.98841, 7.78598],
			"rotation": {"angle": -22.5, "axis": "x", "origin": [8.5, -5.82591, 7.51098]},
			"faces": {
				"north": {"uv": [2, 5, 2.40625, 6.6875], "texture": "#3"},
				"east": {"uv": [5, 3, 5.40625, 4.6875], "texture": "#3"},
				"south": {"uv": [4, 5, 4.40625, 6.6875], "texture": "#3"},
				"west": {"uv": [5, 5, 5.40625, 6.6875], "texture": "#3"},
				"up": {"uv": [5.40625, 9.40625, 5, 9], "texture": "#3"},
				"down": {"uv": [6.40625, 9, 6, 9.40625], "texture": "#3"}
			}
		},
		{
			"from": [8.35, -5.225, 8.75],
			"to": [8.65, -5.075, 9.025],
			"rotation": {"angle": 0, "axis": "y", "origin": [7.75, -6.1, 7.5]},
			"faces": {
				"north": {"uv": [10, 5, 10.3125, 5.15625], "texture": "#3"},
				"east": {"uv": [7, 10, 7.28125, 10.15625], "texture": "#3"},
				"south": {"uv": [6, 10, 6.3125, 10.15625], "texture": "#3"},
				"west": {"uv": [10, 7, 10.28125, 7.15625], "texture": "#3"},
				"up": {"uv": [0.3125, 10.28125, 0, 10], "texture": "#3"},
				"down": {"uv": [1.3125, 10, 1, 10.28125], "texture": "#3"}
			}
		},
		{
			"from": [8.375, -5.275, 8.925],
			"to": [8.625, -5.125, 9.2],
			"rotation": {"angle": 0, "axis": "y", "origin": [7.75, -6.1, 7.5]},
			"faces": {
				"north": {"uv": [9, 10, 9.25, 10.15625], "texture": "#3"},
				"east": {"uv": [8, 10, 8.28125, 10.15625], "texture": "#3"},
				"south": {"uv": [10, 9, 10.25, 9.15625], "texture": "#3"},
				"west": {"uv": [10, 8, 10.28125, 8.15625], "texture": "#3"},
				"up": {"uv": [10.25, 2.28125, 10, 2], "texture": "#3"},
				"down": {"uv": [3.25, 10, 3, 10.28125], "texture": "#3"}
			}
		},
		{
			"from": [8.3, -5.72881, 7.23191],
			"to": [8.7, -5.22881, 8.90691],
			"rotation": {"angle": -45, "axis": "x", "origin": [8.5, -5.60381, 8.06941]},
			"faces": {
				"north": {"uv": [4, 9, 4.40625, 9.5], "texture": "#3"},
				"east": {"uv": [2, 1, 3.6875, 1.5], "texture": "#3"},
				"south": {"uv": [9, 4, 9.40625, 4.5], "texture": "#3"},
				"west": {"uv": [2, 2, 3.6875, 2.5], "texture": "#3"},
				"up": {"uv": [0.40625, 7.6875, 0, 6], "texture": "#3"},
				"down": {"uv": [6.40625, 0, 6, 1.6875], "texture": "#3"}
			}
		},
		{
			"from": [8.3, -4.85, 7.15],
			"to": [8.7, -4.675, 8.675],
			"rotation": {"angle": 0, "axis": "y", "origin": [7.75, -6.1, 7.5]},
			"faces": {
				"north": {"uv": [10, 1, 10.40625, 1.1875], "texture": "#3"},
				"east": {"uv": [5, 8, 6.53125, 8.1875], "texture": "#3"},
				"south": {"uv": [2, 10, 2.40625, 10.1875], "texture": "#3"},
				"west": {"uv": [8, 5, 9.53125, 5.1875], "texture": "#3"},
				"up": {"uv": [6.40625, 3.53125, 6, 2], "texture": "#3"},
				"down": {"uv": [3.40625, 6, 3, 7.53125], "texture": "#3"}
			}
		},
		{
			"from": [8.325, -4.675, 7.175],
			"to": [8.675, -4.475, 8.65],
			"rotation": {"angle": 0, "axis": "y", "origin": [7.75, -6.1, 7.5]},
			"faces": {
				"north": {"uv": [10, 3, 10.34375, 3.1875], "texture": "#3"},
				"east": {"uv": [8, 8, 9.46875, 8.1875], "texture": "#3"},
				"south": {"uv": [4, 10, 4.34375, 10.1875], "texture": "#3"},
				"west": {"uv": [9, 0, 10.46875, 0.1875], "texture": "#3"},
				"up": {"uv": [6.34375, 5.46875, 6, 4], "texture": "#3"},
				"down": {"uv": [6.34375, 6, 6, 7.46875], "texture": "#3"}
			}
		},
		{
			"from": [9, -1.82013, 3.48095],
			"to": [9.25, -0.82013, 4.48095],
			"rotation": {"angle": 22.5, "axis": "x", "origin": [0.125, -9.7295, 0.17783]},
			"faces": {
				"north": {"uv": [0, 3, 0.25, 3.5], "texture": "#0"},
				"east": {"uv": [0, 0, 0.5, 0.5], "texture": "#0"},
				"south": {"uv": [3, 0, 3.25, 0.5], "texture": "#0"},
				"west": {"uv": [0, 0.5, 0.5, 1], "texture": "#0"},
				"up": {"uv": [0.75, 3.5, 0.5, 3], "texture": "#0"},
				"down": {"uv": [3.25, 0.5, 3, 1], "texture": "#0"}
			}
		},
		{
			"from": [9, -1.72013, 4.48095],
			"to": [9.25, -0.92013, 4.58095],
			"rotation": {"angle": 22.5, "axis": "x", "origin": [0.125, -9.7295, 0.17783]},
			"faces": {
				"north": {"uv": [1, 3, 1.25, 3.5], "texture": "#0"},
				"east": {"uv": [0.5, 0, 1, 0.5], "texture": "#0"},
				"south": {"uv": [3, 1, 3.25, 1.5], "texture": "#0"},
				"west": {"uv": [0.5, 0.5, 1, 1], "texture": "#0"},
				"up": {"uv": [1.75, 3.5, 1.5, 3], "texture": "#0"},
				"down": {"uv": [3.25, 1.5, 3, 2], "texture": "#0"}
			}
		},
		{
			"from": [9, -1.72013, 3.38095],
			"to": [9.25, -0.92013, 3.48095],
			"rotation": {"angle": 22.5, "axis": "x", "origin": [0.125, -9.7295, 0.17783]},
			"faces": {
				"north": {"uv": [1, 3, 1.25, 3.5], "texture": "#0"},
				"east": {"uv": [0.5, 0, 1, 0.5], "texture": "#0"},
				"south": {"uv": [3, 1, 3.25, 1.5], "texture": "#0"},
				"west": {"uv": [0.5, 0.5, 1, 1], "texture": "#0"},
				"up": {"uv": [1.75, 3.5, 1.5, 3], "texture": "#0"},
				"down": {"uv": [3.25, 1.5, 3, 2], "texture": "#0"}
			}
		},
		{
			"from": [9, -1.62013, 3.13095],
			"to": [9.25, -1.04513, 3.38095],
			"rotation": {"angle": 22.5, "axis": "x", "origin": [0.125, -9.7295, 0.17783]},
			"faces": {
				"north": {"uv": [3, 6, 3.25, 6.25], "texture": "#0"},
				"east": {"uv": [6, 3, 6.25, 3.25], "texture": "#0"},
				"south": {"uv": [3.5, 6, 3.75, 6.25], "texture": "#0"},
				"west": {"uv": [6, 3.5, 6.25, 3.75], "texture": "#0"},
				"up": {"uv": [4.25, 6.25, 4, 6], "texture": "#0"},
				"down": {"uv": [6.25, 4, 6, 4.25], "texture": "#0"}
			}
		},
		{
			"from": [9, -1.87013, 3.03095],
			"to": [9.25, -1.14513, 3.13095],
			"rotation": {"angle": 22.5, "axis": "x", "origin": [0.125, -9.7295, 0.17783]},
			"faces": {
				"north": {"uv": [4.5, 6, 4.75, 6.25], "texture": "#0"},
				"east": {"uv": [6, 4.5, 6.25, 4.75], "texture": "#0"},
				"south": {"uv": [5, 6, 5.25, 6.25], "texture": "#0"},
				"west": {"uv": [6, 5, 6.25, 5.25], "texture": "#0"},
				"up": {"uv": [5.75, 6.25, 5.5, 6], "texture": "#0"},
				"down": {"uv": [6.25, 5.5, 6, 5.75], "texture": "#0"}
			}
		},
		{
			"from": [9, -2.02013, 2.95595],
			"to": [9.25, -1.27013, 3.03095],
			"rotation": {"angle": 22.5, "axis": "x", "origin": [0.125, -9.7295, 0.17783]},
			"faces": {
				"north": {"uv": [2, 3, 2.25, 3.5], "texture": "#0"},
				"east": {"uv": [3, 2, 3.25, 2.5], "texture": "#0"},
				"south": {"uv": [2.5, 3, 2.75, 3.5], "texture": "#0"},
				"west": {"uv": [3, 2.5, 3.25, 3], "texture": "#0"},
				"up": {"uv": [6.25, 6.25, 6, 6], "texture": "#0"},
				"down": {"uv": [0.25, 6.5, 0, 6.75], "texture": "#0"}
			}
		},
		{
			"from": [9, -2.24513, 2.83095],
			"to": [9.25, -1.47013, 2.95595],
			"rotation": {"angle": 22.5, "axis": "x", "origin": [0.125, -9.7295, 0.17783]},
			"faces": {
				"north": {"uv": [3, 3, 3.25, 3.5], "texture": "#0"},
				"east": {"uv": [0, 3.5, 0.25, 4], "texture": "#0"},
				"south": {"uv": [3.5, 0, 3.75, 0.5], "texture": "#0"},
				"west": {"uv": [0.5, 3.5, 0.75, 4], "texture": "#0"},
				"up": {"uv": [6.75, 0.25, 6.5, 0], "texture": "#0"},
				"down": {"uv": [0.75, 6.5, 0.5, 6.75], "texture": "#0"}
			}
		},
		{
			"from": [9, -2.39513, 2.95595],
			"to": [9.25, -2.29513, 3.25595],
			"rotation": {"angle": 22.5, "axis": "x", "origin": [0.125, -9.7295, 0.17783]},
			"faces": {
				"north": {"uv": [6.5, 0.5, 6.75, 0.75], "texture": "#0"},
				"east": {"uv": [1, 6.5, 1.25, 6.75], "texture": "#0"},
				"south": {"uv": [6.5, 1, 6.75, 1.25], "texture": "#0"},
				"west": {"uv": [1.5, 6.5, 1.75, 6.75], "texture": "#0"},
				"up": {"uv": [6.75, 1.75, 6.5, 1.5], "texture": "#0"},
				"down": {"uv": [2.25, 6.5, 2, 6.75], "texture": "#0"}
			}
		},
		{
			"from": [9, -2.34513, 2.88095],
			"to": [9.25, -2.24513, 3.18095],
			"rotation": {"angle": 22.5, "axis": "x", "origin": [0.125, -9.7295, 0.17783]},
			"faces": {
				"north": {"uv": [6.5, 2, 6.75, 2.25], "texture": "#0"},
				"east": {"uv": [2.5, 6.5, 2.75, 6.75], "texture": "#0"},
				"south": {"uv": [6.5, 2.5, 6.75, 2.75], "texture": "#0"},
				"west": {"uv": [3, 6.5, 3.25, 6.75], "texture": "#0"},
				"up": {"uv": [6.75, 3.25, 6.5, 3], "texture": "#0"},
				"down": {"uv": [3.75, 6.5, 3.5, 6.75], "texture": "#0"}
			}
		},
		{
			"from": [9, -2.42013, 3.20595],
			"to": [9.25, -2.32013, 3.50595],
			"rotation": {"angle": 22.5, "axis": "x", "origin": [0.125, -9.7295, 0.17783]},
			"faces": {
				"north": {"uv": [6.5, 3.5, 6.75, 3.75], "texture": "#0"},
				"east": {"uv": [4, 6.5, 4.25, 6.75], "texture": "#0"},
				"south": {"uv": [6.5, 4, 6.75, 4.25], "texture": "#0"},
				"west": {"uv": [4.5, 6.5, 4.75, 6.75], "texture": "#0"},
				"up": {"uv": [6.75, 4.75, 6.5, 4.5], "texture": "#0"},
				"down": {"uv": [5.25, 6.5, 5, 6.75], "texture": "#0"}
			}
		},
		{
			"from": [9, -0.84513, 3.58095],
			"to": [9.25, -0.72013, 4.38095],
			"rotation": {"angle": 22.5, "axis": "x", "origin": [0.125, -9.7295, 0.17783]},
			"faces": {
				"north": {"uv": [3.5, 0.5, 3.75, 1], "texture": "#0"},
				"east": {"uv": [0, 1, 0.5, 1.5], "texture": "#0"},
				"south": {"uv": [1, 3.5, 1.25, 4], "texture": "#0"},
				"west": {"uv": [1, 0, 1.5, 0.5], "texture": "#0"},
				"up": {"uv": [3.75, 1.5, 3.5, 1], "texture": "#0"},
				"down": {"uv": [1.75, 3.5, 1.5, 4], "texture": "#0"}
			}
		},
		{
			"from": [9, -1.92013, 3.58095],
			"to": [9.25, -1.79513, 4.38095],
			"rotation": {"angle": 22.5, "axis": "x", "origin": [0.125, -9.7295, 0.17783]},
			"faces": {
				"north": {"uv": [3.5, 0.5, 3.75, 1], "texture": "#0"},
				"east": {"uv": [0, 1, 0.5, 1.5], "texture": "#0"},
				"south": {"uv": [1, 3.5, 1.25, 4], "texture": "#0"},
				"west": {"uv": [1, 0, 1.5, 0.5], "texture": "#0"},
				"up": {"uv": [3.75, 1.5, 3.5, 1], "texture": "#0"},
				"down": {"uv": [1.75, 3.5, 1.5, 4], "texture": "#0"}
			}
		},
		{
			"from": [9, -2.16582, 5.63079],
			"to": [9.25, -1.16582, 6.63079],
			"rotation": {"angle": 22.5, "axis": "x", "origin": [0.125, -9.36269, 2.72142]},
			"faces": {
				"north": {"uv": [3.5, 1.5, 3.75, 2], "texture": "#0"},
				"east": {"uv": [0.5, 1, 1, 1.5], "texture": "#0"},
				"south": {"uv": [2, 3.5, 2.25, 4], "texture": "#0"},
				"west": {"uv": [1, 0.5, 1.5, 1], "texture": "#0"},
				"up": {"uv": [3.75, 2.5, 3.5, 2], "texture": "#0"},
				"down": {"uv": [2.75, 3.5, 2.5, 4], "texture": "#0"}
			}
		},
		{
			"from": [9, -1.16582, 5.73079],
			"to": [9.25, -1.06582, 6.53079],
			"rotation": {"angle": 22.5, "axis": "x", "origin": [0.125, -9.36269, 2.72142]},
			"faces": {
				"north": {"uv": [3.5, 2.5, 3.75, 3], "texture": "#0"},
				"east": {"uv": [1, 1, 1.5, 1.5], "texture": "#0"},
				"south": {"uv": [3, 3.5, 3.25, 4], "texture": "#0"},
				"west": {"uv": [0, 1.5, 0.5, 2], "texture": "#0"},
				"up": {"uv": [3.75, 3.5, 3.5, 3], "texture": "#0"},
				"down": {"uv": [3.75, 3.5, 3.5, 4], "texture": "#0"}
			}
		},
		{
			"from": [9, -2.26582, 5.73079],
			"to": [9.25, -2.14082, 6.53079],
			"rotation": {"angle": 22.5, "axis": "x", "origin": [0.125, -9.36269, 2.72142]},
			"faces": {
				"north": {"uv": [3.5, 2.5, 3.75, 3], "texture": "#0"},
				"east": {"uv": [1, 1, 1.5, 1.5], "texture": "#0"},
				"south": {"uv": [3, 3.5, 3.25, 4], "texture": "#0"},
				"west": {"uv": [0, 1.5, 0.5, 2], "texture": "#0"},
				"up": {"uv": [3.75, 3.5, 3.5, 3], "texture": "#0"},
				"down": {"uv": [3.75, 3.5, 3.5, 4], "texture": "#0"}
			}
		},
		{
			"from": [9, -1.06582, 5.83079],
			"to": [9.25, -0.81582, 6.40579],
			"rotation": {"angle": 22.5, "axis": "x", "origin": [0.125, -9.36269, 2.72142]},
			"faces": {
				"north": {"uv": [6.5, 5, 6.75, 5.25], "texture": "#0"},
				"east": {"uv": [5.5, 6.5, 5.75, 6.75], "texture": "#0"},
				"south": {"uv": [6.5, 5.5, 6.75, 5.75], "texture": "#0"},
				"west": {"uv": [6, 6.5, 6.25, 6.75], "texture": "#0"},
				"up": {"uv": [6.75, 6.25, 6.5, 6], "texture": "#0"},
				"down": {"uv": [6.75, 6.5, 6.5, 6.75], "texture": "#0"}
			}
		},
		{
			"from": [9, -0.81582, 5.58079],
			"to": [9.25, -0.71582, 6.30579],
			"rotation": {"angle": 22.5, "axis": "x", "origin": [0.125, -9.36269, 2.72142]},
			"faces": {
				"north": {"uv": [0, 7, 0.25, 7.25], "texture": "#0"},
				"east": {"uv": [7, 0, 7.25, 0.25], "texture": "#0"},
				"south": {"uv": [0.5, 7, 0.75, 7.25], "texture": "#0"},
				"west": {"uv": [7, 0.5, 7.25, 0.75], "texture": "#0"},
				"up": {"uv": [1.25, 7.25, 1, 7], "texture": "#0"},
				"down": {"uv": [7.25, 1, 7, 1.25], "texture": "#0"}
			}
		},
		{
			"from": [9, -0.71582, 5.43079],
			"to": [9.25, -0.64082, 6.18079],
			"rotation": {"angle": 22.5, "axis": "x", "origin": [0.125, -9.36269, 2.72142]},
			"faces": {
				"north": {"uv": [1.5, 7, 1.75, 7.25], "texture": "#0"},
				"east": {"uv": [0, 4, 0.5, 4.25], "texture": "#0"},
				"south": {"uv": [7, 1.5, 7.25, 1.75], "texture": "#0"},
				"west": {"uv": [4, 0, 4.5, 0.25], "texture": "#0"},
				"up": {"uv": [0.75, 4.5, 0.5, 4], "texture": "#0"},
				"down": {"uv": [4.25, 0.5, 4, 1], "texture": "#0"}
			}
		},
		{
			"from": [9, -0.64082, 5.20579],
			"to": [9.25, -0.51582, 5.98079],
			"rotation": {"angle": 22.5, "axis": "x", "origin": [0.125, -9.36269, 2.72142]},
			"faces": {
				"north": {"uv": [2, 7, 2.25, 7.25], "texture": "#0"},
				"east": {"uv": [1, 4, 1.5, 4.25], "texture": "#0"},
				"south": {"uv": [7, 2, 7.25, 2.25], "texture": "#0"},
				"west": {"uv": [4, 1, 4.5, 1.25], "texture": "#0"},
				"up": {"uv": [1.75, 4.5, 1.5, 4], "texture": "#0"},
				"down": {"uv": [4.25, 1.5, 4, 2], "texture": "#0"}
			}
		},
		{
			"from": [9, -0.94082, 5.05579],
			"to": [9.25, -0.64082, 5.15579],
			"rotation": {"angle": 22.5, "axis": "x", "origin": [0.125, -9.36269, 2.72142]},
			"faces": {
				"north": {"uv": [2.5, 7, 2.75, 7.25], "texture": "#0"},
				"east": {"uv": [7, 2.5, 7.25, 2.75], "texture": "#0"},
				"south": {"uv": [3, 7, 3.25, 7.25], "texture": "#0"},
				"west": {"uv": [7, 3, 7.25, 3.25], "texture": "#0"},
				"up": {"uv": [3.75, 7.25, 3.5, 7], "texture": "#0"},
				"down": {"uv": [7.25, 3.5, 7, 3.75], "texture": "#0"}
			}
		},
		{
			"from": [9, -1.19082, 5.03079],
			"to": [9.25, -0.89082, 5.13079],
			"rotation": {"angle": 22.5, "axis": "x", "origin": [0.125, -9.36269, 2.72142]},
			"faces": {
				"north": {"uv": [4, 7, 4.25, 7.25], "texture": "#0"},
				"east": {"uv": [7, 4, 7.25, 4.25], "texture": "#0"},
				"south": {"uv": [4.5, 7, 4.75, 7.25], "texture": "#0"},
				"west": {"uv": [7, 4.5, 7.25, 4.75], "texture": "#0"},
				"up": {"uv": [5.25, 7.25, 5, 7], "texture": "#0"},
				"down": {"uv": [7.25, 5, 7, 5.25], "texture": "#0"}
			}
		},
		{
			"from": [9, -0.86582, 5.10579],
			"to": [9.25, -0.56582, 5.20579],
			"rotation": {"angle": 22.5, "axis": "x", "origin": [0.125, -9.36269, 2.72142]},
			"faces": {
				"north": {"uv": [5.5, 7, 5.75, 7.25], "texture": "#0"},
				"east": {"uv": [7, 5.5, 7.25, 5.75], "texture": "#0"},
				"south": {"uv": [6, 7, 6.25, 7.25], "texture": "#0"},
				"west": {"uv": [7, 6, 7.25, 6.25], "texture": "#0"},
				"up": {"uv": [6.75, 7.25, 6.5, 7], "texture": "#0"},
				"down": {"uv": [7.25, 6.5, 7, 6.75], "texture": "#0"}
			}
		},
		{
			"from": [9, -2.06582, 5.53079],
			"to": [9.25, -1.26582, 5.63079],
			"rotation": {"angle": 22.5, "axis": "x", "origin": [0.125, -9.36269, 2.72142]},
			"faces": {
				"north": {"uv": [2, 4, 2.25, 4.5], "texture": "#0"},
				"east": {"uv": [1.5, 0, 2, 0.5], "texture": "#0"},
				"south": {"uv": [4, 2, 4.25, 2.5], "texture": "#0"},
				"west": {"uv": [0.5, 1.5, 1, 2], "texture": "#0"},
				"up": {"uv": [2.75, 4.5, 2.5, 4], "texture": "#0"},
				"down": {"uv": [4.25, 2.5, 4, 3], "texture": "#0"}
			}
		},
		{
			"from": [9, -2.06582, 6.63079],
			"to": [9.25, -1.26582, 6.73079],
			"rotation": {"angle": 22.5, "axis": "x", "origin": [0.125, -9.36269, 2.72142]},
			"faces": {
				"north": {"uv": [2, 4, 2.25, 4.5], "texture": "#0"},
				"east": {"uv": [1.5, 0, 2, 0.5], "texture": "#0"},
				"south": {"uv": [4, 2, 4.25, 2.5], "texture": "#0"},
				"west": {"uv": [0.5, 1.5, 1, 2], "texture": "#0"},
				"up": {"uv": [2.75, 4.5, 2.5, 4], "texture": "#0"},
				"down": {"uv": [4.25, 2.5, 4, 3], "texture": "#0"}
			}
		},
		{
			"from": [9, -3.48125, 4.68125],
			"to": [9.25, -2.48125, 5.68125],
			"rotation": {"angle": 22.5, "axis": "x", "origin": [0.125, -10.525, 1.95625]},
			"faces": {
				"north": {"uv": [3, 4, 3.25, 4.5], "texture": "#0"},
				"east": {"uv": [1.5, 0.5, 2, 1], "texture": "#0"},
				"south": {"uv": [4, 3, 4.25, 3.5], "texture": "#0"},
				"west": {"uv": [1, 1.5, 1.5, 2], "texture": "#0"},
				"up": {"uv": [3.75, 4.5, 3.5, 4], "texture": "#0"},
				"down": {"uv": [4.25, 3.5, 4, 4], "texture": "#0"}
			}
		},
		{
			"from": [9, -3.58125, 4.78125],
			"to": [9.25, -3.48125, 5.58125],
			"rotation": {"angle": 22.5, "axis": "x", "origin": [0.125, -10.525, 1.95625]},
			"faces": {
				"north": {"uv": [4, 4, 4.25, 4.5], "texture": "#0"},
				"east": {"uv": [1.5, 1, 2, 1.5], "texture": "#0"},
				"south": {"uv": [0, 4.5, 0.25, 5], "texture": "#0"},
				"west": {"uv": [1.5, 1.5, 2, 2], "texture": "#0"},
				"up": {"uv": [4.75, 0.5, 4.5, 0], "texture": "#0"},
				"down": {"uv": [0.75, 4.5, 0.5, 5], "texture": "#0"}
			}
		},
		{
			"from": [9, -2.48125, 4.78125],
			"to": [9.25, -2.38125, 5.58125],
			"rotation": {"angle": 22.5, "axis": "x", "origin": [0.125, -10.525, 1.95625]},
			"faces": {
				"north": {"uv": [4, 4, 4.25, 4.5], "texture": "#0"},
				"east": {"uv": [1.5, 1, 2, 1.5], "texture": "#0"},
				"south": {"uv": [0, 4.5, 0.25, 5], "texture": "#0"},
				"west": {"uv": [1.5, 1.5, 2, 2], "texture": "#0"},
				"up": {"uv": [4.75, 0.5, 4.5, 0], "texture": "#0"},
				"down": {"uv": [0.75, 4.5, 0.5, 5], "texture": "#0"}
			}
		},
		{
			"from": [9, -3.83125, 4.90625],
			"to": [9.25, -3.58125, 5.48125],
			"rotation": {"angle": 22.5, "axis": "x", "origin": [0.125, -10.525, 1.95625]},
			"faces": {
				"north": {"uv": [7, 7, 7.25, 7.25], "texture": "#0"},
				"east": {"uv": [0, 7.5, 0.25, 7.75], "texture": "#0"},
				"south": {"uv": [7.5, 0, 7.75, 0.25], "texture": "#0"},
				"west": {"uv": [0.5, 7.5, 0.75, 7.75], "texture": "#0"},
				"up": {"uv": [7.75, 0.75, 7.5, 0.5], "texture": "#0"},
				"down": {"uv": [1.25, 7.5, 1, 7.75], "texture": "#0"}
			}
		},
		{
			"from": [9, -3.93125, 5.00625],
			"to": [9.25, -3.83125, 5.73125],
			"rotation": {"angle": 22.5, "axis": "x", "origin": [0.125, -10.525, 1.95625]},
			"faces": {
				"north": {"uv": [7.5, 1, 7.75, 1.25], "texture": "#0"},
				"east": {"uv": [1.5, 7.5, 1.75, 7.75], "texture": "#0"},
				"south": {"uv": [7.5, 1.5, 7.75, 1.75], "texture": "#0"},
				"west": {"uv": [2, 7.5, 2.25, 7.75], "texture": "#0"},
				"up": {"uv": [7.75, 2.25, 7.5, 2], "texture": "#0"},
				"down": {"uv": [2.75, 7.5, 2.5, 7.75], "texture": "#0"}
			}
		},
		{
			"from": [9, -4.00625, 5.13125],
			"to": [9.25, -3.93125, 5.88125],
			"rotation": {"angle": 22.5, "axis": "x", "origin": [0.125, -10.525, 1.95625]},
			"faces": {
				"north": {"uv": [7.5, 2.5, 7.75, 2.75], "texture": "#0"},
				"east": {"uv": [4.5, 0.5, 5, 0.75], "texture": "#0"},
				"south": {"uv": [3, 7.5, 3.25, 7.75], "texture": "#0"},
				"west": {"uv": [1, 4.5, 1.5, 4.75], "texture": "#0"},
				"up": {"uv": [4.75, 1.5, 4.5, 1], "texture": "#0"},
				"down": {"uv": [1.75, 4.5, 1.5, 5], "texture": "#0"}
			}
		},
		{
			"from": [9, -4.13125, 5.33125],
			"to": [9.25, -4.00625, 6.10625],
			"rotation": {"angle": 22.5, "axis": "x", "origin": [0.125, -10.525, 1.95625]},
			"faces": {
				"north": {"uv": [7.5, 3, 7.75, 3.25], "texture": "#0"},
				"east": {"uv": [4.5, 1.5, 5, 1.75], "texture": "#0"},
				"south": {"uv": [3.5, 7.5, 3.75, 7.75], "texture": "#0"},
				"west": {"uv": [2, 4.5, 2.5, 4.75], "texture": "#0"},
				"up": {"uv": [4.75, 2.5, 4.5, 2], "texture": "#0"},
				"down": {"uv": [2.75, 4.5, 2.5, 5], "texture": "#0"}
			}
		},
		{
			"from": [9, -4.00625, 6.15625],
			"to": [9.25, -3.70625, 6.25625],
			"rotation": {"angle": 22.5, "axis": "x", "origin": [0.125, -10.525, 1.95625]},
			"faces": {
				"north": {"uv": [7.5, 3.5, 7.75, 3.75], "texture": "#0"},
				"east": {"uv": [4, 7.5, 4.25, 7.75], "texture": "#0"},
				"south": {"uv": [7.5, 4, 7.75, 4.25], "texture": "#0"},
				"west": {"uv": [4.5, 7.5, 4.75, 7.75], "texture": "#0"},
				"up": {"uv": [7.75, 4.75, 7.5, 4.5], "texture": "#0"},
				"down": {"uv": [5.25, 7.5, 5, 7.75], "texture": "#0"}
			}
		},
		{
			"from": [9, -4.08125, 6.10625],
			"to": [9.25, -3.78125, 6.20625],
			"rotation": {"angle": 22.5, "axis": "x", "origin": [0.125, -10.525, 1.95625]},
			"faces": {
				"north": {"uv": [7.5, 5, 7.75, 5.25], "texture": "#0"},
				"east": {"uv": [5.5, 7.5, 5.75, 7.75], "texture": "#0"},
				"south": {"uv": [7.5, 5.5, 7.75, 5.75], "texture": "#0"},
				"west": {"uv": [6, 7.5, 6.25, 7.75], "texture": "#0"},
				"up": {"uv": [7.75, 6.25, 7.5, 6], "texture": "#0"},
				"down": {"uv": [6.75, 7.5, 6.5, 7.75], "texture": "#0"}
			}
		},
		{
			"from": [9, -3.75625, 6.18125],
			"to": [9.25, -3.45625, 6.28125],
			"rotation": {"angle": 22.5, "axis": "x", "origin": [0.125, -10.525, 1.95625]},
			"faces": {
				"north": {"uv": [7.5, 6.5, 7.75, 6.75], "texture": "#0"},
				"east": {"uv": [7, 7.5, 7.25, 7.75], "texture": "#0"},
				"south": {"uv": [7.5, 7, 7.75, 7.25], "texture": "#0"},
				"west": {"uv": [7.5, 7.5, 7.75, 7.75], "texture": "#0"},
				"up": {"uv": [0.25, 8.25, 0, 8], "texture": "#0"},
				"down": {"uv": [8.25, 0, 8, 0.25], "texture": "#0"}
			}
		},
		{
			"from": [9, -3.38125, 5.68125],
			"to": [9.25, -2.58125, 5.78125],
			"rotation": {"angle": 22.5, "axis": "x", "origin": [0.125, -10.525, 1.95625]},
			"faces": {
				"north": {"uv": [4.5, 2.5, 4.75, 3], "texture": "#0"},
				"east": {"uv": [0, 2, 0.5, 2.5], "texture": "#0"},
				"south": {"uv": [3, 4.5, 3.25, 5], "texture": "#0"},
				"west": {"uv": [2, 0, 2.5, 0.5], "texture": "#0"},
				"up": {"uv": [4.75, 3.5, 4.5, 3], "texture": "#0"},
				"down": {"uv": [3.75, 4.5, 3.5, 5], "texture": "#0"}
			}
		},
		{
			"from": [9, -3.38125, 4.58125],
			"to": [9.25, -2.58125, 4.68125],
			"rotation": {"angle": 22.5, "axis": "x", "origin": [0.125, -10.525, 1.95625]},
			"faces": {
				"north": {"uv": [4.5, 2.5, 4.75, 3], "texture": "#0"},
				"east": {"uv": [0, 2, 0.5, 2.5], "texture": "#0"},
				"south": {"uv": [3, 4.5, 3.25, 5], "texture": "#0"},
				"west": {"uv": [2, 0, 2.5, 0.5], "texture": "#0"},
				"up": {"uv": [4.75, 3.5, 4.5, 3], "texture": "#0"},
				"down": {"uv": [3.75, 4.5, 3.5, 5], "texture": "#0"}
			}
		},
		{
			"from": [7.75, -1.82013, 3.48095],
			"to": [8, -0.82013, 4.48095],
			"rotation": {"angle": 22.5, "axis": "x", "origin": [0.125, -9.7295, 0.17783]},
			"faces": {
				"north": {"uv": [0, 3, 0.25, 3.5], "texture": "#0"},
				"east": {"uv": [0, 0, 0.5, 0.5], "texture": "#0"},
				"south": {"uv": [3, 0, 3.25, 0.5], "texture": "#0"},
				"west": {"uv": [0, 0.5, 0.5, 1], "texture": "#0"},
				"up": {"uv": [0.75, 3.5, 0.5, 3], "texture": "#0"},
				"down": {"uv": [3.25, 0.5, 3, 1], "texture": "#0"}
			}
		},
		{
			"from": [7.75, -1.72013, 4.48095],
			"to": [8, -0.92013, 4.58095],
			"rotation": {"angle": 22.5, "axis": "x", "origin": [0.125, -9.7295, 0.17783]},
			"faces": {
				"north": {"uv": [1, 3, 1.25, 3.5], "texture": "#0"},
				"east": {"uv": [0.5, 0, 1, 0.5], "texture": "#0"},
				"south": {"uv": [3, 1, 3.25, 1.5], "texture": "#0"},
				"west": {"uv": [0.5, 0.5, 1, 1], "texture": "#0"},
				"up": {"uv": [1.75, 3.5, 1.5, 3], "texture": "#0"},
				"down": {"uv": [3.25, 1.5, 3, 2], "texture": "#0"}
			}
		},
		{
			"from": [7.75, -1.72013, 3.38095],
			"to": [8, -0.92013, 3.48095],
			"rotation": {"angle": 22.5, "axis": "x", "origin": [0.125, -9.7295, 0.17783]},
			"faces": {
				"north": {"uv": [1, 3, 1.25, 3.5], "texture": "#0"},
				"east": {"uv": [0.5, 0, 1, 0.5], "texture": "#0"},
				"south": {"uv": [3, 1, 3.25, 1.5], "texture": "#0"},
				"west": {"uv": [0.5, 0.5, 1, 1], "texture": "#0"},
				"up": {"uv": [1.75, 3.5, 1.5, 3], "texture": "#0"},
				"down": {"uv": [3.25, 1.5, 3, 2], "texture": "#0"}
			}
		},
		{
			"from": [7.75, -1.62013, 3.13095],
			"to": [8, -1.04513, 3.38095],
			"rotation": {"angle": 22.5, "axis": "x", "origin": [0.125, -9.7295, 0.17783]},
			"faces": {
				"north": {"uv": [3, 6, 3.25, 6.25], "texture": "#0"},
				"east": {"uv": [6, 3, 6.25, 3.25], "texture": "#0"},
				"south": {"uv": [3.5, 6, 3.75, 6.25], "texture": "#0"},
				"west": {"uv": [6, 3.5, 6.25, 3.75], "texture": "#0"},
				"up": {"uv": [4.25, 6.25, 4, 6], "texture": "#0"},
				"down": {"uv": [6.25, 4, 6, 4.25], "texture": "#0"}
			}
		},
		{
			"from": [7.75, -1.87013, 3.03095],
			"to": [8, -1.14513, 3.13095],
			"rotation": {"angle": 22.5, "axis": "x", "origin": [0.125, -9.7295, 0.17783]},
			"faces": {
				"north": {"uv": [4.5, 6, 4.75, 6.25], "texture": "#0"},
				"east": {"uv": [6, 4.5, 6.25, 4.75], "texture": "#0"},
				"south": {"uv": [5, 6, 5.25, 6.25], "texture": "#0"},
				"west": {"uv": [6, 5, 6.25, 5.25], "texture": "#0"},
				"up": {"uv": [5.75, 6.25, 5.5, 6], "texture": "#0"},
				"down": {"uv": [6.25, 5.5, 6, 5.75], "texture": "#0"}
			}
		},
		{
			"from": [7.75, -2.02013, 2.95595],
			"to": [8, -1.27013, 3.03095],
			"rotation": {"angle": 22.5, "axis": "x", "origin": [0.125, -9.7295, 0.17783]},
			"faces": {
				"north": {"uv": [2, 3, 2.25, 3.5], "texture": "#0"},
				"east": {"uv": [3, 2, 3.25, 2.5], "texture": "#0"},
				"south": {"uv": [2.5, 3, 2.75, 3.5], "texture": "#0"},
				"west": {"uv": [3, 2.5, 3.25, 3], "texture": "#0"},
				"up": {"uv": [6.25, 6.25, 6, 6], "texture": "#0"},
				"down": {"uv": [0.25, 6.5, 0, 6.75], "texture": "#0"}
			}
		},
		{
			"from": [7.75, -2.24513, 2.83095],
			"to": [8, -1.47013, 2.95595],
			"rotation": {"angle": 22.5, "axis": "x", "origin": [0.125, -9.7295, 0.17783]},
			"faces": {
				"north": {"uv": [3, 3, 3.25, 3.5], "texture": "#0"},
				"east": {"uv": [0, 3.5, 0.25, 4], "texture": "#0"},
				"south": {"uv": [3.5, 0, 3.75, 0.5], "texture": "#0"},
				"west": {"uv": [0.5, 3.5, 0.75, 4], "texture": "#0"},
				"up": {"uv": [6.75, 0.25, 6.5, 0], "texture": "#0"},
				"down": {"uv": [0.75, 6.5, 0.5, 6.75], "texture": "#0"}
			}
		},
		{
			"from": [7.75, -2.39513, 2.95595],
			"to": [8, -2.29513, 3.25595],
			"rotation": {"angle": 22.5, "axis": "x", "origin": [0.125, -9.7295, 0.17783]},
			"faces": {
				"north": {"uv": [6.5, 0.5, 6.75, 0.75], "texture": "#0"},
				"east": {"uv": [1, 6.5, 1.25, 6.75], "texture": "#0"},
				"south": {"uv": [6.5, 1, 6.75, 1.25], "texture": "#0"},
				"west": {"uv": [1.5, 6.5, 1.75, 6.75], "texture": "#0"},
				"up": {"uv": [6.75, 1.75, 6.5, 1.5], "texture": "#0"},
				"down": {"uv": [2.25, 6.5, 2, 6.75], "texture": "#0"}
			}
		},
		{
			"from": [7.75, -2.34513, 2.88095],
			"to": [8, -2.24513, 3.18095],
			"rotation": {"angle": 22.5, "axis": "x", "origin": [0.125, -9.7295, 0.17783]},
			"faces": {
				"north": {"uv": [6.5, 2, 6.75, 2.25], "texture": "#0"},
				"east": {"uv": [2.5, 6.5, 2.75, 6.75], "texture": "#0"},
				"south": {"uv": [6.5, 2.5, 6.75, 2.75], "texture": "#0"},
				"west": {"uv": [3, 6.5, 3.25, 6.75], "texture": "#0"},
				"up": {"uv": [6.75, 3.25, 6.5, 3], "texture": "#0"},
				"down": {"uv": [3.75, 6.5, 3.5, 6.75], "texture": "#0"}
			}
		},
		{
			"from": [7.75, -2.42013, 3.20595],
			"to": [8, -2.32013, 3.50595],
			"rotation": {"angle": 22.5, "axis": "x", "origin": [0.125, -9.7295, 0.17783]},
			"faces": {
				"north": {"uv": [6.5, 3.5, 6.75, 3.75], "texture": "#0"},
				"east": {"uv": [4, 6.5, 4.25, 6.75], "texture": "#0"},
				"south": {"uv": [6.5, 4, 6.75, 4.25], "texture": "#0"},
				"west": {"uv": [4.5, 6.5, 4.75, 6.75], "texture": "#0"},
				"up": {"uv": [6.75, 4.75, 6.5, 4.5], "texture": "#0"},
				"down": {"uv": [5.25, 6.5, 5, 6.75], "texture": "#0"}
			}
		},
		{
			"from": [7.75, -0.84513, 3.58095],
			"to": [8, -0.72013, 4.38095],
			"rotation": {"angle": 22.5, "axis": "x", "origin": [0.125, -9.7295, 0.17783]},
			"faces": {
				"north": {"uv": [3.5, 0.5, 3.75, 1], "texture": "#0"},
				"east": {"uv": [0, 1, 0.5, 1.5], "texture": "#0"},
				"south": {"uv": [1, 3.5, 1.25, 4], "texture": "#0"},
				"west": {"uv": [1, 0, 1.5, 0.5], "texture": "#0"},
				"up": {"uv": [3.75, 1.5, 3.5, 1], "texture": "#0"},
				"down": {"uv": [1.75, 3.5, 1.5, 4], "texture": "#0"}
			}
		},
		{
			"from": [7.75, -1.92013, 3.58095],
			"to": [8, -1.79513, 4.38095],
			"rotation": {"angle": 22.5, "axis": "x", "origin": [0.125, -9.7295, 0.17783]},
			"faces": {
				"north": {"uv": [3.5, 0.5, 3.75, 1], "texture": "#0"},
				"east": {"uv": [0, 1, 0.5, 1.5], "texture": "#0"},
				"south": {"uv": [1, 3.5, 1.25, 4], "texture": "#0"},
				"west": {"uv": [1, 0, 1.5, 0.5], "texture": "#0"},
				"up": {"uv": [3.75, 1.5, 3.5, 1], "texture": "#0"},
				"down": {"uv": [1.75, 3.5, 1.5, 4], "texture": "#0"}
			}
		},
		{
			"from": [7.75, -2.16582, 5.63079],
			"to": [8, -1.16582, 6.63079],
			"rotation": {"angle": 22.5, "axis": "x", "origin": [0.125, -9.36269, 2.72142]},
			"faces": {
				"north": {"uv": [3.5, 1.5, 3.75, 2], "texture": "#0"},
				"east": {"uv": [0.5, 1, 1, 1.5], "texture": "#0"},
				"south": {"uv": [2, 3.5, 2.25, 4], "texture": "#0"},
				"west": {"uv": [1, 0.5, 1.5, 1], "texture": "#0"},
				"up": {"uv": [3.75, 2.5, 3.5, 2], "texture": "#0"},
				"down": {"uv": [2.75, 3.5, 2.5, 4], "texture": "#0"}
			}
		},
		{
			"from": [7.75, -1.16582, 5.73079],
			"to": [8, -1.06582, 6.53079],
			"rotation": {"angle": 22.5, "axis": "x", "origin": [0.125, -9.36269, 2.72142]},
			"faces": {
				"north": {"uv": [3.5, 2.5, 3.75, 3], "texture": "#0"},
				"east": {"uv": [1, 1, 1.5, 1.5], "texture": "#0"},
				"south": {"uv": [3, 3.5, 3.25, 4], "texture": "#0"},
				"west": {"uv": [0, 1.5, 0.5, 2], "texture": "#0"},
				"up": {"uv": [3.75, 3.5, 3.5, 3], "texture": "#0"},
				"down": {"uv": [3.75, 3.5, 3.5, 4], "texture": "#0"}
			}
		},
		{
			"from": [7.75, -2.26582, 5.73079],
			"to": [8, -2.14082, 6.53079],
			"rotation": {"angle": 22.5, "axis": "x", "origin": [0.125, -9.36269, 2.72142]},
			"faces": {
				"north": {"uv": [3.5, 2.5, 3.75, 3], "texture": "#0"},
				"east": {"uv": [1, 1, 1.5, 1.5], "texture": "#0"},
				"south": {"uv": [3, 3.5, 3.25, 4], "texture": "#0"},
				"west": {"uv": [0, 1.5, 0.5, 2], "texture": "#0"},
				"up": {"uv": [3.75, 3.5, 3.5, 3], "texture": "#0"},
				"down": {"uv": [3.75, 3.5, 3.5, 4], "texture": "#0"}
			}
		},
		{
			"from": [7.75, -1.06582, 5.83079],
			"to": [8, -0.81582, 6.40579],
			"rotation": {"angle": 22.5, "axis": "x", "origin": [0.125, -9.36269, 2.72142]},
			"faces": {
				"north": {"uv": [6.5, 5, 6.75, 5.25], "texture": "#0"},
				"east": {"uv": [5.5, 6.5, 5.75, 6.75], "texture": "#0"},
				"south": {"uv": [6.5, 5.5, 6.75, 5.75], "texture": "#0"},
				"west": {"uv": [6, 6.5, 6.25, 6.75], "texture": "#0"},
				"up": {"uv": [6.75, 6.25, 6.5, 6], "texture": "#0"},
				"down": {"uv": [6.75, 6.5, 6.5, 6.75], "texture": "#0"}
			}
		},
		{
			"from": [7.75, -0.81582, 5.58079],
			"to": [8, -0.71582, 6.30579],
			"rotation": {"angle": 22.5, "axis": "x", "origin": [0.125, -9.36269, 2.72142]},
			"faces": {
				"north": {"uv": [0, 7, 0.25, 7.25], "texture": "#0"},
				"east": {"uv": [7, 0, 7.25, 0.25], "texture": "#0"},
				"south": {"uv": [0.5, 7, 0.75, 7.25], "texture": "#0"},
				"west": {"uv": [7, 0.5, 7.25, 0.75], "texture": "#0"},
				"up": {"uv": [1.25, 7.25, 1, 7], "texture": "#0"},
				"down": {"uv": [7.25, 1, 7, 1.25], "texture": "#0"}
			}
		},
		{
			"from": [7.75, -0.71582, 5.43079],
			"to": [8, -0.64082, 6.18079],
			"rotation": {"angle": 22.5, "axis": "x", "origin": [0.125, -9.36269, 2.72142]},
			"faces": {
				"north": {"uv": [1.5, 7, 1.75, 7.25], "texture": "#0"},
				"east": {"uv": [0, 4, 0.5, 4.25], "texture": "#0"},
				"south": {"uv": [7, 1.5, 7.25, 1.75], "texture": "#0"},
				"west": {"uv": [4, 0, 4.5, 0.25], "texture": "#0"},
				"up": {"uv": [0.75, 4.5, 0.5, 4], "texture": "#0"},
				"down": {"uv": [4.25, 0.5, 4, 1], "texture": "#0"}
			}
		},
		{
			"from": [7.75, -0.64082, 5.20579],
			"to": [8, -0.51582, 5.98079],
			"rotation": {"angle": 22.5, "axis": "x", "origin": [0.125, -9.36269, 2.72142]},
			"faces": {
				"north": {"uv": [2, 7, 2.25, 7.25], "texture": "#0"},
				"east": {"uv": [1, 4, 1.5, 4.25], "texture": "#0"},
				"south": {"uv": [7, 2, 7.25, 2.25], "texture": "#0"},
				"west": {"uv": [4, 1, 4.5, 1.25], "texture": "#0"},
				"up": {"uv": [1.75, 4.5, 1.5, 4], "texture": "#0"},
				"down": {"uv": [4.25, 1.5, 4, 2], "texture": "#0"}
			}
		},
		{
			"from": [7.75, -0.94082, 5.05579],
			"to": [8, -0.64082, 5.15579],
			"rotation": {"angle": 22.5, "axis": "x", "origin": [0.125, -9.36269, 2.72142]},
			"faces": {
				"north": {"uv": [2.5, 7, 2.75, 7.25], "texture": "#0"},
				"east": {"uv": [7, 2.5, 7.25, 2.75], "texture": "#0"},
				"south": {"uv": [3, 7, 3.25, 7.25], "texture": "#0"},
				"west": {"uv": [7, 3, 7.25, 3.25], "texture": "#0"},
				"up": {"uv": [3.75, 7.25, 3.5, 7], "texture": "#0"},
				"down": {"uv": [7.25, 3.5, 7, 3.75], "texture": "#0"}
			}
		},
		{
			"from": [7.75, -1.19082, 5.03079],
			"to": [8, -0.89082, 5.13079],
			"rotation": {"angle": 22.5, "axis": "x", "origin": [0.125, -9.36269, 2.72142]},
			"faces": {
				"north": {"uv": [4, 7, 4.25, 7.25], "texture": "#0"},
				"east": {"uv": [7, 4, 7.25, 4.25], "texture": "#0"},
				"south": {"uv": [4.5, 7, 4.75, 7.25], "texture": "#0"},
				"west": {"uv": [7, 4.5, 7.25, 4.75], "texture": "#0"},
				"up": {"uv": [5.25, 7.25, 5, 7], "texture": "#0"},
				"down": {"uv": [7.25, 5, 7, 5.25], "texture": "#0"}
			}
		},
		{
			"from": [7.75, -0.86582, 5.10579],
			"to": [8, -0.56582, 5.20579],
			"rotation": {"angle": 22.5, "axis": "x", "origin": [0.125, -9.36269, 2.72142]},
			"faces": {
				"north": {"uv": [5.5, 7, 5.75, 7.25], "texture": "#0"},
				"east": {"uv": [7, 5.5, 7.25, 5.75], "texture": "#0"},
				"south": {"uv": [6, 7, 6.25, 7.25], "texture": "#0"},
				"west": {"uv": [7, 6, 7.25, 6.25], "texture": "#0"},
				"up": {"uv": [6.75, 7.25, 6.5, 7], "texture": "#0"},
				"down": {"uv": [7.25, 6.5, 7, 6.75], "texture": "#0"}
			}
		},
		{
			"from": [7.75, -2.06582, 5.53079],
			"to": [8, -1.26582, 5.63079],
			"rotation": {"angle": 22.5, "axis": "x", "origin": [0.125, -9.36269, 2.72142]},
			"faces": {
				"north": {"uv": [2, 4, 2.25, 4.5], "texture": "#0"},
				"east": {"uv": [1.5, 0, 2, 0.5], "texture": "#0"},
				"south": {"uv": [4, 2, 4.25, 2.5], "texture": "#0"},
				"west": {"uv": [0.5, 1.5, 1, 2], "texture": "#0"},
				"up": {"uv": [2.75, 4.5, 2.5, 4], "texture": "#0"},
				"down": {"uv": [4.25, 2.5, 4, 3], "texture": "#0"}
			}
		},
		{
			"from": [7.75, -2.06582, 6.63079],
			"to": [8, -1.26582, 6.73079],
			"rotation": {"angle": 22.5, "axis": "x", "origin": [0.125, -9.36269, 2.72142]},
			"faces": {
				"north": {"uv": [2, 4, 2.25, 4.5], "texture": "#0"},
				"east": {"uv": [1.5, 0, 2, 0.5], "texture": "#0"},
				"south": {"uv": [4, 2, 4.25, 2.5], "texture": "#0"},
				"west": {"uv": [0.5, 1.5, 1, 2], "texture": "#0"},
				"up": {"uv": [2.75, 4.5, 2.5, 4], "texture": "#0"},
				"down": {"uv": [4.25, 2.5, 4, 3], "texture": "#0"}
			}
		},
		{
			"from": [7.75, -3.48125, 4.68125],
			"to": [8, -2.48125, 5.68125],
			"rotation": {"angle": 22.5, "axis": "x", "origin": [0.125, -10.525, 1.95625]},
			"faces": {
				"north": {"uv": [3, 4, 3.25, 4.5], "texture": "#0"},
				"east": {"uv": [1.5, 0.5, 2, 1], "texture": "#0"},
				"south": {"uv": [4, 3, 4.25, 3.5], "texture": "#0"},
				"west": {"uv": [1, 1.5, 1.5, 2], "texture": "#0"},
				"up": {"uv": [3.75, 4.5, 3.5, 4], "texture": "#0"},
				"down": {"uv": [4.25, 3.5, 4, 4], "texture": "#0"}
			}
		},
		{
			"from": [7.75, -3.58125, 4.78125],
			"to": [8, -3.48125, 5.58125],
			"rotation": {"angle": 22.5, "axis": "x", "origin": [0.125, -10.525, 1.95625]},
			"faces": {
				"north": {"uv": [4, 4, 4.25, 4.5], "texture": "#0"},
				"east": {"uv": [1.5, 1, 2, 1.5], "texture": "#0"},
				"south": {"uv": [0, 4.5, 0.25, 5], "texture": "#0"},
				"west": {"uv": [1.5, 1.5, 2, 2], "texture": "#0"},
				"up": {"uv": [4.75, 0.5, 4.5, 0], "texture": "#0"},
				"down": {"uv": [0.75, 4.5, 0.5, 5], "texture": "#0"}
			}
		},
		{
			"from": [7.75, -2.48125, 4.78125],
			"to": [8, -2.38125, 5.58125],
			"rotation": {"angle": 22.5, "axis": "x", "origin": [0.125, -10.525, 1.95625]},
			"faces": {
				"north": {"uv": [4, 4, 4.25, 4.5], "texture": "#0"},
				"east": {"uv": [1.5, 1, 2, 1.5], "texture": "#0"},
				"south": {"uv": [0, 4.5, 0.25, 5], "texture": "#0"},
				"west": {"uv": [1.5, 1.5, 2, 2], "texture": "#0"},
				"up": {"uv": [4.75, 0.5, 4.5, 0], "texture": "#0"},
				"down": {"uv": [0.75, 4.5, 0.5, 5], "texture": "#0"}
			}
		},
		{
			"from": [7.75, -3.83125, 4.90625],
			"to": [8, -3.58125, 5.48125],
			"rotation": {"angle": 22.5, "axis": "x", "origin": [0.125, -10.525, 1.95625]},
			"faces": {
				"north": {"uv": [7, 7, 7.25, 7.25], "texture": "#0"},
				"east": {"uv": [0, 7.5, 0.25, 7.75], "texture": "#0"},
				"south": {"uv": [7.5, 0, 7.75, 0.25], "texture": "#0"},
				"west": {"uv": [0.5, 7.5, 0.75, 7.75], "texture": "#0"},
				"up": {"uv": [7.75, 0.75, 7.5, 0.5], "texture": "#0"},
				"down": {"uv": [1.25, 7.5, 1, 7.75], "texture": "#0"}
			}
		},
		{
			"from": [7.75, -3.93125, 5.00625],
			"to": [8, -3.83125, 5.73125],
			"rotation": {"angle": 22.5, "axis": "x", "origin": [0.125, -10.525, 1.95625]},
			"faces": {
				"north": {"uv": [7.5, 1, 7.75, 1.25], "texture": "#0"},
				"east": {"uv": [1.5, 7.5, 1.75, 7.75], "texture": "#0"},
				"south": {"uv": [7.5, 1.5, 7.75, 1.75], "texture": "#0"},
				"west": {"uv": [2, 7.5, 2.25, 7.75], "texture": "#0"},
				"up": {"uv": [7.75, 2.25, 7.5, 2], "texture": "#0"},
				"down": {"uv": [2.75, 7.5, 2.5, 7.75], "texture": "#0"}
			}
		},
		{
			"from": [7.75, -4.00625, 5.13125],
			"to": [8, -3.93125, 5.88125],
			"rotation": {"angle": 22.5, "axis": "x", "origin": [0.125, -10.525, 1.95625]},
			"faces": {
				"north": {"uv": [7.5, 2.5, 7.75, 2.75], "texture": "#0"},
				"east": {"uv": [4.5, 0.5, 5, 0.75], "texture": "#0"},
				"south": {"uv": [3, 7.5, 3.25, 7.75], "texture": "#0"},
				"west": {"uv": [1, 4.5, 1.5, 4.75], "texture": "#0"},
				"up": {"uv": [4.75, 1.5, 4.5, 1], "texture": "#0"},
				"down": {"uv": [1.75, 4.5, 1.5, 5], "texture": "#0"}
			}
		},
		{
			"from": [7.75, -4.13125, 5.33125],
			"to": [8, -4.00625, 6.10625],
			"rotation": {"angle": 22.5, "axis": "x", "origin": [0.125, -10.525, 1.95625]},
			"faces": {
				"north": {"uv": [7.5, 3, 7.75, 3.25], "texture": "#0"},
				"east": {"uv": [4.5, 1.5, 5, 1.75], "texture": "#0"},
				"south": {"uv": [3.5, 7.5, 3.75, 7.75], "texture": "#0"},
				"west": {"uv": [2, 4.5, 2.5, 4.75], "texture": "#0"},
				"up": {"uv": [4.75, 2.5, 4.5, 2], "texture": "#0"},
				"down": {"uv": [2.75, 4.5, 2.5, 5], "texture": "#0"}
			}
		},
		{
			"from": [7.75, -4.00625, 6.15625],
			"to": [8, -3.70625, 6.25625],
			"rotation": {"angle": 22.5, "axis": "x", "origin": [0.125, -10.525, 1.95625]},
			"faces": {
				"north": {"uv": [7.5, 3.5, 7.75, 3.75], "texture": "#0"},
				"east": {"uv": [4, 7.5, 4.25, 7.75], "texture": "#0"},
				"south": {"uv": [7.5, 4, 7.75, 4.25], "texture": "#0"},
				"west": {"uv": [4.5, 7.5, 4.75, 7.75], "texture": "#0"},
				"up": {"uv": [7.75, 4.75, 7.5, 4.5], "texture": "#0"},
				"down": {"uv": [5.25, 7.5, 5, 7.75], "texture": "#0"}
			}
		},
		{
			"from": [7.75, -4.08125, 6.10625],
			"to": [8, -3.78125, 6.20625],
			"rotation": {"angle": 22.5, "axis": "x", "origin": [0.125, -10.525, 1.95625]},
			"faces": {
				"north": {"uv": [7.5, 5, 7.75, 5.25], "texture": "#0"},
				"east": {"uv": [5.5, 7.5, 5.75, 7.75], "texture": "#0"},
				"south": {"uv": [7.5, 5.5, 7.75, 5.75], "texture": "#0"},
				"west": {"uv": [6, 7.5, 6.25, 7.75], "texture": "#0"},
				"up": {"uv": [7.75, 6.25, 7.5, 6], "texture": "#0"},
				"down": {"uv": [6.75, 7.5, 6.5, 7.75], "texture": "#0"}
			}
		},
		{
			"from": [7.75, -3.75625, 6.18125],
			"to": [8, -3.45625, 6.28125],
			"rotation": {"angle": 22.5, "axis": "x", "origin": [0.125, -10.525, 1.95625]},
			"faces": {
				"north": {"uv": [7.5, 6.5, 7.75, 6.75], "texture": "#0"},
				"east": {"uv": [7, 7.5, 7.25, 7.75], "texture": "#0"},
				"south": {"uv": [7.5, 7, 7.75, 7.25], "texture": "#0"},
				"west": {"uv": [7.5, 7.5, 7.75, 7.75], "texture": "#0"},
				"up": {"uv": [0.25, 8.25, 0, 8], "texture": "#0"},
				"down": {"uv": [8.25, 0, 8, 0.25], "texture": "#0"}
			}
		},
		{
			"from": [7.75, -3.38125, 5.68125],
			"to": [8, -2.58125, 5.78125],
			"rotation": {"angle": 22.5, "axis": "x", "origin": [0.125, -10.525, 1.95625]},
			"faces": {
				"north": {"uv": [4.5, 2.5, 4.75, 3], "texture": "#0"},
				"east": {"uv": [0, 2, 0.5, 2.5], "texture": "#0"},
				"south": {"uv": [3, 4.5, 3.25, 5], "texture": "#0"},
				"west": {"uv": [2, 0, 2.5, 0.5], "texture": "#0"},
				"up": {"uv": [4.75, 3.5, 4.5, 3], "texture": "#0"},
				"down": {"uv": [3.75, 4.5, 3.5, 5], "texture": "#0"}
			}
		},
		{
			"from": [7.75, -3.38125, 4.58125],
			"to": [8, -2.58125, 4.68125],
			"rotation": {"angle": 22.5, "axis": "x", "origin": [0.125, -10.525, 1.95625]},
			"faces": {
				"north": {"uv": [4.5, 2.5, 4.75, 3], "texture": "#0"},
				"east": {"uv": [0, 2, 0.5, 2.5], "texture": "#0"},
				"south": {"uv": [3, 4.5, 3.25, 5], "texture": "#0"},
				"west": {"uv": [2, 0, 2.5, 0.5], "texture": "#0"},
				"up": {"uv": [4.75, 3.5, 4.5, 3], "texture": "#0"},
				"down": {"uv": [3.75, 4.5, 3.5, 5], "texture": "#0"}
			}
		},
		{
			"from": [8.35, -4.475, 7],
			"to": [8.65, -1.2, 8.75],
			"rotation": {"angle": 0, "axis": "y", "origin": [7.75, -6.1, 7.5]},
			"faces": {
				"north": {"uv": [5.5, 4, 5.65625, 5.625], "texture": "#4"},
				"east": {"uv": [2, 3, 2.875, 4.625], "texture": "#4"},
				"south": {"uv": [4.5, 5.5, 4.65625, 7.125], "texture": "#4"},
				"west": {"uv": [3, 3, 3.875, 4.625], "texture": "#4"},
				"up": {"uv": [7.15625, 0.875, 7, 0], "texture": "#4"},
				"down": {"uv": [7.15625, 1, 7, 1.875], "texture": "#4"}
			}
		},
		{
			"from": [8.35, -1.225, 6.75],
			"to": [8.65, 2.05, 8.5],
			"rotation": {"angle": 0, "axis": "y", "origin": [7.75, -6.1, 7.5]},
			"faces": {
				"north": {"uv": [0, 6, 0.15625, 7.625], "texture": "#4"},
				"east": {"uv": [0, 4, 0.875, 5.625], "texture": "#4"},
				"south": {"uv": [6, 0, 6.15625, 1.625], "texture": "#4"},
				"west": {"uv": [4, 0, 4.875, 1.625], "texture": "#4"},
				"up": {"uv": [7.15625, 2.875, 7, 2], "texture": "#4"},
				"down": {"uv": [7.15625, 3, 7, 3.875], "texture": "#4"}
			}
		},
		{
			"from": [8.35, 2.025, 6.6],
			"to": [8.65, 9.3, 8.35],
			"rotation": {"angle": 0, "axis": "y", "origin": [7.75, -6.1, 7.5]},
			"faces": {
				"north": {"uv": [3, 5, 3.15625, 8.625], "texture": "#4"},
				"east": {"uv": [0, 0, 0.875, 3.625], "texture": "#4"},
				"south": {"uv": [5, 3, 5.15625, 6.625], "texture": "#4"},
				"west": {"uv": [1, 0, 1.875, 3.625], "texture": "#4"},
				"up": {"uv": [7.15625, 4.875, 7, 4], "texture": "#4"},
				"down": {"uv": [5.15625, 7, 5, 7.875], "texture": "#4"}
			}
		},
		{
			"from": [8.35, 9.275, 6.75],
			"to": [8.65, 15.05, 8.5],
			"rotation": {"angle": 0, "axis": "y", "origin": [7.75, -10.1, 7.5]},
			"faces": {
				"north": {"uv": [3.5, 5, 3.65625, 7.875], "texture": "#4"},
				"east": {"uv": [2, 0, 2.875, 2.875], "texture": "#4"},
				"south": {"uv": [1, 5.5, 1.15625, 8.375], "texture": "#4"},
				"west": {"uv": [3, 0, 3.875, 2.875], "texture": "#4"},
				"up": {"uv": [7.15625, 5.875, 7, 5], "texture": "#4"},
				"down": {"uv": [5.65625, 7, 5.5, 7.875], "texture": "#4"}
			}
		},
		{
			"from": [8.35, 16.8, 7],
			"to": [8.65, 18.125, 8.75],
			"rotation": {"angle": 0, "axis": "y", "origin": [7.75, -10.1, 7.5]},
			"faces": {
				"north": {"uv": [7.5, 3, 7.65625, 3.65625], "texture": "#4"},
				"east": {"uv": [2, 5, 2.875, 5.65625], "texture": "#4"},
				"south": {"uv": [4, 7.5, 4.15625, 8.15625], "texture": "#4"},
				"west": {"uv": [5, 2, 5.875, 2.65625], "texture": "#4"},
				"up": {"uv": [6.15625, 7.875, 6, 7], "texture": "#4"},
				"down": {"uv": [7.15625, 6, 7, 6.875], "texture": "#4"}
			}
		},
		{
			"from": [8.35, 15.05, 6.85],
			"to": [8.65, 16.85, 8.75],
			"rotation": {"angle": 0, "axis": "y", "origin": [7.75, -10.1, 7.5]},
			"faces": {
				"north": {"uv": [4, 6.5, 4.15625, 7.40625], "texture": "#4"},
				"east": {"uv": [4, 3.5, 4.9375, 4.40625], "texture": "#4"},
				"south": {"uv": [6.5, 4.5, 6.65625, 5.40625], "texture": "#4"},
				"west": {"uv": [4, 4.5, 4.9375, 5.40625], "texture": "#4"},
				"up": {"uv": [1.65625, 7.4375, 1.5, 6.5], "texture": "#4"},
				"down": {"uv": [6.65625, 1.5, 6.5, 2.4375], "texture": "#4"}
			}
		},
		{
			"from": [8.35, 18.1, 7.25],
			"to": [8.65, 20.375, 9],
			"rotation": {"angle": 0, "axis": "y", "origin": [7.75, -10.1, 7.5]},
			"faces": {
				"north": {"uv": [2.5, 6, 2.65625, 7.125], "texture": "#4"},
				"east": {"uv": [1, 4, 1.875, 5.125], "texture": "#4"},
				"south": {"uv": [6, 4, 6.15625, 5.125], "texture": "#4"},
				"west": {"uv": [4, 2, 4.875, 3.125], "texture": "#4"},
				"up": {"uv": [7.15625, 7.875, 7, 7], "texture": "#4"},
				"down": {"uv": [7.65625, 0, 7.5, 0.875], "texture": "#4"}
			}
		},
		{
			"from": [8.35, 17.025, 8.75],
			"to": [8.65, 18.1, 8.9],
			"rotation": {"angle": 0, "axis": "y", "origin": [7.75, -10.1, 7.5]},
			"faces": {
				"north": {"uv": [7.5, 4, 7.65625, 4.53125], "texture": "#4"},
				"east": {"uv": [7.5, 8, 7.5625, 8.53125], "texture": "#4"},
				"south": {"uv": [4.5, 7.5, 4.65625, 8.03125], "texture": "#4"},
				"west": {"uv": [8, 7.5, 8.0625, 8.03125], "texture": "#4"},
				"up": {"uv": [8.65625, 3.5625, 8.5, 3.5], "texture": "#4"},
				"down": {"uv": [4.15625, 8.5, 4, 8.5625], "texture": "#4"}
			}
		},
		{
			"from": [8.35, 18.1, 7.1],
			"to": [8.65, 19.5, 7.25],
			"rotation": {"angle": 0, "axis": "y", "origin": [7.75, -10.1, 7.5]},
			"faces": {
				"north": {"uv": [7.5, 2, 7.65625, 2.6875], "texture": "#4"},
				"east": {"uv": [8, 5.5, 8.0625, 6.1875], "texture": "#4"},
				"south": {"uv": [2.5, 7.5, 2.65625, 8.1875], "texture": "#4"},
				"west": {"uv": [6, 8, 6.0625, 8.6875], "texture": "#4"},
				"up": {"uv": [8.65625, 4.0625, 8.5, 4], "texture": "#4"},
				"down": {"uv": [4.65625, 8.5, 4.5, 8.5625], "texture": "#4"}
			}
		},
		{
			"from": [8.35, 20.35, 7.5],
			"to": [8.65, 22.25, 9.25],
			"rotation": {"angle": 0, "axis": "y", "origin": [7.75, -10.1, 7.5]},
			"faces": {
				"north": {"uv": [6.5, 2.5, 6.65625, 3.4375], "texture": "#4"},
				"east": {"uv": [5, 0, 5.875, 0.9375], "texture": "#4"},
				"south": {"uv": [6.5, 3.5, 6.65625, 4.4375], "texture": "#4"},
				"west": {"uv": [5, 1, 5.875, 1.9375], "texture": "#4"},
				"up": {"uv": [0.65625, 8.375, 0.5, 7.5], "texture": "#4"},
				"down": {"uv": [7.65625, 1, 7.5, 1.875], "texture": "#4"}
			}
		},
		{
			"from": [8.35, 20.375, 7.375],
			"to": [8.65, 21, 7.5],
			"rotation": {"angle": 0, "axis": "y", "origin": [7.75, -10.1, 7.5]},
			"faces": {
				"north": {"uv": [8, 3, 8.15625, 3.3125], "texture": "#4"},
				"east": {"uv": [8.5, 3, 8.5625, 3.3125], "texture": "#4"},
				"south": {"uv": [3.5, 8, 3.65625, 8.3125], "texture": "#4"},
				"west": {"uv": [3.5, 8.5, 3.5625, 8.8125], "texture": "#4"},
				"up": {"uv": [8.65625, 4.5625, 8.5, 4.5], "texture": "#4"},
				"down": {"uv": [5.15625, 8.5, 5, 8.5625], "texture": "#4"}
			}
		},
		{
			"from": [8.35, 19.5, 9],
			"to": [8.65, 20.35, 9.125],
			"rotation": {"angle": 0, "axis": "y", "origin": [7.75, -10.1, 7.5]},
			"faces": {
				"north": {"uv": [7.5, 7.5, 7.65625, 7.9375], "texture": "#4"},
				"east": {"uv": [0.5, 8.5, 0.5625, 8.9375], "texture": "#4"},
				"south": {"uv": [0, 8, 0.15625, 8.4375], "texture": "#4"},
				"west": {"uv": [8.5, 0.5, 8.5625, 0.9375], "texture": "#4"},
				"up": {"uv": [8.65625, 5.0625, 8.5, 5], "texture": "#4"},
				"down": {"uv": [5.65625, 8.5, 5.5, 8.5625], "texture": "#4"}
			}
		},
		{
			"from": [8.35, 21.25, 9.25],
			"to": [8.65, 22.25, 9.375],
			"rotation": {"angle": 0, "axis": "y", "origin": [7.75, -10.1, 7.5]},
			"faces": {
				"north": {"uv": [6.5, 7.5, 6.65625, 8], "texture": "#4"},
				"east": {"uv": [0, 8.5, 0.0625, 9], "texture": "#4"},
				"south": {"uv": [7.5, 7, 7.65625, 7.5], "texture": "#4"},
				"west": {"uv": [8.5, 0, 8.5625, 0.5], "texture": "#4"},
				"up": {"uv": [8.65625, 5.5625, 8.5, 5.5], "texture": "#4"},
				"down": {"uv": [8.65625, 6, 8.5, 6.0625], "texture": "#4"}
			}
		},
		{
			"from": [8.35, 22.25, 7.75],
			"to": [8.65, 23.15, 9.5],
			"rotation": {"angle": 0, "axis": "y", "origin": [7.75, -10.1, 7.5]},
			"faces": {
				"north": {"uv": [8, 0, 8.15625, 0.4375], "texture": "#4"},
				"east": {"uv": [5.5, 3, 6.375, 3.4375], "texture": "#4"},
				"south": {"uv": [8, 0.5, 8.15625, 0.9375], "texture": "#4"},
				"west": {"uv": [5.5, 3.5, 6.375, 3.9375], "texture": "#4"},
				"up": {"uv": [1.65625, 8.375, 1.5, 7.5], "texture": "#4"},
				"down": {"uv": [2.15625, 7.5, 2, 8.375], "texture": "#4"}
			}
		},
		{
			"from": [8.35, 22.25, 7.625],
			"to": [8.65, 23.15, 7.75],
			"rotation": {"angle": 0, "axis": "y", "origin": [7.75, -10.1, 7.5]},
			"faces": {
				"north": {"uv": [8, 1, 8.15625, 1.4375], "texture": "#4"},
				"east": {"uv": [1, 8.5, 1.0625, 8.9375], "texture": "#4"},
				"south": {"uv": [8, 1.5, 8.15625, 1.9375], "texture": "#4"},
				"west": {"uv": [8.5, 1, 8.5625, 1.4375], "texture": "#4"},
				"up": {"uv": [6.65625, 8.5625, 6.5, 8.5], "texture": "#4"},
				"down": {"uv": [8.65625, 6.5, 8.5, 6.5625], "texture": "#4"}
			}
		},
		{
			"from": [8.35, 23.15, 8.85],
			"to": [8.65, 24.94393, 9.5],
			"rotation": {"angle": 0, "axis": "y", "origin": [8.5, 24.1, 9.175]},
			"faces": {
				"north": {"uv": [6.5, 5.5, 6.65625, 6.40625], "texture": "#4"},
				"east": {"uv": [1.5, 5.5, 1.8125, 6.40625], "texture": "#4"},
				"south": {"uv": [6.5, 6.5, 6.65625, 7.40625], "texture": "#4"},
				"west": {"uv": [4, 5.5, 4.3125, 6.40625], "texture": "#4"},
				"up": {"uv": [8.15625, 3.8125, 8, 3.5], "texture": "#4"},
				"down": {"uv": [8.15625, 4, 8, 4.3125], "texture": "#4"}
			}
		},
		{
			"from": [8.35, 24.94393, 9.17929],
			"to": [8.65, 25.26464, 9.5],
			"rotation": {"angle": 0, "axis": "y", "origin": [8.5, 26.625, 9.175]},
			"faces": {
				"north": {"uv": [1.5, 8.5, 1.65625, 8.65625], "texture": "#4"},
				"east": {"uv": [8.5, 1.5, 8.65625, 1.65625], "texture": "#4"},
				"south": {"uv": [2, 8.5, 2.15625, 8.65625], "texture": "#4"},
				"west": {"uv": [8.5, 2, 8.65625, 2.15625], "texture": "#4"},
				"up": {"uv": [2.65625, 8.65625, 2.5, 8.5], "texture": "#4"},
				"down": {"uv": [8.65625, 2.5, 8.5, 2.65625], "texture": "#4"}
			}
		},
		{
			"from": [8.35, 23.15, 8.2],
			"to": [8.65, 24.225, 8.85],
			"rotation": {"angle": 0, "axis": "y", "origin": [8.5, 23.225, 9.225]},
			"faces": {
				"north": {"uv": [7.5, 5, 7.65625, 5.53125], "texture": "#4"},
				"east": {"uv": [6, 2, 6.3125, 2.53125], "texture": "#4"},
				"south": {"uv": [7.5, 6, 7.65625, 6.53125], "texture": "#4"},
				"west": {"uv": [5.5, 6, 5.8125, 6.53125], "texture": "#4"},
				"up": {"uv": [8.15625, 4.8125, 8, 4.5], "texture": "#4"},
				"down": {"uv": [5.15625, 8, 5, 8.3125], "texture": "#4"}
			}
		},
		{
			"from": [8.35, 23.15, 7.75],
			"to": [8.65, 23.8, 8.2],
			"rotation": {"angle": 0, "axis": "y", "origin": [8.5, 23.225, 9.275]},
			"faces": {
				"north": {"uv": [8, 5, 8.15625, 5.3125], "texture": "#4"},
				"east": {"uv": [8, 2, 8.21875, 2.3125], "texture": "#4"},
				"south": {"uv": [5.5, 8, 5.65625, 8.3125], "texture": "#4"},
				"west": {"uv": [8, 2.5, 8.21875, 2.8125], "texture": "#4"},
				"up": {"uv": [6.65625, 8.21875, 6.5, 8], "texture": "#4"},
				"down": {"uv": [8.15625, 6.5, 8, 6.71875], "texture": "#4"}
			}
		},
		{
			"from": [8.325, 22.02378, 6.53388],
			"to": [8.675, 24.0701, 6.98744],
			"rotation": {"angle": 45, "axis": "x", "origin": [8.5, 21.47409, 9.29853]},
			"faces": {
				"north": {"uv": [6, 5.5, 6.15625, 6.53125], "texture": "#4"},
				"east": {"uv": [0.5, 6, 0.71875, 7.03125], "texture": "#4"},
				"south": {"uv": [6.5, 0, 6.65625, 1.03125], "texture": "#4"},
				"west": {"uv": [2, 6, 2.21875, 7.03125], "texture": "#4"},
				"up": {"uv": [7.15625, 8.21875, 7, 8], "texture": "#4"},
				"down": {"uv": [8.15625, 7, 8, 7.21875], "texture": "#4"}
			}
		}
	],
	"display": {
		"thirdperson_righthand": {
			"translation": [-0.25, 12.25, 1.25],
			"scale": [0.8, 0.8, 0.8]
		},
		"thirdperson_lefthand": {
			"translation": [0.5, 12.75, 1.5],
			"scale": [0.8, 0.8, 0.8]
		},
		"firstperson_righthand": {
			"translation": [2.25, 7.75, -1.5],
			"scale": [0.5, 0.5, 0.5]
		},
		"firstperson_lefthand": {
			"translation": [3.25, 8, -1.5],
			"scale": [0.5, 0.5, 0.5]
		},
		"ground": {
			"rotation": [0, 0, 90],
			"translation": [0, -3, 0],
			"scale": [1.49, 1.49, 1.49]
		},
		"gui": {
			"rotation": [45, 28, -45],
			"translation": [0, 0.5, 0],
			"scale": [0.41, 0.41, 0.41]
		},
		"head": {
			"rotation": [90, 0, 0],
			"translation": [7, -28, 5]
		},
		"fixed": {
			"rotation": [0, 90, 0],
			"scale": [2, 2, 2]
		}
	},
	"groups": [
		{
			"name": "Hilt",
			"origin": [0, 0, 0],
			"color": 0,
			"children": [0, 1, 2, 3, 4, 5, 6, 7, 8, 9, 10, 11, 12, 13]
		},
		{
			"name": "handle",
			"origin": [0, 0, 0],
			"color": 0,
			"children": [
				14,
				15,
				16,
				17,
				18,
				{
					"name": "Petal 1",
					"origin": [8.5, 1.49979, 8.99895],
					"color": 0,
					"children": [19, 20, 21, 22, 23, 24, 25, 26]
				},
				{
					"name": "Petal 2",
					"origin": [8.5, 1.49979, 8.99895],
					"color": 0,
					"children": [27, 28, 29, 30, 31, 32, 33, 34]
				},
				35,
				36,
				37,
				38,
				39,
				40,
				41,
				42,
				43,
				44,
				45,
				46,
				47,
				48,
				49,
				50,
				51,
				52,
				53
			]
		},
		{
			"name": "Blade Connection",
			"origin": [7.75, 4.9, 7.5],
			"color": 0,
			"children": [54, 55, 56, 57, 58, 59, 60, 61, 62, 63, 64, 65, 66, 67]
		},
		{
			"name": "group",
			"origin": [0, 0, 0],
			"color": 0,
			"children": [68, 69, 70, 71, 72, 73, 74, 75, 76, 77, 78, 79, 80, 81, 82, 83, 84, 85, 86, 87, 88, 89, 90, 91, 92, 93, 94, 95, 96, 97, 98, 99, 100, 101, 102, 103]
		},
		{
			"name": "group",
			"origin": [0, 0, 0],
			"color": 0,
			"children": [104, 105, 106, 107, 108, 109, 110, 111, 112, 113, 114, 115, 116, 117, 118, 119, 120, 121, 122, 123, 124, 125, 126, 127, 128, 129, 130, 131, 132, 133, 134, 135, 136, 137, 138, 139]
		},
		{
			"name": "group",
			"origin": [7.75, -6.1, 7.5],
			"color": 0,
			"children": [140, 141, 142, 143, 144, 145, 146, 147, 148, 149, 150, 151, 152, 153, 154, 155, 156, 157, 158, 159]
		}
	]
}