{
	"credit": "Made with Blockbench",
	"texture_size": [32, 32],
	"textures": {
		"0": "item/bananan",
		"particle": "item/bananan"
	},
	"elements": [
		{
			"from": [2, 0, 8],
			"to": [3, 2, 10],
			"rotation": {"angle": 0, "axis": "y", "origin": [2, 0, 3]},
			"faces": {
				"north": {"uv": [5.5, 10, 6, 11], "texture": "#0"},
				"east": {"uv": [3, 7, 4, 8], "texture": "#0"},
				"south": {"uv": [6, 10, 6.5, 11], "texture": "#0"},
				"west": {"uv": [10, 1.5, 11, 2.5], "texture": "#0"},
				"up": {"uv": [7, 11, 6.5, 10], "texture": "#0"},
				"down": {"uv": [7.5, 10, 7, 11], "texture": "#0"}
			}
		},
		{
			"from": [3, -0.25, 7.5],
			"to": [5.5, 2.25, 10.5],
			"rotation": {"angle": 0, "axis": "y", "origin": [2, 0, 3]},
			"faces": {
				"north": {"uv": [0, 8.5, 1.5, 10], "texture": "#0"},
				"east": {"uv": [1.5, 8.5, 3, 10], "texture": "#0"},
				"south": {"uv": [9, 3.5, 10.5, 5], "texture": "#0"},
				"west": {"uv": [3, 9.5, 4.5, 11], "texture": "#0"},
				"up": {"uv": [11, 6.5, 9.5, 5], "texture": "#0"},
				"down": {"uv": [11, 6.5, 9.5, 8], "texture": "#0"}
			}
		},
		{
			"from": [4.25, 3, 7],
			"to": [10, 6, 11],
			"rotation": {"angle": 45, "axis": "z", "origin": [9, 3, 9]},
			"faces": {
				"north": {"uv": [5, 2, 8, 3.5], "texture": "#0"},
				"east": {"uv": [8, 2, 10, 3.5], "texture": "#0"},
				"south": {"uv": [0, 7, 3, 8.5], "texture": "#0"},
				"west": {"uv": [3, 8, 5, 9.5], "texture": "#0"},
				"up": {"uv": [7, 5.5, 4, 3.5], "texture": "#0"},
				"down": {"uv": [8, 0, 5, 2], "texture": "#0"}
			}
		},
		{
			"from": [7.75, 3.5, 6.5],
			"to": [11.75, 10.5, 11.5],
			"rotation": {"angle": -22.5, "axis": "z", "origin": [11, 8, 9]},
			"faces": {
				"north": {"uv": [0, 3.5, 2, 7], "texture": "#0"},
				"east": {"uv": [0, 0, 2.5, 3.5], "texture": "#0"},
				"south": {"uv": [2, 3.5, 4, 7], "texture": "#0"},
				"west": {"uv": [2.5, 0, 5, 3.5], "texture": "#0"},
				"up": {"uv": [6, 8, 4, 5.5], "texture": "#0"},
				"down": {"uv": [8, 5.5, 6, 8], "texture": "#0"}
			}
		},
		{
			"from": [9.37944, 9.88052, 7],
			"to": [12.37944, 13.88052, 11],
			"rotation": {"angle": 0, "axis": "y", "origin": [10.50444, 12.75552, 9]},
			"faces": {
				"north": {"uv": [5, 8, 6.5, 10], "texture": "#0"},
				"east": {"uv": [7, 3.5, 9, 5.5], "texture": "#0"},
				"south": {"uv": [8, 5.5, 9.5, 7.5], "texture": "#0"},
				"west": {"uv": [8, 0, 10, 2], "texture": "#0"},
				"up": {"uv": [8, 10, 6.5, 8], "texture": "#0"},
				"down": {"uv": [9.5, 7.5, 8, 9.5], "texture": "#0"}
			}
		},
		{
			"from": [9.25, 15.89645, 8],
			"to": [11.25, 16.89645, 10],
			"rotation": {"angle": 22.5, "axis": "z", "origin": [10.75, 15.39645, 9]},
			"faces": {
				"north": {"uv": [10.5, 3.5, 11.5, 4], "texture": "#0"},
				"east": {"uv": [10.5, 4, 11.5, 4.5], "texture": "#0"},
				"south": {"uv": [10.5, 4.5, 11.5, 5], "texture": "#0"},
				"west": {"uv": [11, 1.5, 12, 2], "texture": "#0"},
				"up": {"uv": [11, 3.5, 10, 2.5], "texture": "#0"},
				"down": {"uv": [5.5, 10, 4.5, 11], "texture": "#0"}
			}
		},
		{
			"from": [9, 13.14645, 7.5],
			"to": [11.5, 15.89645, 10.5],
			"rotation": {"angle": 22.5, "axis": "z", "origin": [10.75, 15.39645, 9]},
			"faces": {
				"north": {"uv": [8, 9.5, 9.5, 11], "texture": "#0"},
				"east": {"uv": [9.5, 8, 11, 9.5], "texture": "#0"},
				"south": {"uv": [9.5, 9.5, 11, 11], "texture": "#0"},
				"west": {"uv": [0, 10, 1.5, 11.5], "texture": "#0"},
				"up": {"uv": [11.5, 1.5, 10, 0], "texture": "#0"},
				"down": {"uv": [3, 10, 1.5, 11.5], "texture": "#0"}
			}
		}
	],
	"display": {
		"thirdperson_righthand": {
			"rotation": [26, 88, 0],
			"translation": [0, -1.75, 0],
			"scale": [0.5, 0.5, 0.5]
		},
		"thirdperson_lefthand": {
			"rotation": [26, -88, 0],
			"translation": [0, -1.75, 0],
			"scale": [0.5, 0.5, 0.5]
		},
		"firstperson_lefthand": {
			"rotation": [0, 180, 0]
		},
		"ground": {
			"rotation": [0, 0, -90],
			"scale": [0.75, 0.75, 0.75]
		},
		"gui": {
			"rotation": [18, 22, -26],
			"translation": [0.75, -0.25, 0]
		},
		"head": {
			"rotation": [0, -90, 23],
			"translation": [2.5, -2.5, -4],
			"scale": [3, 3, 3]
		}
	},
	"groups": [
		{
			"name": "group",
			"origin": [8, 8, 8],
			"color": 0,
			"children": [0, 1, 2, 3, 4, 5, 6]
		}
	]
}