{
	"credit": "Made with Blockbench",
	"texture_size": [32, 32],
	"textures": {
		"0": "item/berserker_helmet",
		"particle": "item/berserker_helmet"
	},
	"elements": [
		{
			"from": [5.75, 0, 0.75],
			"to": [10.25, 0.25, 5.25],
			"faces": {
				"north": {"uv": [6.5, 1.5, 8.75, 1.625], "texture": "#0"},
				"east": {"uv": [7, 5, 9.25, 5.125], "texture": "#0"},
				"south": {"uv": [7, 5.5, 9.25, 5.625], "texture": "#0"},
				"west": {"uv": [7, 6.5, 9.25, 6.625], "texture": "#0"},
				"up": {"uv": [2.25, 2.25, 0, 0], "texture": "#0"},
				"down": {"uv": [2.25, 2.5, 0, 4.75], "texture": "#0"}
			}
		},
		{
			"from": [6, 0.25, 1],
			"to": [10, 1.5, 5],
			"faces": {
				"north": {"uv": [0, 6, 2, 6.625], "texture": "#0"},
				"east": {"uv": [2, 6, 4, 6.625], "texture": "#0"},
				"south": {"uv": [6, 2, 8, 2.625], "texture": "#0"},
				"west": {"uv": [6, 3, 8, 3.625], "texture": "#0"},
				"up": {"uv": [4.5, 2, 2.5, 0], "texture": "#0"},
				"down": {"uv": [4.5, 2, 2.5, 4], "texture": "#0"}
			}
		},
		{
			"from": [7.75, 0.25, 0.75],
			"to": [8.25, 1.75, 5.25],
			"faces": {
				"north": {"uv": [0, 8, 0.25, 8.75], "texture": "#0"},
				"east": {"uv": [0, 5, 2.25, 5.75], "texture": "#0"},
				"south": {"uv": [0.5, 8, 0.75, 8.75], "texture": "#0"},
				"west": {"uv": [4.5, 5, 6.75, 5.75], "texture": "#0"},
				"up": {"uv": [4.25, 8.25, 4, 6], "texture": "#0"},
				"down": {"uv": [4.75, 6, 4.5, 8.25], "texture": "#0"}
			}
		},
		{
			"from": [7.75, 1.75, 1],
			"to": [8.25, 2.25, 5],
			"faces": {
				"north": {"uv": [5, 8.5, 5.25, 8.75], "texture": "#0"},
				"east": {"uv": [6, 4, 8, 4.25], "texture": "#0"},
				"south": {"uv": [5.5, 8.5, 5.75, 8.75], "texture": "#0"},
				"west": {"uv": [6, 4.5, 8, 4.75], "texture": "#0"},
				"up": {"uv": [5.25, 8, 5, 6], "texture": "#0"},
				"down": {"uv": [5.75, 6, 5.5, 8], "texture": "#0"}
			}
		},
		{
			"from": [7.75, 2.25, 1.25],
			"to": [8.25, 2.5, 4.75],
			"faces": {
				"north": {"uv": [0, 9, 0.25, 9.125], "texture": "#0"},
				"east": {"uv": [7.5, 7, 9.25, 7.125], "texture": "#0"},
				"south": {"uv": [9, 0, 9.25, 0.125], "texture": "#0"},
				"west": {"uv": [7.5, 7.5, 9.25, 7.625], "texture": "#0"},
				"up": {"uv": [3.25, 8.75, 3, 7], "texture": "#0"},
				"down": {"uv": [3.75, 7, 3.5, 8.75], "texture": "#0"}
			}
		},
		{
			"from": [6.25, 1.5, 1.25],
			"to": [9.75, 2, 4.75],
			"faces": {
				"north": {"uv": [6, 6, 7.75, 6.25], "texture": "#0"},
				"east": {"uv": [6.5, 0, 8.25, 0.25], "texture": "#0"},
				"south": {"uv": [6.5, 0.5, 8.25, 0.75], "texture": "#0"},
				"west": {"uv": [6.5, 1, 8.25, 1.25], "texture": "#0"},
				"up": {"uv": [4.25, 5.75, 2.5, 4], "texture": "#0"},
				"down": {"uv": [6.25, 0, 4.5, 1.75], "texture": "#0"}
			}
		},
		{
			"from": [6.5, 2, 1.5],
			"to": [9.5, 2.25, 4.5],
			"faces": {
				"north": {"uv": [1, 8, 2.5, 8.125], "texture": "#0"},
				"east": {"uv": [8, 2, 9.5, 2.125], "texture": "#0"},
				"south": {"uv": [8, 2.5, 9.5, 2.625], "texture": "#0"},
				"west": {"uv": [8, 3, 9.5, 3.125], "texture": "#0"},
				"up": {"uv": [6, 3.5, 4.5, 2], "texture": "#0"},
				"down": {"uv": [6, 3.5, 4.5, 5], "texture": "#0"}
			}
		},
		{
			"from": [7.25, 7.75, 2.5],
			"to": [8.25, 9.5, 3.5],
			"rotation": {"angle": 45, "axis": "z", "origin": [15.75, 3.5, 0]},
			"faces": {
				"north": {"uv": [6, 6.5, 6.5, 7.375], "texture": "#0"},
				"east": {"uv": [6.5, 6.5, 7, 7.375], "texture": "#0"},
				"south": {"uv": [0, 7, 0.5, 7.875], "texture": "#0"},
				"west": {"uv": [0.5, 7, 1, 7.875], "texture": "#0"},
				"up": {"uv": [7.5, 7.5, 7, 7], "texture": "#0"},
				"down": {"uv": [6.5, 7.5, 6, 8], "texture": "#0"}
			}
		},
		{
			"from": [5.65, 5.75, 2.625],
			"to": [6.4, 6.5, 3.375],
			"rotation": {"angle": 22.5, "axis": "z", "origin": [15.75, 3.5, 0]},
			"faces": {
				"north": {"uv": [2.5, 8, 2.875, 8.375], "texture": "#0"},
				"east": {"uv": [8, 3.5, 8.375, 3.875], "texture": "#0"},
				"south": {"uv": [8, 4, 8.375, 4.375], "texture": "#0"},
				"west": {"uv": [8, 4.5, 8.375, 4.875], "texture": "#0"},
				"up": {"uv": [5.375, 8.375, 5, 8], "texture": "#0"},
				"down": {"uv": [5.875, 8, 5.5, 8.375], "texture": "#0"}
			}
		},
		{
			"from": [5.4, 2.25, 2.75],
			"to": [5.9, 3, 3.25],
			"rotation": {"angle": 0, "axis": "z", "origin": [15.75, 3.5, 0]},
			"faces": {
				"north": {"uv": [8.5, 0, 8.75, 0.375], "texture": "#0"},
				"east": {"uv": [8.5, 0.5, 8.75, 0.875], "texture": "#0"},
				"south": {"uv": [1, 8.5, 1.25, 8.875], "texture": "#0"},
				"west": {"uv": [8.5, 1, 8.75, 1.375], "texture": "#0"},
				"up": {"uv": [4.25, 8.75, 4, 8.5], "texture": "#0"},
				"down": {"uv": [8.75, 4, 8.5, 4.25], "texture": "#0"}
			}
		},
		{
			"from": [6.45, -1, 2.875],
			"to": [6.7, -0.25, 3.125],
			"rotation": {"angle": -22.5, "axis": "z", "origin": [15.75, 3.5, 0]},
			"faces": {
				"north": {"uv": [6, 8.5, 6.125, 8.875], "texture": "#0"},
				"east": {"uv": [8.5, 6, 8.625, 6.375], "texture": "#0"},
				"south": {"uv": [6.5, 8.5, 6.625, 8.875], "texture": "#0"},
				"west": {"uv": [7, 8.5, 7.125, 8.875], "texture": "#0"},
				"up": {"uv": [0.625, 9.125, 0.5, 9], "texture": "#0"},
				"down": {"uv": [9.125, 0.5, 9, 0.625], "texture": "#0"}
			}
		},
		{
			"from": [9.3, -1, 2.875],
			"to": [9.55, -0.25, 3.125],
			"rotation": {"angle": 22.5, "axis": "z", "origin": [0.25, 3.5, 0]},
			"faces": {
				"north": {"uv": [7.5, 8.5, 7.625, 8.875], "texture": "#0"},
				"east": {"uv": [8, 8.5, 8.125, 8.875], "texture": "#0"},
				"south": {"uv": [8.5, 8, 8.625, 8.375], "texture": "#0"},
				"west": {"uv": [8.5, 8.5, 8.625, 8.875], "texture": "#0"},
				"up": {"uv": [1.125, 9.125, 1, 9], "texture": "#0"},
				"down": {"uv": [9.125, 1, 9, 1.125], "texture": "#0"}
			}
		},
		{
			"from": [7.75, 7.75, 2.5],
			"to": [8.75, 9.5, 3.5],
			"rotation": {"angle": -45, "axis": "z", "origin": [0.25, 3.5, 0]},
			"faces": {
				"north": {"uv": [1, 7, 1.5, 7.875], "texture": "#0"},
				"east": {"uv": [1.5, 7, 2, 7.875], "texture": "#0"},
				"south": {"uv": [2, 7, 2.5, 7.875], "texture": "#0"},
				"west": {"uv": [2.5, 7, 3, 7.875], "texture": "#0"},
				"up": {"uv": [7, 8, 6.5, 7.5], "texture": "#0"},
				"down": {"uv": [7.5, 7.5, 7, 8], "texture": "#0"}
			}
		},
		{
			"from": [9.6, 5.75, 2.625],
			"to": [10.35, 6.5, 3.375],
			"rotation": {"angle": -22.5, "axis": "z", "origin": [0.25, 3.5, 0]},
			"faces": {
				"north": {"uv": [6, 8, 6.375, 8.375], "texture": "#0"},
				"east": {"uv": [8, 6, 8.375, 6.375], "texture": "#0"},
				"south": {"uv": [6.5, 8, 6.875, 8.375], "texture": "#0"},
				"west": {"uv": [7, 8, 7.375, 8.375], "texture": "#0"},
				"up": {"uv": [7.875, 8.375, 7.5, 8], "texture": "#0"},
				"down": {"uv": [8.375, 8, 8, 8.375], "texture": "#0"}
			}
		},
		{
			"from": [10.1, 2.25, 2.75],
			"to": [10.6, 3, 3.25],
			"rotation": {"angle": 0, "axis": "z", "origin": [0.25, 3.5, 0]},
			"faces": {
				"north": {"uv": [1.5, 8.5, 1.75, 8.875], "texture": "#0"},
				"east": {"uv": [2, 8.5, 2.25, 8.875], "texture": "#0"},
				"south": {"uv": [2.5, 8.5, 2.75, 8.875], "texture": "#0"},
				"west": {"uv": [8.5, 3.5, 8.75, 3.875], "texture": "#0"},
				"up": {"uv": [4.75, 8.75, 4.5, 8.5], "texture": "#0"},
				"down": {"uv": [8.75, 4.5, 8.5, 4.75], "texture": "#0"}
			}
		}
	],
	"gui_light": "front",
	"display": {
		"thirdperson_righthand": {
			"translation": [0, 8, 5.25]
		},
		"thirdperson_lefthand": {
			"translation": [0, 8, 5.25]
		},
		"firstperson_righthand": {
			"translation": [16, 20, 0],
			"scale": [4, 4, 4]
		},
		"firstperson_lefthand": {
			"translation": [9, 20, 0],
			"scale": [4, 4, 4]
		},
		"ground": {
			"translation": [0.25, 20.75, 16],
			"scale": [3, 3, 3]
		},
		"gui": {
			"rotation": [0, 23.75, 0],
			"translation": [5.75, 18, 0],
			"scale": [3, 3, 3]
		},
		"head": {
			"translation": [0, 33.5, 20],
			"scale": [4, 4, 4]
		},
		"fixed": {
			"translation": [0, 18.75, 9.75],
			"scale": [3, 3, 3]
		}
	}
}