{
	"credit": "Made with Blockbench",
	"texture_size": [64, 64],
	"textures": {
		"0": "block/BigGun",
		"particle": "block/BigGun"
	},
	"elements": [
		{
			"from": [0, 0, 0],
			"to": [16, 16, 2],
			"faces": {
				"north": {"uv": [0, 0, 4, 4], "texture": "#0"},
				"east": {"uv": [4, 0, 4.5, 4], "texture": "#0"},
				"south": {"uv": [0, 4, 4, 8], "texture": "#0"},
				"west": {"uv": [4, 4, 4.5, 8], "texture": "#0"},
				"up": {"uv": [8.5, 0.5, 4.5, 0], "texture": "#0"},
				"down": {"uv": [8.5, 0.5, 4.5, 1], "texture": "#0"}
			}
		},
		{
			"from": [7.75, 7.75, 2],
			"to": [8.25, 8.25, 5],
			"rotation": {"angle": 0, "axis": "y", "origin": [7, 7, 2]},
			"faces": {
				"north": {"uv": [4.75, 3, 5, 3.25], "texture": "#0"},
				"east": {"uv": [4.75, 1, 5.5, 1.25], "texture": "#0"},
				"south": {"uv": [4.75, 3.25, 5, 3.5], "texture": "#0"},
				"west": {"uv": [4.75, 1.25, 5.5, 1.5], "texture": "#0"},
				"up": {"uv": [5, 2.25, 4.75, 1.5], "texture": "#0"},
				"down": {"uv": [5, 2.25, 4.75, 3], "texture": "#0"}
			}
		},
		{
			"from": [7.75, 4.75, 5],
			"to": [8.25, 8.25, 5.5],
			"rotation": {"angle": 0, "axis": "y", "origin": [7, 7, 5]},
			"faces": {
				"north": {"uv": [4.5, 1, 4.75, 2], "texture": "#0"},
				"east": {"uv": [4.5, 2, 4.75, 3], "texture": "#0"},
				"south": {"uv": [4.5, 3, 4.75, 4], "texture": "#0"},
				"west": {"uv": [4.5, 4, 4.75, 5], "texture": "#0"},
				"up": {"uv": [5, 3.75, 4.75, 3.5], "texture": "#0"},
				"down": {"uv": [5, 3.75, 4.75, 4], "texture": "#0"}
			}
		}
	],
	"display": {
		"thirdperson_righthand": {
			"rotation": [67.25, 0, 0],
			"translation": [0, 1, 11],
			"scale": [3, 3, 1]
		},
		"thirdperson_lefthand": {
			"translation": [0, 0.25, 3.25]
		},
		"firstperson_righthand": {
			"translation": [4, -3.25, 1.75]
		},
		"firstperson_lefthand": {
			"translation": [4, -3.25, 1.75]
		},
		"gui": {
			"rotation": [0, 90, 0],
			"translation": [5.25, 0, 0]
		}
	},
	"groups": [
		{
			"name": "BigGun",
			"origin": [8, 8, 8],
			"color": 0,
			"children": [0, 1, 2]
		}
	]
}