{
	"credit": "Made with Blockbench",
	"texture_size": [32, 32],
	"textures": {
		"1": "block/MartinSniper",
		"2": "block/SniperDiagonals",
		"particle": "block/MartinSniper"
	},
	"elements": [
		{
			"from": [7, 5.75, 21.5],
			"to": [9, 7, 23.5],
			"rotation": {"angle": 0, "axis": "y", "origin": [7, 3.25, 21.5]},
			"faces": {
				"north": {"uv": [9, 5.25, 9.5, 5.5625], "texture": "#1"},
				"east": {"uv": [5.75, 9, 6.25, 9.3125], "texture": "#1"},
				"south": {"uv": [6.25, 9, 6.75, 9.3125], "texture": "#1"},
				"west": {"uv": [6.75, 9, 7.25, 9.3125], "texture": "#1"},
				"up": {"uv": [8.25, 4, 7.75, 3.5], "texture": "#1"},
				"down": {"uv": [8.25, 4.75, 7.75, 5.25], "texture": "#1"}
			}
		},
		{
			"from": [7, 3, 21.5],
			"to": [9, 4.25, 23.5],
			"rotation": {"angle": 0, "axis": "y", "origin": [7, 0.5, 21.5]},
			"faces": {
				"north": {"uv": [7.25, 9, 7.75, 9.3125], "texture": "#1"},
				"east": {"uv": [7.75, 9, 8.25, 9.3125], "texture": "#1"},
				"south": {"uv": [9, 8, 9.5, 8.3125], "texture": "#1"},
				"west": {"uv": [8.25, 9, 8.75, 9.3125], "texture": "#1"},
				"up": {"uv": [8.25, 5.75, 7.75, 5.25], "texture": "#1"},
				"down": {"uv": [6.25, 7.75, 5.75, 8.25], "texture": "#1"}
			}
		},
		{
			"from": [7, 4.25, 21.1],
			"to": [9, 5.75, 22.25],
			"rotation": {"angle": 0, "axis": "y", "origin": [7, 4, 19.5]},
			"faces": {
				"north": {"uv": [8.5, 8, 9, 8.375], "texture": "#1"},
				"east": {"uv": [2.25, 9.75, 2.5625, 10.125], "texture": "#1"},
				"south": {"uv": [8.25, 8.5, 8.75, 8.875], "texture": "#1"},
				"west": {"uv": [9.75, 3.5, 10.0625, 3.875], "texture": "#1"},
				"up": {"uv": [9.25, 9.3125, 8.75, 9], "texture": "#1"},
				"down": {"uv": [0.5, 9.25, 0, 9.5625], "texture": "#1"}
			}
		},
		{
			"from": [7.1, 3.05, 20.25],
			"to": [8.9, 6.95, 23.75],
			"rotation": {"angle": 0, "axis": "y", "origin": [7, 4, 20.75]},
			"faces": {
				"north": {"uv": [5.25, 6.5, 5.6875, 7.5], "texture": "#1"},
				"east": {"uv": [4, 4.25, 4.875, 5.25], "texture": "#1"},
				"south": {"uv": [6.5, 6, 6.9375, 7], "texture": "#1"},
				"west": {"uv": [4.5, 0, 5.375, 1], "texture": "#1"},
				"up": {"uv": [1.1875, 7.875, 0.75, 7], "texture": "#1"},
				"down": {"uv": [1.6875, 7, 1.25, 7.875], "texture": "#1"}
			}
		},
		{
			"from": [7, 3, 18.7],
			"to": [9, 4.15, 21.2],
			"rotation": {"angle": 0, "axis": "y", "origin": [7, 0.5, 19.2]},
			"faces": {
				"north": {"uv": [9.25, 0, 9.75, 0.3125], "texture": "#1"},
				"east": {"uv": [2.75, 8.5, 3.375, 8.8125], "texture": "#1"},
				"south": {"uv": [0.5, 9.25, 1, 9.5625], "texture": "#1"},
				"west": {"uv": [8.5, 3, 9.125, 3.3125], "texture": "#1"},
				"up": {"uv": [3, 7.625, 2.5, 7], "texture": "#1"},
				"down": {"uv": [7.75, 1, 7.25, 1.625], "texture": "#1"}
			}
		},
		{
			"from": [7, 5.85, 18.7],
			"to": [9, 6.26777, 21.2],
			"rotation": {"angle": 0, "axis": "y", "origin": [7, 3.25, 19.2]},
			"faces": {
				"north": {"uv": [3, 10.75, 3.5, 10.875], "texture": "#1"},
				"east": {"uv": [9.5, 10.25, 10.125, 10.375], "texture": "#1"},
				"south": {"uv": [3.5, 10.75, 4, 10.875], "texture": "#1"},
				"west": {"uv": [10.25, 9.5, 10.875, 9.625], "texture": "#1"},
				"up": {"uv": [3.5, 7.875, 3, 7.25], "texture": "#1"},
				"down": {"uv": [7.75, 3.25, 7.25, 3.875], "texture": "#1"}
			}
		},
		{
			"from": [7, 4.15, 18.7],
			"to": [9, 5.85, 20.7],
			"rotation": {"angle": 0, "axis": "y", "origin": [7, 1.55, 19.2]},
			"faces": {
				"north": {"uv": [8, 8, 8.5, 8.4375], "texture": "#1"},
				"east": {"uv": [8.25, 0, 8.75, 0.4375], "texture": "#1"},
				"south": {"uv": [8.25, 0.5, 8.75, 0.9375], "texture": "#1"},
				"west": {"uv": [1.75, 8.25, 2.25, 8.6875], "texture": "#1"},
				"up": {"uv": [8.25, 6.25, 7.75, 5.75], "texture": "#1"},
				"down": {"uv": [6.75, 7.75, 6.25, 8.25], "texture": "#1"}
			}
		},
		{
			"from": [7, 1.9477, 11.90953],
			"to": [9, 3.1977, 19.90953],
			"rotation": {"angle": -45, "axis": "x", "origin": [8, 2.5227, 17.40953]},
			"faces": {
				"north": {"uv": [9.25, 0.5, 9.75, 0.8125], "texture": "#1"},
				"east": {"uv": [5.5, 0, 7.5, 0.3125], "texture": "#1"},
				"south": {"uv": [1, 9.25, 1.5, 9.5625], "texture": "#1"},
				"west": {"uv": [5.5, 0.5, 7.5, 0.8125], "texture": "#1"},
				"up": {"uv": [1.75, 4.25, 1.25, 2.25], "texture": "#1"},
				"down": {"uv": [2.25, 2.25, 1.75, 4.25], "texture": "#1"}
			}
		},
		{
			"from": [7, 4.66777, 11.2],
			"to": [9, 6.26777, 18.7],
			"rotation": {"angle": 0, "axis": "y", "origin": [7, 2.16777, 16.7]},
			"faces": {
				"north": {"uv": [0, 8.75, 0.5, 9.125], "texture": "#1"},
				"east": {"uv": [4.5, 1, 6.375, 1.375], "texture": "#1"},
				"south": {"uv": [8.75, 0, 9.25, 0.375], "texture": "#1"},
				"west": {"uv": [4.5, 1.5, 6.375, 1.875], "texture": "#1"},
				"up": {"uv": [4.5, 4.125, 4, 2.25], "texture": "#1"},
				"down": {"uv": [3.5, 4, 3, 5.875], "texture": "#1"}
			}
		},
		{
			"from": [6.9, 6.26777, 14.1],
			"to": [9.1, 6.36777, 21.2],
			"rotation": {"angle": 0, "axis": "y", "origin": [7, 3.66777, 19.2]},
			"faces": {
				"north": {"uv": [9.25, 11, 9.8125, 11.0625], "texture": "#1"},
				"east": {"uv": [10, 2.25, 11.75, 2.3125], "texture": "#1"},
				"south": {"uv": [11, 9.5, 11.5625, 9.5625], "texture": "#1"},
				"west": {"uv": [2.75, 10, 4.5, 10.0625], "texture": "#1"},
				"up": {"uv": [2.8125, 4.25, 2.25, 2.5], "texture": "#1"},
				"down": {"uv": [3.3125, 0, 2.75, 1.75], "texture": "#1"}
			}
		},
		{
			"from": [7, 1.77168, 15.20257],
			"to": [9, 3.72168, 16.65257],
			"rotation": {"angle": -22.5, "axis": "x", "origin": [8, 2.47168, 15.82757]},
			"faces": {
				"north": {"uv": [7.75, 6.25, 8.25, 6.75], "texture": "#1"},
				"east": {"uv": [0.5, 8.75, 0.875, 9.25], "texture": "#1"},
				"south": {"uv": [6.75, 7.75, 7.25, 8.25], "texture": "#1"},
				"west": {"uv": [8.75, 0.5, 9.125, 1], "texture": "#1"},
				"up": {"uv": [1.5, 9.125, 1, 8.75], "texture": "#1"},
				"down": {"uv": [9.25, 1, 8.75, 1.375], "texture": "#1"}
			}
		},
		{
			"from": [7, 3.59608, 14.57114],
			"to": [9, 5.09608, 15.67114],
			"rotation": {"angle": -22.5, "axis": "x", "origin": [8, 3.99608, 15.19614]},
			"faces": {
				"north": {"uv": [1.75, 8.75, 2.25, 9.125], "texture": "#1"},
				"east": {"uv": [10.25, 6, 10.5, 6.375], "texture": "#1"},
				"south": {"uv": [2.25, 8.75, 2.75, 9.125], "texture": "#1"},
				"west": {"uv": [6.25, 10.25, 6.5, 10.625], "texture": "#1"},
				"up": {"uv": [1.25, 6, 0.75, 5.75], "texture": "#1"},
				"down": {"uv": [3.5, 6, 3, 6.25], "texture": "#1"}
			}
		},
		{
			"from": [6.9, 6.01493, 15.22383],
			"to": [9.1, 7.92493, 15.42383],
			"rotation": {"angle": 22.5, "axis": "x", "origin": [8, 8.76493, 15.59883]},
			"faces": {
				"north": {"uv": [7.25, 4.25, 7.8125, 4.75], "texture": "#1"},
				"east": {"uv": [2.25, 11.75, 2.3125, 12.25], "texture": "#1"},
				"south": {"uv": [5.75, 7.25, 6.3125, 7.75], "texture": "#1"},
				"west": {"uv": [2.5, 11.75, 2.5625, 12.25], "texture": "#1"},
				"up": {"uv": [11.5625, 9.8125, 11, 9.75], "texture": "#1"},
				"down": {"uv": [10.5625, 11, 10, 11.0625], "texture": "#1"}
			}
		},
		{
			"from": [6.9, 6.36777, 14.6],
			"to": [9.1, 7.11777, 14.7],
			"rotation": {"angle": 0, "axis": "y", "origin": [7, 3.91777, 12.7]},
			"faces": {
				"north": {"uv": [10, 4.5, 10.5625, 4.6875], "texture": "#1"},
				"east": {"uv": [0, 12, 0.0625, 12.1875], "texture": "#1"},
				"south": {"uv": [5.5, 10, 6.0625, 10.1875], "texture": "#1"},
				"west": {"uv": [12, 0, 12.0625, 0.1875], "texture": "#1"},
				"up": {"uv": [11.5625, 10.0625, 11, 10], "texture": "#1"},
				"down": {"uv": [11.5625, 10.25, 11, 10.3125], "texture": "#1"}
			}
		},
		{
			"from": [6.9, 7.95932, 18.68259],
			"to": [9.1, 8.38432, 21.33259],
			"rotation": {"angle": 22.5, "axis": "x", "origin": [8, 8.08432, 18.08259]},
			"faces": {
				"north": {"uv": [10.5, 7.25, 11.0625, 7.375], "texture": "#1"},
				"east": {"uv": [8.25, 10.25, 8.9375, 10.375], "texture": "#1"},
				"south": {"uv": [10.5, 8, 11.0625, 8.125], "texture": "#1"},
				"west": {"uv": [10.25, 8.5, 10.9375, 8.625], "texture": "#1"},
				"up": {"uv": [0.5625, 7.4375, 0, 6.75], "texture": "#1"},
				"down": {"uv": [7.3125, 2.5, 6.75, 3.1875], "texture": "#1"}
			}
		},
		{
			"from": [6.9, 7.73456, 14.93093],
			"to": [9.1, 8.13238, 18.7697],
			"rotation": {"angle": 0, "axis": "y", "origin": [7, 4.93456, 19.3697]},
			"faces": {
				"north": {"uv": [8.25, 10.5, 8.8125, 10.625], "texture": "#1"},
				"east": {"uv": [9.75, 2.5, 10.6875, 2.625], "texture": "#1"},
				"south": {"uv": [10.5, 8.25, 11.0625, 8.375], "texture": "#1"},
				"west": {"uv": [9.75, 4, 10.6875, 4.125], "texture": "#1"},
				"up": {"uv": [1.3125, 6.9375, 0.75, 6], "texture": "#1"},
				"down": {"uv": [2.0625, 6, 1.5, 6.9375], "texture": "#1"}
			}
		},
		{
			"from": [6.9, 7.11777, 18.4],
			"to": [9.1, 7.74277, 19.2],
			"rotation": {"angle": 0, "axis": "y", "origin": [7, 4.51777, 19.2]},
			"faces": {
				"north": {"uv": [10, 5.75, 10.5625, 5.9375], "texture": "#1"},
				"east": {"uv": [1.25, 8.5, 1.4375, 8.6875], "texture": "#1"},
				"south": {"uv": [6.25, 10, 6.8125, 10.1875], "texture": "#1"},
				"west": {"uv": [7, 10.75, 7.1875, 10.9375], "texture": "#1"},
				"up": {"uv": [7.5625, 10.1875, 7, 10], "texture": "#1"},
				"down": {"uv": [10.5625, 7.5, 10, 7.6875], "texture": "#1"}
			}
		},
		{
			"from": [6.9, 7.11777, 14.975],
			"to": [9.1, 7.74277, 15.35],
			"rotation": {"angle": 0, "axis": "y", "origin": [7, 4.51777, 15.45]},
			"faces": {
				"north": {"uv": [7.75, 10, 8.3125, 10.1875], "texture": "#1"},
				"east": {"uv": [0.25, 12, 0.3125, 12.1875], "texture": "#1"},
				"south": {"uv": [9.5, 10, 10.0625, 10.1875], "texture": "#1"},
				"west": {"uv": [0.5, 12, 0.5625, 12.1875], "texture": "#1"},
				"up": {"uv": [11.5625, 10.5625, 11, 10.5], "texture": "#1"},
				"down": {"uv": [11.3125, 11, 10.75, 11.0625], "texture": "#1"}
			}
		},
		{
			"from": [6.9, 7.11777, 19.2],
			"to": [9.1, 7.51777, 20.1],
			"rotation": {"angle": 0, "axis": "y", "origin": [7, 4.51777, 19.9]},
			"faces": {
				"north": {"uv": [9, 10.5, 9.5625, 10.625], "texture": "#1"},
				"east": {"uv": [11.75, 2.25, 12, 2.375], "texture": "#1"},
				"south": {"uv": [10.5, 9, 11.0625, 9.125], "texture": "#1"},
				"west": {"uv": [2.75, 11.75, 3, 11.875], "texture": "#1"},
				"up": {"uv": [10.0625, 5.75, 9.5, 5.5], "texture": "#1"},
				"down": {"uv": [6.3125, 9.5, 5.75, 9.75], "texture": "#1"}
			}
		},
		{
			"from": [7, 2.83159, 11.02565],
			"to": [9, 5.83159, 11.77565],
			"rotation": {"angle": -45, "axis": "x", "origin": [8, 3.40659, 16.52565]},
			"faces": {
				"north": {"uv": [3.5, 4.5, 4, 5.25], "texture": "#1"},
				"east": {"uv": [2.75, 1.75, 2.9375, 2.5], "texture": "#1"},
				"south": {"uv": [6.75, 3.25, 7.25, 4], "texture": "#1"},
				"west": {"uv": [2, 9.5, 2.1875, 10.25], "texture": "#1"},
				"up": {"uv": [2, 10.1875, 1.5, 10], "texture": "#1"},
				"down": {"uv": [10.75, 5.5, 10.25, 5.6875], "texture": "#1"}
			}
		},
		{
			"from": [7, 3.49849, 13.42093],
			"to": [9, 3.89849, 14.52093],
			"rotation": {"angle": -22.5, "axis": "x", "origin": [8, 3.89849, 14.04593]},
			"faces": {
				"north": {"uv": [4, 10.75, 4.5, 10.875], "texture": "#1"},
				"east": {"uv": [3, 11.75, 3.25, 11.875], "texture": "#1"},
				"south": {"uv": [10.75, 4, 11.25, 4.125], "texture": "#1"},
				"west": {"uv": [11.75, 3, 12, 3.125], "texture": "#1"},
				"up": {"uv": [6.5, 4.25, 6, 4], "texture": "#1"},
				"down": {"uv": [5, 6.25, 4.5, 6.5], "texture": "#1"}
			}
		},
		{
			"from": [6.7, 3.07753, 13.00466],
			"to": [9.3, 4.87753, 13.50466],
			"rotation": {"angle": -22.5, "axis": "x", "origin": [8, 3.47753, 13.02966]},
			"faces": {
				"north": {"uv": [7.5, 2.5, 8.125, 2.9375], "texture": "#1"},
				"east": {"uv": [5.25, 10.75, 5.375, 11.1875], "texture": "#1"},
				"south": {"uv": [4.25, 7.5, 4.875, 7.9375], "texture": "#1"},
				"west": {"uv": [5.5, 10.75, 5.625, 11.1875], "texture": "#1"},
				"up": {"uv": [10.875, 9.875, 10.25, 9.75], "texture": "#1"},
				"down": {"uv": [10.875, 10, 10.25, 10.125], "texture": "#1"}
			}
		},
		{
			"from": [6.7, 2.60796, 9.51166],
			"to": [9.3, 3.10796, 13.07556],
			"rotation": {"angle": -45, "axis": "x", "origin": [8, 3.60796, 12.52556]},
			"faces": {
				"north": {"uv": [10.25, 10.25, 10.875, 10.375], "texture": "#1"},
				"east": {"uv": [10, 3, 10.875, 3.125], "texture": "#1"},
				"south": {"uv": [0, 10.5, 0.625, 10.625], "texture": "#1"},
				"west": {"uv": [10, 3.25, 10.875, 3.375], "texture": "#1"},
				"up": {"uv": [5.625, 6.375, 5, 5.5], "texture": "#1"},
				"down": {"uv": [0.625, 5.75, 0, 6.625], "texture": "#1"}
			}
		},
		{
			"from": [6.7, 5.83159, 10.82565],
			"to": [9, 5.83159, 11.77565],
			"rotation": {"angle": -45, "axis": "x", "origin": [8, 3.40659, 16.52565]},
			"faces": {
				"north": {"uv": [0, 0, 0.5625, 0], "texture": "#1"},
				"east": {"uv": [0, 0, 0.25, 0], "texture": "#1"},
				"south": {"uv": [0, 0, 0.5625, 0], "texture": "#1"},
				"west": {"uv": [0, 0, 0.25, 0], "texture": "#1"},
				"up": {"uv": [10.0625, 6.25, 9.5, 6], "texture": "#1"},
				"down": {"uv": [10.0625, 6.25, 9.5, 6.5], "texture": "#1"}
			}
		},
		{
			"from": [6.7, 4.81149, 8.76291],
			"to": [9.3, 8.06593, 9.26291],
			"rotation": {"angle": -45, "axis": "x", "origin": [7.7, 5.38649, 14.26291]},
			"faces": {
				"north": {"uv": [2.25, 6, 2.875, 6.8125], "texture": "#1"},
				"east": {"uv": [4.75, 10.25, 4.875, 11.0625], "texture": "#1"},
				"south": {"uv": [6, 3, 6.625, 3.8125], "texture": "#1"},
				"west": {"uv": [5, 10.25, 5.125, 11.0625], "texture": "#1"},
				"up": {"uv": [11.125, 0.125, 10.5, 0], "texture": "#1"},
				"down": {"uv": [1.375, 10.5, 0.75, 10.625], "texture": "#1"}
			}
		},
		{
			"from": [6.7, 4.45274, 9.33275],
			"to": [9.3, 4.95274, 12.93275],
			"rotation": {"angle": 0, "axis": "y", "origin": [8, 3.55274, 12.45775]},
			"faces": {
				"north": {"uv": [1.5, 10.5, 2.125, 10.625], "texture": "#1"},
				"east": {"uv": [10, 4.25, 10.875, 4.375], "texture": "#1"},
				"south": {"uv": [2.25, 10.5, 2.875, 10.625], "texture": "#1"},
				"west": {"uv": [4.5, 10, 5.375, 10.125], "texture": "#1"},
				"up": {"uv": [6.375, 5.125, 5.75, 4.25], "texture": "#1"},
				"down": {"uv": [6.375, 5.25, 5.75, 6.125], "texture": "#1"}
			}
		},
		{
			"from": [6.7, 3.03796, 9.07514],
			"to": [9.3, 4.74511, 9.57514],
			"rotation": {"angle": 45, "axis": "x", "origin": [8, 4.53796, 9.45458]},
			"faces": {
				"north": {"uv": [5, 7.5, 5.625, 7.9375], "texture": "#1"},
				"east": {"uv": [10.75, 5.5, 10.875, 5.9375], "texture": "#1"},
				"south": {"uv": [7.25, 7.5, 7.875, 7.9375], "texture": "#1"},
				"west": {"uv": [5.75, 10.75, 5.875, 11.1875], "texture": "#1"},
				"up": {"uv": [3.625, 10.625, 3, 10.5], "texture": "#1"},
				"down": {"uv": [4.375, 10.5, 3.75, 10.625], "texture": "#1"}
			}
		},
		{
			"from": [6.9, 7.11777, 14.8],
			"to": [9.1, 7.74277, 14.975],
			"rotation": {"angle": 0, "axis": "y", "origin": [7, 4.51777, 15.075]},
			"faces": {
				"north": {"uv": [0, 10.25, 0.5625, 10.4375], "texture": "#1"},
				"east": {"uv": [0.75, 12, 0.8125, 12.1875], "texture": "#1"},
				"south": {"uv": [1, 10.25, 1.5625, 10.4375], "texture": "#1"},
				"west": {"uv": [1, 12, 1.0625, 12.1875], "texture": "#1"},
				"up": {"uv": [0.5625, 11.3125, 0, 11.25], "texture": "#1"},
				"down": {"uv": [11.8125, 0, 11.25, 0.0625], "texture": "#1"}
			}
		},
		{
			"from": [6.9, 7.11777, 14.725],
			"to": [9.1, 7.34277, 14.8],
			"rotation": {"angle": 0, "axis": "y", "origin": [7, 4.51777, 14.9]},
			"faces": {
				"north": {"uv": [0.75, 11.25, 1.3125, 11.3125], "texture": "#1"},
				"east": {"uv": [5, 12, 5.0625, 12.0625], "texture": "#1"},
				"south": {"uv": [1.5, 11.25, 2.0625, 11.3125], "texture": "#1"},
				"west": {"uv": [12, 5, 12.0625, 5.0625], "texture": "#1"},
				"up": {"uv": [11.8125, 2.0625, 11.25, 2], "texture": "#1"},
				"down": {"uv": [2.8125, 11.25, 2.25, 11.3125], "texture": "#1"}
			}
		},
		{
			"from": [6.9, 6.36777, 14.7],
			"to": [9.1, 7.11777, 21.2],
			"rotation": {"angle": 0, "axis": "y", "origin": [7, 3.91777, 19.2]},
			"faces": {
				"north": {"uv": [10.25, 1.5, 10.8125, 1.6875], "texture": "#1"},
				"east": {"uv": [7.25, 1.75, 8.875, 1.9375], "texture": "#1"},
				"south": {"uv": [1.75, 10.25, 2.3125, 10.4375], "texture": "#1"},
				"west": {"uv": [7.25, 4, 8.875, 4.1875], "texture": "#1"},
				"up": {"uv": [1.8125, 5.875, 1.25, 4.25], "texture": "#1"},
				"down": {"uv": [2.5625, 4.25, 2, 5.875], "texture": "#1"}
			}
		},
		{
			"from": [6.9, 6.36777, 14.5],
			"to": [9.1, 6.81777, 14.6],
			"rotation": {"angle": 0, "axis": "y", "origin": [7, 3.91777, 12.6]},
			"faces": {
				"north": {"uv": [10.5, 9.25, 11.0625, 9.375], "texture": "#1"},
				"east": {"uv": [2.75, 12, 2.8125, 12.125], "texture": "#1"},
				"south": {"uv": [9.75, 10.5, 10.3125, 10.625], "texture": "#1"},
				"west": {"uv": [12, 2.75, 12.0625, 2.875], "texture": "#1"},
				"up": {"uv": [11.8125, 2.5625, 11.25, 2.5], "texture": "#1"},
				"down": {"uv": [3.5625, 11.25, 3, 11.3125], "texture": "#1"}
			}
		},
		{
			"from": [6.9, 6.36777, 14.4],
			"to": [9.1, 6.61777, 14.5],
			"rotation": {"angle": 0, "axis": "y", "origin": [7, 3.91777, 12.5]},
			"faces": {
				"north": {"uv": [3.75, 11.25, 4.3125, 11.3125], "texture": "#1"},
				"east": {"uv": [5.25, 12, 5.3125, 12.0625], "texture": "#1"},
				"south": {"uv": [11.25, 4, 11.8125, 4.0625], "texture": "#1"},
				"west": {"uv": [12, 5.25, 12.0625, 5.3125], "texture": "#1"},
				"up": {"uv": [5.0625, 11.3125, 4.5, 11.25], "texture": "#1"},
				"down": {"uv": [11.8125, 4.75, 11.25, 4.8125], "texture": "#1"}
			}
		},
		{
			"from": [6.8, 5.62468, 14.51936],
			"to": [9.2, 6.72468, 14.56936],
			"rotation": {"angle": 22.5, "axis": "x", "origin": [8, 7.22468, 14.74436]},
			"faces": {
				"north": {"uv": [8.75, 2.75, 9.375, 3], "texture": "#1"},
				"east": {"uv": [11.75, 8.5, 11.8125, 8.75], "texture": "#1"},
				"south": {"uv": [9, 2.25, 9.625, 2.5], "texture": "#1"},
				"west": {"uv": [9, 11.75, 9.0625, 12], "texture": "#1"},
				"up": {"uv": [11.375, 4.5625, 10.75, 4.5], "texture": "#1"},
				"down": {"uv": [6.875, 10.75, 6.25, 10.8125], "texture": "#1"}
			}
		},
		{
			"from": [6.8, 5.81344, 12.04515],
			"to": [9.2, 6.72384, 13.97039],
			"rotation": {"angle": 0, "axis": "y", "origin": [8, 7.31344, 14.14539]},
			"faces": {
				"north": {"uv": [9, 4, 9.625, 4.25], "texture": "#1"},
				"east": {"uv": [7.25, 4.75, 7.75, 5], "texture": "#1"},
				"south": {"uv": [9, 7.25, 9.625, 7.5], "texture": "#1"},
				"west": {"uv": [6.75, 8.25, 7.25, 8.5], "texture": "#1"},
				"up": {"uv": [7.625, 7, 7, 6.5], "texture": "#1"},
				"down": {"uv": [4.125, 7.25, 3.5, 7.75], "texture": "#1"}
			}
		},
		{
			"from": [6.8, 6.72384, 12.04515],
			"to": [9.2, 6.84884, 14.34515],
			"rotation": {"angle": 0, "axis": "y", "origin": [8, 8.32384, 14.62015]},
			"faces": {
				"north": {"uv": [7.5, 10.75, 8.125, 10.8125], "texture": "#1"},
				"east": {"uv": [11.25, 5, 11.8125, 5.0625], "texture": "#1"},
				"south": {"uv": [10.75, 7.5, 11.375, 7.5625], "texture": "#1"},
				"west": {"uv": [5.25, 11.25, 5.8125, 11.3125], "texture": "#1"},
				"up": {"uv": [2.375, 7.5625, 1.75, 7], "texture": "#1"},
				"down": {"uv": [7.625, 5, 7, 5.5625], "texture": "#1"}
			}
		},
		{
			"from": [6.8, 5.93844, 13.97039],
			"to": [9.2, 6.72384, 14.02039],
			"rotation": {"angle": 0, "axis": "y", "origin": [8, 7.31344, 15.22063]},
			"faces": {
				"north": {"uv": [4.75, 9.75, 5.375, 9.9375], "texture": "#1"},
				"east": {"uv": [1.25, 12, 1.3125, 12.1875], "texture": "#1"},
				"south": {"uv": [9.75, 4.75, 10.375, 4.9375], "texture": "#1"},
				"west": {"uv": [1.5, 12, 1.5625, 12.1875], "texture": "#1"},
				"up": {"uv": [8.875, 10.8125, 8.25, 10.75], "texture": "#1"},
				"down": {"uv": [11.375, 8.75, 10.75, 8.8125], "texture": "#1"}
			}
		},
		{
			"from": [6.8, 6.06344, 14.02039],
			"to": [9.2, 6.72384, 14.07039],
			"rotation": {"angle": 0, "axis": "y", "origin": [8, 7.31344, 15.27063]},
			"faces": {
				"north": {"uv": [9.75, 5, 10.375, 5.1875], "texture": "#1"},
				"east": {"uv": [1.75, 12, 1.8125, 12.1875], "texture": "#1"},
				"south": {"uv": [5.5, 9.75, 6.125, 9.9375], "texture": "#1"},
				"west": {"uv": [12, 1.75, 12.0625, 1.9375], "texture": "#1"},
				"up": {"uv": [9.625, 10.8125, 9, 10.75], "texture": "#1"},
				"down": {"uv": [10.375, 10.75, 9.75, 10.8125], "texture": "#1"}
			}
		},
		{
			"from": [6.8, 6.17884, 14.07039],
			"to": [9.2, 6.72384, 14.12039],
			"rotation": {"angle": 0, "axis": "y", "origin": [8, 7.30384, 15.32063]},
			"faces": {
				"north": {"uv": [10.5, 4.75, 11.125, 4.875], "texture": "#1"},
				"east": {"uv": [3, 12, 3.0625, 12.125], "texture": "#1"},
				"south": {"uv": [10.5, 5, 11.125, 5.125], "texture": "#1"},
				"west": {"uv": [12, 3, 12.0625, 3.125], "texture": "#1"},
				"up": {"uv": [11.125, 10.8125, 10.5, 10.75], "texture": "#1"},
				"down": {"uv": [0.625, 11, 0, 11.0625], "texture": "#1"}
			}
		},
		{
			"from": [6.8, 6.59884, 14.12039],
			"to": [9.2, 6.72384, 14.29515],
			"rotation": {"angle": 0, "axis": "y", "origin": [8, 8.19884, 14.62015]},
			"faces": {
				"north": {"uv": [0.75, 11, 1.375, 11.0625], "texture": "#1"},
				"east": {"uv": [5.5, 12, 5.5625, 12.0625], "texture": "#1"},
				"south": {"uv": [1.5, 11, 2.125, 11.0625], "texture": "#1"},
				"west": {"uv": [5.75, 12, 5.8125, 12.0625], "texture": "#1"},
				"up": {"uv": [11.625, 1.5625, 11, 1.5], "texture": "#1"},
				"down": {"uv": [11.625, 1.75, 11, 1.8125], "texture": "#1"}
			}
		},
		{
			"from": [6.8, 6.47384, 14.12039],
			"to": [9.2, 6.59884, 14.24515],
			"rotation": {"angle": 0, "axis": "y", "origin": [8, 8.07384, 14.62015]},
			"faces": {
				"north": {"uv": [3, 11, 3.625, 11.0625], "texture": "#1"},
				"east": {"uv": [6, 12, 6.0625, 12.0625], "texture": "#1"},
				"south": {"uv": [11, 3, 11.625, 3.0625], "texture": "#1"},
				"west": {"uv": [6.25, 12, 6.3125, 12.0625], "texture": "#1"},
				"up": {"uv": [11.625, 3.3125, 11, 3.25], "texture": "#1"},
				"down": {"uv": [11.625, 3.5, 11, 3.5625], "texture": "#1"}
			}
		},
		{
			"from": [6.8, 6.37384, 14.12039],
			"to": [9.2, 6.47384, 14.19515],
			"rotation": {"angle": 0, "axis": "y", "origin": [8, 7.94884, 14.62015]},
			"faces": {
				"north": {"uv": [3.75, 11, 4.375, 11.0625], "texture": "#1"},
				"east": {"uv": [6.5, 12, 6.5625, 12.0625], "texture": "#1"},
				"south": {"uv": [11, 3.75, 11.625, 3.8125], "texture": "#1"},
				"west": {"uv": [6.75, 12, 6.8125, 12.0625], "texture": "#1"},
				"up": {"uv": [11.625, 4.3125, 11, 4.25], "texture": "#1"},
				"down": {"uv": [11.625, 5.5, 11, 5.5625], "texture": "#1"}
			}
		},
		{
			"from": [6.8, 6.29884, 14.12039],
			"to": [9.2, 6.37384, 14.17015],
			"rotation": {"angle": 0, "axis": "y", "origin": [8, 7.84884, 14.62015]},
			"faces": {
				"north": {"uv": [11, 5.75, 11.625, 5.8125], "texture": "#1"},
				"east": {"uv": [7, 12, 7.0625, 12.0625], "texture": "#1"},
				"south": {"uv": [11, 6, 11.625, 6.0625], "texture": "#1"},
				"west": {"uv": [7.25, 12, 7.3125, 12.0625], "texture": "#1"},
				"up": {"uv": [6.875, 11.0625, 6.25, 11], "texture": "#1"},
				"down": {"uv": [11.625, 6.25, 11, 6.3125], "texture": "#1"}
			}
		},
		{
			"from": [6.8, 5.0489, 11.6659],
			"to": [9.2, 6.37414, 12.5763],
			"rotation": {"angle": 22.5, "axis": "x", "origin": [8, 6.54914, 11.0763]},
			"faces": {
				"north": {"uv": [4.25, 8.5, 4.875, 8.8125], "texture": "#1"},
				"east": {"uv": [4.5, 10.5, 4.75, 10.8125], "texture": "#1"},
				"south": {"uv": [5, 8.5, 5.625, 8.8125], "texture": "#1"},
				"west": {"uv": [10.5, 6, 10.75, 6.3125], "texture": "#1"},
				"up": {"uv": [9.875, 1.25, 9.25, 1], "texture": "#1"},
				"down": {"uv": [9.875, 1.25, 9.25, 1.5], "texture": "#1"}
			}
		},
		{
			"from": [6.8, 4.95274, 9.33275],
			"to": [9.2, 5.58394, 11.54515],
			"rotation": {"angle": 0, "axis": "y", "origin": [8, 7.43844, 11.72015]},
			"faces": {
				"north": {"uv": [6.25, 9.75, 6.875, 9.9375], "texture": "#1"},
				"east": {"uv": [10.25, 1.75, 10.8125, 1.9375], "texture": "#1"},
				"south": {"uv": [7, 9.75, 7.625, 9.9375], "texture": "#1"},
				"west": {"uv": [2.5, 10.25, 3.0625, 10.4375], "texture": "#1"},
				"up": {"uv": [7.625, 6.3125, 7, 5.75], "texture": "#1"},
				"down": {"uv": [7.125, 7, 6.5, 7.5625], "texture": "#1"}
			}
		},
		{
			"from": [6.8, 3.78674, 9.31254],
			"to": [9.2, 4.68674, 9.62493],
			"rotation": {"angle": 45, "axis": "x", "origin": [8, 5.17244, 9.79993]},
			"faces": {
				"north": {"uv": [1.5, 9.25, 2.125, 9.5], "texture": "#1"},
				"east": {"uv": [9.25, 11.75, 9.3125, 12], "texture": "#1"},
				"south": {"uv": [9.25, 3, 9.875, 3.25], "texture": "#1"},
				"west": {"uv": [9.5, 11.75, 9.5625, 12], "texture": "#1"},
				"up": {"uv": [7.625, 11.0625, 7, 11], "texture": "#1"},
				"down": {"uv": [8.375, 11, 7.75, 11.0625], "texture": "#1"}
			}
		},
		{
			"from": [6.8, 4.34187, 5.56805],
			"to": [9.2, 5.24187, 8.88045],
			"rotation": {"angle": 22.5, "axis": "x", "origin": [8, 4.79187, 8.72425]},
			"faces": {
				"north": {"uv": [9.25, 3.25, 9.875, 3.5], "texture": "#1"},
				"east": {"uv": [5.75, 8.25, 6.5625, 8.5], "texture": "#1"},
				"south": {"uv": [3.5, 9.25, 4.125, 9.5], "texture": "#1"},
				"west": {"uv": [8.25, 5.75, 9.0625, 6], "texture": "#1"},
				"up": {"uv": [3.625, 7.0625, 3, 6.25], "texture": "#1"},
				"down": {"uv": [4.375, 6.25, 3.75, 7.0625], "texture": "#1"}
			}
		},
		{
			"from": [6.8, 5.58394, -0.6139],
			"to": [9.2, 6.84884, 8.33275],
			"rotation": {"angle": 0, "axis": "y", "origin": [8, 7.43844, 9.50775]},
			"faces": {
				"north": {"uv": [5.75, 8.5, 6.375, 8.8125], "texture": "#1"},
				"east": {"uv": [4.5, 2, 6.75, 2.3125], "texture": "#1"},
				"south": {"uv": [6.5, 8.5, 7.125, 8.8125], "texture": "#1"},
				"west": {"uv": [4.5, 2.5, 6.75, 2.8125], "texture": "#1"},
				"up": {"uv": [0.625, 2.25, 0, 0], "texture": "#1"},
				"down": {"uv": [1.375, 0, 0.75, 2.25], "texture": "#1"}
			}
		},
		{
			"from": [6.8, 4.91905, 7.9361],
			"to": [9.2, 5.58394, 9.33275],
			"rotation": {"angle": 0, "axis": "y", "origin": [8, 6.17354, 9.50775]},
			"faces": {
				"north": {"uv": [9.75, 7.25, 10.375, 7.4375], "texture": "#1"},
				"east": {"uv": [10.5, 10.5, 10.875, 10.6875], "texture": "#1"},
				"south": {"uv": [7.75, 9.75, 8.375, 9.9375], "texture": "#1"},
				"west": {"uv": [0, 10.75, 0.375, 10.9375], "texture": "#1"},
				"up": {"uv": [8.625, 7.125, 8, 6.75], "texture": "#1"},
				"down": {"uv": [7.875, 8, 7.25, 8.375], "texture": "#1"}
			}
		},
		{
			"from": [7, 6.20274, 8.33275],
			"to": [9, 6.84884, 12.04515],
			"rotation": {"angle": 0, "axis": "y", "origin": [8, 8.68844, 11.72015]},
			"faces": {
				"north": {"uv": [6.5, 10.25, 7, 10.4375], "texture": "#1"},
				"east": {"uv": [8.75, 1.5, 9.6875, 1.6875], "texture": "#1"},
				"south": {"uv": [7, 10.25, 7.5, 10.4375], "texture": "#1"},
				"west": {"uv": [8.75, 2.5, 9.6875, 2.6875], "texture": "#1"},
				"up": {"uv": [1.25, 5.6875, 0.75, 4.75], "texture": "#1"},
				"down": {"uv": [7, 5, 6.5, 5.9375], "texture": "#1"}
			}
		},
		{
			"from": [6.8, 5.58394, 8.33275],
			"to": [9.2, 6.64884, 12.04515],
			"rotation": {"angle": 0, "axis": "y", "origin": [8, 8.18844, 11.72015]},
			"faces": {
				"north": {"uv": [9.25, 5.75, 9.875, 6], "texture": "#1"},
				"east": {"uv": [7.75, 1.5, 8.6875, 1.75], "texture": "#1"},
				"south": {"uv": [9.25, 7.5, 9.875, 7.75], "texture": "#1"},
				"west": {"uv": [8, 7.25, 8.9375, 7.5], "texture": "#1"},
				"up": {"uv": [4.125, 6.1875, 3.5, 5.25], "texture": "#1"},
				"down": {"uv": [4.875, 5.25, 4.25, 6.1875], "texture": "#1"}
			}
		},
		{
			"from": [6.9, 3.7456, 7.22561],
			"to": [9.1, 5.0456, 8.72561],
			"rotation": {"angle": 0, "axis": "y", "origin": [7.3, 3.7456, 6.12561]},
			"faces": {
				"north": {"uv": [3.5, 8.75, 4.0625, 9.0625], "texture": "#1"},
				"east": {"uv": [8.5, 9.75, 8.875, 10.0625], "texture": "#1"},
				"south": {"uv": [8.75, 4.25, 9.3125, 4.5625], "texture": "#1"},
				"west": {"uv": [9, 9.75, 9.375, 10.0625], "texture": "#1"},
				"up": {"uv": [4.0625, 8.625, 3.5, 8.25], "texture": "#1"},
				"down": {"uv": [8.8125, 3.5, 8.25, 3.875], "texture": "#1"}
			}
		},
		{
			"from": [6.9, 3.77112, 5.47231],
			"to": [9.1, 4.97112, 7.40971],
			"rotation": {"angle": 22.5, "axis": "x", "origin": [8.1, 4.22112, 7.25351]},
			"faces": {
				"north": {"uv": [8.75, 6.75, 9.3125, 7.0625], "texture": "#1"},
				"east": {"uv": [2.25, 9.25, 2.75, 9.5625], "texture": "#1"},
				"south": {"uv": [8.75, 8.5, 9.3125, 8.8125], "texture": "#1"},
				"west": {"uv": [9.25, 9, 9.75, 9.3125], "texture": "#1"},
				"up": {"uv": [7.8125, 7.5, 7.25, 7], "texture": "#1"},
				"down": {"uv": [0.5625, 7.5, 0, 8], "texture": "#1"}
			}
		},
		{
			"from": [6.9, 4.48701, 2.49972],
			"to": [9.1, 5.61496, 5.89491],
			"rotation": {"angle": 0, "axis": "y", "origin": [7.1, 3.68177, 3.68704]},
			"faces": {
				"north": {"uv": [9, 1.75, 9.5625, 2.0625], "texture": "#1"},
				"east": {"uv": [7.75, 1, 8.625, 1.3125], "texture": "#1"},
				"south": {"uv": [2.75, 9, 3.3125, 9.3125], "texture": "#1"},
				"west": {"uv": [1.75, 7.75, 2.625, 8.0625], "texture": "#1"},
				"up": {"uv": [7.0625, 4.875, 6.5, 4], "texture": "#1"},
				"down": {"uv": [5.0625, 6.5, 4.5, 7.375], "texture": "#1"}
			}
		},
		{
			"from": [6.9, 2.94582, 2.43047],
			"to": [9.1, 4.94582, 2.53047],
			"rotation": {"angle": 22.5, "axis": "x", "origin": [8.1, 3.94582, 1.53047]},
			"faces": {
				"north": {"uv": [7.5, 0, 8.0625, 0.5], "texture": "#1"},
				"east": {"uv": [3.25, 11.75, 3.3125, 12.25], "texture": "#1"},
				"south": {"uv": [7.5, 0.5, 8.0625, 1], "texture": "#1"},
				"west": {"uv": [11.75, 3.25, 11.8125, 3.75], "texture": "#1"},
				"up": {"uv": [11.8125, 5.3125, 11.25, 5.25], "texture": "#1"},
				"down": {"uv": [6.5625, 11.25, 6, 11.3125], "texture": "#1"}
			}
		},
		{
			"from": [6.9, 1.74823, 1.53578],
			"to": [9.1, 3.49823, 1.78578],
			"rotation": {"angle": -45, "axis": "x", "origin": [8.1, 2.74823, 0.63578]},
			"faces": {
				"north": {"uv": [0, 8, 0.5625, 8.4375], "texture": "#1"},
				"east": {"uv": [4.5, 11.75, 4.5625, 12.1875], "texture": "#1"},
				"south": {"uv": [0.75, 8, 1.3125, 8.4375], "texture": "#1"},
				"west": {"uv": [4.75, 11.75, 4.8125, 12.1875], "texture": "#1"},
				"up": {"uv": [7.3125, 11.3125, 6.75, 11.25], "texture": "#1"},
				"down": {"uv": [11.8125, 7.25, 11.25, 7.3125], "texture": "#1"}
			}
		},
		{
			"from": [7.1, 2.98567, 0.29834],
			"to": [8.9, 4.93567, 1.54834],
			"rotation": {"angle": -45, "axis": "x", "origin": [8.1, 3.98567, -0.60166]},
			"faces": {
				"north": {"uv": [2.25, 8.25, 2.6875, 8.75], "texture": "#1"},
				"east": {"uv": [1.5, 9.5, 1.8125, 10], "texture": "#1"},
				"south": {"uv": [8.25, 2.5, 8.6875, 3], "texture": "#1"},
				"west": {"uv": [2.75, 9.5, 3.0625, 10], "texture": "#1"},
				"up": {"uv": [1.4375, 10.0625, 1, 9.75], "texture": "#1"},
				"down": {"uv": [10.1875, 1.5, 9.75, 1.8125], "texture": "#1"}
			}
		},
		{
			"from": [6.8, 5.88394, -9.6139],
			"to": [9.2, 6.54884, -0.6139],
			"rotation": {"angle": 0, "axis": "y", "origin": [8, 7.43844, 0.50775]},
			"faces": {
				"north": {"uv": [9.75, 9, 10.375, 9.1875], "texture": "#1"},
				"east": {"uv": [6.75, 2, 9, 2.1875], "texture": "#1"},
				"south": {"uv": [9.75, 9.25, 10.375, 9.4375], "texture": "#1"},
				"west": {"uv": [6.75, 2.25, 9, 2.4375], "texture": "#1"},
				"up": {"uv": [2.125, 2.25, 1.5, 0], "texture": "#1"},
				"down": {"uv": [0.625, 2.25, 0, 4.5], "texture": "#1"}
			}
		},
		{
			"from": [7.1, 6.54884, -9.6139],
			"to": [8.9, 6.84884, -0.6139],
			"rotation": {"angle": 0, "axis": "y", "origin": [8, 8.10334, 0.50775]},
			"faces": {
				"north": {"uv": [5, 11.75, 5.4375, 11.8125], "texture": "#1"},
				"east": {"uv": [6.5, 9.5, 8.75, 9.5625], "texture": "#1"},
				"south": {"uv": [5.5, 11.75, 5.9375, 11.8125], "texture": "#1"},
				"west": {"uv": [9.5, 6.5, 11.75, 6.5625], "texture": "#1"},
				"up": {"uv": [3.4375, 4, 3, 1.75], "texture": "#1"},
				"down": {"uv": [3.9375, 0, 3.5, 2.25], "texture": "#1"}
			}
		},
		{
			"from": [7.1, 5.58394, -9.6139],
			"to": [8.9, 5.88394, -0.6139],
			"rotation": {"angle": 0, "axis": "y", "origin": [8, 6.77354, 0.50775]},
			"faces": {
				"north": {"uv": [11.75, 5.5, 12.1875, 5.5625], "texture": "#1"},
				"east": {"uv": [9.5, 6.75, 11.75, 6.8125], "texture": "#1"},
				"south": {"uv": [11.75, 5.75, 12.1875, 5.8125], "texture": "#1"},
				"west": {"uv": [9.5, 7, 11.75, 7.0625], "texture": "#1"},
				"up": {"uv": [3.9375, 4.5, 3.5, 2.25], "texture": "#1"},
				"down": {"uv": [4.4375, 0, 4, 2.25], "texture": "#1"}
			}
		},
		{
			"from": [7.1, 5.28394, -9.2889],
			"to": [8.9, 5.58394, 0.6861],
			"rotation": {"angle": 0, "axis": "y", "origin": [8, 6.47354, 1.80775]},
			"faces": {
				"north": {"uv": [6, 11.75, 6.4375, 11.8125], "texture": "#1"},
				"east": {"uv": [9.25, 7.75, 11.75, 7.8125], "texture": "#1"},
				"south": {"uv": [11.75, 6, 12.1875, 6.0625], "texture": "#1"},
				"west": {"uv": [9.5, 2.75, 12, 2.8125], "texture": "#1"},
				"up": {"uv": [2.6875, 2.5, 2.25, 0], "texture": "#1"},
				"down": {"uv": [1.1875, 2.25, 0.75, 4.75], "texture": "#1"}
			}
		},
		{
			"from": [7.1, 5.01187, -10.95537],
			"to": [8.9, 5.33687, -10.65605],
			"rotation": {"angle": -22.5, "axis": "x", "origin": [8, 9.33687, -10.80605]},
			"faces": {
				"north": {"uv": [11.75, 6.25, 12.1875, 6.3125], "texture": "#1"},
				"east": {"uv": [12, 7.25, 12.0625, 7.3125], "texture": "#1"},
				"south": {"uv": [6.5, 11.75, 6.9375, 11.8125], "texture": "#1"},
				"west": {"uv": [7.5, 12, 7.5625, 12.0625], "texture": "#1"},
				"up": {"uv": [12.1875, 6.5625, 11.75, 6.5], "texture": "#1"},
				"down": {"uv": [12.1875, 6.75, 11.75, 6.8125], "texture": "#1"}
			}
		},
		{
			"from": [6.9, 3.91496, 2.49972],
			"to": [9.1, 4.48996, 2.58259],
			"rotation": {"angle": 0, "axis": "y", "origin": [7.3, 2.30972, 2.34972]},
			"faces": {
				"north": {"uv": [10.75, 0.25, 11.3125, 0.375], "texture": "#1"},
				"east": {"uv": [12, 3.25, 12.0625, 3.375], "texture": "#1"},
				"south": {"uv": [0.5, 10.75, 1.0625, 10.875], "texture": "#1"},
				"west": {"uv": [3.5, 12, 3.5625, 12.125], "texture": "#1"},
				"up": {"uv": [8.0625, 11.3125, 7.5, 11.25], "texture": "#1"},
				"down": {"uv": [11.8125, 8, 11.25, 8.0625], "texture": "#1"}
			}
		},
		{
			"from": [6.9, 3.91496, 0.74185],
			"to": [9.1, 5.61496, 2.49972],
			"rotation": {"angle": 0, "axis": "y", "origin": [7.3, 2.30972, 0.59185]},
			"faces": {
				"north": {"uv": [2.75, 8, 3.3125, 8.4375], "texture": "#1"},
				"east": {"uv": [7.25, 8.5, 7.6875, 8.9375], "texture": "#1"},
				"south": {"uv": [4.25, 8, 4.8125, 8.4375], "texture": "#1"},
				"west": {"uv": [7.75, 8.5, 8.1875, 8.9375], "texture": "#1"},
				"up": {"uv": [8.5625, 4.6875, 8, 4.25], "texture": "#1"},
				"down": {"uv": [5.5625, 8, 5, 8.4375], "texture": "#1"}
			}
		},
		{
			"from": [6.9, 4.11496, 2.58259],
			"to": [9.1, 4.48996, 2.66546],
			"rotation": {"angle": 0, "axis": "y", "origin": [7.3, 2.30972, 2.43259]},
			"faces": {
				"north": {"uv": [10.75, 0.5, 11.3125, 0.625], "texture": "#1"},
				"east": {"uv": [12, 3.5, 12.0625, 3.625], "texture": "#1"},
				"south": {"uv": [10.75, 0.75, 11.3125, 0.875], "texture": "#1"},
				"west": {"uv": [3.75, 12, 3.8125, 12.125], "texture": "#1"},
				"up": {"uv": [8.8125, 11.3125, 8.25, 11.25], "texture": "#1"},
				"down": {"uv": [11.8125, 8.25, 11.25, 8.3125], "texture": "#1"}
			}
		},
		{
			"from": [6.9, 4.31496, 2.66546],
			"to": [9.1, 4.48996, 2.74834],
			"rotation": {"angle": 0, "axis": "y", "origin": [7.3, 2.30972, 2.51546]},
			"faces": {
				"north": {"uv": [9, 11.25, 9.5625, 11.3125], "texture": "#1"},
				"east": {"uv": [7.75, 12, 7.8125, 12.0625], "texture": "#1"},
				"south": {"uv": [11.25, 9, 11.8125, 9.0625], "texture": "#1"},
				"west": {"uv": [8, 12, 8.0625, 12.0625], "texture": "#1"},
				"up": {"uv": [11.8125, 9.3125, 11.25, 9.25], "texture": "#1"},
				"down": {"uv": [10.3125, 11.25, 9.75, 11.3125], "texture": "#1"}
			}
		},
		{
			"from": [6.9, 3.83996, 1.09185],
			"to": [9.1, 3.91496, 2.49972],
			"rotation": {"angle": 0, "axis": "y", "origin": [7.3, 0.60972, 0.59185]},
			"faces": {
				"north": {"uv": [10.5, 11.25, 11.0625, 11.3125], "texture": "#1"},
				"east": {"uv": [7, 11.75, 7.375, 11.8125], "texture": "#1"},
				"south": {"uv": [11.25, 10.75, 11.8125, 10.8125], "texture": "#1"},
				"west": {"uv": [11.75, 7, 12.125, 7.0625], "texture": "#1"},
				"up": {"uv": [8.8125, 5.125, 8.25, 4.75], "texture": "#1"},
				"down": {"uv": [8.8125, 5.25, 8.25, 5.625], "texture": "#1"}
			}
		},
		{
			"from": [6.9, 3.76496, 1.16685],
			"to": [9.1, 3.83996, 2.49972],
			"rotation": {"angle": 0, "axis": "y", "origin": [7.3, 0.53472, 0.59185]},
			"faces": {
				"north": {"uv": [11.25, 11.25, 11.8125, 11.3125], "texture": "#1"},
				"east": {"uv": [7.5, 11.75, 7.8125, 11.8125], "texture": "#1"},
				"south": {"uv": [0, 11.5, 0.5625, 11.5625], "texture": "#1"},
				"west": {"uv": [11.75, 7.75, 12.0625, 7.8125], "texture": "#1"},
				"up": {"uv": [9.5625, 3.8125, 9, 3.5], "texture": "#1"},
				"down": {"uv": [4.8125, 9, 4.25, 9.3125], "texture": "#1"}
			}
		},
		{
			"from": [6.9, 3.68996, 1.24185],
			"to": [9.1, 3.76496, 2.44972],
			"rotation": {"angle": 0, "axis": "y", "origin": [7.3, 0.45972, 0.59185]},
			"faces": {
				"north": {"uv": [11.5, 0.25, 12.0625, 0.3125], "texture": "#1"},
				"east": {"uv": [8, 11.75, 8.3125, 11.8125], "texture": "#1"},
				"south": {"uv": [11.5, 0.5, 12.0625, 0.5625], "texture": "#1"},
				"west": {"uv": [8.5, 11.75, 8.8125, 11.8125], "texture": "#1"},
				"up": {"uv": [9.5625, 5.0625, 9, 4.75], "texture": "#1"},
				"down": {"uv": [5.5625, 9, 5, 9.3125], "texture": "#1"}
			}
		},
		{
			"from": [6.9, 3.61496, 1.31685],
			"to": [9.1, 3.68996, 2.42472],
			"rotation": {"angle": 0, "axis": "y", "origin": [7.3, 0.38472, 0.59185]},
			"faces": {
				"north": {"uv": [0.75, 11.5, 1.3125, 11.5625], "texture": "#1"},
				"east": {"uv": [11.75, 9.5, 12, 9.5625], "texture": "#1"},
				"south": {"uv": [11.5, 0.75, 12.0625, 0.8125], "texture": "#1"},
				"west": {"uv": [9.75, 11.75, 10, 11.8125], "texture": "#1"},
				"up": {"uv": [10.0625, 8.25, 9.5, 8], "texture": "#1"},
				"down": {"uv": [10.0625, 8.25, 9.5, 8.5], "texture": "#1"}
			}
		},
		{
			"from": [6.9, 3.53996, 1.39185],
			"to": [9.1, 3.61496, 2.37472],
			"rotation": {"angle": 0, "axis": "y", "origin": [7.3, 0.30972, 0.59185]},
			"faces": {
				"north": {"uv": [11.5, 1, 12.0625, 1.0625], "texture": "#1"},
				"east": {"uv": [11.75, 9.75, 12, 9.8125], "texture": "#1"},
				"south": {"uv": [11.5, 1.25, 12.0625, 1.3125], "texture": "#1"},
				"west": {"uv": [10, 11.75, 10.25, 11.8125], "texture": "#1"},
				"up": {"uv": [10.0625, 8.75, 9.5, 8.5], "texture": "#1"},
				"down": {"uv": [9.3125, 9.5, 8.75, 9.75], "texture": "#1"}
			}
		},
		{
			"from": [6.9, 3.46496, 1.44185],
			"to": [9.1, 3.53996, 2.34972],
			"rotation": {"angle": 0, "axis": "y", "origin": [7.3, 0.23472, 0.59185]},
			"faces": {
				"north": {"uv": [1.5, 11.5, 2.0625, 11.5625], "texture": "#1"},
				"east": {"uv": [11.75, 10, 12, 10.0625], "texture": "#1"},
				"south": {"uv": [2.25, 11.5, 2.8125, 11.5625], "texture": "#1"},
				"west": {"uv": [10.25, 11.75, 10.5, 11.8125], "texture": "#1"},
				"up": {"uv": [10.0625, 9, 9.5, 8.75], "texture": "#1"},
				"down": {"uv": [10.0625, 9.5, 9.5, 9.75], "texture": "#1"}
			}
		},
		{
			"from": [6.9, 3.38996, 1.54185],
			"to": [9.1, 3.46496, 2.34972],
			"rotation": {"angle": 0, "axis": "y", "origin": [7.3, 0.15972, 0.59185]},
			"faces": {
				"north": {"uv": [3, 11.5, 3.5625, 11.5625], "texture": "#1"},
				"east": {"uv": [2, 12, 2.1875, 12.0625], "texture": "#1"},
				"south": {"uv": [3.75, 11.5, 4.3125, 11.5625], "texture": "#1"},
				"west": {"uv": [12, 2, 12.1875, 2.0625], "texture": "#1"},
				"up": {"uv": [3.8125, 10.4375, 3.25, 10.25], "texture": "#1"},
				"down": {"uv": [10.8125, 3.5, 10.25, 3.6875], "texture": "#1"}
			}
		},
		{
			"from": [6.9, 3.31496, 1.59185],
			"to": [9.1, 3.38996, 2.29972],
			"rotation": {"angle": 0, "axis": "y", "origin": [7.3, 0.08472, 0.59185]},
			"faces": {
				"north": {"uv": [4.5, 11.5, 5.0625, 11.5625], "texture": "#1"},
				"east": {"uv": [12, 2.25, 12.1875, 2.3125], "texture": "#1"},
				"south": {"uv": [11.5, 4.5, 12.0625, 4.5625], "texture": "#1"},
				"west": {"uv": [12, 2.5, 12.1875, 2.5625], "texture": "#1"},
				"up": {"uv": [10.8125, 3.9375, 10.25, 3.75], "texture": "#1"},
				"down": {"uv": [4.5625, 10.25, 4, 10.4375], "texture": "#1"}
			}
		},
		{
			"from": [6.9, 3.23996, 1.69185],
			"to": [9.1, 3.31496, 2.29972],
			"rotation": {"angle": 0, "axis": "y", "origin": [7.3, 0.00972, 0.59185]},
			"faces": {
				"north": {"uv": [5.25, 11.5, 5.8125, 11.5625], "texture": "#1"},
				"east": {"uv": [12, 3.75, 12.125, 3.8125], "texture": "#1"},
				"south": {"uv": [6, 11.5, 6.5625, 11.5625], "texture": "#1"},
				"west": {"uv": [4, 12, 4.125, 12.0625], "texture": "#1"},
				"up": {"uv": [11.3125, 1.125, 10.75, 1], "texture": "#1"},
				"down": {"uv": [1.8125, 10.75, 1.25, 10.875], "texture": "#1"}
			}
		},
		{
			"from": [6.9, 3.16496, 1.76685],
			"to": [9.1, 3.23996, 2.22472],
			"rotation": {"angle": 0, "axis": "y", "origin": [7.3, -0.06528, 0.59185]},
			"faces": {
				"north": {"uv": [6.75, 11.5, 7.3125, 11.5625], "texture": "#1"},
				"east": {"uv": [12, 4, 12.125, 4.0625], "texture": "#1"},
				"south": {"uv": [7.5, 11.5, 8.0625, 11.5625], "texture": "#1"},
				"west": {"uv": [4.25, 12, 4.375, 12.0625], "texture": "#1"},
				"up": {"uv": [11.3125, 1.375, 10.75, 1.25], "texture": "#1"},
				"down": {"uv": [2.5625, 10.75, 2, 10.875], "texture": "#1"}
			}
		},
		{
			"from": [6.9, 3.08996, 1.84185],
			"to": [9.1, 3.16496, 2.19972],
			"rotation": {"angle": 0, "axis": "y", "origin": [7.3, -0.14028, 0.59185]},
			"faces": {
				"north": {"uv": [11.5, 7.5, 12.0625, 7.5625], "texture": "#1"},
				"east": {"uv": [12, 8, 12.0625, 8.0625], "texture": "#1"},
				"south": {"uv": [8.25, 11.5, 8.8125, 11.5625], "texture": "#1"},
				"west": {"uv": [8.25, 12, 8.3125, 12.0625], "texture": "#1"},
				"up": {"uv": [12.0625, 8.8125, 11.5, 8.75], "texture": "#1"},
				"down": {"uv": [9.5625, 11.5, 9, 11.5625], "texture": "#1"}
			}
		},
		{
			"from": [6.9, 3.01496, 1.91685],
			"to": [9.1, 3.08996, 2.14972],
			"rotation": {"angle": 0, "axis": "y", "origin": [7.3, -0.21528, 0.59185]},
			"faces": {
				"north": {"uv": [9.75, 11.5, 10.3125, 11.5625], "texture": "#1"},
				"east": {"uv": [12, 8.25, 12.0625, 8.3125], "texture": "#1"},
				"south": {"uv": [10.5, 11.5, 11.0625, 11.5625], "texture": "#1"},
				"west": {"uv": [8.5, 12, 8.5625, 12.0625], "texture": "#1"},
				"up": {"uv": [12.0625, 11.0625, 11.5, 11], "texture": "#1"},
				"down": {"uv": [11.8125, 11.5, 11.25, 11.5625], "texture": "#1"}
			}
		},
		{
			"from": [6.9, 2.91496, 1.99185],
			"to": [9.1, 3.01496, 2.12472],
			"rotation": {"angle": 0, "axis": "y", "origin": [7.3, -0.29028, 0.59185]},
			"faces": {
				"north": {"uv": [0, 11.75, 0.5625, 11.8125], "texture": "#1"},
				"east": {"uv": [12, 8.5, 12.0625, 8.5625], "texture": "#1"},
				"south": {"uv": [0.75, 11.75, 1.3125, 11.8125], "texture": "#1"},
				"west": {"uv": [8.75, 12, 8.8125, 12.0625], "texture": "#1"},
				"up": {"uv": [2.0625, 11.8125, 1.5, 11.75], "texture": "#1"},
				"down": {"uv": [12.3125, 1.5, 11.75, 1.5625], "texture": "#1"}
			}
		},
		{
			"from": [6.7, 3.77774, 8.85775],
			"to": [9.3, 4.45274, 13.03275],
			"rotation": {"angle": 0, "axis": "y", "origin": [8, 3.05274, 12.63275]},
			"faces": {
				"north": {"uv": [9.5, 9.75, 10.125, 9.9375], "texture": "#1"},
				"east": {"uv": [8.25, 6, 9.3125, 6.1875], "texture": "#1"},
				"south": {"uv": [0, 10, 0.625, 10.1875], "texture": "#1"},
				"west": {"uv": [8.25, 6.25, 9.3125, 6.4375], "texture": "#1"},
				"up": {"uv": [0.625, 5.5625, 0, 4.5], "texture": "#1"},
				"down": {"uv": [5.125, 3, 4.5, 4.0625], "texture": "#1"}
			}
		},
		{
			"from": [6.7, 3.05274, 8.83275],
			"to": [9.3, 3.77774, 13.05775],
			"rotation": {"angle": 0, "axis": "y", "origin": [8, 2.37774, 11.15775]},
			"faces": {
				"north": {"uv": [10, 0.25, 10.625, 0.4375], "texture": "#1"},
				"east": {"uv": [8.25, 6.5, 9.3125, 6.6875], "texture": "#1"},
				"south": {"uv": [10, 0.5, 10.625, 0.6875], "texture": "#1"},
				"west": {"uv": [0, 8.5, 1.0625, 8.6875], "texture": "#1"},
				"up": {"uv": [5.625, 5.3125, 5, 4.25], "texture": "#1"},
				"down": {"uv": [5.875, 3, 5.25, 4.0625], "texture": "#1"}
			}
		},
		{
			"from": [6.7, 2.37774, 9.50775],
			"to": [9.3, 3.05274, 12.68275],
			"rotation": {"angle": 0, "axis": "y", "origin": [8, 1.65274, 11.15775]},
			"faces": {
				"north": {"uv": [10, 0.75, 10.625, 0.9375], "texture": "#1"},
				"east": {"uv": [4.75, 9.5, 5.5625, 9.6875], "texture": "#1"},
				"south": {"uv": [10, 1, 10.625, 1.1875], "texture": "#1"},
				"west": {"uv": [9.5, 5.25, 10.3125, 5.4375], "texture": "#1"},
				"up": {"uv": [6.375, 7.0625, 5.75, 6.25], "texture": "#1"},
				"down": {"uv": [7.125, 1, 6.5, 1.8125], "texture": "#1"}
			}
		},
		{
			"from": [6.7, 1.70274, 10.18275],
			"to": [9.3, 2.37774, 12.00775],
			"rotation": {"angle": 0, "axis": "y", "origin": [8, 0.97774, 11.15775]},
			"faces": {
				"north": {"uv": [10, 1.25, 10.625, 1.4375], "texture": "#1"},
				"east": {"uv": [10.25, 8.75, 10.6875, 8.9375], "texture": "#1"},
				"south": {"uv": [10, 2, 10.625, 2.1875], "texture": "#1"},
				"west": {"uv": [9, 10.25, 9.4375, 10.4375], "texture": "#1"},
				"up": {"uv": [8.375, 3.4375, 7.75, 3], "texture": "#1"},
				"down": {"uv": [4.125, 7.75, 3.5, 8.1875], "texture": "#1"}
			}
		},
		{
			"from": [6.7, 1.45274, 10.83275],
			"to": [9.3, 1.70274, 11.35775],
			"rotation": {"angle": 0, "axis": "y", "origin": [8, 0.30274, 11.15775]},
			"faces": {
				"north": {"uv": [8.5, 11, 9.125, 11.0625], "texture": "#1"},
				"east": {"uv": [12, 4.25, 12.125, 4.3125], "texture": "#1"},
				"south": {"uv": [11, 8.5, 11.625, 8.5625], "texture": "#1"},
				"west": {"uv": [12, 4.75, 12.125, 4.8125], "texture": "#1"},
				"up": {"uv": [11.125, 5.375, 10.5, 5.25], "texture": "#1"},
				"down": {"uv": [7.125, 10.5, 6.5, 10.625], "texture": "#1"}
			}
		},
		{
			"from": [7.5, 7.03238, 14.53093],
			"to": [8.5, 9.13238, 15.33093],
			"rotation": {"angle": 0, "axis": "y", "origin": [21.8, 23.16475, 37.46185]},
			"faces": {
				"north": {"uv": [2.75, 5.5, 3, 6], "texture": "#1"},
				"east": {"uv": [7.5, 10.25, 7.6875, 10.75], "texture": "#1"},
				"south": {"uv": [9.75, 2, 10, 2.5], "texture": "#1"},
				"west": {"uv": [7.75, 10.25, 7.9375, 10.75], "texture": "#1"},
				"up": {"uv": [3, 7.9375, 2.75, 7.75], "texture": "#1"},
				"down": {"uv": [8, 6.75, 7.75, 6.9375], "texture": "#1"}
			}
		},
		{
			"from": [7.5, 8.13238, 17.55592],
			"to": [8.5, 8.50738, 17.93092],
			"rotation": {"angle": 0, "axis": "y", "origin": [21.8, 23.16475, 40.48685]},
			"faces": {
				"north": {"uv": [3.5, 11.75, 3.75, 11.875], "texture": "#1"},
				"east": {"uv": [11.75, 10.25, 11.875, 10.375], "texture": "#1"},
				"south": {"uv": [3.75, 11.75, 4, 11.875], "texture": "#1"},
				"west": {"uv": [10.5, 11.75, 10.625, 11.875], "texture": "#1"},
				"up": {"uv": [12, 3.875, 11.75, 3.75], "texture": "#1"},
				"down": {"uv": [4.25, 11.75, 4, 11.875], "texture": "#1"}
			}
		},
		{
			"from": [7.5, 7.14243, 17.72308],
			"to": [8.5, 8.64243, 18.17308],
			"rotation": {"angle": -45, "axis": "x", "origin": [8, 8.14243, 17.27308]},
			"faces": {
				"north": {"uv": [8, 10.25, 8.25, 10.625], "texture": "#1"},
				"east": {"uv": [6, 10.75, 6.125, 11.125], "texture": "#1"},
				"south": {"uv": [10.25, 8, 10.5, 8.375], "texture": "#1"},
				"west": {"uv": [10.75, 6, 10.875, 6.375], "texture": "#1"},
				"up": {"uv": [4.5, 11.875, 4.25, 11.75], "texture": "#1"},
				"down": {"uv": [12, 4.25, 11.75, 4.375], "texture": "#1"}
			}
		},
		{
			"from": [7.8, 8.43238, 18.85593],
			"to": [8.2, 8.83238, 19.25593],
			"rotation": {"angle": 0, "axis": "y", "origin": [21.8, 23.16475, 40.06185]},
			"faces": {
				"north": {"uv": [11.75, 10.5, 11.875, 10.625], "texture": "#1"},
				"east": {"uv": [10.75, 11.75, 10.875, 11.875], "texture": "#1"},
				"south": {"uv": [11, 11.75, 11.125, 11.875], "texture": "#1"},
				"west": {"uv": [11.25, 11.75, 11.375, 11.875], "texture": "#1"},
				"up": {"uv": [11.625, 11.875, 11.5, 11.75], "texture": "#1"},
				"down": {"uv": [11.875, 11.75, 11.75, 11.875], "texture": "#1"}
			}
		},
		{
			"from": [7.5, 8.13238, 15.33092],
			"to": [8.5, 9.13238, 17.55592],
			"rotation": {"angle": 0, "axis": "y", "origin": [21.8, 23.16475, 38.26185]},
			"faces": {
				"north": {"uv": [4.25, 7.25, 4.5, 7.5], "texture": "#1"},
				"east": {"uv": [0, 9.75, 0.5625, 10], "texture": "#1"},
				"south": {"uv": [7.5, 3, 7.75, 3.25], "texture": "#1"},
				"west": {"uv": [9.75, 0, 10.3125, 0.25], "texture": "#1"},
				"up": {"uv": [10, 0.8125, 9.75, 0.25], "texture": "#1"},
				"down": {"uv": [1, 9.75, 0.75, 10.3125], "texture": "#1"}
			}
		},
		{
			"from": [7.4, 8.03238, 12.03092],
			"to": [8.6, 9.23238, 14.15592],
			"rotation": {"angle": 0, "axis": "y", "origin": [21.8, 23.16475, 34.76185]},
			"faces": {
				"north": {"uv": [5.25, 10.25, 5.5625, 10.5625], "texture": "#1"},
				"east": {"uv": [3.25, 9.5, 3.75, 9.8125], "texture": "#1"},
				"south": {"uv": [5.75, 10.25, 6.0625, 10.5625], "texture": "#1"},
				"west": {"uv": [3.75, 9.5, 4.25, 9.8125], "texture": "#1"},
				"up": {"uv": [4.5625, 10, 4.25, 9.5], "texture": "#1"},
				"down": {"uv": [9.8125, 4.25, 9.5, 4.75], "texture": "#1"}
			}
		},
		{
			"from": [7.64853, 8.98385, 12.53092],
			"to": [8.49706, 9.83238, 14.15592],
			"rotation": {"angle": 45, "axis": "z", "origin": [8.24853, 9.23238, 13.09342]},
			"faces": {
				"north": {"uv": [2.25, 11, 2.4375, 11.1875], "texture": "#1"},
				"east": {"uv": [10.75, 2, 11.125, 2.1875], "texture": "#1"},
				"south": {"uv": [2.5, 11, 2.6875, 11.1875], "texture": "#1"},
				"west": {"uv": [10.75, 2.5, 11.125, 2.6875], "texture": "#1"},
				"up": {"uv": [7.4375, 10.875, 7.25, 10.5], "texture": "#1"},
				"down": {"uv": [2.9375, 10.75, 2.75, 11.125], "texture": "#1"}
			}
		},
		{
			"from": [7.6, 8.23238, 14.10592],
			"to": [8.4, 9.03238, 18.88092],
			"rotation": {"angle": 0, "axis": "y", "origin": [21.8, 23.16475, 35.23685]},
			"faces": {
				"north": {"uv": [4.5, 11, 4.6875, 11.1875], "texture": "#1"},
				"east": {"uv": [8, 7.5, 9.1875, 7.6875], "texture": "#1"},
				"south": {"uv": [11.75, 1.75, 11.9375, 1.9375], "texture": "#1"},
				"west": {"uv": [8, 7.75, 9.1875, 7.9375], "texture": "#1"},
				"up": {"uv": [2.9375, 5.4375, 2.75, 4.25], "texture": "#1"},
				"down": {"uv": [1.6875, 8, 1.5, 9.1875], "texture": "#1"}
			}
		},
		{
			"from": [7.71716, 6.43463, 8.33275],
			"to": [8, 6.43463, 12.04515],
			"rotation": {"angle": 45, "axis": "z", "origin": [7, 5.43463, 11.04515]},
			"faces": {
				"north": {"uv": [0, 0, 0.125, 0], "texture": "#2"},
				"east": {"uv": [0, 0, 1.875, 0], "texture": "#2"},
				"south": {"uv": [0, 0, 0.125, 0], "texture": "#2"},
				"west": {"uv": [0, 0, 1.875, 0], "texture": "#2"},
				"up": {"uv": [4.125, 5.875, 4, 4], "texture": "#2"},
				"down": {"uv": [0.125, 4.5, 0, 6.375], "texture": "#2"}
			}
		},
		{
			"from": [8, 6.43463, 8.33275],
			"to": [8.28284, 6.43463, 12.04515],
			"rotation": {"angle": -45, "axis": "z", "origin": [9, 5.43463, 11.04515]},
			"faces": {
				"north": {"uv": [0, 0, 0.125, 0], "texture": "#2"},
				"east": {"uv": [0, 0, 1.875, 0], "texture": "#2"},
				"south": {"uv": [0, 0, 0.125, 0], "texture": "#2"},
				"west": {"uv": [0, 0, 1.875, 0], "texture": "#2"},
				"up": {"uv": [0.625, 6.375, 0.5, 4.5], "texture": "#2"},
				"down": {"uv": [1.125, 4.5, 1, 6.375], "texture": "#2"}
			}
		},
		{
			"from": [7.68634, 6.22402, -9.6139],
			"to": [8.11061, 6.43902, -0.6139],
			"rotation": {"angle": 45, "axis": "z", "origin": [7.11061, 5.42402, -1.6139]},
			"faces": {
				"north": {"uv": [2.5, 4.5, 2.75, 4.625], "texture": "#2"},
				"east": {"uv": [4, 1, 8.5, 1.125], "texture": "#2"},
				"south": {"uv": [3, 4.5, 3.25, 4.625], "texture": "#2"},
				"west": {"uv": [4, 1.5, 8.5, 1.625], "texture": "#2"},
				"up": {"uv": [1.25, 4.5, 1, 0], "texture": "#2"},
				"down": {"uv": [1.75, 0, 1.5, 4.5], "texture": "#2"}
			}
		},
		{
			"from": [7.88939, 6.22402, -9.6139],
			"to": [8.31366, 6.43902, -0.6139],
			"rotation": {"angle": -45, "axis": "z", "origin": [8.88939, 5.42402, -1.6139]},
			"faces": {
				"north": {"uv": [3.5, 4.5, 3.75, 4.625], "texture": "#2"},
				"east": {"uv": [4, 2, 8.5, 2.125], "texture": "#2"},
				"south": {"uv": [4.5, 4, 4.75, 4.125], "texture": "#2"},
				"west": {"uv": [4, 2.5, 8.5, 2.625], "texture": "#2"},
				"up": {"uv": [2.25, 4.5, 2, 0], "texture": "#2"},
				"down": {"uv": [2.75, 0, 2.5, 4.5], "texture": "#2"}
			}
		},
		{
			"from": [7.26152, 6.99816, -9.6139],
			"to": [7.68579, 7.21316, -0.6139],
			"rotation": {"angle": -45, "axis": "z", "origin": [5.68579, 6.99816, -9.6139]},
			"faces": {
				"north": {"uv": [4.5, 4.5, 4.75, 4.625], "texture": "#2"},
				"east": {"uv": [4, 3, 8.5, 3.125], "texture": "#2"},
				"south": {"uv": [1.5, 5, 1.75, 5.125], "texture": "#2"},
				"west": {"uv": [4, 3.5, 8.5, 3.625], "texture": "#2"},
				"up": {"uv": [3.25, 4.5, 3, 0], "texture": "#2"},
				"down": {"uv": [3.75, 0, 3.5, 4.5], "texture": "#2"}
			}
		},
		{
			"from": [8.31421, 6.99816, -9.6139],
			"to": [8.73848, 7.21316, -0.6139],
			"rotation": {"angle": 45, "axis": "z", "origin": [10.31421, 6.99816, -9.6139]},
			"faces": {
				"north": {"uv": [1.5, 4.5, 1.75, 4.625], "texture": "#2"},
				"east": {"uv": [4, 0, 8.5, 0.125], "texture": "#2"},
				"south": {"uv": [2, 4.5, 2.25, 4.625], "texture": "#2"},
				"west": {"uv": [4, 0.5, 8.5, 0.625], "texture": "#2"},
				"up": {"uv": [0.25, 4.5, 0, 0], "texture": "#2"},
				"down": {"uv": [0.75, 0, 0.5, 4.5], "texture": "#2"}
			}
		}
	],
	"display": {
		"thirdperson_righthand": {
			"rotation": [-70, 0, 0],
			"translation": [0, -10.75, -5.5],
			"scale": [1.5, 1.5, 1.5]
		},
		"thirdperson_lefthand": {
			"rotation": [-70, 0, 0],
			"translation": [-0.5, -6, -4.75],
			"scale": [1.5, 1.5, 1.5]
		},
		"firstperson_righthand": {
			"rotation": [-1, -1, 5],
			"translation": [-1.75, 5.5, -5],
			"scale": [0.95, 0.95, 0.95]
		},
		"firstperson_lefthand": {
			"rotation": [-1, -1, 5],
			"translation": [-1.25, 5.5, -5],
			"scale": [0.94, 0.94, 0.94]
		},
		"ground": {
			"rotation": [0, 0, -90],
			"scale": [2.75, 2.75, 2.75]
		},
		"gui": {
			"rotation": [90, 45, -90],
			"translation": [0, 2.75, 0]
		},
		"head": {
			"translation": [0, 5.75, -1]
		},
		"fixed": {
			"rotation": [0, 90, 0],
			"translation": [0, 7.25, 0],
			"scale": [2.88, 2.88, 2.88]
		}
	},
	"groups": [
		{
			"name": "MartinSniper",
			"origin": [8, 8, 8],
			"color": 0,
			"children": [
				0,
				1,
				2,
				3,
				4,
				5,
				6,
				7,
				8,
				9,
				10,
				11,
				12,
				13,
				14,
				15,
				16,
				17,
				18,
				19,
				20,
				21,
				22,
				23,
				24,
				25,
				26,
				27,
				28,
				29,
				30,
				31,
				32,
				33,
				34,
				35,
				36,
				37,
				38,
				39,
				40,
				41,
				42,
				43,
				44,
				45,
				46,
				47,
				48,
				49,
				50,
				51,
				52,
				53,
				54,
				55,
				56,
				57,
				58,
				59,
				60,
				61,
				62,
				63,
				64,
				65,
				66,
				67,
				68,
				69,
				70,
				71,
				72,
				73,
				74,
				75,
				76,
				77,
				78,
				79,
				80,
				81,
				82,
				83,
				84,
				85,
				86,
				87,
				88,
				89,
				90
			]
		},
		{
			"name": "diagonals",
			"origin": [8, 8, 8],
			"color": 0,
			"children": [91, 92, 93, 94, 95, 96]
		}
	]
}