{
	"credit": "Made with Blockbench",
	"texture_size": [32, 32],
	"textures": {
		"0": "block/BlowFart",
		"particle": "block/BlowFart"
	},
	"elements": [
		{
			"from": [7.25, 0, 14.25],
			"to": [8.75, 3, 15.75],
			"faces": {
				"north": {"uv": [8, 0, 8.75, 1.5], "texture": "#0"},
				"east": {"uv": [1, 8, 1.75, 9.5], "texture": "#0"},
				"south": {"uv": [8, 1.5, 8.75, 3], "texture": "#0"},
				"west": {"uv": [3, 8, 3.75, 9.5], "texture": "#0"},
				"up": {"uv": [10.25, 7.75, 9.5, 7], "texture": "#0"},
				"down": {"uv": [10.25, 9, 9.5, 9.75], "texture": "#0"}
			}
		},
		{
			"from": [7, 3, 10],
			"to": [9, 5.5, 16.75],
			"faces": {
				"north": {"uv": [1, 6.5, 2, 7.75], "texture": "#0"},
				"east": {"uv": [0, 0, 3.375, 1.25], "texture": "#0"},
				"south": {"uv": [3.5, 6.5, 4.5, 7.75], "texture": "#0"},
				"west": {"uv": [0, 1.5, 3.375, 2.75], "texture": "#0"},
				"up": {"uv": [1, 6.375, 0, 3], "texture": "#0"},
				"down": {"uv": [2, 3, 1, 6.375], "texture": "#0"}
			}
		},
		{
			"from": [7, 4.2432, 16.24999],
			"to": [9, 6.7432, 18.24999],
			"rotation": {"angle": -22.5, "axis": "x", "origin": [8, 5.4932, 19.24999]},
			"faces": {
				"north": {"uv": [7, 0, 8, 1.25], "texture": "#0"},
				"east": {"uv": [7, 1.5, 8, 2.75], "texture": "#0"},
				"south": {"uv": [2, 7, 3, 8.25], "texture": "#0"},
				"west": {"uv": [5.5, 7, 6.5, 8.25], "texture": "#0"},
				"up": {"uv": [8.5, 4, 7.5, 3], "texture": "#0"},
				"down": {"uv": [9, 6, 8, 7], "texture": "#0"}
			}
		},
		{
			"from": [7, 1.7568, 16.24999],
			"to": [9, 4.2568, 18.24999],
			"rotation": {"angle": 22.5, "axis": "x", "origin": [8, 3.0068, 19.24999]},
			"faces": {
				"north": {"uv": [7, 6, 8, 7.25], "texture": "#0"},
				"east": {"uv": [6.5, 7.5, 7.5, 8.75], "texture": "#0"},
				"south": {"uv": [7.5, 7.5, 8.5, 8.75], "texture": "#0"},
				"west": {"uv": [0, 8, 1, 9.25], "texture": "#0"},
				"up": {"uv": [3, 9.5, 2, 8.5], "texture": "#0"},
				"down": {"uv": [9.5, 3, 8.5, 4], "texture": "#0"}
			}
		},
		{
			"from": [7, 2.23463, 17.84776],
			"to": [9, 6.26537, 18.80447],
			"rotation": {"angle": 0, "axis": "y", "origin": [0, 0.95567, 1.76118]},
			"faces": {
				"north": {"uv": [3.5, 4.5, 4.5, 6.5], "texture": "#0"},
				"east": {"uv": [4, 8, 4.5, 10], "texture": "#0"},
				"south": {"uv": [4.5, 4, 5.5, 6], "texture": "#0"},
				"west": {"uv": [8.5, 4, 9, 6], "texture": "#0"},
				"up": {"uv": [10.5, 2, 9.5, 1.5], "texture": "#0"},
				"down": {"uv": [12, 3.5, 11, 4], "texture": "#0"}
			}
		},
		{
			"from": [8.5, 6.25, 12],
			"to": [8.75, 7.25, 15.25],
			"faces": {
				"north": {"uv": [12.5, 4.5, 12.625, 5], "texture": "#0"},
				"east": {"uv": [8.5, 8, 10.125, 8.5], "texture": "#0"},
				"south": {"uv": [12.5, 7.5, 12.625, 8], "texture": "#0"},
				"west": {"uv": [8.5, 8.5, 10.125, 9], "texture": "#0"},
				"up": {"uv": [0.125, 13.625, 0, 12], "texture": "#0"},
				"down": {"uv": [0.625, 12, 0.5, 13.625], "texture": "#0"}
			}
		},
		{
			"from": [7.5, 6, 12],
			"to": [8.5, 6.25, 15.25],
			"faces": {
				"north": {"uv": [12.5, 8, 13, 8.125], "texture": "#0"},
				"east": {"uv": [12, 0.5, 13.625, 0.625], "texture": "#0"},
				"south": {"uv": [8.5, 12.5, 9, 12.625], "texture": "#0"},
				"west": {"uv": [1, 12, 2.625, 12.125], "texture": "#0"},
				"up": {"uv": [9.5, 1.625, 9, 0], "texture": "#0"},
				"down": {"uv": [9.5, 4, 9, 5.625], "texture": "#0"}
			}
		},
		{
			"from": [7, 3, 7.25],
			"to": [9, 5, 10],
			"faces": {
				"north": {"uv": [5.5, 8.5, 6.5, 9.5], "texture": "#0"},
				"east": {"uv": [6, 3, 7.375, 4], "texture": "#0"},
				"south": {"uv": [8.5, 7, 9.5, 8], "texture": "#0"},
				"west": {"uv": [5.5, 6, 6.875, 7], "texture": "#0"},
				"up": {"uv": [4.5, 2.875, 3.5, 1.5], "texture": "#0"},
				"down": {"uv": [1, 6.5, 0, 7.875], "texture": "#0"}
			}
		},
		{
			"from": [7.25, 5, 8],
			"to": [8.75, 5.25, 10],
			"faces": {
				"north": {"uv": [12.5, 2.5, 13.25, 2.625], "texture": "#0"},
				"east": {"uv": [2, 12.5, 3, 12.625], "texture": "#0"},
				"south": {"uv": [12.5, 3, 13.25, 3.125], "texture": "#0"},
				"west": {"uv": [12.5, 2, 13.5, 2.125], "texture": "#0"},
				"up": {"uv": [8.25, 10, 7.5, 9], "texture": "#0"},
				"down": {"uv": [9.25, 9, 8.5, 10], "texture": "#0"}
			}
		},
		{
			"from": [7.25, 3.25, 6.5],
			"to": [8.75, 4.75, 7.25],
			"faces": {
				"north": {"uv": [0, 10, 0.75, 10.75], "texture": "#0"},
				"east": {"uv": [4.5, 11.5, 4.875, 12.25], "texture": "#0"},
				"south": {"uv": [1, 10, 1.75, 10.75], "texture": "#0"},
				"west": {"uv": [11.5, 7.5, 11.875, 8.25], "texture": "#0"},
				"up": {"uv": [12.25, 8.875, 11.5, 8.5], "texture": "#0"},
				"down": {"uv": [12.25, 9, 11.5, 9.375], "texture": "#0"}
			}
		},
		{
			"from": [7.25, 4.23483, 4.5795],
			"to": [8.75, 5.23483, 6.0795],
			"rotation": {"angle": 45, "axis": "x", "origin": [8, 4.48483, 5.7045]},
			"faces": {
				"north": {"uv": [4, 11, 4.75, 11.5], "texture": "#0"},
				"east": {"uv": [11, 4, 11.75, 4.5], "texture": "#0"},
				"south": {"uv": [11, 4.5, 11.75, 5], "texture": "#0"},
				"west": {"uv": [11, 5, 11.75, 5.5], "texture": "#0"},
				"up": {"uv": [2.75, 10.75, 2, 10], "texture": "#0"},
				"down": {"uv": [10.75, 3, 10, 3.75], "texture": "#0"}
			}
		},
		{
			"from": [7.25, 2.76517, 4.5795],
			"to": [8.75, 3.76517, 6.0795],
			"rotation": {"angle": -45, "axis": "x", "origin": [8, 3.51517, 5.7045]},
			"faces": {
				"north": {"uv": [11, 5.5, 11.75, 6], "texture": "#0"},
				"east": {"uv": [11, 6, 11.75, 6.5], "texture": "#0"},
				"south": {"uv": [6.5, 11, 7.25, 11.5], "texture": "#0"},
				"west": {"uv": [11, 6.5, 11.75, 7], "texture": "#0"},
				"up": {"uv": [10.75, 4.75, 10, 4], "texture": "#0"},
				"down": {"uv": [10.75, 5, 10, 5.75], "texture": "#0"}
			}
		},
		{
			"from": [8.23483, 3.25, 4.5795],
			"to": [9.23483, 4.75, 6.0795],
			"rotation": {"angle": -45, "axis": "y", "origin": [8.48483, 4, 5.7045]},
			"faces": {
				"north": {"uv": [5, 11, 5.5, 11.75], "texture": "#0"},
				"east": {"uv": [7.5, 10, 8.25, 10.75], "texture": "#0"},
				"south": {"uv": [7.5, 11, 8, 11.75], "texture": "#0"},
				"west": {"uv": [8.5, 10, 9.25, 10.75], "texture": "#0"},
				"up": {"uv": [8.5, 11.75, 8, 11], "texture": "#0"},
				"down": {"uv": [9, 11, 8.5, 11.75], "texture": "#0"}
			}
		},
		{
			"from": [6.76517, 3.25, 4.5795],
			"to": [7.76517, 4.75, 6.0795],
			"rotation": {"angle": 45, "axis": "y", "origin": [7.51517, 4, 5.7045]},
			"faces": {
				"north": {"uv": [9, 11, 9.5, 11.75], "texture": "#0"},
				"east": {"uv": [9.5, 10, 10.25, 10.75], "texture": "#0"},
				"south": {"uv": [9.5, 11, 10, 11.75], "texture": "#0"},
				"west": {"uv": [10.5, 7, 11.25, 7.75], "texture": "#0"},
				"up": {"uv": [10.5, 11.75, 10, 11], "texture": "#0"},
				"down": {"uv": [11, 11, 10.5, 11.75], "texture": "#0"}
			}
		},
		{
			"from": [9.2378, 3.25, 4.90716],
			"to": [10.7378, 4.75, 5.40716],
			"rotation": {"angle": 22.5, "axis": "y", "origin": [9.9878, 4, 4.90716]},
			"faces": {
				"north": {"uv": [10.5, 8, 11.25, 8.75], "texture": "#0"},
				"east": {"uv": [12, 4, 12.25, 4.75], "texture": "#0"},
				"south": {"uv": [10.5, 9, 11.25, 9.75], "texture": "#0"},
				"west": {"uv": [5, 12, 5.25, 12.75], "texture": "#0"},
				"up": {"uv": [12.75, 5.25, 12, 5], "texture": "#0"},
				"down": {"uv": [6.25, 12, 5.5, 12.25], "texture": "#0"}
			}
		},
		{
			"from": [7.25, 5.2378, 4.90716],
			"to": [8.75, 6.7378, 5.40716],
			"rotation": {"angle": -22.5, "axis": "x", "origin": [8, 5.9878, 4.90716]},
			"faces": {
				"north": {"uv": [10.5, 10, 11.25, 10.75], "texture": "#0"},
				"east": {"uv": [12, 5.5, 12.25, 6.25], "texture": "#0"},
				"south": {"uv": [0, 11, 0.75, 11.75], "texture": "#0"},
				"west": {"uv": [6.5, 12, 6.75, 12.75], "texture": "#0"},
				"up": {"uv": [12.75, 6.75, 12, 6.5], "texture": "#0"},
				"down": {"uv": [7.75, 12, 7, 12.25], "texture": "#0"}
			}
		},
		{
			"from": [5.32932, 3.25, 5.0697],
			"to": [6.82932, 4.75, 5.5697],
			"rotation": {"angle": -22.5, "axis": "y", "origin": [6.45432, 4, 4.8197]},
			"faces": {
				"north": {"uv": [1, 11, 1.75, 11.75], "texture": "#0"},
				"east": {"uv": [12, 7.5, 12.25, 8.25], "texture": "#0"},
				"south": {"uv": [11, 1.5, 11.75, 2.25], "texture": "#0"},
				"west": {"uv": [8, 12, 8.25, 12.75], "texture": "#0"},
				"up": {"uv": [9.25, 12.25, 8.5, 12], "texture": "#0"},
				"down": {"uv": [10.25, 12, 9.5, 12.25], "texture": "#0"}
			}
		},
		{
			"from": [7.25, 1.32932, 5.0697],
			"to": [8.75, 2.82932, 5.5697],
			"rotation": {"angle": 22.5, "axis": "x", "origin": [8, 2.45432, 4.8197]},
			"faces": {
				"north": {"uv": [2, 11, 2.75, 11.75], "texture": "#0"},
				"east": {"uv": [12, 9.5, 12.25, 10.25], "texture": "#0"},
				"south": {"uv": [11, 2.5, 11.75, 3.25], "texture": "#0"},
				"west": {"uv": [10.5, 12, 10.75, 12.75], "texture": "#0"},
				"up": {"uv": [12.75, 10.75, 12, 10.5], "texture": "#0"},
				"down": {"uv": [12.75, 11, 12, 11.25], "texture": "#0"}
			}
		},
		{
			"from": [5.31929, 3.25, 4.62015],
			"to": [10.68071, 4.75, 5.12015],
			"rotation": {"angle": 0, "axis": "y", "origin": [2.12206, 0, 0.83209]},
			"faces": {
				"north": {"uv": [5.5, 4, 8.125, 4.75], "texture": "#0"},
				"east": {"uv": [11.5, 12, 11.75, 12.75], "texture": "#0"},
				"south": {"uv": [5.5, 5, 8.125, 5.75], "texture": "#0"},
				"west": {"uv": [12, 11.5, 12.25, 12.25], "texture": "#0"},
				"up": {"uv": [2.625, 9.75, 0, 9.5], "texture": "#0"},
				"down": {"uv": [12.125, 0, 9.5, 0.25], "texture": "#0"}
			}
		},
		{
			"from": [7.25, 1.31929, 4.62015],
			"to": [8.75, 6.68071, 5.12015],
			"rotation": {"angle": 0, "axis": "y", "origin": [0, 2.12206, 0.83209]},
			"faces": {
				"north": {"uv": [6, 0, 6.75, 2.625], "texture": "#0"},
				"east": {"uv": [3, 9.5, 3.25, 12.125], "texture": "#0"},
				"south": {"uv": [4.5, 6, 5.25, 8.625], "texture": "#0"},
				"west": {"uv": [9.5, 3, 9.75, 5.625], "texture": "#0"},
				"up": {"uv": [13.25, 0.25, 12.5, 0], "texture": "#0"},
				"down": {"uv": [1.75, 12.5, 1, 12.75], "texture": "#0"}
			}
		},
		{
			"from": [6.01346, 4.2051, 4.62015],
			"to": [10.86522, 6.93555, 5.12015],
			"rotation": {"angle": 45, "axis": "z", "origin": [10.11522, 4.25483, 4.87015]},
			"faces": {
				"north": {"uv": [2, 3, 4.375, 4.375], "texture": "#0"},
				"east": {"uv": [11, 11, 11.25, 12.375], "texture": "#0"},
				"south": {"uv": [3.5, 0, 5.875, 1.375], "texture": "#0"},
				"west": {"uv": [4, 11.5, 4.25, 12.875], "texture": "#0"},
				"up": {"uv": [11.875, 0.75, 9.5, 0.5], "texture": "#0"},
				"down": {"uv": [11.875, 1, 9.5, 1.25], "texture": "#0"}
			}
		},
		{
			"from": [7.5, 1, 9.5],
			"to": [8.5, 3, 10.5],
			"faces": {
				"north": {"uv": [3, 7, 3.5, 8], "texture": "#0"},
				"east": {"uv": [6, 9.5, 6.5, 10.5], "texture": "#0"},
				"south": {"uv": [4, 10, 4.5, 11], "texture": "#0"},
				"west": {"uv": [6, 10.5, 6.5, 11.5], "texture": "#0"},
				"up": {"uv": [7, 7.5, 6.5, 7], "texture": "#0"},
				"down": {"uv": [8.5, 7, 8, 7.5], "texture": "#0"}
			}
		},
		{
			"from": [7.07412, 3.14444, 4.62015],
			"to": [9.80456, 7.99621, 5.12015],
			"rotation": {"angle": 45, "axis": "z", "origin": [10.11522, 4.25483, 4.87015]},
			"faces": {
				"north": {"uv": [4.5, 1.5, 5.875, 3.875], "texture": "#0"},
				"east": {"uv": [3.5, 9.5, 3.75, 11.875], "texture": "#0"},
				"south": {"uv": [2, 4.5, 3.375, 6.875], "texture": "#0"},
				"west": {"uv": [5.5, 9.5, 5.75, 11.875], "texture": "#0"},
				"up": {"uv": [7.375, 11.75, 6, 11.5], "texture": "#0"},
				"down": {"uv": [12.875, 7, 11.5, 7.25], "texture": "#0"}
			}
		},
		{
			"from": [7.875, 5.5, 15.75],
			"to": [8.125, 6.875, 16],
			"faces": {
				"north": {"uv": [3, 12.5, 3.125, 13.25], "texture": "#0"},
				"east": {"uv": [12.5, 3.5, 12.625, 4.25], "texture": "#0"},
				"south": {"uv": [4.5, 12.5, 4.625, 13.25], "texture": "#0"},
				"west": {"uv": [5.5, 12.5, 5.625, 13.25], "texture": "#0"},
				"up": {"uv": [1.125, 13.125, 1, 13], "texture": "#0"},
				"down": {"uv": [1.625, 13, 1.5, 13.125], "texture": "#0"}
			}
		},
		{
			"from": [7.875, 5.5, 11.25],
			"to": [8.125, 6.875, 11.5],
			"faces": {
				"north": {"uv": [12.5, 5.5, 12.625, 6.25], "texture": "#0"},
				"east": {"uv": [6, 12.5, 6.125, 13.25], "texture": "#0"},
				"south": {"uv": [7, 12.5, 7.125, 13.25], "texture": "#0"},
				"west": {"uv": [7.5, 12.5, 7.625, 13.25], "texture": "#0"},
				"up": {"uv": [2.125, 13.125, 2, 13], "texture": "#0"},
				"down": {"uv": [2.625, 13, 2.5, 13.125], "texture": "#0"}
			}
		},
		{
			"from": [7.5, 6.25, 12],
			"to": [8.5, 7.25, 15.25],
			"faces": {
				"north": {"uv": [10.5, 1.5, 11, 2], "texture": "#0"},
				"east": {"uv": [9, 2, 10.625, 2.5], "texture": "#0"},
				"south": {"uv": [11.5, 9.5, 12, 10], "texture": "#0"},
				"west": {"uv": [9, 2.5, 10.625, 3], "texture": "#0"},
				"up": {"uv": [5, 10.625, 4.5, 9], "texture": "#0"},
				"down": {"uv": [5.5, 9, 5, 10.625], "texture": "#0"}
			}
		},
		{
			"from": [7.5, 7.25, 12],
			"to": [8.5, 7.5, 15.25],
			"faces": {
				"north": {"uv": [12.5, 8.5, 13, 8.625], "texture": "#0"},
				"east": {"uv": [12, 1, 13.625, 1.125], "texture": "#0"},
				"south": {"uv": [9, 12.5, 9.5, 12.625], "texture": "#0"},
				"west": {"uv": [12, 1.5, 13.625, 1.625], "texture": "#0"},
				"up": {"uv": [7, 10.625, 6.5, 9], "texture": "#0"},
				"down": {"uv": [7.5, 9, 7, 10.625], "texture": "#0"}
			}
		},
		{
			"from": [7.25, 6.25, 12],
			"to": [7.5, 7.25, 15.25],
			"faces": {
				"north": {"uv": [12.5, 9, 12.625, 9.5], "texture": "#0"},
				"east": {"uv": [9, 6, 10.625, 6.5], "texture": "#0"},
				"south": {"uv": [9.5, 12.5, 9.625, 13], "texture": "#0"},
				"west": {"uv": [9, 6.5, 10.625, 7], "texture": "#0"},
				"up": {"uv": [12.125, 3.625, 12, 2], "texture": "#0"},
				"down": {"uv": [3.625, 12, 3.5, 13.625], "texture": "#0"}
			}
		},
		{
			"from": [7.5, 6.25, 15.25],
			"to": [8.5, 7.25, 15.5],
			"faces": {
				"north": {"uv": [11.5, 10, 12, 10.5], "texture": "#0"},
				"east": {"uv": [12.5, 9.5, 12.625, 10], "texture": "#0"},
				"south": {"uv": [11.5, 10.5, 12, 11], "texture": "#0"},
				"west": {"uv": [10, 12.5, 10.125, 13], "texture": "#0"},
				"up": {"uv": [13, 10.125, 12.5, 10], "texture": "#0"},
				"down": {"uv": [11.5, 12.5, 11, 12.625], "texture": "#0"}
			}
		},
		{
			"from": [7.5, 6.25, 11.75],
			"to": [8.5, 7.25, 12],
			"faces": {
				"north": {"uv": [11.5, 11, 12, 11.5], "texture": "#0"},
				"east": {"uv": [12.5, 11.5, 12.625, 12], "texture": "#0"},
				"south": {"uv": [11.5, 11.5, 12, 12], "texture": "#0"},
				"west": {"uv": [12, 12.5, 12.125, 13], "texture": "#0"},
				"up": {"uv": [13, 12.125, 12.5, 12], "texture": "#0"},
				"down": {"uv": [13, 12.5, 12.5, 12.625], "texture": "#0"}
			}
		},
		{
			"from": [7.875, 6.625, 11.5],
			"to": [8.125, 6.875, 11.75],
			"rotation": {"angle": 0, "axis": "y", "origin": [0, -0.125, 0]},
			"faces": {
				"north": {"uv": [13, 3.5, 13.125, 3.625], "texture": "#0"},
				"east": {"uv": [4, 13, 4.125, 13.125], "texture": "#0"},
				"south": {"uv": [13, 4, 13.125, 4.125], "texture": "#0"},
				"west": {"uv": [13, 4.5, 13.125, 4.625], "texture": "#0"},
				"up": {"uv": [5.125, 13.125, 5, 13], "texture": "#0"},
				"down": {"uv": [13.125, 5, 13, 5.125], "texture": "#0"}
			}
		},
		{
			"from": [7.875, 6.625, 15.5],
			"to": [8.125, 6.875, 15.75],
			"rotation": {"angle": 0, "axis": "y", "origin": [0, -0.125, 0]},
			"faces": {
				"north": {"uv": [13, 5.5, 13.125, 5.625], "texture": "#0"},
				"east": {"uv": [13, 6, 13.125, 6.125], "texture": "#0"},
				"south": {"uv": [6.5, 13, 6.625, 13.125], "texture": "#0"},
				"west": {"uv": [13, 6.5, 13.125, 6.625], "texture": "#0"},
				"up": {"uv": [13.125, 7.125, 13, 7], "texture": "#0"},
				"down": {"uv": [13.125, 7.5, 13, 7.625], "texture": "#0"}
			}
		}
	],
	"display": {
		"thirdperson_righthand": {
			"translation": [-1.5, 4.25, -1]
		},
		"thirdperson_lefthand": {
			"translation": [-1.5, 4.25, -1]
		},
		"firstperson_righthand": {
			"translation": [-3.75, 6.75, 0]
		},
		"firstperson_lefthand": {
			"translation": [-3.75, 6.75, 0]
		},
		"ground": {
			"rotation": [0, 0, 90]
		},
		"gui": {
			"rotation": [-180, 90, -180],
			"translation": [-3.5, 4, 0]
		},
		"head": {
			"translation": [0, 0, -4.25]
		},
		"fixed": {
			"rotation": [90, 45, -90],
			"translation": [0.75, 6.25, -1.25]
		}
	},
	"groups": [
		{
			"name": "BlowFart",
			"origin": [8, 8, 8],
			"color": 0,
			"children": [0, 1, 2, 3, 4, 5, 6, 7, 8, 9, 10, 11, 12, 13, 14, 15, 16, 17, 18, 19, 20, 21, 22, 23, 24, 25, 26, 27, 28, 29, 30, 31]
		}
	]
}