{
	"credit": "Made with Blockbench",
	"texture_size": [8, 8],
	"textures": {
		"0": "item/brawler_bandana_st",
		"1": "item/brawler_bandana_an",
		"particle": "item/brawler_bandana_st"
	},
	"elements": [
		{
			"from": [5.5, 0, 1.5],
			"to": [6, 1, 6.5],
			"faces": {
				"north": {"uv": [10, 1, 10.5, 2], "texture": "#0"},
				"east": {"uv": [0, 0, 5, 1], "texture": "#0"},
				"south": {"uv": [10, 2, 10.5, 3], "texture": "#0"},
				"west": {"uv": [0, 1, 5, 2], "texture": "#0"},
				"up": {"uv": [0.5, 13, 0, 8], "texture": "#0"},
				"down": {"uv": [1.5, 8, 1, 13], "texture": "#0"}
			}
		},
		{
			"from": [5.25, 0, 2],
			"to": [5.5, 1, 6],
			"faces": {
				"north": {"uv": [7, 11, 7.25, 12], "texture": "#0"},
				"east": {"uv": [0, 5, 4, 6], "texture": "#0"},
				"south": {"uv": [8, 11, 8.25, 12], "texture": "#0"},
				"west": {"uv": [5, 0, 9, 1], "texture": "#0"},
				"up": {"uv": [9.25, 4, 9, 0], "texture": "#0"},
				"down": {"uv": [4.25, 9, 4, 13], "texture": "#0"}
			}
		},
		{
			"from": [10.5, 0, 2],
			"to": [10.75, 1, 6],
			"rotation": {"angle": 0, "axis": "y", "origin": [16, 0, 0]},
			"faces": {
				"north": {"uv": [9, 11, 9.25, 12], "texture": "#0"},
				"east": {"uv": [5, 1, 9, 2], "texture": "#0"},
				"south": {"uv": [11, 9, 11.25, 10], "texture": "#0"},
				"west": {"uv": [5, 2, 9, 3], "texture": "#0"},
				"up": {"uv": [5.25, 13, 5, 9], "texture": "#0"},
				"down": {"uv": [6.25, 9, 6, 13], "texture": "#0"}
			}
		},
		{
			"from": [10, 0, 1.5],
			"to": [10.5, 1, 6.5],
			"faces": {
				"north": {"uv": [10, 3, 10.5, 4], "texture": "#0"},
				"east": {"uv": [0, 2, 5, 3], "texture": "#0"},
				"south": {"uv": [7, 10, 7.5, 11], "texture": "#0"},
				"west": {"uv": [0, 3, 5, 4], "texture": "#0"},
				"up": {"uv": [2.5, 13, 2, 8], "texture": "#0"},
				"down": {"uv": [3.5, 8, 3, 13], "texture": "#0"}
			}
		},
		{
			"from": [6, 0, 6],
			"to": [10, 1, 6.5],
			"faces": {
				"north": {"uv": [5, 3, 9, 4], "texture": "#0"},
				"east": {"uv": [8, 10, 8.5, 11], "texture": "#0"},
				"south": {"uv": [4, 5, 8, 6], "texture": "#0"},
				"west": {"uv": [9, 10, 9.5, 11], "texture": "#0"},
				"up": {"uv": [8, 8.5, 4, 8], "texture": "#0"},
				"down": {"uv": [12, 4, 8, 4.5], "texture": "#0"}
			}
		},
		{
			"from": [6, 0, 1.5],
			"to": [10, 1, 2],
			"faces": {
				"north": {"uv": [0, 6, 4, 7], "texture": "#0"},
				"east": {"uv": [10, 10, 10.5, 11], "texture": "#0"},
				"south": {"uv": [4, 6, 8, 7], "texture": "#0"},
				"west": {"uv": [11, 1, 11.5, 2], "texture": "#0"},
				"up": {"uv": [12, 5.5, 8, 5], "texture": "#0"},
				"down": {"uv": [12, 6, 8, 6.5], "texture": "#0"}
			}
		},
		{
			"from": [6, 0, 1.25],
			"to": [10, 1, 1.5],
			"faces": {
				"north": {"uv": [0, 7, 4, 8], "texture": "#0"},
				"east": {"uv": [10, 11, 10.25, 12], "texture": "#0"},
				"south": {"uv": [4, 7, 8, 8], "texture": "#0"},
				"west": {"uv": [11, 10, 11.25, 11], "texture": "#0"},
				"up": {"uv": [11, 9.25, 7, 9], "texture": "#0"},
				"down": {"uv": [14, 0, 10, 0.25], "texture": "#0"}
			}
		},
		{
			"from": [6, 0, 6.5],
			"to": [10, 1, 6.75],
			"faces": {
				"north": {"uv": [0, 4, 4, 5], "texture": "#0"},
				"east": {"uv": [11, 2, 11.25, 3], "texture": "#0"},
				"south": {"uv": [4, 4, 8, 5], "texture": "#0"},
				"west": {"uv": [11, 3, 11.25, 4], "texture": "#0"},
				"up": {"uv": [12, 7.25, 8, 7], "texture": "#0"},
				"down": {"uv": [12, 8, 8, 8.25], "texture": "#0"}
			}
		},
		{
			"from": [4, -10, 6.25],
			"to": [12, 0, 6.25],
			"rotation": {"angle": -22.5, "axis": "x", "origin": [8, 0, 6]},
			"faces": {
				"north": {"uv": [0, 0, 8, 10], "texture": "#1"},
				"east": {"uv": [0, 0, 0, 10], "texture": "#1"},
				"south": {"uv": [8, 0, 16, 10], "texture": "#1"},
				"west": {"uv": [0, 0, 0, 10], "texture": "#1"},
				"up": {"uv": [8, 0, 0, 0], "texture": "#1"},
				"down": {"uv": [8, 0, 0, 0], "texture": "#1"}
			}
		}
	],
	"gui_light": "front",
	"display": {
		"thirdperson_righthand": {
			"translation": [0, 7.75, 3.75]
		},
		"thirdperson_lefthand": {
			"translation": [0, 7.75, 3.75]
		},
		"firstperson_righthand": {
			"translation": [18, 15, -12],
			"scale": [4, 4, 4]
		},
		"firstperson_lefthand": {
			"translation": [18, 15, -12],
			"scale": [4, 4, 4]
		},
		"ground": {
			"translation": [0, 14.5, 8],
			"scale": [2, 2, 2]
		},
		"gui": {
			"rotation": [180, -44.5, 180],
			"translation": [-5.75, 14.75, 0],
			"scale": [2, 2, 2]
		},
		"head": {
			"translation": [0, 26.75, 13],
			"scale": [3.15, 3.15, 3.15]
		},
		"fixed": {
			"rotation": [0, 90, 0],
			"translation": [9.5, 18.25, -5.5],
			"scale": [2.5, 2.5, 2.5]
		}
	}
}