{
	"credit": "Made with Blockbench",
	"texture_size": [32, 32],
	"textures": {
		"0": "item/CamelierLance",
		"particle": "item/CamelierLance"
	},
	"elements": [
		{
			"from": [7.25, 4, 7.25],
			"to": [8.75, 7, 8.75],
			"faces": {
				"north": {"uv": [10, 4.5, 10.75, 6], "texture": "#0"},
				"east": {"uv": [10, 6, 10.75, 7.5], "texture": "#0"},
				"south": {"uv": [10, 9.5, 10.75, 11], "texture": "#0"},
				"west": {"uv": [0, 10.5, 0.75, 12], "texture": "#0"},
				"up": {"uv": [13.25, 0.75, 12.5, 0], "texture": "#0"},
				"down": {"uv": [1.75, 12.5, 1, 13.25], "texture": "#0"}
			}
		},
		{
			"from": [7, 3, 7],
			"to": [9, 4, 9],
			"faces": {
				"north": {"uv": [5, 12.5, 6, 13], "texture": "#0"},
				"east": {"uv": [12.5, 5.5, 13.5, 6], "texture": "#0"},
				"south": {"uv": [6, 12.5, 7, 13], "texture": "#0"},
				"west": {"uv": [12.5, 6, 13.5, 6.5], "texture": "#0"},
				"up": {"uv": [11, 8.5, 10, 7.5], "texture": "#0"},
				"down": {"uv": [2, 10.5, 1, 11.5], "texture": "#0"}
			}
		},
		{
			"from": [5, 6.5, 7],
			"to": [11, 7, 9],
			"faces": {
				"north": {"uv": [1, 11.5, 4, 11.75], "texture": "#0"},
				"east": {"uv": [4, 13.5, 5, 13.75], "texture": "#0"},
				"south": {"uv": [11.5, 1, 14.5, 1.25], "texture": "#0"},
				"west": {"uv": [13.5, 4, 14.5, 4.25], "texture": "#0"},
				"up": {"uv": [6, 2.5, 3, 1.5], "texture": "#0"},
				"down": {"uv": [6, 2.5, 3, 3.5], "texture": "#0"}
			}
		},
		{
			"from": [5.555, 6.79015, 7],
			"to": [6.055, 12.04015, 9],
			"rotation": {"angle": -22.5, "axis": "z", "origin": [5.805, 8.29015, 8]},
			"faces": {
				"north": {"uv": [3, 12, 3.25, 14.625], "texture": "#0"},
				"east": {"uv": [0, 4.5, 1, 7.125], "texture": "#0"},
				"south": {"uv": [3.5, 12, 3.75, 14.625], "texture": "#0"},
				"west": {"uv": [1, 4.5, 2, 7.125], "texture": "#0"},
				"up": {"uv": [13.75, 5.5, 13.5, 4.5], "texture": "#0"},
				"down": {"uv": [13.75, 5.5, 13.5, 6.5], "texture": "#0"}
			}
		},
		{
			"from": [6.055, 6.79015, 7],
			"to": [6.805, 12.04015, 9],
			"rotation": {"angle": -22.5, "axis": "z", "origin": [5.805, 8.29015, 8]},
			"faces": {
				"north": {"uv": [4, 10.5, 4.375, 13.125], "texture": "#0"},
				"east": {"uv": [2, 4.5, 3, 7.125], "texture": "#0"},
				"south": {"uv": [4.5, 10.5, 4.875, 13.125], "texture": "#0"},
				"west": {"uv": [5, 3.5, 6, 6.125], "texture": "#0"},
				"up": {"uv": [6.875, 14, 6.5, 13], "texture": "#0"},
				"down": {"uv": [13.375, 7.5, 13, 8.5], "texture": "#0"}
			}
		},
		{
			"from": [9.945, 6.79015, 7],
			"to": [10.445, 12.04015, 9],
			"rotation": {"angle": 22.5, "axis": "z", "origin": [10.195, 8.29015, 8]},
			"faces": {
				"north": {"uv": [8.5, 12, 8.75, 14.625], "texture": "#0"},
				"east": {"uv": [6, 0, 7, 2.625], "texture": "#0"},
				"south": {"uv": [9, 12, 9.25, 14.625], "texture": "#0"},
				"west": {"uv": [6, 3, 7, 5.625], "texture": "#0"},
				"up": {"uv": [13.75, 8.5, 13.5, 7.5], "texture": "#0"},
				"down": {"uv": [13.75, 9, 13.5, 10], "texture": "#0"}
			}
		},
		{
			"from": [9.195, 6.79015, 7],
			"to": [9.945, 12.04015, 9],
			"rotation": {"angle": 22.5, "axis": "z", "origin": [10.195, 8.29015, 8]},
			"faces": {
				"north": {"uv": [11, 0, 11.375, 2.625], "texture": "#0"},
				"east": {"uv": [6, 6, 7, 8.625], "texture": "#0"},
				"south": {"uv": [11, 3, 11.375, 5.625], "texture": "#0"},
				"west": {"uv": [3, 6.5, 4, 9.125], "texture": "#0"},
				"up": {"uv": [13.375, 10, 13, 9], "texture": "#0"},
				"down": {"uv": [13.375, 10, 13, 11], "texture": "#0"}
			}
		},
		{
			"from": [7, 6.5, 5],
			"to": [9, 7, 11],
			"faces": {
				"north": {"uv": [13.5, 10, 14.5, 10.25], "texture": "#0"},
				"east": {"uv": [11.5, 1.5, 14.5, 1.75], "texture": "#0"},
				"south": {"uv": [13.5, 10.5, 14.5, 10.75], "texture": "#0"},
				"west": {"uv": [11.5, 2, 14.5, 2.25], "texture": "#0"},
				"up": {"uv": [4, 6.5, 3, 3.5], "texture": "#0"},
				"down": {"uv": [5, 3.5, 4, 6.5], "texture": "#0"}
			}
		},
		{
			"from": [7, 6.79015, 9.945],
			"to": [9, 12.04015, 10.445],
			"rotation": {"angle": -22.5, "axis": "x", "origin": [8, 8.29015, 10.195]},
			"faces": {
				"north": {"uv": [4, 6.5, 5, 9.125], "texture": "#0"},
				"east": {"uv": [9.5, 12, 9.75, 14.625], "texture": "#0"},
				"south": {"uv": [5, 6.5, 6, 9.125], "texture": "#0"},
				"west": {"uv": [10, 12, 10.25, 14.625], "texture": "#0"},
				"up": {"uv": [12.5, 13.75, 11.5, 13.5], "texture": "#0"},
				"down": {"uv": [13.5, 13.5, 12.5, 13.75], "texture": "#0"}
			}
		},
		{
			"from": [7, 6.79015, 9.195],
			"to": [9, 12.04015, 9.945],
			"rotation": {"angle": -22.5, "axis": "x", "origin": [8, 8.29015, 10.195]},
			"faces": {
				"north": {"uv": [7, 0, 8, 2.625], "texture": "#0"},
				"east": {"uv": [11, 6, 11.375, 8.625], "texture": "#0"},
				"south": {"uv": [7, 3, 8, 5.625], "texture": "#0"},
				"west": {"uv": [7, 11, 7.375, 13.625], "texture": "#0"},
				"up": {"uv": [12.5, 13.375, 11.5, 13], "texture": "#0"},
				"down": {"uv": [14, 12, 13, 12.375], "texture": "#0"}
			}
		},
		{
			"from": [7, 6.79015, 5.555],
			"to": [9, 12.04015, 6.055],
			"rotation": {"angle": 22.5, "axis": "x", "origin": [8, 8.29015, 5.805]},
			"faces": {
				"north": {"uv": [7, 6, 8, 8.625], "texture": "#0"},
				"east": {"uv": [10.5, 12, 10.75, 14.625], "texture": "#0"},
				"south": {"uv": [0, 7.5, 1, 10.125], "texture": "#0"},
				"west": {"uv": [11, 12, 11.25, 14.625], "texture": "#0"},
				"up": {"uv": [14.5, 13.25, 13.5, 13], "texture": "#0"},
				"down": {"uv": [14.5, 13.5, 13.5, 13.75], "texture": "#0"}
			}
		},
		{
			"from": [7, 6.79015, 6.055],
			"to": [9, 12.04015, 6.805],
			"rotation": {"angle": 22.5, "axis": "x", "origin": [8, 8.29015, 5.805]},
			"faces": {
				"north": {"uv": [1, 7.5, 2, 10.125], "texture": "#0"},
				"east": {"uv": [7.5, 11, 7.875, 13.625], "texture": "#0"},
				"south": {"uv": [2, 7.5, 3, 10.125], "texture": "#0"},
				"west": {"uv": [8, 11, 8.375, 13.625], "texture": "#0"},
				"up": {"uv": [13.5, 13.375, 12.5, 13], "texture": "#0"},
				"down": {"uv": [14, 12.5, 13, 12.875], "texture": "#0"}
			}
		},
		{
			"from": [6.58579, 6.5, 5.51472],
			"to": [9.41421, 7, 11.17157],
			"rotation": {"angle": 45, "axis": "y", "origin": [7.58579, 6.75, 8.17157]},
			"faces": {
				"north": {"uv": [1.5, 13.5, 2.875, 13.75], "texture": "#0"},
				"east": {"uv": [11.5, 8.5, 14.375, 8.75], "texture": "#0"},
				"south": {"uv": [13.5, 2.5, 14.875, 2.75], "texture": "#0"},
				"west": {"uv": [11.5, 11, 14.375, 11.25], "texture": "#0"},
				"up": {"uv": [1.375, 2.875, 0, 0], "texture": "#0"},
				"down": {"uv": [2.875, 0, 1.5, 2.875], "texture": "#0"}
			}
		},
		{
			"from": [5.51472, 6.5, 6.58579],
			"to": [11.17157, 7, 9.41421],
			"rotation": {"angle": 45, "axis": "y", "origin": [8.17157, 6.75, 8.41421]},
			"faces": {
				"north": {"uv": [11.5, 11.5, 14.375, 11.75], "texture": "#0"},
				"east": {"uv": [13.5, 3, 14.875, 3.25], "texture": "#0"},
				"south": {"uv": [0, 12, 2.875, 12.25], "texture": "#0"},
				"west": {"uv": [13.5, 3.5, 14.875, 3.75], "texture": "#0"},
				"up": {"uv": [2.875, 4.375, 0, 3], "texture": "#0"},
				"down": {"uv": [5.875, 0, 3, 1.375], "texture": "#0"}
			}
		},
		{
			"from": [7, 6.75, 7],
			"to": [9, 11.75, 9],
			"faces": {
				"north": {"uv": [8, 6, 9, 8.5], "texture": "#0"},
				"east": {"uv": [8, 8.5, 9, 11], "texture": "#0"},
				"south": {"uv": [6, 9, 7, 11.5], "texture": "#0"},
				"west": {"uv": [9, 6, 10, 8.5], "texture": "#0"},
				"up": {"uv": [3, 11.5, 2, 10.5], "texture": "#0"},
				"down": {"uv": [4, 10.5, 3, 11.5], "texture": "#0"}
			}
		},
		{
			"from": [7.1, 11.75, 7.1],
			"to": [8.9, 13.75, 8.9],
			"faces": {
				"north": {"uv": [8.5, 11, 9.375, 12], "texture": "#0"},
				"east": {"uv": [11, 9, 11.875, 10], "texture": "#0"},
				"south": {"uv": [9.5, 11, 10.375, 12], "texture": "#0"},
				"west": {"uv": [11, 10, 11.875, 11], "texture": "#0"},
				"up": {"uv": [11.375, 11.875, 10.5, 11], "texture": "#0"},
				"down": {"uv": [12.375, 0, 11.5, 0.875], "texture": "#0"}
			}
		},
		{
			"from": [7.2, 13.75, 7.2],
			"to": [8.8, 15.75, 8.8],
			"faces": {
				"north": {"uv": [11.5, 2.5, 12.25, 3.5], "texture": "#0"},
				"east": {"uv": [11.5, 3.5, 12.25, 4.5], "texture": "#0"},
				"south": {"uv": [11.5, 4.5, 12.25, 5.5], "texture": "#0"},
				"west": {"uv": [5, 11.5, 5.75, 12.5], "texture": "#0"},
				"up": {"uv": [2.75, 13.25, 2, 12.5], "texture": "#0"},
				"down": {"uv": [13.25, 2.5, 12.5, 3.25], "texture": "#0"}
			}
		},
		{
			"from": [7.3, 15.75, 7.3],
			"to": [8.7, 17.75, 8.7],
			"faces": {
				"north": {"uv": [11.5, 5.5, 12.25, 6.5], "texture": "#0"},
				"east": {"uv": [6, 11.5, 6.75, 12.5], "texture": "#0"},
				"south": {"uv": [11.5, 6.5, 12.25, 7.5], "texture": "#0"},
				"west": {"uv": [11.5, 7.5, 12.25, 8.5], "texture": "#0"},
				"up": {"uv": [13.25, 4.25, 12.5, 3.5], "texture": "#0"},
				"down": {"uv": [13.25, 4.5, 12.5, 5.25], "texture": "#0"}
			}
		},
		{
			"from": [7.4, 17.75, 7.4],
			"to": [8.6, 19.75, 8.6],
			"faces": {
				"north": {"uv": [12, 9, 12.625, 10], "texture": "#0"},
				"east": {"uv": [12, 10, 12.625, 11], "texture": "#0"},
				"south": {"uv": [11.5, 12, 12.125, 13], "texture": "#0"},
				"west": {"uv": [0, 12.5, 0.625, 13.5], "texture": "#0"},
				"up": {"uv": [6.125, 13.625, 5.5, 13], "texture": "#0"},
				"down": {"uv": [13.625, 6.5, 13, 7.125], "texture": "#0"}
			}
		},
		{
			"from": [7.5, 19.75, 7.5],
			"to": [8.5, 21.75, 8.5],
			"faces": {
				"north": {"uv": [12.5, 6.5, 13, 7.5], "texture": "#0"},
				"east": {"uv": [12.5, 7.5, 13, 8.5], "texture": "#0"},
				"south": {"uv": [12.5, 12, 13, 13], "texture": "#0"},
				"west": {"uv": [5, 13, 5.5, 14], "texture": "#0"},
				"up": {"uv": [14.5, 0.5, 14, 0], "texture": "#0"},
				"down": {"uv": [14.5, 0.5, 14, 1], "texture": "#0"}
			}
		},
		{
			"from": [7.6, 21.75, 7.6],
			"to": [8.4, 23.75, 8.4],
			"faces": {
				"north": {"uv": [0, 13.5, 0.375, 14.5], "texture": "#0"},
				"east": {"uv": [13.5, 0, 13.875, 1], "texture": "#0"},
				"south": {"uv": [0.5, 13.5, 0.875, 14.5], "texture": "#0"},
				"west": {"uv": [1, 13.5, 1.375, 14.5], "texture": "#0"},
				"up": {"uv": [1.875, 14.375, 1.5, 14], "texture": "#0"},
				"down": {"uv": [2.375, 14, 2, 14.375], "texture": "#0"}
			}
		},
		{
			"from": [6.25, 6.75, 7.001],
			"to": [9.75, 9.75, 8.999],
			"faces": {
				"north": {"uv": [8, 0, 9.75, 1.5], "texture": "#0"},
				"east": {"uv": [9, 9.5, 10, 11], "texture": "#0"},
				"south": {"uv": [8, 1.5, 9.75, 3], "texture": "#0"},
				"west": {"uv": [10, 0, 11, 1.5], "texture": "#0"},
				"up": {"uv": [10.75, 9.5, 9, 8.5], "texture": "#0"},
				"down": {"uv": [4.75, 9.5, 3, 10.5], "texture": "#0"}
			}
		},
		{
			"from": [7.001, 6.75, 6.25],
			"to": [8.999, 9.75, 9.75],
			"faces": {
				"north": {"uv": [10, 1.5, 11, 3], "texture": "#0"},
				"east": {"uv": [8, 3, 9.75, 4.5], "texture": "#0"},
				"south": {"uv": [10, 3, 11, 4.5], "texture": "#0"},
				"west": {"uv": [8, 4.5, 9.75, 6], "texture": "#0"},
				"up": {"uv": [8, 10.75, 7, 9], "texture": "#0"},
				"down": {"uv": [6, 9.5, 5, 11.25], "texture": "#0"}
			}
		}
	],
	"display": {
		"thirdperson_righthand": {
			"rotation": [-20.5, 0, 0],
			"translation": [0, 1.75, 0.25],
			"scale": [1.25, 2, 1.25]
		},
		"thirdperson_lefthand": {
			"rotation": [-20.5, 0, 0],
			"translation": [0, 1.75, 0.25],
			"scale": [1.25, 2, 1.25]
		},
		"firstperson_righthand": {
			"rotation": [-90, 0, 0],
			"translation": [0, 2, 1.75],
			"scale": [1, 1.5, 1]
		},
		"firstperson_lefthand": {
			"rotation": [-90, 0, 0],
			"translation": [0, 2, 1.75],
			"scale": [1, 1.5, 1]
		},
		"ground": {
			"rotation": [90, 0, 0],
			"translation": [0, 0, -6.5],
			"scale": [1.25, 2, 1.25]
		},
		"gui": {
			"rotation": [0, 0, 45],
			"translation": [4, -4, 0]
		},
		"fixed": {
			"rotation": [-90, 0, 0],
			"translation": [0, 0, -6],
			"scale": [4, 4, 4]
		}
	},
	"groups": [
		{
			"name": "CamelierLance",
			"origin": [8, 8, 8],
			"color": 0,
			"children": [0, 1, 2, 3, 4, 5, 6, 7, 8, 9, 10, 11, 12, 13, 14, 15, 16, 17, 18, 19, 20, 21, 22]
		}
	]
}