{
	"credit": "Made with Blockbench",
	"texture_size": [128, 128],
	"textures": {
		"0": "item/ChainsawMan",
		"particle": "item/ChainsawMan"
	},
	"elements": [
		{
			"from": [7.5, 9, -14],
			"to": [8.5, 14, 4],
			"rotation": {"angle": 0, "axis": "y", "origin": [0, 0, 12]},
			"faces": {
				"north": {"uv": [7.125, 9.625, 7.25, 10.25], "texture": "#0"},
				"east": {"uv": [5.875, 1, 8.125, 1.625], "texture": "#0"},
				"south": {"uv": [7.25, 9.75, 7.375, 10.375], "texture": "#0"},
				"west": {"uv": [5.875, 1.625, 8.125, 2.25], "texture": "#0"},
				"up": {"uv": [9, 11.125, 8.875, 8.875], "texture": "#0"},
				"down": {"uv": [3, 9, 2.875, 11.25], "texture": "#0"}
			}
		},
		{
			"from": [7.5, 14, -14],
			"to": [8.5, 15, 4],
			"rotation": {"angle": 0, "axis": "y", "origin": [0, 0, 4]},
			"faces": {
				"north": {"uv": [3.75, 4.875, 3.875, 5], "texture": "#0"},
				"east": {"uv": [9, 6.5, 11.25, 6.625], "texture": "#0"},
				"south": {"uv": [5.875, 3.75, 6, 3.875], "texture": "#0"},
				"west": {"uv": [9, 6.625, 11.25, 6.75], "texture": "#0"},
				"up": {"uv": [3.125, 11.25, 3, 9], "texture": "#0"},
				"down": {"uv": [3.25, 9, 3.125, 11.25], "texture": "#0"}
			}
		},
		{
			"from": [7.5, 13, 4],
			"to": [8.5, 15, 8],
			"rotation": {"angle": 0, "axis": "y", "origin": [0, 0, 4]},
			"faces": {
				"north": {"uv": [3.75, 4.625, 3.875, 4.875], "texture": "#0"},
				"east": {"uv": [9.625, 2.75, 10.125, 3], "texture": "#0"},
				"south": {"uv": [5.875, 3.5, 6, 3.75], "texture": "#0"},
				"west": {"uv": [9.625, 5.125, 10.125, 5.375], "texture": "#0"},
				"up": {"uv": [7.5, 10.25, 7.375, 9.75], "texture": "#0"},
				"down": {"uv": [7.625, 9.75, 7.5, 10.25], "texture": "#0"}
			}
		},
		{
			"from": [7.5, 10, -15],
			"to": [8.5, 14, -14],
			"faces": {
				"north": {"uv": [7.625, 9.75, 7.75, 10.25], "texture": "#0"},
				"east": {"uv": [7.75, 9.75, 7.875, 10.25], "texture": "#0"},
				"south": {"uv": [7.875, 9.75, 8, 10.25], "texture": "#0"},
				"west": {"uv": [8, 9.75, 8.125, 10.25], "texture": "#0"},
				"up": {"uv": [5.375, 6.625, 5.25, 6.5], "texture": "#0"},
				"down": {"uv": [5, 7, 4.875, 7.125], "texture": "#0"}
			}
		},
		{
			"from": [7.5, 8, -1],
			"to": [8.5, 9, 0],
			"faces": {
				"north": {"uv": [5, 7, 5.125, 7.125], "texture": "#0"},
				"east": {"uv": [5.125, 7, 5.25, 7.125], "texture": "#0"},
				"south": {"uv": [7, 6.5, 7.125, 6.625], "texture": "#0"},
				"west": {"uv": [7.125, 4.875, 7.25, 5], "texture": "#0"},
				"up": {"uv": [7.25, 7.125, 7.125, 7], "texture": "#0"},
				"down": {"uv": [7.375, 7, 7.25, 7.125], "texture": "#0"}
			}
		},
		{
			"from": [7.5, 8, -4],
			"to": [8.5, 9, -3],
			"faces": {
				"north": {"uv": [7.375, 7, 7.5, 7.125], "texture": "#0"},
				"east": {"uv": [7.25, 7.625, 7.375, 7.75], "texture": "#0"},
				"south": {"uv": [7.375, 7.625, 7.5, 7.75], "texture": "#0"},
				"west": {"uv": [4.25, 8.375, 4.375, 8.5], "texture": "#0"},
				"up": {"uv": [4.5, 8.5, 4.375, 8.375], "texture": "#0"},
				"down": {"uv": [1, 8.75, 0.875, 8.875], "texture": "#0"}
			}
		},
		{
			"from": [7.5, 8, -7],
			"to": [8.5, 9, -6],
			"faces": {
				"north": {"uv": [4.5, 8.75, 4.625, 8.875], "texture": "#0"},
				"east": {"uv": [4.625, 8.75, 4.75, 8.875], "texture": "#0"},
				"south": {"uv": [9.75, 0.25, 9.875, 0.375], "texture": "#0"},
				"west": {"uv": [9.875, 0.25, 10, 0.375], "texture": "#0"},
				"up": {"uv": [10.125, 4.625, 10, 4.5], "texture": "#0"},
				"down": {"uv": [10.125, 7, 10, 7.125], "texture": "#0"}
			}
		},
		{
			"from": [7.5, 8, -10],
			"to": [8.5, 9, -9],
			"faces": {
				"north": {"uv": [10, 7.125, 10.125, 7.25], "texture": "#0"},
				"east": {"uv": [10, 7.25, 10.125, 7.375], "texture": "#0"},
				"south": {"uv": [10, 7.375, 10.125, 7.5], "texture": "#0"},
				"west": {"uv": [8.125, 10, 8.25, 10.125], "texture": "#0"},
				"up": {"uv": [8.375, 10.125, 8.25, 10], "texture": "#0"},
				"down": {"uv": [8.5, 10, 8.375, 10.125], "texture": "#0"}
			}
		},
		{
			"from": [7.5, 8, -13],
			"to": [8.5, 9, -12],
			"faces": {
				"north": {"uv": [8.5, 10, 8.625, 10.125], "texture": "#0"},
				"east": {"uv": [8.625, 10, 8.75, 10.125], "texture": "#0"},
				"south": {"uv": [10, 8.625, 10.125, 8.75], "texture": "#0"},
				"west": {"uv": [10, 8.75, 10.125, 8.875], "texture": "#0"},
				"up": {"uv": [9.125, 10.125, 9, 10], "texture": "#0"},
				"down": {"uv": [9.25, 10, 9.125, 10.125], "texture": "#0"}
			}
		},
		{
			"from": [7.5, 9.5, -14.5],
			"to": [8.5, 10.5, -13.5],
			"faces": {
				"north": {"uv": [10, 9.5, 10.125, 9.625], "texture": "#0"},
				"east": {"uv": [10, 9.625, 10.125, 9.75], "texture": "#0"},
				"south": {"uv": [9.75, 10, 9.875, 10.125], "texture": "#0"},
				"west": {"uv": [10, 9.75, 10.125, 9.875], "texture": "#0"},
				"up": {"uv": [10, 10.125, 9.875, 10], "texture": "#0"},
				"down": {"uv": [10.125, 9.875, 10, 10], "texture": "#0"}
			}
		},
		{
			"from": [7.5, 13.5, -14.5],
			"to": [8.5, 14.5, -13.5],
			"faces": {
				"north": {"uv": [10, 10, 10.125, 10.125], "texture": "#0"},
				"east": {"uv": [10.125, 0.25, 10.25, 0.375], "texture": "#0"},
				"south": {"uv": [10.125, 0.375, 10.25, 0.5], "texture": "#0"},
				"west": {"uv": [10.125, 0.5, 10.25, 0.625], "texture": "#0"},
				"up": {"uv": [10.25, 0.75, 10.125, 0.625], "texture": "#0"},
				"down": {"uv": [10.25, 0.75, 10.125, 0.875], "texture": "#0"}
			}
		},
		{
			"from": [7.5, 10, -16],
			"to": [8.5, 11, -15],
			"faces": {
				"north": {"uv": [10.125, 0.875, 10.25, 1], "texture": "#0"},
				"east": {"uv": [1.25, 10.125, 1.375, 10.25], "texture": "#0"},
				"south": {"uv": [1.375, 10.125, 1.5, 10.25], "texture": "#0"},
				"west": {"uv": [1.5, 10.125, 1.625, 10.25], "texture": "#0"},
				"up": {"uv": [1.75, 10.25, 1.625, 10.125], "texture": "#0"},
				"down": {"uv": [1.875, 10.125, 1.75, 10.25], "texture": "#0"}
			}
		},
		{
			"from": [7.5, 13, -16],
			"to": [8.5, 14, -15],
			"faces": {
				"north": {"uv": [10.125, 2.75, 10.25, 2.875], "texture": "#0"},
				"east": {"uv": [10.125, 2.875, 10.25, 3], "texture": "#0"},
				"south": {"uv": [3.25, 10.125, 3.375, 10.25], "texture": "#0"},
				"west": {"uv": [3.375, 10.125, 3.5, 10.25], "texture": "#0"},
				"up": {"uv": [3.625, 10.25, 3.5, 10.125], "texture": "#0"},
				"down": {"uv": [3.75, 10.125, 3.625, 10.25], "texture": "#0"}
			}
		},
		{
			"from": [7.5, 15, -14],
			"to": [8.5, 16, -13],
			"faces": {
				"north": {"uv": [3.75, 10.125, 3.875, 10.25], "texture": "#0"},
				"east": {"uv": [10.125, 3.75, 10.25, 3.875], "texture": "#0"},
				"south": {"uv": [3.875, 10.125, 4, 10.25], "texture": "#0"},
				"west": {"uv": [10.125, 3.875, 10.25, 4], "texture": "#0"},
				"up": {"uv": [4.125, 10.25, 4, 10.125], "texture": "#0"},
				"down": {"uv": [10.25, 4, 10.125, 4.125], "texture": "#0"}
			}
		},
		{
			"from": [7.5, 15, -11],
			"to": [8.5, 16, -10],
			"faces": {
				"north": {"uv": [4.125, 10.125, 4.25, 10.25], "texture": "#0"},
				"east": {"uv": [10.125, 4.125, 10.25, 4.25], "texture": "#0"},
				"south": {"uv": [4.25, 10.125, 4.375, 10.25], "texture": "#0"},
				"west": {"uv": [10.125, 4.25, 10.25, 4.375], "texture": "#0"},
				"up": {"uv": [4.5, 10.25, 4.375, 10.125], "texture": "#0"},
				"down": {"uv": [10.25, 4.375, 10.125, 4.5], "texture": "#0"}
			}
		},
		{
			"from": [7.5, 15, -8],
			"to": [8.5, 16, -7],
			"faces": {
				"north": {"uv": [4.5, 10.125, 4.625, 10.25], "texture": "#0"},
				"east": {"uv": [10.125, 4.5, 10.25, 4.625], "texture": "#0"},
				"south": {"uv": [4.625, 10.125, 4.75, 10.25], "texture": "#0"},
				"west": {"uv": [4.75, 10.125, 4.875, 10.25], "texture": "#0"},
				"up": {"uv": [5, 10.25, 4.875, 10.125], "texture": "#0"},
				"down": {"uv": [10.25, 5.125, 10.125, 5.25], "texture": "#0"}
			}
		},
		{
			"from": [7.5, 15, -5],
			"to": [8.5, 16, -4],
			"faces": {
				"north": {"uv": [10.125, 5.25, 10.25, 5.375], "texture": "#0"},
				"east": {"uv": [5.375, 10.125, 5.5, 10.25], "texture": "#0"},
				"south": {"uv": [10.125, 5.375, 10.25, 5.5], "texture": "#0"},
				"west": {"uv": [5.5, 10.125, 5.625, 10.25], "texture": "#0"},
				"up": {"uv": [10.25, 5.625, 10.125, 5.5], "texture": "#0"},
				"down": {"uv": [5.75, 10.125, 5.625, 10.25], "texture": "#0"}
			}
		},
		{
			"from": [7.5, 15, -2],
			"to": [8.5, 16, -1],
			"faces": {
				"north": {"uv": [5.75, 10.125, 5.875, 10.25], "texture": "#0"},
				"east": {"uv": [5.875, 10.125, 6, 10.25], "texture": "#0"},
				"south": {"uv": [6, 10.125, 6.125, 10.25], "texture": "#0"},
				"west": {"uv": [6.125, 10.125, 6.25, 10.25], "texture": "#0"},
				"up": {"uv": [6.375, 10.25, 6.25, 10.125], "texture": "#0"},
				"down": {"uv": [6.5, 10.125, 6.375, 10.25], "texture": "#0"}
			}
		},
		{
			"from": [7.5, 15, 1],
			"to": [8.5, 16, 2],
			"faces": {
				"north": {"uv": [6.5, 10.125, 6.625, 10.25], "texture": "#0"},
				"east": {"uv": [6.625, 10.125, 6.75, 10.25], "texture": "#0"},
				"south": {"uv": [6.75, 10.125, 6.875, 10.25], "texture": "#0"},
				"west": {"uv": [10.125, 6.75, 10.25, 6.875], "texture": "#0"},
				"up": {"uv": [10.25, 7, 10.125, 6.875], "texture": "#0"},
				"down": {"uv": [10.25, 7, 10.125, 7.125], "texture": "#0"}
			}
		},
		{
			"from": [7.5, 15, 4],
			"to": [8.5, 16, 5],
			"faces": {
				"north": {"uv": [10.125, 7.125, 10.25, 7.25], "texture": "#0"},
				"east": {"uv": [10.125, 7.25, 10.25, 7.375], "texture": "#0"},
				"south": {"uv": [10.125, 7.375, 10.25, 7.5], "texture": "#0"},
				"west": {"uv": [10.125, 7.75, 10.25, 7.875], "texture": "#0"},
				"up": {"uv": [10.25, 8, 10.125, 7.875], "texture": "#0"},
				"down": {"uv": [8.25, 10.125, 8.125, 10.25], "texture": "#0"}
			}
		},
		{
			"from": [7.5, 15, 7],
			"to": [8.5, 16, 8],
			"faces": {
				"north": {"uv": [8.25, 10.125, 8.375, 10.25], "texture": "#0"},
				"east": {"uv": [8.375, 10.125, 8.5, 10.25], "texture": "#0"},
				"south": {"uv": [8.5, 10.125, 8.625, 10.25], "texture": "#0"},
				"west": {"uv": [8.625, 10.125, 8.75, 10.25], "texture": "#0"},
				"up": {"uv": [10.25, 8.75, 10.125, 8.625], "texture": "#0"},
				"down": {"uv": [8.875, 10.125, 8.75, 10.25], "texture": "#0"}
			}
		},
		{
			"from": [1, 3, 26],
			"to": [15, 11, 27],
			"rotation": {"angle": 0, "axis": "y", "origin": [0, 0, 12]},
			"faces": {
				"north": {"uv": [0, 5.75, 1.75, 6.75], "texture": "#0"},
				"east": {"uv": [8.75, 9.125, 8.875, 10.125], "texture": "#0"},
				"south": {"uv": [5.875, 0, 7.625, 1], "texture": "#0"},
				"west": {"uv": [5.25, 9.625, 5.375, 10.625], "texture": "#0"},
				"up": {"uv": [2.75, 8.375, 1, 8.25], "texture": "#0"},
				"down": {"uv": [11.125, 5.875, 9.375, 6], "texture": "#0"}
			}
		},
		{
			"from": [1, 11, 25],
			"to": [15, 14, 29],
			"rotation": {"angle": 0, "axis": "y", "origin": [0, 0, 12]},
			"faces": {
				"north": {"uv": [7.25, 7.75, 9, 8.125], "texture": "#0"},
				"east": {"uv": [7.25, 9.375, 7.75, 9.75], "texture": "#0"},
				"south": {"uv": [2.75, 8, 4.5, 8.375], "texture": "#0"},
				"west": {"uv": [7.75, 9.375, 8.25, 9.75], "texture": "#0"},
				"up": {"uv": [1.75, 7.75, 0, 7.25], "texture": "#0"},
				"down": {"uv": [3.5, 7.25, 1.75, 7.75], "texture": "#0"}
			}
		},
		{
			"from": [0.5, 12, 17],
			"to": [15.5, 15, 21],
			"rotation": {"angle": 0, "axis": "y", "origin": [0, 0, 12]},
			"faces": {
				"north": {"uv": [7.625, 0.375, 9.5, 0.75], "texture": "#0"},
				"east": {"uv": [8.25, 9.375, 8.75, 9.75], "texture": "#0"},
				"south": {"uv": [3.5, 7.625, 5.375, 8], "texture": "#0"},
				"west": {"uv": [9.5, 0.375, 10, 0.75], "texture": "#0"},
				"up": {"uv": [5.25, 6.75, 3.375, 6.25], "texture": "#0"},
				"down": {"uv": [7.125, 6.625, 5.25, 7.125], "texture": "#0"}
			}
		},
		{
			"from": [0.5, 11.5, 21],
			"to": [15.5, 14.5, 25],
			"rotation": {"angle": 0, "axis": "y", "origin": [0, 0, 12]},
			"faces": {
				"north": {"uv": [7.625, 4, 9.5, 4.375], "texture": "#0"},
				"east": {"uv": [9.5, 4, 10, 4.375], "texture": "#0"},
				"south": {"uv": [5.375, 7.625, 7.25, 8], "texture": "#0"},
				"west": {"uv": [4.5, 9.5, 5, 9.875], "texture": "#0"},
				"up": {"uv": [1.875, 7.25, 0, 6.75], "texture": "#0"},
				"down": {"uv": [3.75, 6.75, 1.875, 7.25], "texture": "#0"}
			}
		},
		{
			"from": [0.5, 2, 23],
			"to": [15.5, 3, 27],
			"rotation": {"angle": 0, "axis": "y", "origin": [0, 0, 12]},
			"faces": {
				"north": {"uv": [0, 4.5, 1.875, 4.625], "texture": "#0"},
				"east": {"uv": [9.75, 0, 10.25, 0.125], "texture": "#0"},
				"south": {"uv": [4.5, 9.375, 6.375, 9.5], "texture": "#0"},
				"west": {"uv": [9.75, 0.125, 10.25, 0.25], "texture": "#0"},
				"up": {"uv": [8.875, 6.5, 7, 6], "texture": "#0"},
				"down": {"uv": [5.625, 7.125, 3.75, 7.625], "texture": "#0"}
			}
		},
		{
			"from": [0.5, 0.5, 13],
			"to": [15.5, 2.5, 26.5],
			"rotation": {"angle": 0, "axis": "y", "origin": [0, 0, 12]},
			"faces": {
				"north": {"uv": [1, 8.375, 2.875, 8.625], "texture": "#0"},
				"east": {"uv": [4.75, 8.625, 6.5, 8.875], "texture": "#0"},
				"south": {"uv": [5.625, 8.375, 7.5, 8.625], "texture": "#0"},
				"west": {"uv": [6.5, 8.625, 8.25, 8.875], "texture": "#0"},
				"up": {"uv": [1.875, 1.75, 0, 0], "texture": "#0"},
				"down": {"uv": [1.875, 1.75, 0, 3.5], "texture": "#0"}
			}
		},
		{
			"from": [0.25, 2.5, 13],
			"to": [15.75, 12.5, 26],
			"rotation": {"angle": 0, "axis": "y", "origin": [0, 0, 12]},
			"faces": {
				"north": {"uv": [3.875, 1.375, 5.875, 2.625], "texture": "#0"},
				"east": {"uv": [2.125, 4.625, 3.75, 5.875], "texture": "#0"},
				"south": {"uv": [3.875, 2.625, 5.875, 3.875], "texture": "#0"},
				"west": {"uv": [3.75, 5, 5.375, 6.25], "texture": "#0"},
				"up": {"uv": [3.875, 1.625, 1.875, 0], "texture": "#0"},
				"down": {"uv": [3.875, 1.625, 1.875, 3.25], "texture": "#0"}
			}
		},
		{
			"from": [7, 2, 27],
			"to": [9, 4, 32],
			"rotation": {"angle": 0, "axis": "y", "origin": [0, 0, 12]},
			"faces": {
				"north": {"uv": [9.75, 0.75, 10, 1], "texture": "#0"},
				"east": {"uv": [2.75, 7.75, 3.375, 8], "texture": "#0"},
				"south": {"uv": [9.75, 4.375, 10, 4.625], "texture": "#0"},
				"west": {"uv": [9.5, 9.25, 10.125, 9.5], "texture": "#0"},
				"up": {"uv": [2.375, 10, 2.125, 9.375], "texture": "#0"},
				"down": {"uv": [9.75, 9.5, 9.5, 10.125], "texture": "#0"}
			}
		},
		{
			"from": [7, 4, 30],
			"to": [9, 12, 32],
			"rotation": {"angle": 0, "axis": "y", "origin": [0, 0, 12]},
			"faces": {
				"north": {"uv": [9.25, 9.25, 9.5, 10.25], "texture": "#0"},
				"east": {"uv": [0.5, 9.375, 0.75, 10.375], "texture": "#0"},
				"south": {"uv": [0.75, 9.375, 1, 10.375], "texture": "#0"},
				"west": {"uv": [1, 9.375, 1.25, 10.375], "texture": "#0"},
				"up": {"uv": [8.375, 10, 8.125, 9.75], "texture": "#0"},
				"down": {"uv": [8.625, 9.75, 8.375, 10], "texture": "#0"}
			}
		},
		{
			"from": [7, 12, 29],
			"to": [9, 14, 32],
			"rotation": {"angle": 0, "axis": "y", "origin": [0, 0, 12]},
			"faces": {
				"north": {"uv": [9.75, 9.5, 10, 9.75], "texture": "#0"},
				"east": {"uv": [3.375, 5.875, 3.75, 6.125], "texture": "#0"},
				"south": {"uv": [9.75, 9.75, 10, 10], "texture": "#0"},
				"west": {"uv": [4.875, 6.75, 5.25, 7], "texture": "#0"},
				"up": {"uv": [3.75, 7.625, 3.5, 7.25], "texture": "#0"},
				"down": {"uv": [7.125, 9.625, 6.875, 10], "texture": "#0"}
			}
		},
		{
			"from": [-0.5, 12, 16.5],
			"to": [1.5, 21, 18.5],
			"rotation": {"angle": 22.5, "axis": "x", "origin": [8, 12, 18]},
			"faces": {
				"north": {"uv": [3.25, 9, 3.5, 10.125], "texture": "#0"},
				"east": {"uv": [3.5, 9, 3.75, 10.125], "texture": "#0"},
				"south": {"uv": [3.75, 9, 4, 10.125], "texture": "#0"},
				"west": {"uv": [4, 9, 4.25, 10.125], "texture": "#0"},
				"up": {"uv": [1.5, 10.125, 1.25, 9.875], "texture": "#0"},
				"down": {"uv": [1.75, 9.875, 1.5, 10.125], "texture": "#0"}
			}
		},
		{
			"from": [1.5, 19, 16.5],
			"to": [14.5, 21, 18.5],
			"rotation": {"angle": 22.5, "axis": "x", "origin": [8, 12, 18]},
			"faces": {
				"north": {"uv": [8.625, 8.125, 10.25, 8.375], "texture": "#0"},
				"east": {"uv": [4.5, 9.875, 4.75, 10.125], "texture": "#0"},
				"south": {"uv": [8.25, 8.625, 9.875, 8.875], "texture": "#0"},
				"west": {"uv": [4.75, 9.875, 5, 10.125], "texture": "#0"},
				"up": {"uv": [10.25, 8.625, 8.625, 8.375], "texture": "#0"},
				"down": {"uv": [4.5, 8.75, 2.875, 9], "texture": "#0"}
			}
		},
		{
			"from": [14.5, 12, 16.5],
			"to": [16.5, 21, 18.5],
			"rotation": {"angle": 22.5, "axis": "x", "origin": [8, 12, 18]},
			"faces": {
				"north": {"uv": [4.25, 9, 4.5, 10.125], "texture": "#0"},
				"east": {"uv": [9, 8.875, 9.25, 10], "texture": "#0"},
				"south": {"uv": [0, 9.125, 0.25, 10.25], "texture": "#0"},
				"west": {"uv": [0.25, 9.125, 0.5, 10.25], "texture": "#0"},
				"up": {"uv": [5.625, 10.125, 5.375, 9.875], "texture": "#0"},
				"down": {"uv": [5.875, 9.875, 5.625, 10.125], "texture": "#0"}
			}
		},
		{
			"from": [0, 2, 12],
			"to": [16, 13, 14],
			"rotation": {"angle": 22.5, "axis": "x", "origin": [8, 3, 13]},
			"faces": {
				"north": {"uv": [1.875, 3.25, 3.875, 4.625], "texture": "#0"},
				"east": {"uv": [2.375, 8.875, 2.625, 10.25], "texture": "#0"},
				"south": {"uv": [3.875, 0, 5.875, 1.375], "texture": "#0"},
				"west": {"uv": [2.625, 8.875, 2.875, 10.25], "texture": "#0"},
				"up": {"uv": [10.125, 4, 8.125, 3.75], "texture": "#0"},
				"down": {"uv": [7.625, 8.125, 5.625, 8.375], "texture": "#0"}
			}
		},
		{
			"from": [-0.5, 1, 12],
			"to": [16.5, 3, 13],
			"rotation": {"angle": 0, "axis": "y", "origin": [0, 0, 12]},
			"faces": {
				"north": {"uv": [7.625, 0.75, 9.75, 1], "texture": "#0"},
				"east": {"uv": [5.25, 6.25, 5.375, 6.5], "texture": "#0"},
				"south": {"uv": [7.625, 4.375, 9.75, 4.625], "texture": "#0"},
				"west": {"uv": [7.125, 4.625, 7.25, 4.875], "texture": "#0"},
				"up": {"uv": [11.125, 8.125, 9, 8], "texture": "#0"},
				"down": {"uv": [11.25, 3.25, 9.125, 3.375], "texture": "#0"}
			}
		},
		{
			"from": [-0.5, 2, 11.5],
			"to": [16.5, 3, 12.5],
			"rotation": {"angle": 0, "axis": "y", "origin": [0, 0, 12]},
			"faces": {
				"north": {"uv": [9.125, 3.375, 11.25, 3.5], "texture": "#0"},
				"east": {"uv": [10.125, 8.75, 10.25, 8.875], "texture": "#0"},
				"south": {"uv": [4.5, 9.125, 6.625, 9.25], "texture": "#0"},
				"west": {"uv": [9, 10.125, 9.125, 10.25], "texture": "#0"},
				"up": {"uv": [8.75, 9.25, 6.625, 9.125], "texture": "#0"},
				"down": {"uv": [6.625, 9.25, 4.5, 9.375], "texture": "#0"}
			}
		},
		{
			"from": [0.5, 1, 11],
			"to": [15.5, 3, 12],
			"rotation": {"angle": 0, "axis": "y", "origin": [0, 0, 12]},
			"faces": {
				"north": {"uv": [2.875, 8.5, 4.75, 8.75], "texture": "#0"},
				"east": {"uv": [3.375, 7.75, 3.5, 8], "texture": "#0"},
				"south": {"uv": [1, 8.625, 2.875, 8.875], "texture": "#0"},
				"west": {"uv": [7.5, 8.375, 7.625, 8.625], "texture": "#0"},
				"up": {"uv": [11.25, 5.75, 9.375, 5.625], "texture": "#0"},
				"down": {"uv": [11.25, 5.75, 9.375, 5.875], "texture": "#0"}
			}
		},
		{
			"from": [1.5, 1, 10],
			"to": [14.5, 3, 11],
			"rotation": {"angle": 0, "axis": "y", "origin": [0, 0, 12]},
			"faces": {
				"north": {"uv": [0, 8.875, 1.625, 9.125], "texture": "#0"},
				"east": {"uv": [8.625, 9.75, 8.75, 10], "texture": "#0"},
				"south": {"uv": [4.5, 8.875, 6.125, 9.125], "texture": "#0"},
				"west": {"uv": [1.75, 9.875, 1.875, 10.125], "texture": "#0"},
				"up": {"uv": [3.375, 6.75, 1.75, 6.625], "texture": "#0"},
				"down": {"uv": [7.25, 8, 5.625, 8.125], "texture": "#0"}
			}
		},
		{
			"from": [2.5, 1, 9],
			"to": [13.5, 3, 10],
			"rotation": {"angle": 0, "axis": "y", "origin": [0, 0, 12]},
			"faces": {
				"north": {"uv": [8.875, 6, 10.25, 6.25], "texture": "#0"},
				"east": {"uv": [9.875, 8.625, 10, 8.875], "texture": "#0"},
				"south": {"uv": [6.125, 8.875, 7.5, 9.125], "texture": "#0"},
				"west": {"uv": [10, 0.25, 10.125, 0.5], "texture": "#0"},
				"up": {"uv": [4.25, 8.5, 2.875, 8.375], "texture": "#0"},
				"down": {"uv": [6.375, 9.5, 5, 9.625], "texture": "#0"}
			}
		},
		{
			"from": [3.5, 1, 8],
			"to": [12.5, 3, 9],
			"rotation": {"angle": 0, "axis": "y", "origin": [0, 0, 12]},
			"faces": {
				"north": {"uv": [9, 6.75, 10.125, 7], "texture": "#0"},
				"east": {"uv": [10, 0.5, 10.125, 0.75], "texture": "#0"},
				"south": {"uv": [9, 7.75, 10.125, 8], "texture": "#0"},
				"west": {"uv": [10, 0.75, 10.125, 1], "texture": "#0"},
				"up": {"uv": [10.75, 2.625, 9.625, 2.5], "texture": "#0"},
				"down": {"uv": [10.75, 2.625, 9.625, 2.75], "texture": "#0"}
			}
		},
		{
			"from": [4.5, 1, 7],
			"to": [11.5, 3, 8],
			"rotation": {"angle": 0, "axis": "y", "origin": [0, 0, 12]},
			"faces": {
				"north": {"uv": [1.25, 9.375, 2.125, 9.625], "texture": "#0"},
				"east": {"uv": [2.125, 10, 2.25, 10.25], "texture": "#0"},
				"south": {"uv": [6.375, 9.375, 7.25, 9.625], "texture": "#0"},
				"west": {"uv": [2.25, 10, 2.375, 10.25], "texture": "#0"},
				"up": {"uv": [5.625, 8.625, 4.75, 8.5], "texture": "#0"},
				"down": {"uv": [0.875, 8.75, 0, 8.875], "texture": "#0"}
			}
		},
		{
			"from": [5.5, 1, 6],
			"to": [10.5, 2.5, 7],
			"rotation": {"angle": 0, "axis": "y", "origin": [0, 0, 12]},
			"faces": {
				"north": {"uv": [1.25, 9.625, 1.875, 9.875], "texture": "#0"},
				"east": {"uv": [10, 4, 10.125, 4.25], "texture": "#0"},
				"south": {"uv": [9.625, 2.25, 10.25, 2.5], "texture": "#0"},
				"west": {"uv": [10, 4.25, 10.125, 4.5], "texture": "#0"},
				"up": {"uv": [10.25, 7.625, 9.625, 7.5], "texture": "#0"},
				"down": {"uv": [10.25, 7.625, 9.625, 7.75], "texture": "#0"}
			}
		},
		{
			"from": [-0.5, 11, 12],
			"to": [16.5, 13, 15],
			"rotation": {"angle": 0, "axis": "y", "origin": [0, 0, 12]},
			"faces": {
				"north": {"uv": [8.125, 1, 10.25, 1.25], "texture": "#0"},
				"east": {"uv": [9.625, 7, 10, 7.25], "texture": "#0"},
				"south": {"uv": [8.125, 1.25, 10.25, 1.5], "texture": "#0"},
				"west": {"uv": [9.625, 7.25, 10, 7.5], "texture": "#0"},
				"up": {"uv": [9.375, 6, 7.25, 5.625], "texture": "#0"},
				"down": {"uv": [9.625, 2.25, 7.5, 2.625], "texture": "#0"}
			}
		},
		{
			"from": [-0.5, 12, 12],
			"to": [16.5, 14, 16],
			"rotation": {"angle": 0, "axis": "y", "origin": [0, 0, 12]},
			"faces": {
				"north": {"uv": [8.125, 1.5, 10.25, 1.75], "texture": "#0"},
				"east": {"uv": [5.375, 9.625, 5.875, 9.875], "texture": "#0"},
				"south": {"uv": [8.125, 1.75, 10.25, 2], "texture": "#0"},
				"west": {"uv": [9.625, 5.375, 10.125, 5.625], "texture": "#0"},
				"up": {"uv": [8, 3.5, 5.875, 3], "texture": "#0"},
				"down": {"uv": [8.125, 3.5, 6, 4], "texture": "#0"}
			}
		},
		{
			"from": [-0.5, 13, 8],
			"to": [16.5, 15.5, 17],
			"rotation": {"angle": 0, "axis": "y", "origin": [0, 0, 12]},
			"faces": {
				"north": {"uv": [7.5, 2.625, 9.625, 3], "texture": "#0"},
				"east": {"uv": [6, 4.625, 7.125, 5], "texture": "#0"},
				"south": {"uv": [7.5, 7, 9.625, 7.375], "texture": "#0"},
				"west": {"uv": [3.75, 6.75, 4.875, 7.125], "texture": "#0"},
				"up": {"uv": [6, 5, 3.875, 3.875], "texture": "#0"},
				"down": {"uv": [2.125, 4.625, 0, 5.75], "texture": "#0"}
			}
		},
		{
			"from": [0.5, 11, 6],
			"to": [15.5, 14.5, 14],
			"rotation": {"angle": 0, "axis": "y", "origin": [0, 0, 12]},
			"faces": {
				"north": {"uv": [5.625, 7.125, 7.5, 7.625], "texture": "#0"},
				"east": {"uv": [7.625, 8.125, 8.625, 8.625], "texture": "#0"},
				"south": {"uv": [7.125, 6.5, 9, 7], "texture": "#0"},
				"west": {"uv": [0, 8.25, 1, 8.75], "texture": "#0"},
				"up": {"uv": [1.875, 4.5, 0, 3.5], "texture": "#0"},
				"down": {"uv": [7.25, 5, 5.375, 6], "texture": "#0"}
			}
		},
		{
			"from": [-0.5, 10, 13],
			"to": [16.5, 11, 16],
			"rotation": {"angle": 0, "axis": "y", "origin": [0, 0, 12]},
			"faces": {
				"north": {"uv": [6.625, 9.25, 8.75, 9.375], "texture": "#0"},
				"east": {"uv": [1.75, 5.75, 2.125, 5.875], "texture": "#0"},
				"south": {"uv": [9.25, 8.875, 11.375, 9], "texture": "#0"},
				"west": {"uv": [3.375, 6.125, 3.75, 6.25], "texture": "#0"},
				"up": {"uv": [9.625, 7.75, 7.5, 7.375], "texture": "#0"},
				"down": {"uv": [9.75, 0, 7.625, 0.375], "texture": "#0"}
			}
		},
		{
			"from": [-0.5, 9.5, 12],
			"to": [16.5, 11.5, 13],
			"rotation": {"angle": 0, "axis": "y", "origin": [0, 0, 12]},
			"faces": {
				"north": {"uv": [8.125, 2, 10.25, 2.25], "texture": "#0"},
				"east": {"uv": [6.875, 10, 7, 10.25], "texture": "#0"},
				"south": {"uv": [8.125, 3.5, 10.25, 3.75], "texture": "#0"},
				"west": {"uv": [7, 10, 7.125, 10.25], "texture": "#0"},
				"up": {"uv": [11.375, 9.125, 9.25, 9], "texture": "#0"},
				"down": {"uv": [11.375, 9.125, 9.25, 9.25], "texture": "#0"}
			}
		},
		{
			"from": [1.5, 9.5, 6],
			"to": [14.5, 13, 12],
			"rotation": {"angle": 0, "axis": "y", "origin": [0, 0, 12]},
			"faces": {
				"north": {"uv": [7.25, 4.625, 8.875, 5.125], "texture": "#0"},
				"east": {"uv": [1.625, 8.875, 2.375, 9.375], "texture": "#0"},
				"south": {"uv": [7.25, 5.125, 8.875, 5.625], "texture": "#0"},
				"west": {"uv": [8.875, 5.125, 9.625, 5.625], "texture": "#0"},
				"up": {"uv": [3.375, 6.625, 1.75, 5.875], "texture": "#0"},
				"down": {"uv": [7.5, 2.25, 5.875, 3], "texture": "#0"}
			}
		},
		{
			"from": [1.5, 9, 4],
			"to": [14.5, 13.5, 6],
			"rotation": {"angle": 0, "axis": "y", "origin": [0, 0, 12]},
			"faces": {
				"north": {"uv": [6, 4, 7.625, 4.625], "texture": "#0"},
				"east": {"uv": [1.875, 9.625, 2.125, 10.25], "texture": "#0"},
				"south": {"uv": [5.375, 6, 7, 6.625], "texture": "#0"},
				"west": {"uv": [5, 9.625, 5.25, 10.25], "texture": "#0"},
				"up": {"uv": [10.5, 4.875, 8.875, 4.625], "texture": "#0"},
				"down": {"uv": [10.5, 4.875, 8.875, 5.125], "texture": "#0"}
			}
		},
		{
			"from": [2.5, 8.5, 2],
			"to": [13.5, 12.5, 4],
			"rotation": {"angle": 0, "axis": "y", "origin": [0, 0, 12]},
			"faces": {
				"north": {"uv": [0, 7.75, 1.375, 8.25], "texture": "#0"},
				"east": {"uv": [5.875, 9.625, 6.125, 10.125], "texture": "#0"},
				"south": {"uv": [1.375, 7.75, 2.75, 8.25], "texture": "#0"},
				"west": {"uv": [6.125, 9.625, 6.375, 10.125], "texture": "#0"},
				"up": {"uv": [10.25, 6.5, 8.875, 6.25], "texture": "#0"},
				"down": {"uv": [8.875, 8.875, 7.5, 9.125], "texture": "#0"}
			}
		},
		{
			"from": [3.5, 8, 0],
			"to": [12.5, 11.5, 2],
			"rotation": {"angle": 0, "axis": "y", "origin": [0, 0, 12]},
			"faces": {
				"north": {"uv": [8, 3, 9.125, 3.5], "texture": "#0"},
				"east": {"uv": [6.375, 9.625, 6.625, 10.125], "texture": "#0"},
				"south": {"uv": [4.5, 8, 5.625, 8.5], "texture": "#0"},
				"west": {"uv": [6.625, 9.625, 6.875, 10.125], "texture": "#0"},
				"up": {"uv": [1.625, 9.375, 0.5, 9.125], "texture": "#0"},
				"down": {"uv": [10.25, 3, 9.125, 3.25], "texture": "#0"}
			}
		},
		{
			"from": [1, 3, 11],
			"to": [2, 4, 12],
			"rotation": {"angle": 0, "axis": "y", "origin": [0, 0, 12]},
			"faces": {
				"north": {"uv": [9.125, 10.125, 9.25, 10.25], "texture": "#0"},
				"east": {"uv": [10.125, 9.25, 10.25, 9.375], "texture": "#0"},
				"south": {"uv": [10.125, 9.375, 10.25, 9.5], "texture": "#0"},
				"west": {"uv": [9.5, 10.125, 9.625, 10.25], "texture": "#0"},
				"up": {"uv": [10.25, 9.625, 10.125, 9.5], "texture": "#0"},
				"down": {"uv": [9.75, 10.125, 9.625, 10.25], "texture": "#0"}
			}
		},
		{
			"from": [1, 4, 11.125],
			"to": [1.75, 5, 11.875],
			"rotation": {"angle": 0, "axis": "y", "origin": [0, 0, 12]},
			"faces": {
				"north": {"uv": [10.125, 9.625, 10.25, 9.75], "texture": "#0"},
				"east": {"uv": [9.75, 10.125, 9.875, 10.25], "texture": "#0"},
				"south": {"uv": [10.125, 9.75, 10.25, 9.875], "texture": "#0"},
				"west": {"uv": [9.875, 10.125, 10, 10.25], "texture": "#0"},
				"up": {"uv": [10.25, 10, 10.125, 9.875], "texture": "#0"},
				"down": {"uv": [10.125, 10.125, 10, 10.25], "texture": "#0"}
			}
		},
		{
			"from": [1, 5, 11.25],
			"to": [1.5, 6, 11.75],
			"rotation": {"angle": 0, "axis": "y", "origin": [0, 0, 12]},
			"faces": {
				"north": {"uv": [10.125, 10, 10.25, 10.125], "texture": "#0"},
				"east": {"uv": [10.125, 10.125, 10.25, 10.25], "texture": "#0"},
				"south": {"uv": [0, 10.25, 0.125, 10.375], "texture": "#0"},
				"west": {"uv": [10.25, 0, 10.375, 0.125], "texture": "#0"},
				"up": {"uv": [0.25, 10.375, 0.125, 10.25], "texture": "#0"},
				"down": {"uv": [10.375, 0.125, 10.25, 0.25], "texture": "#0"}
			}
		},
		{
			"from": [2.5, 3, 9],
			"to": [3.5, 4, 10],
			"rotation": {"angle": 0, "axis": "y", "origin": [0, 0, 12]},
			"faces": {
				"north": {"uv": [0.25, 10.25, 0.375, 10.375], "texture": "#0"},
				"east": {"uv": [10.25, 0.25, 10.375, 0.375], "texture": "#0"},
				"south": {"uv": [0.375, 10.25, 0.5, 10.375], "texture": "#0"},
				"west": {"uv": [10.25, 0.375, 10.375, 0.5], "texture": "#0"},
				"up": {"uv": [10.375, 0.625, 10.25, 0.5], "texture": "#0"},
				"down": {"uv": [10.375, 0.625, 10.25, 0.75], "texture": "#0"}
			}
		},
		{
			"from": [2.5, 4, 9.125],
			"to": [3.25, 5, 9.875],
			"rotation": {"angle": 0, "axis": "y", "origin": [0, 0, 12]},
			"faces": {
				"north": {"uv": [10.25, 0.75, 10.375, 0.875], "texture": "#0"},
				"east": {"uv": [10.25, 0.875, 10.375, 1], "texture": "#0"},
				"south": {"uv": [10.25, 1, 10.375, 1.125], "texture": "#0"},
				"west": {"uv": [10.25, 1.125, 10.375, 1.25], "texture": "#0"},
				"up": {"uv": [1.375, 10.375, 1.25, 10.25], "texture": "#0"},
				"down": {"uv": [10.375, 1.25, 10.25, 1.375], "texture": "#0"}
			}
		},
		{
			"from": [2.5, 5, 9.25],
			"to": [3, 6, 9.75],
			"rotation": {"angle": 0, "axis": "y", "origin": [0, 0, 12]},
			"faces": {
				"north": {"uv": [1.375, 10.25, 1.5, 10.375], "texture": "#0"},
				"east": {"uv": [10.25, 1.375, 10.375, 1.5], "texture": "#0"},
				"south": {"uv": [1.5, 10.25, 1.625, 10.375], "texture": "#0"},
				"west": {"uv": [10.25, 1.5, 10.375, 1.625], "texture": "#0"},
				"up": {"uv": [1.75, 10.375, 1.625, 10.25], "texture": "#0"},
				"down": {"uv": [10.375, 1.625, 10.25, 1.75], "texture": "#0"}
			}
		},
		{
			"from": [0.5, 3, 5],
			"to": [1.5, 4, 6],
			"rotation": {"angle": -45, "axis": "y", "origin": [0, 0, 12]},
			"faces": {
				"north": {"uv": [1.75, 10.25, 1.875, 10.375], "texture": "#0"},
				"east": {"uv": [10.25, 1.75, 10.375, 1.875], "texture": "#0"},
				"south": {"uv": [1.875, 10.25, 2, 10.375], "texture": "#0"},
				"west": {"uv": [10.25, 1.875, 10.375, 2], "texture": "#0"},
				"up": {"uv": [2.125, 10.375, 2, 10.25], "texture": "#0"},
				"down": {"uv": [10.375, 2, 10.25, 2.125], "texture": "#0"}
			}
		},
		{
			"from": [0.5, 4, 5.125],
			"to": [1.25, 5, 5.875],
			"rotation": {"angle": -45, "axis": "y", "origin": [0, 0, 12]},
			"faces": {
				"north": {"uv": [2.125, 10.25, 2.25, 10.375], "texture": "#0"},
				"east": {"uv": [10.25, 2.125, 10.375, 2.25], "texture": "#0"},
				"south": {"uv": [2.25, 10.25, 2.375, 10.375], "texture": "#0"},
				"west": {"uv": [10.25, 2.25, 10.375, 2.375], "texture": "#0"},
				"up": {"uv": [2.5, 10.375, 2.375, 10.25], "texture": "#0"},
				"down": {"uv": [10.375, 2.375, 10.25, 2.5], "texture": "#0"}
			}
		},
		{
			"from": [0.5, 5, 5.25],
			"to": [1, 6, 5.75],
			"rotation": {"angle": -45, "axis": "y", "origin": [0, 0, 12]},
			"faces": {
				"north": {"uv": [2.5, 10.25, 2.625, 10.375], "texture": "#0"},
				"east": {"uv": [2.625, 10.25, 2.75, 10.375], "texture": "#0"},
				"south": {"uv": [2.75, 10.25, 2.875, 10.375], "texture": "#0"},
				"west": {"uv": [10.25, 2.75, 10.375, 2.875], "texture": "#0"},
				"up": {"uv": [10.375, 3, 10.25, 2.875], "texture": "#0"},
				"down": {"uv": [10.375, 3, 10.25, 3.125], "texture": "#0"}
			}
		},
		{
			"from": [14, 3, 11],
			"to": [15, 4, 12],
			"rotation": {"angle": 0, "axis": "y", "origin": [0, 0, 12]},
			"faces": {
				"north": {"uv": [10.25, 3.125, 10.375, 3.25], "texture": "#0"},
				"east": {"uv": [3.25, 10.25, 3.375, 10.375], "texture": "#0"},
				"south": {"uv": [3.375, 10.25, 3.5, 10.375], "texture": "#0"},
				"west": {"uv": [3.5, 10.25, 3.625, 10.375], "texture": "#0"},
				"up": {"uv": [10.375, 3.625, 10.25, 3.5], "texture": "#0"},
				"down": {"uv": [3.75, 10.25, 3.625, 10.375], "texture": "#0"}
			}
		},
		{
			"from": [14.25, 4, 11.125],
			"to": [15, 5, 11.875],
			"rotation": {"angle": 0, "axis": "y", "origin": [0, 0, 12]},
			"faces": {
				"north": {"uv": [10.25, 3.625, 10.375, 3.75], "texture": "#0"},
				"east": {"uv": [3.75, 10.25, 3.875, 10.375], "texture": "#0"},
				"south": {"uv": [10.25, 3.75, 10.375, 3.875], "texture": "#0"},
				"west": {"uv": [3.875, 10.25, 4, 10.375], "texture": "#0"},
				"up": {"uv": [10.375, 4, 10.25, 3.875], "texture": "#0"},
				"down": {"uv": [4.125, 10.25, 4, 10.375], "texture": "#0"}
			}
		},
		{
			"from": [14.5, 5, 11.25],
			"to": [15, 6, 11.75],
			"rotation": {"angle": 0, "axis": "y", "origin": [0, 0, 12]},
			"faces": {
				"north": {"uv": [10.25, 4, 10.375, 4.125], "texture": "#0"},
				"east": {"uv": [4.125, 10.25, 4.25, 10.375], "texture": "#0"},
				"south": {"uv": [10.25, 4.125, 10.375, 4.25], "texture": "#0"},
				"west": {"uv": [4.25, 10.25, 4.375, 10.375], "texture": "#0"},
				"up": {"uv": [10.375, 4.375, 10.25, 4.25], "texture": "#0"},
				"down": {"uv": [4.5, 10.25, 4.375, 10.375], "texture": "#0"}
			}
		},
		{
			"from": [12.5, 3, 9],
			"to": [13.5, 4, 10],
			"rotation": {"angle": 0, "axis": "y", "origin": [0, 0, 12]},
			"faces": {
				"north": {"uv": [10.25, 4.375, 10.375, 4.5], "texture": "#0"},
				"east": {"uv": [4.5, 10.25, 4.625, 10.375], "texture": "#0"},
				"south": {"uv": [10.25, 4.5, 10.375, 4.625], "texture": "#0"},
				"west": {"uv": [4.625, 10.25, 4.75, 10.375], "texture": "#0"},
				"up": {"uv": [4.875, 10.375, 4.75, 10.25], "texture": "#0"},
				"down": {"uv": [5, 10.25, 4.875, 10.375], "texture": "#0"}
			}
		},
		{
			"from": [12.75, 4, 9.125],
			"to": [13.5, 5, 9.875],
			"rotation": {"angle": 0, "axis": "y", "origin": [0, 0, 12]},
			"faces": {
				"north": {"uv": [5, 10.25, 5.125, 10.375], "texture": "#0"},
				"east": {"uv": [5.125, 10.25, 5.25, 10.375], "texture": "#0"},
				"south": {"uv": [10.25, 5.125, 10.375, 5.25], "texture": "#0"},
				"west": {"uv": [10.25, 5.25, 10.375, 5.375], "texture": "#0"},
				"up": {"uv": [5.5, 10.375, 5.375, 10.25], "texture": "#0"},
				"down": {"uv": [10.375, 5.375, 10.25, 5.5], "texture": "#0"}
			}
		},
		{
			"from": [13, 5, 9.25],
			"to": [13.5, 6, 9.75],
			"rotation": {"angle": 0, "axis": "y", "origin": [0, 0, 12]},
			"faces": {
				"north": {"uv": [5.5, 10.25, 5.625, 10.375], "texture": "#0"},
				"east": {"uv": [10.25, 5.5, 10.375, 5.625], "texture": "#0"},
				"south": {"uv": [5.625, 10.25, 5.75, 10.375], "texture": "#0"},
				"west": {"uv": [5.75, 10.25, 5.875, 10.375], "texture": "#0"},
				"up": {"uv": [6, 10.375, 5.875, 10.25], "texture": "#0"},
				"down": {"uv": [6.125, 10.25, 6, 10.375], "texture": "#0"}
			}
		},
		{
			"from": [9.5, 3, 16],
			"to": [10.5, 4, 17],
			"rotation": {"angle": 45, "axis": "y", "origin": [0, 0, 12]},
			"faces": {
				"north": {"uv": [10.25, 6, 10.375, 6.125], "texture": "#0"},
				"east": {"uv": [6.125, 10.25, 6.25, 10.375], "texture": "#0"},
				"south": {"uv": [10.25, 6.125, 10.375, 6.25], "texture": "#0"},
				"west": {"uv": [6.25, 10.25, 6.375, 10.375], "texture": "#0"},
				"up": {"uv": [10.375, 6.375, 10.25, 6.25], "texture": "#0"},
				"down": {"uv": [6.5, 10.25, 6.375, 10.375], "texture": "#0"}
			}
		},
		{
			"from": [9.75, 4, 16.125],
			"to": [10.5, 5, 16.875],
			"rotation": {"angle": 45, "axis": "y", "origin": [0, 0, 12]},
			"faces": {
				"north": {"uv": [10.25, 6.375, 10.375, 6.5], "texture": "#0"},
				"east": {"uv": [6.5, 10.25, 6.625, 10.375], "texture": "#0"},
				"south": {"uv": [6.625, 10.25, 6.75, 10.375], "texture": "#0"},
				"west": {"uv": [6.75, 10.25, 6.875, 10.375], "texture": "#0"},
				"up": {"uv": [10.375, 6.875, 10.25, 6.75], "texture": "#0"},
				"down": {"uv": [7, 10.25, 6.875, 10.375], "texture": "#0"}
			}
		},
		{
			"from": [10, 5, 16.25],
			"to": [10.5, 6, 16.75],
			"rotation": {"angle": 45, "axis": "y", "origin": [0, 0, 12]},
			"faces": {
				"north": {"uv": [10.25, 6.875, 10.375, 7], "texture": "#0"},
				"east": {"uv": [7, 10.25, 7.125, 10.375], "texture": "#0"},
				"south": {"uv": [10.25, 7, 10.375, 7.125], "texture": "#0"},
				"west": {"uv": [7.125, 10.25, 7.25, 10.375], "texture": "#0"},
				"up": {"uv": [10.375, 7.25, 10.25, 7.125], "texture": "#0"},
				"down": {"uv": [10.375, 7.25, 10.25, 7.375], "texture": "#0"}
			}
		},
		{
			"from": [14, 8.5, 12],
			"to": [15, 9.5, 13],
			"rotation": {"angle": 0, "axis": "y", "origin": [0, 0, 12]},
			"faces": {
				"north": {"uv": [7.375, 10.25, 7.5, 10.375], "texture": "#0"},
				"east": {"uv": [10.25, 7.375, 10.375, 7.5], "texture": "#0"},
				"south": {"uv": [7.5, 10.25, 7.625, 10.375], "texture": "#0"},
				"west": {"uv": [10.25, 7.5, 10.375, 7.625], "texture": "#0"},
				"up": {"uv": [7.75, 10.375, 7.625, 10.25], "texture": "#0"},
				"down": {"uv": [10.375, 7.625, 10.25, 7.75], "texture": "#0"}
			}
		},
		{
			"from": [14.25, 7.5, 12.125],
			"to": [15, 8.5, 12.875],
			"rotation": {"angle": 0, "axis": "y", "origin": [0, 0, 12]},
			"faces": {
				"north": {"uv": [7.75, 10.25, 7.875, 10.375], "texture": "#0"},
				"east": {"uv": [10.25, 7.75, 10.375, 7.875], "texture": "#0"},
				"south": {"uv": [7.875, 10.25, 8, 10.375], "texture": "#0"},
				"west": {"uv": [10.25, 7.875, 10.375, 8], "texture": "#0"},
				"up": {"uv": [8.125, 10.375, 8, 10.25], "texture": "#0"},
				"down": {"uv": [8.25, 10.25, 8.125, 10.375], "texture": "#0"}
			}
		},
		{
			"from": [14.5, 6.5, 12.25],
			"to": [15, 7.5, 12.75],
			"rotation": {"angle": 0, "axis": "y", "origin": [0, 0, 12]},
			"faces": {
				"north": {"uv": [10.25, 8.125, 10.375, 8.25], "texture": "#0"},
				"east": {"uv": [8.25, 10.25, 8.375, 10.375], "texture": "#0"},
				"south": {"uv": [10.25, 8.25, 10.375, 8.375], "texture": "#0"},
				"west": {"uv": [8.375, 10.25, 8.5, 10.375], "texture": "#0"},
				"up": {"uv": [10.375, 8.5, 10.25, 8.375], "texture": "#0"},
				"down": {"uv": [8.625, 10.25, 8.5, 10.375], "texture": "#0"}
			}
		},
		{
			"from": [13.5, 8.5, 10],
			"to": [14.5, 9.5, 11],
			"rotation": {"angle": 0, "axis": "y", "origin": [0, 0, 12]},
			"faces": {
				"north": {"uv": [10.25, 8.5, 10.375, 8.625], "texture": "#0"},
				"east": {"uv": [8.625, 10.25, 8.75, 10.375], "texture": "#0"},
				"south": {"uv": [10.25, 8.625, 10.375, 8.75], "texture": "#0"},
				"west": {"uv": [8.75, 10.25, 8.875, 10.375], "texture": "#0"},
				"up": {"uv": [10.375, 8.875, 10.25, 8.75], "texture": "#0"},
				"down": {"uv": [9.125, 10.25, 9, 10.375], "texture": "#0"}
			}
		},
		{
			"from": [13.75, 7.5, 10.125],
			"to": [14.5, 8.5, 10.875],
			"rotation": {"angle": 0, "axis": "y", "origin": [0, 0, 12]},
			"faces": {
				"north": {"uv": [9.125, 10.25, 9.25, 10.375], "texture": "#0"},
				"east": {"uv": [9.25, 10.25, 9.375, 10.375], "texture": "#0"},
				"south": {"uv": [10.25, 9.25, 10.375, 9.375], "texture": "#0"},
				"west": {"uv": [9.375, 10.25, 9.5, 10.375], "texture": "#0"},
				"up": {"uv": [10.375, 9.5, 10.25, 9.375], "texture": "#0"},
				"down": {"uv": [9.625, 10.25, 9.5, 10.375], "texture": "#0"}
			}
		},
		{
			"from": [14, 6.5, 10.25],
			"to": [14.5, 7.5, 10.75],
			"rotation": {"angle": 0, "axis": "y", "origin": [0, 0, 12]},
			"faces": {
				"north": {"uv": [10.25, 9.5, 10.375, 9.625], "texture": "#0"},
				"east": {"uv": [9.625, 10.25, 9.75, 10.375], "texture": "#0"},
				"south": {"uv": [10.25, 9.625, 10.375, 9.75], "texture": "#0"},
				"west": {"uv": [9.75, 10.25, 9.875, 10.375], "texture": "#0"},
				"up": {"uv": [10.375, 9.875, 10.25, 9.75], "texture": "#0"},
				"down": {"uv": [10, 10.25, 9.875, 10.375], "texture": "#0"}
			}
		},
		{
			"from": [13.5, 8.5, 8],
			"to": [14.5, 9.5, 9],
			"rotation": {"angle": 0, "axis": "y", "origin": [0, 0, 12]},
			"faces": {
				"north": {"uv": [10.25, 9.875, 10.375, 10], "texture": "#0"},
				"east": {"uv": [10, 10.25, 10.125, 10.375], "texture": "#0"},
				"south": {"uv": [10.25, 10, 10.375, 10.125], "texture": "#0"},
				"west": {"uv": [10.125, 10.25, 10.25, 10.375], "texture": "#0"},
				"up": {"uv": [10.375, 10.25, 10.25, 10.125], "texture": "#0"},
				"down": {"uv": [10.375, 10.25, 10.25, 10.375], "texture": "#0"}
			}
		},
		{
			"from": [13.75, 7.5, 8.125],
			"to": [14.5, 8.5, 8.875],
			"rotation": {"angle": 0, "axis": "y", "origin": [0, 0, 12]},
			"faces": {
				"north": {"uv": [0, 10.375, 0.125, 10.5], "texture": "#0"},
				"east": {"uv": [10.375, 0, 10.5, 0.125], "texture": "#0"},
				"south": {"uv": [0.125, 10.375, 0.25, 10.5], "texture": "#0"},
				"west": {"uv": [10.375, 0.125, 10.5, 0.25], "texture": "#0"},
				"up": {"uv": [0.375, 10.5, 0.25, 10.375], "texture": "#0"},
				"down": {"uv": [10.5, 0.25, 10.375, 0.375], "texture": "#0"}
			}
		},
		{
			"from": [14, 6.5, 8.25],
			"to": [14.5, 7.5, 8.75],
			"rotation": {"angle": 0, "axis": "y", "origin": [0, 0, 12]},
			"faces": {
				"north": {"uv": [0.375, 10.375, 0.5, 10.5], "texture": "#0"},
				"east": {"uv": [10.375, 0.375, 10.5, 0.5], "texture": "#0"},
				"south": {"uv": [0.5, 10.375, 0.625, 10.5], "texture": "#0"},
				"west": {"uv": [10.375, 0.5, 10.5, 0.625], "texture": "#0"},
				"up": {"uv": [0.75, 10.5, 0.625, 10.375], "texture": "#0"},
				"down": {"uv": [10.5, 0.625, 10.375, 0.75], "texture": "#0"}
			}
		},
		{
			"from": [14.5, 8.5, 11],
			"to": [15.5, 9.5, 12],
			"rotation": {"angle": 22.5, "axis": "y", "origin": [0, 0, 12]},
			"faces": {
				"north": {"uv": [0.75, 10.375, 0.875, 10.5], "texture": "#0"},
				"east": {"uv": [10.375, 0.75, 10.5, 0.875], "texture": "#0"},
				"south": {"uv": [0.875, 10.375, 1, 10.5], "texture": "#0"},
				"west": {"uv": [10.375, 0.875, 10.5, 1], "texture": "#0"},
				"up": {"uv": [1.125, 10.5, 1, 10.375], "texture": "#0"},
				"down": {"uv": [10.5, 1, 10.375, 1.125], "texture": "#0"}
			}
		},
		{
			"from": [14.75, 7.5, 11.125],
			"to": [15.5, 8.5, 11.875],
			"rotation": {"angle": 22.5, "axis": "y", "origin": [0, 0, 12]},
			"faces": {
				"north": {"uv": [1.125, 10.375, 1.25, 10.5], "texture": "#0"},
				"east": {"uv": [10.375, 1.125, 10.5, 1.25], "texture": "#0"},
				"south": {"uv": [1.25, 10.375, 1.375, 10.5], "texture": "#0"},
				"west": {"uv": [10.375, 1.25, 10.5, 1.375], "texture": "#0"},
				"up": {"uv": [1.5, 10.5, 1.375, 10.375], "texture": "#0"},
				"down": {"uv": [10.5, 1.375, 10.375, 1.5], "texture": "#0"}
			}
		},
		{
			"from": [15, 6.5, 11.25],
			"to": [15.5, 7.5, 11.75],
			"rotation": {"angle": 22.5, "axis": "y", "origin": [0, 0, 12]},
			"faces": {
				"north": {"uv": [1.5, 10.375, 1.625, 10.5], "texture": "#0"},
				"east": {"uv": [10.375, 1.5, 10.5, 1.625], "texture": "#0"},
				"south": {"uv": [1.625, 10.375, 1.75, 10.5], "texture": "#0"},
				"west": {"uv": [10.375, 1.625, 10.5, 1.75], "texture": "#0"},
				"up": {"uv": [1.875, 10.5, 1.75, 10.375], "texture": "#0"},
				"down": {"uv": [10.5, 1.75, 10.375, 1.875], "texture": "#0"}
			}
		},
		{
			"from": [8, 8.5, -0.5],
			"to": [9, 9.5, 0.5],
			"rotation": {"angle": -22.5, "axis": "y", "origin": [0, 0, 12]},
			"faces": {
				"north": {"uv": [1.875, 10.375, 2, 10.5], "texture": "#0"},
				"east": {"uv": [10.375, 1.875, 10.5, 2], "texture": "#0"},
				"south": {"uv": [2, 10.375, 2.125, 10.5], "texture": "#0"},
				"west": {"uv": [10.375, 2, 10.5, 2.125], "texture": "#0"},
				"up": {"uv": [2.25, 10.5, 2.125, 10.375], "texture": "#0"},
				"down": {"uv": [10.5, 2.125, 10.375, 2.25], "texture": "#0"}
			}
		},
		{
			"from": [8.125, 7.5, -0.5],
			"to": [8.875, 8.5, 0.25],
			"rotation": {"angle": -22.5, "axis": "y", "origin": [0, 0, 12]},
			"faces": {
				"north": {"uv": [2.25, 10.375, 2.375, 10.5], "texture": "#0"},
				"east": {"uv": [10.375, 2.25, 10.5, 2.375], "texture": "#0"},
				"south": {"uv": [2.375, 10.375, 2.5, 10.5], "texture": "#0"},
				"west": {"uv": [10.375, 2.375, 10.5, 2.5], "texture": "#0"},
				"up": {"uv": [2.625, 10.5, 2.5, 10.375], "texture": "#0"},
				"down": {"uv": [2.75, 10.375, 2.625, 10.5], "texture": "#0"}
			}
		},
		{
			"from": [8.25, 6.5, -0.5],
			"to": [8.75, 7.5, 0],
			"rotation": {"angle": -22.5, "axis": "y", "origin": [0, 0, 12]},
			"faces": {
				"north": {"uv": [2.75, 10.375, 2.875, 10.5], "texture": "#0"},
				"east": {"uv": [10.375, 2.75, 10.5, 2.875], "texture": "#0"},
				"south": {"uv": [10.375, 2.875, 10.5, 3], "texture": "#0"},
				"west": {"uv": [10.375, 3, 10.5, 3.125], "texture": "#0"},
				"up": {"uv": [10.5, 3.25, 10.375, 3.125], "texture": "#0"},
				"down": {"uv": [3.375, 10.375, 3.25, 10.5], "texture": "#0"}
			}
		},
		{
			"from": [0, 8.5, 12],
			"to": [1, 9.5, 13],
			"rotation": {"angle": 0, "axis": "y", "origin": [0, 0, 12]},
			"faces": {
				"north": {"uv": [3.375, 10.375, 3.5, 10.5], "texture": "#0"},
				"east": {"uv": [3.5, 10.375, 3.625, 10.5], "texture": "#0"},
				"south": {"uv": [10.375, 3.5, 10.5, 3.625], "texture": "#0"},
				"west": {"uv": [3.625, 10.375, 3.75, 10.5], "texture": "#0"},
				"up": {"uv": [10.5, 3.75, 10.375, 3.625], "texture": "#0"},
				"down": {"uv": [3.875, 10.375, 3.75, 10.5], "texture": "#0"}
			}
		},
		{
			"from": [0, 7.5, 12.125],
			"to": [0.75, 8.5, 12.875],
			"rotation": {"angle": 0, "axis": "y", "origin": [0, 0, 12]},
			"faces": {
				"north": {"uv": [10.375, 3.75, 10.5, 3.875], "texture": "#0"},
				"east": {"uv": [3.875, 10.375, 4, 10.5], "texture": "#0"},
				"south": {"uv": [10.375, 3.875, 10.5, 4], "texture": "#0"},
				"west": {"uv": [4, 10.375, 4.125, 10.5], "texture": "#0"},
				"up": {"uv": [10.5, 4.125, 10.375, 4], "texture": "#0"},
				"down": {"uv": [4.25, 10.375, 4.125, 10.5], "texture": "#0"}
			}
		},
		{
			"from": [0, 6.5, 12.25],
			"to": [0.5, 7.5, 12.75],
			"rotation": {"angle": 0, "axis": "y", "origin": [0, 0, 12]},
			"faces": {
				"north": {"uv": [10.375, 4.125, 10.5, 4.25], "texture": "#0"},
				"east": {"uv": [4.25, 10.375, 4.375, 10.5], "texture": "#0"},
				"south": {"uv": [10.375, 4.25, 10.5, 4.375], "texture": "#0"},
				"west": {"uv": [4.375, 10.375, 4.5, 10.5], "texture": "#0"},
				"up": {"uv": [10.5, 4.5, 10.375, 4.375], "texture": "#0"},
				"down": {"uv": [4.625, 10.375, 4.5, 10.5], "texture": "#0"}
			}
		},
		{
			"from": [1.5, 8.5, 10],
			"to": [2.5, 9.5, 11],
			"rotation": {"angle": 0, "axis": "y", "origin": [0, 0, 12]},
			"faces": {
				"north": {"uv": [10.375, 4.5, 10.5, 4.625], "texture": "#0"},
				"east": {"uv": [4.625, 10.375, 4.75, 10.5], "texture": "#0"},
				"south": {"uv": [4.75, 10.375, 4.875, 10.5], "texture": "#0"},
				"west": {"uv": [4.875, 10.375, 5, 10.5], "texture": "#0"},
				"up": {"uv": [5.125, 10.5, 5, 10.375], "texture": "#0"},
				"down": {"uv": [5.25, 10.375, 5.125, 10.5], "texture": "#0"}
			}
		},
		{
			"from": [1.5, 7.5, 10.125],
			"to": [2.25, 8.5, 10.875],
			"rotation": {"angle": 0, "axis": "y", "origin": [0, 0, 12]},
			"faces": {
				"north": {"uv": [10.375, 5.125, 10.5, 5.25], "texture": "#0"},
				"east": {"uv": [10.375, 5.25, 10.5, 5.375], "texture": "#0"},
				"south": {"uv": [5.375, 10.375, 5.5, 10.5], "texture": "#0"},
				"west": {"uv": [10.375, 5.375, 10.5, 5.5], "texture": "#0"},
				"up": {"uv": [5.625, 10.5, 5.5, 10.375], "texture": "#0"},
				"down": {"uv": [10.5, 5.5, 10.375, 5.625], "texture": "#0"}
			}
		},
		{
			"from": [1.5, 6.5, 10.25],
			"to": [2, 7.5, 10.75],
			"rotation": {"angle": 0, "axis": "y", "origin": [0, 0, 12]},
			"faces": {
				"north": {"uv": [5.625, 10.375, 5.75, 10.5], "texture": "#0"},
				"east": {"uv": [5.75, 10.375, 5.875, 10.5], "texture": "#0"},
				"south": {"uv": [5.875, 10.375, 6, 10.5], "texture": "#0"},
				"west": {"uv": [6, 10.375, 6.125, 10.5], "texture": "#0"},
				"up": {"uv": [10.5, 6.125, 10.375, 6], "texture": "#0"},
				"down": {"uv": [6.25, 10.375, 6.125, 10.5], "texture": "#0"}
			}
		},
		{
			"from": [1.5, 8.5, 8],
			"to": [2.5, 9.5, 9],
			"rotation": {"angle": 0, "axis": "y", "origin": [0, 0, 12]},
			"faces": {
				"north": {"uv": [10.375, 6.125, 10.5, 6.25], "texture": "#0"},
				"east": {"uv": [6.25, 10.375, 6.375, 10.5], "texture": "#0"},
				"south": {"uv": [10.375, 6.25, 10.5, 6.375], "texture": "#0"},
				"west": {"uv": [6.375, 10.375, 6.5, 10.5], "texture": "#0"},
				"up": {"uv": [10.5, 6.5, 10.375, 6.375], "texture": "#0"},
				"down": {"uv": [6.625, 10.375, 6.5, 10.5], "texture": "#0"}
			}
		},
		{
			"from": [1.5, 7.5, 8.125],
			"to": [2.25, 8.5, 8.875],
			"rotation": {"angle": 0, "axis": "y", "origin": [0, 0, 12]},
			"faces": {
				"north": {"uv": [6.625, 10.375, 6.75, 10.5], "texture": "#0"},
				"east": {"uv": [6.75, 10.375, 6.875, 10.5], "texture": "#0"},
				"south": {"uv": [10.375, 6.75, 10.5, 6.875], "texture": "#0"},
				"west": {"uv": [6.875, 10.375, 7, 10.5], "texture": "#0"},
				"up": {"uv": [10.5, 7, 10.375, 6.875], "texture": "#0"},
				"down": {"uv": [7.125, 10.375, 7, 10.5], "texture": "#0"}
			}
		},
		{
			"from": [1.5, 6.5, 8.25],
			"to": [2, 7.5, 8.75],
			"rotation": {"angle": 0, "axis": "y", "origin": [0, 0, 12]},
			"faces": {
				"north": {"uv": [10.375, 7, 10.5, 7.125], "texture": "#0"},
				"east": {"uv": [7.125, 10.375, 7.25, 10.5], "texture": "#0"},
				"south": {"uv": [10.375, 7.125, 10.5, 7.25], "texture": "#0"},
				"west": {"uv": [7.25, 10.375, 7.375, 10.5], "texture": "#0"},
				"up": {"uv": [10.5, 7.375, 10.375, 7.25], "texture": "#0"},
				"down": {"uv": [7.5, 10.375, 7.375, 10.5], "texture": "#0"}
			}
		},
		{
			"from": [10, 8.5, 2.5],
			"to": [11, 9.5, 3.5],
			"rotation": {"angle": 0, "axis": "y", "origin": [0, 0, 12]},
			"faces": {
				"north": {"uv": [10.375, 7.375, 10.5, 7.5], "texture": "#0"},
				"east": {"uv": [7.5, 10.375, 7.625, 10.5], "texture": "#0"},
				"south": {"uv": [10.375, 7.5, 10.5, 7.625], "texture": "#0"},
				"west": {"uv": [7.625, 10.375, 7.75, 10.5], "texture": "#0"},
				"up": {"uv": [10.5, 7.75, 10.375, 7.625], "texture": "#0"},
				"down": {"uv": [7.875, 10.375, 7.75, 10.5], "texture": "#0"}
			}
		},
		{
			"from": [10.125, 7.5, 2.5],
			"to": [10.875, 8.5, 3.25],
			"rotation": {"angle": 0, "axis": "y", "origin": [0, 0, 12]},
			"faces": {
				"north": {"uv": [10.375, 7.75, 10.5, 7.875], "texture": "#0"},
				"east": {"uv": [7.875, 10.375, 8, 10.5], "texture": "#0"},
				"south": {"uv": [10.375, 7.875, 10.5, 8], "texture": "#0"},
				"west": {"uv": [8, 10.375, 8.125, 10.5], "texture": "#0"},
				"up": {"uv": [8.25, 10.5, 8.125, 10.375], "texture": "#0"},
				"down": {"uv": [10.5, 8.125, 10.375, 8.25], "texture": "#0"}
			}
		},
		{
			"from": [10.25, 6.5, 2.5],
			"to": [10.75, 7.5, 3],
			"rotation": {"angle": 0, "axis": "y", "origin": [0, 0, 12]},
			"faces": {
				"north": {"uv": [8.25, 10.375, 8.375, 10.5], "texture": "#0"},
				"east": {"uv": [10.375, 8.25, 10.5, 8.375], "texture": "#0"},
				"south": {"uv": [8.375, 10.375, 8.5, 10.5], "texture": "#0"},
				"west": {"uv": [10.375, 8.375, 10.5, 8.5], "texture": "#0"},
				"up": {"uv": [8.625, 10.5, 8.5, 10.375], "texture": "#0"},
				"down": {"uv": [10.5, 8.5, 10.375, 8.625], "texture": "#0"}
			}
		},
		{
			"from": [8.5, 8.5, 2],
			"to": [9.5, 9.5, 3],
			"rotation": {"angle": 0, "axis": "y", "origin": [0, 0, 12]},
			"faces": {
				"north": {"uv": [8.625, 10.375, 8.75, 10.5], "texture": "#0"},
				"east": {"uv": [10.375, 8.625, 10.5, 8.75], "texture": "#0"},
				"south": {"uv": [8.75, 10.375, 8.875, 10.5], "texture": "#0"},
				"west": {"uv": [10.375, 8.75, 10.5, 8.875], "texture": "#0"},
				"up": {"uv": [9.125, 10.5, 9, 10.375], "texture": "#0"},
				"down": {"uv": [9.25, 10.375, 9.125, 10.5], "texture": "#0"}
			}
		},
		{
			"from": [8.625, 7.5, 2],
			"to": [9.375, 8.5, 2.75],
			"rotation": {"angle": 0, "axis": "y", "origin": [0, 0, 12]},
			"faces": {
				"north": {"uv": [9.25, 10.375, 9.375, 10.5], "texture": "#0"},
				"east": {"uv": [10.375, 9.25, 10.5, 9.375], "texture": "#0"},
				"south": {"uv": [9.375, 10.375, 9.5, 10.5], "texture": "#0"},
				"west": {"uv": [10.375, 9.375, 10.5, 9.5], "texture": "#0"},
				"up": {"uv": [9.625, 10.5, 9.5, 10.375], "texture": "#0"},
				"down": {"uv": [10.5, 9.5, 10.375, 9.625], "texture": "#0"}
			}
		},
		{
			"from": [8.75, 6.5, 2],
			"to": [9.25, 7.5, 2.5],
			"rotation": {"angle": 0, "axis": "y", "origin": [0, 0, 12]},
			"faces": {
				"north": {"uv": [9.625, 10.375, 9.75, 10.5], "texture": "#0"},
				"east": {"uv": [10.375, 9.625, 10.5, 9.75], "texture": "#0"},
				"south": {"uv": [9.75, 10.375, 9.875, 10.5], "texture": "#0"},
				"west": {"uv": [10.375, 9.75, 10.5, 9.875], "texture": "#0"},
				"up": {"uv": [10, 10.5, 9.875, 10.375], "texture": "#0"},
				"down": {"uv": [10.5, 9.875, 10.375, 10], "texture": "#0"}
			}
		},
		{
			"from": [6.5, 8.5, 2],
			"to": [7.5, 9.5, 3],
			"rotation": {"angle": 0, "axis": "y", "origin": [0, 0, 12]},
			"faces": {
				"north": {"uv": [10, 10.375, 10.125, 10.5], "texture": "#0"},
				"east": {"uv": [10.375, 10, 10.5, 10.125], "texture": "#0"},
				"south": {"uv": [10.125, 10.375, 10.25, 10.5], "texture": "#0"},
				"west": {"uv": [10.375, 10.125, 10.5, 10.25], "texture": "#0"},
				"up": {"uv": [10.375, 10.5, 10.25, 10.375], "texture": "#0"},
				"down": {"uv": [10.5, 10.25, 10.375, 10.375], "texture": "#0"}
			}
		},
		{
			"from": [6.625, 7.5, 2],
			"to": [7.375, 8.5, 2.75],
			"rotation": {"angle": 0, "axis": "y", "origin": [0, 0, 12]},
			"faces": {
				"north": {"uv": [10.375, 10.375, 10.5, 10.5], "texture": "#0"},
				"east": {"uv": [0, 10.5, 0.125, 10.625], "texture": "#0"},
				"south": {"uv": [10.5, 0, 10.625, 0.125], "texture": "#0"},
				"west": {"uv": [0.125, 10.5, 0.25, 10.625], "texture": "#0"},
				"up": {"uv": [10.625, 0.25, 10.5, 0.125], "texture": "#0"},
				"down": {"uv": [0.375, 10.5, 0.25, 10.625], "texture": "#0"}
			}
		},
		{
			"from": [6.75, 6.5, 2],
			"to": [7.25, 7.5, 2.5],
			"rotation": {"angle": 0, "axis": "y", "origin": [0, 0, 12]},
			"faces": {
				"north": {"uv": [10.5, 0.25, 10.625, 0.375], "texture": "#0"},
				"east": {"uv": [0.375, 10.5, 0.5, 10.625], "texture": "#0"},
				"south": {"uv": [10.5, 0.375, 10.625, 0.5], "texture": "#0"},
				"west": {"uv": [0.5, 10.5, 0.625, 10.625], "texture": "#0"},
				"up": {"uv": [10.625, 0.625, 10.5, 0.5], "texture": "#0"},
				"down": {"uv": [0.75, 10.5, 0.625, 10.625], "texture": "#0"}
			}
		},
		{
			"from": [5, 8.5, 2.5],
			"to": [6, 9.5, 3.5],
			"rotation": {"angle": 0, "axis": "y", "origin": [0, 0, 12]},
			"faces": {
				"north": {"uv": [10.5, 0.625, 10.625, 0.75], "texture": "#0"},
				"east": {"uv": [0.75, 10.5, 0.875, 10.625], "texture": "#0"},
				"south": {"uv": [10.5, 0.75, 10.625, 0.875], "texture": "#0"},
				"west": {"uv": [0.875, 10.5, 1, 10.625], "texture": "#0"},
				"up": {"uv": [10.625, 1, 10.5, 0.875], "texture": "#0"},
				"down": {"uv": [1.125, 10.5, 1, 10.625], "texture": "#0"}
			}
		},
		{
			"from": [5.125, 7.5, 2.5],
			"to": [5.875, 8.5, 3.25],
			"rotation": {"angle": 0, "axis": "y", "origin": [0, 0, 12]},
			"faces": {
				"north": {"uv": [10.5, 1, 10.625, 1.125], "texture": "#0"},
				"east": {"uv": [1.125, 10.5, 1.25, 10.625], "texture": "#0"},
				"south": {"uv": [10.5, 1.125, 10.625, 1.25], "texture": "#0"},
				"west": {"uv": [1.25, 10.5, 1.375, 10.625], "texture": "#0"},
				"up": {"uv": [10.625, 1.375, 10.5, 1.25], "texture": "#0"},
				"down": {"uv": [1.5, 10.5, 1.375, 10.625], "texture": "#0"}
			}
		},
		{
			"from": [5.25, 6.5, 2.5],
			"to": [5.75, 7.5, 3],
			"rotation": {"angle": 0, "axis": "y", "origin": [0, 0, 12]},
			"faces": {
				"north": {"uv": [10.5, 1.375, 10.625, 1.5], "texture": "#0"},
				"east": {"uv": [1.5, 10.5, 1.625, 10.625], "texture": "#0"},
				"south": {"uv": [10.5, 1.5, 10.625, 1.625], "texture": "#0"},
				"west": {"uv": [1.625, 10.5, 1.75, 10.625], "texture": "#0"},
				"up": {"uv": [10.625, 1.75, 10.5, 1.625], "texture": "#0"},
				"down": {"uv": [1.875, 10.5, 1.75, 10.625], "texture": "#0"}
			}
		},
		{
			"from": [6, 8.5, 5.5],
			"to": [7, 9.5, 6.5],
			"rotation": {"angle": 22.5, "axis": "y", "origin": [0, 0, 12]},
			"faces": {
				"north": {"uv": [10.5, 1.75, 10.625, 1.875], "texture": "#0"},
				"east": {"uv": [1.875, 10.5, 2, 10.625], "texture": "#0"},
				"south": {"uv": [10.5, 1.875, 10.625, 2], "texture": "#0"},
				"west": {"uv": [2, 10.5, 2.125, 10.625], "texture": "#0"},
				"up": {"uv": [10.625, 2.125, 10.5, 2], "texture": "#0"},
				"down": {"uv": [2.25, 10.5, 2.125, 10.625], "texture": "#0"}
			}
		},
		{
			"from": [6.125, 7.5, 5.5],
			"to": [6.875, 8.5, 6.25],
			"rotation": {"angle": 22.5, "axis": "y", "origin": [0, 0, 12]},
			"faces": {
				"north": {"uv": [10.5, 2.125, 10.625, 2.25], "texture": "#0"},
				"east": {"uv": [2.25, 10.5, 2.375, 10.625], "texture": "#0"},
				"south": {"uv": [10.5, 2.25, 10.625, 2.375], "texture": "#0"},
				"west": {"uv": [2.375, 10.5, 2.5, 10.625], "texture": "#0"},
				"up": {"uv": [10.625, 2.5, 10.5, 2.375], "texture": "#0"},
				"down": {"uv": [2.625, 10.5, 2.5, 10.625], "texture": "#0"}
			}
		},
		{
			"from": [6.25, 6.5, 5.5],
			"to": [6.75, 7.5, 6],
			"rotation": {"angle": 22.5, "axis": "y", "origin": [0, 0, 12]},
			"faces": {
				"north": {"uv": [2.625, 10.5, 2.75, 10.625], "texture": "#0"},
				"east": {"uv": [2.75, 10.5, 2.875, 10.625], "texture": "#0"},
				"south": {"uv": [10.5, 2.75, 10.625, 2.875], "texture": "#0"},
				"west": {"uv": [10.5, 2.875, 10.625, 3], "texture": "#0"},
				"up": {"uv": [10.625, 3.125, 10.5, 3], "texture": "#0"},
				"down": {"uv": [10.625, 3.125, 10.5, 3.25], "texture": "#0"}
			}
		},
		{
			"from": [-0.5, 8.5, 5],
			"to": [0.5, 9.5, 6],
			"rotation": {"angle": -22.5, "axis": "y", "origin": [0, 0, 12]},
			"faces": {
				"north": {"uv": [3.25, 10.5, 3.375, 10.625], "texture": "#0"},
				"east": {"uv": [3.375, 10.5, 3.5, 10.625], "texture": "#0"},
				"south": {"uv": [3.5, 10.5, 3.625, 10.625], "texture": "#0"},
				"west": {"uv": [10.5, 3.5, 10.625, 3.625], "texture": "#0"},
				"up": {"uv": [3.75, 10.625, 3.625, 10.5], "texture": "#0"},
				"down": {"uv": [10.625, 3.625, 10.5, 3.75], "texture": "#0"}
			}
		},
		{
			"from": [-0.5, 7.5, 5.125],
			"to": [0.25, 8.5, 5.875],
			"rotation": {"angle": -22.5, "axis": "y", "origin": [0, 0, 12]},
			"faces": {
				"north": {"uv": [3.75, 10.5, 3.875, 10.625], "texture": "#0"},
				"east": {"uv": [10.5, 3.75, 10.625, 3.875], "texture": "#0"},
				"south": {"uv": [3.875, 10.5, 4, 10.625], "texture": "#0"},
				"west": {"uv": [10.5, 3.875, 10.625, 4], "texture": "#0"},
				"up": {"uv": [4.125, 10.625, 4, 10.5], "texture": "#0"},
				"down": {"uv": [10.625, 4, 10.5, 4.125], "texture": "#0"}
			}
		},
		{
			"from": [-0.5, 6.5, 5.25],
			"to": [0, 7.5, 5.75],
			"rotation": {"angle": -22.5, "axis": "y", "origin": [0, 0, 12]},
			"faces": {
				"north": {"uv": [4.125, 10.5, 4.25, 10.625], "texture": "#0"},
				"east": {"uv": [10.5, 4.125, 10.625, 4.25], "texture": "#0"},
				"south": {"uv": [4.25, 10.5, 4.375, 10.625], "texture": "#0"},
				"west": {"uv": [10.5, 4.25, 10.625, 4.375], "texture": "#0"},
				"up": {"uv": [4.5, 10.625, 4.375, 10.5], "texture": "#0"},
				"down": {"uv": [10.625, 4.375, 10.5, 4.5], "texture": "#0"}
			}
		}
	],
	"display": {
		"thirdperson_righthand": {
			"translation": [0, -2.25, 0.75],
			"scale": [0.5, 0.5, 0.5]
		},
		"thirdperson_lefthand": {
			"translation": [0, -2.25, 0.75],
			"scale": [0.5, 0.5, 0.5]
		},
		"firstperson_righthand": {
			"translation": [11, 0, -16],
			"scale": [0.5, 1, 1]
		},
		"firstperson_lefthand": {
			"translation": [4.5, 0, -16],
			"scale": [0.5, 1, 1]
		},
		"gui": {
			"rotation": [136.86, -72.73, 135.53],
			"translation": [0.25, 0, 0],
			"scale": [0.5, 0.5, 0.5]
		},
		"head": {
			"translation": [0, 0.75, -11.5]
		},
		"fixed": {
			"translation": [0, 0, -11.25]
		}
	},
	"groups": [
		{
			"name": "ChainsawMan",
			"origin": [8, 8, 8],
			"color": 0,
			"children": [
				{
					"name": "Chainsaw",
					"origin": [8, 8, 8],
					"color": 0,
					"children": [0, 1, 2, 3, 4, 5, 6, 7, 8, 9, 10, 11, 12, 13, 14, 15, 16, 17, 18, 19, 20]
				},
				21,
				22,
				23,
				24,
				25,
				26,
				27,
				28,
				29,
				30,
				{
					"name": "handle",
					"origin": [1, 13, 6],
					"color": 0,
					"children": [31, 32, 33]
				},
				34,
				35,
				36,
				37,
				38,
				39,
				40,
				41,
				42,
				43,
				44,
				45,
				46,
				47,
				48,
				49,
				50,
				51,
				52,
				{
					"name": "Teeth",
					"origin": [8, 8, 8],
					"color": 0,
					"children": [53, 54, 55]
				},
				{
					"name": "Teeth",
					"origin": [8, 8, 8],
					"color": 0,
					"children": [56, 57, 58]
				},
				{
					"name": "Teeth",
					"origin": [8, 8, 8],
					"color": 0,
					"children": [59, 60, 61]
				},
				{
					"name": "Teeth",
					"origin": [8, 8, 8],
					"color": 0,
					"children": [62, 63, 64]
				},
				{
					"name": "Teeth",
					"origin": [8, 8, 8],
					"color": 0,
					"children": [65, 66, 67]
				},
				{
					"name": "Teeth",
					"origin": [8, 8, 8],
					"color": 0,
					"children": [68, 69, 70]
				},
				{
					"name": "Teeth",
					"origin": [8, 8, 8],
					"color": 0,
					"children": [71, 72, 73]
				},
				{
					"name": "Teeth",
					"origin": [8, 8, 8],
					"color": 0,
					"children": [74, 75, 76]
				},
				{
					"name": "Teeth",
					"origin": [8, 8, 8],
					"color": 0,
					"children": [77, 78, 79]
				},
				{
					"name": "Teeth",
					"origin": [8, 8, 8],
					"color": 0,
					"children": [80, 81, 82]
				},
				{
					"name": "Teeth",
					"origin": [8, 8, 8],
					"color": 0,
					"children": [83, 84, 85]
				},
				{
					"name": "Teeth",
					"origin": [8, 8, 8],
					"color": 0,
					"children": [86, 87, 88]
				},
				{
					"name": "Teeth",
					"origin": [8, 8, 8],
					"color": 0,
					"children": [89, 90, 91]
				},
				{
					"name": "Teeth",
					"origin": [8, 8, 8],
					"color": 0,
					"children": [92, 93, 94]
				},
				{
					"name": "Teeth",
					"origin": [8, 8, 8],
					"color": 0,
					"children": [95, 96, 97]
				},
				{
					"name": "Teeth",
					"origin": [8, 8, 8],
					"color": 0,
					"children": [98, 99, 100]
				},
				{
					"name": "Teeth",
					"origin": [8, 8, 8],
					"color": 0,
					"children": [101, 102, 103]
				},
				{
					"name": "Teeth",
					"origin": [8, 8, 8],
					"color": 0,
					"children": [104, 105, 106]
				},
				{
					"name": "Teeth",
					"origin": [8, 8, 8],
					"color": 0,
					"children": [107, 108, 109]
				},
				{
					"name": "Teeth",
					"origin": [8, 8, 8],
					"color": 0,
					"children": [110, 111, 112]
				}
			]
		}
	]
}