{
	"credit": "Made with Blockbench",
	"texture_size": [64, 64],
	"textures": {
		"0": "item/ChosenDo",
		"particle": "item/ChosenDo"
	},
	"elements": [
		{
			"from": [7.57403, -16, 5.61418],
			"to": [8.42597, -5.75, 7.09776],
			"rotation": {"angle": 0, "axis": "y", "origin": [0, -16, 0]},
			"faces": {
				"north": {"uv": [0.5, 5.5, 0.75, 8.125], "texture": "#0"},
				"east": {"uv": [4.5, 3, 4.875, 5.625], "texture": "#0"},
				"south": {"uv": [3.25, 5.5, 3.5, 8.125], "texture": "#0"},
				"west": {"uv": [0.75, 4.75, 1.125, 7.375], "texture": "#0"},
				"up": {"uv": [9.25, 10.375, 9, 10], "texture": "#0"},
				"down": {"uv": [10.25, 9, 10, 9.375], "texture": "#0"}
			}
		},
		{
			"from": [7.57403, -16, 8.90224],
			"to": [8.42597, -5.75, 10.38582],
			"rotation": {"angle": 0, "axis": "y", "origin": [0, -16, 0]},
			"faces": {
				"north": {"uv": [3.5, 5.5, 3.75, 8.125], "texture": "#0"},
				"east": {"uv": [1.25, 4.75, 1.625, 7.375], "texture": "#0"},
				"south": {"uv": [6.5, 5.25, 6.75, 7.875], "texture": "#0"},
				"west": {"uv": [1.75, 4.75, 2.125, 7.375], "texture": "#0"},
				"up": {"uv": [10.25, 9.875, 10, 9.5], "texture": "#0"},
				"down": {"uv": [10, 10, 9.75, 10.375], "texture": "#0"}
			}
		},
		{
			"from": [8, -16, 7],
			"to": [9, -5.75, 9],
			"rotation": {"angle": 0, "axis": "y", "origin": [0, -16, 0]},
			"faces": {
				"north": {"uv": [6.75, 0, 7, 2.625], "texture": "#0"},
				"east": {"uv": [0.75, 2, 1.25, 4.625], "texture": "#0"},
				"south": {"uv": [6.75, 2.75, 7, 5.375], "texture": "#0"},
				"west": {"uv": [1.25, 2, 1.75, 4.625], "texture": "#0"},
				"up": {"uv": [4.5, 3.5, 4.25, 3], "texture": "#0"},
				"down": {"uv": [8.75, 2.5, 8.5, 3], "texture": "#0"}
			}
		},
		{
			"from": [7.65538, -16, 8.73254],
			"to": [8.65538, -5.75, 10.23254],
			"rotation": {"angle": -22.5, "axis": "y", "origin": [8.15538, -15, 9.73254]},
			"faces": {
				"north": {"uv": [5, 6.75, 5.25, 9.375], "texture": "#0"},
				"east": {"uv": [5, 0, 5.375, 2.625], "texture": "#0"},
				"south": {"uv": [5.25, 6.75, 5.5, 9.375], "texture": "#0"},
				"west": {"uv": [5, 2.75, 5.375, 5.375], "texture": "#0"},
				"up": {"uv": [10.25, 10.375, 10, 10], "texture": "#0"},
				"down": {"uv": [0.25, 10.25, 0, 10.625], "texture": "#0"}
			}
		},
		{
			"from": [7.65538, -16, 5.76746],
			"to": [8.65538, -5.75, 7.26746],
			"rotation": {"angle": 22.5, "axis": "y", "origin": [8.15538, -15, 6.26746]},
			"faces": {
				"north": {"uv": [5.5, 6.75, 5.75, 9.375], "texture": "#0"},
				"east": {"uv": [3.75, 5, 4.125, 7.625], "texture": "#0"},
				"south": {"uv": [6.75, 5.5, 7, 8.125], "texture": "#0"},
				"west": {"uv": [0, 5.5, 0.375, 8.125], "texture": "#0"},
				"up": {"uv": [10.5, 0.375, 10.25, 0], "texture": "#0"},
				"down": {"uv": [10.5, 0.5, 10.25, 0.875], "texture": "#0"}
			}
		},
		{
			"from": [7, -16, 7],
			"to": [8, -5.75, 9],
			"rotation": {"angle": 0, "axis": "y", "origin": [0, -16, 0]},
			"faces": {
				"north": {"uv": [5.75, 6.75, 6, 9.375], "texture": "#0"},
				"east": {"uv": [1.75, 2, 2.25, 4.625], "texture": "#0"},
				"south": {"uv": [6, 6.75, 6.25, 9.375], "texture": "#0"},
				"west": {"uv": [2.25, 0, 2.75, 2.625], "texture": "#0"},
				"up": {"uv": [9, 7.25, 8.75, 6.75], "texture": "#0"},
				"down": {"uv": [9.75, 0.75, 9.5, 1.25], "texture": "#0"}
			}
		},
		{
			"from": [7.34462, -16, 8.73254],
			"to": [8.34462, -5.75, 10.23254],
			"rotation": {"angle": 22.5, "axis": "y", "origin": [7.84462, -15, 9.73254]},
			"faces": {
				"north": {"uv": [6.25, 6.75, 6.5, 9.375], "texture": "#0"},
				"east": {"uv": [5.5, 0, 5.875, 2.625], "texture": "#0"},
				"south": {"uv": [7, 0, 7.25, 2.625], "texture": "#0"},
				"west": {"uv": [2.25, 5.5, 2.625, 8.125], "texture": "#0"},
				"up": {"uv": [10.5, 2.375, 10.25, 2], "texture": "#0"},
				"down": {"uv": [10.5, 2.5, 10.25, 2.875], "texture": "#0"}
			}
		},
		{
			"from": [7.34462, -16, 5.76746],
			"to": [8.34462, -5.75, 7.26746],
			"rotation": {"angle": -22.5, "axis": "y", "origin": [7.84462, -15, 6.26746]},
			"faces": {
				"north": {"uv": [7, 2.75, 7.25, 5.375], "texture": "#0"},
				"east": {"uv": [2.75, 5.5, 3.125, 8.125], "texture": "#0"},
				"south": {"uv": [4.25, 7, 4.5, 9.625], "texture": "#0"},
				"west": {"uv": [5.5, 2.75, 5.875, 5.375], "texture": "#0"},
				"up": {"uv": [10.5, 3.375, 10.25, 3], "texture": "#0"},
				"down": {"uv": [10.5, 3.5, 10.25, 3.875], "texture": "#0"}
			}
		},
		{
			"from": [6.86104, -5.75, 3.92127],
			"to": [9.13896, -5.25, 12.07873],
			"rotation": {"angle": 0, "axis": "y", "origin": [0, -1, 0]},
			"faces": {
				"north": {"uv": [9.75, 1, 10.375, 1.125], "texture": "#0"},
				"east": {"uv": [7, 7.75, 9, 7.875], "texture": "#0"},
				"south": {"uv": [10.5, 9, 11.125, 9.125], "texture": "#0"},
				"west": {"uv": [7.75, 7.25, 9.75, 7.375], "texture": "#0"},
				"up": {"uv": [2.875, 5.5, 2.25, 3.5], "texture": "#0"},
				"down": {"uv": [3.625, 3.5, 3, 5.5], "texture": "#0"}
			}
		},
		{
			"from": [6, -5.75, 6],
			"to": [7, -5.25, 10],
			"rotation": {"angle": 0, "axis": "y", "origin": [0, -1, 0]},
			"faces": {
				"north": {"uv": [8, 7, 8.25, 7.125], "texture": "#0"},
				"east": {"uv": [7.75, 7.5, 8.75, 7.625], "texture": "#0"},
				"south": {"uv": [8.5, 7, 8.75, 7.125], "texture": "#0"},
				"west": {"uv": [9.5, 1.25, 10.5, 1.375], "texture": "#0"},
				"up": {"uv": [8.25, 1, 8, 0], "texture": "#0"},
				"down": {"uv": [8.25, 1, 8, 2], "texture": "#0"}
			}
		},
		{
			"from": [6.39246, -5.75, 9.72302],
			"to": [7.39246, -5.25, 11.97302],
			"rotation": {"angle": 22.5, "axis": "y", "origin": [6.89246, -5.5, 10.84802]},
			"faces": {
				"north": {"uv": [8.75, 7.5, 9, 7.625], "texture": "#0"},
				"east": {"uv": [10.5, 9.25, 11.125, 9.375], "texture": "#0"},
				"south": {"uv": [9, 7, 9.25, 7.125], "texture": "#0"},
				"west": {"uv": [9.5, 10.5, 10.125, 10.625], "texture": "#0"},
				"up": {"uv": [2.5, 9.625, 2.25, 9], "texture": "#0"},
				"down": {"uv": [2.75, 9, 2.5, 9.625], "texture": "#0"}
			}
		},
		{
			"from": [6.35414, -5.75, 3.96963],
			"to": [7.35414, -5.25, 6.21963],
			"rotation": {"angle": -22.5, "axis": "y", "origin": [6.72914, -5.5, 5.21963]},
			"faces": {
				"north": {"uv": [9.5, 7, 9.75, 7.125], "texture": "#0"},
				"east": {"uv": [10.5, 9.5, 11.125, 9.625], "texture": "#0"},
				"south": {"uv": [11, 8.75, 11.25, 8.875], "texture": "#0"},
				"west": {"uv": [10.5, 9.75, 11.125, 9.875], "texture": "#0"},
				"up": {"uv": [3, 9.625, 2.75, 9], "texture": "#0"},
				"down": {"uv": [3.25, 9, 3, 9.625], "texture": "#0"}
			}
		},
		{
			"from": [9, -5.75, 6],
			"to": [10, -5.25, 10],
			"rotation": {"angle": 0, "axis": "y", "origin": [0, -1, 0]},
			"faces": {
				"north": {"uv": [0.75, 11.25, 1, 11.375], "texture": "#0"},
				"east": {"uv": [9.5, 1.5, 10.5, 1.625], "texture": "#0"},
				"south": {"uv": [11.25, 0.75, 11.5, 0.875], "texture": "#0"},
				"west": {"uv": [9.5, 1.75, 10.5, 1.875], "texture": "#0"},
				"up": {"uv": [8.25, 3, 8, 2], "texture": "#0"},
				"down": {"uv": [8.25, 3, 8, 4], "texture": "#0"}
			}
		},
		{
			"from": [8.60754, -5.75, 9.72302],
			"to": [9.60754, -5.25, 11.97302],
			"rotation": {"angle": -22.5, "axis": "y", "origin": [9.10754, -5.5, 10.84802]},
			"faces": {
				"north": {"uv": [11.25, 1, 11.5, 1.125], "texture": "#0"},
				"east": {"uv": [10.5, 10, 11.125, 10.125], "texture": "#0"},
				"south": {"uv": [11.25, 1.25, 11.5, 1.375], "texture": "#0"},
				"west": {"uv": [10.5, 10.25, 11.125, 10.375], "texture": "#0"},
				"up": {"uv": [9.25, 3.625, 9, 3], "texture": "#0"},
				"down": {"uv": [4, 9, 3.75, 9.625], "texture": "#0"}
			}
		},
		{
			"from": [8.55971, -5.75, 4.03649],
			"to": [9.55971, -5.25, 6.28649],
			"rotation": {"angle": 22.5, "axis": "y", "origin": [9.05971, -5.5, 5.03649]},
			"faces": {
				"north": {"uv": [1.5, 11.25, 1.75, 11.375], "texture": "#0"},
				"east": {"uv": [10.5, 10.5, 11.125, 10.625], "texture": "#0"},
				"south": {"uv": [11.25, 1.5, 11.5, 1.625], "texture": "#0"},
				"west": {"uv": [10.75, 0, 11.375, 0.125], "texture": "#0"},
				"up": {"uv": [9.25, 4.375, 9, 3.75], "texture": "#0"},
				"down": {"uv": [4.25, 9, 4, 9.625], "texture": "#0"}
			}
		},
		{
			"from": [7.95922, -3, 5.89134],
			"to": [8.04078, 2.75, 7.09776],
			"rotation": {"angle": 0, "axis": "y", "origin": [0, -17, 0]},
			"faces": {
				"north": {"uv": [8.5, 5.5, 8.625, 7], "texture": "#0"},
				"east": {"uv": [1.5, 7.5, 1.75, 9], "texture": "#0"},
				"south": {"uv": [8.5, 8, 8.625, 9.5], "texture": "#0"},
				"west": {"uv": [1.75, 7.5, 2, 9], "texture": "#0"},
				"up": {"uv": [11.375, 2, 11.25, 1.75], "texture": "#0"},
				"down": {"uv": [11.375, 2, 11.25, 2.25], "texture": "#0"}
			}
		},
		{
			"from": [7.95922, -5.25, 7],
			"to": [8.5, 2.75, 10.10865],
			"rotation": {"angle": 0, "axis": "y", "origin": [0, -17, 0]},
			"faces": {
				"north": {"uv": [8, 4, 8.125, 6], "texture": "#0"},
				"east": {"uv": [0, 0, 0.75, 2], "texture": "#0"},
				"south": {"uv": [6.5, 8, 6.625, 10], "texture": "#0"},
				"west": {"uv": [0.75, 0, 1.5, 2], "texture": "#0"},
				"up": {"uv": [10.375, 4.75, 10.25, 4], "texture": "#0"},
				"down": {"uv": [4.625, 10.25, 4.5, 11], "texture": "#0"}
			}
		},
		{
			"from": [8.05538, -5.25, 6.06746],
			"to": [8.15538, 2.75, 7.26746],
			"rotation": {"angle": 22.5, "axis": "y", "origin": [7.65538, -16, 6.26746]},
			"faces": {
				"north": {"uv": [7, 8, 7.125, 10], "texture": "#0"},
				"east": {"uv": [4.5, 7, 4.75, 9], "texture": "#0"},
				"south": {"uv": [7.25, 8, 7.375, 10], "texture": "#0"},
				"west": {"uv": [4.75, 7, 5, 9], "texture": "#0"},
				"up": {"uv": [11.375, 2.5, 11.25, 2.25], "texture": "#0"},
				"down": {"uv": [11.375, 2.5, 11.25, 2.75], "texture": "#0"}
			}
		},
		{
			"from": [7.5, -5.25, 7],
			"to": [7.95922, 2.75, 10.10865],
			"rotation": {"angle": 0, "axis": "y", "origin": [0, -17, 0]},
			"faces": {
				"north": {"uv": [7.5, 8, 7.625, 10], "texture": "#0"},
				"east": {"uv": [1.5, 0, 2.25, 2], "texture": "#0"},
				"south": {"uv": [7.75, 8, 7.875, 10], "texture": "#0"},
				"west": {"uv": [0, 2, 0.75, 4], "texture": "#0"},
				"up": {"uv": [4.875, 11, 4.75, 10.25], "texture": "#0"},
				"down": {"uv": [10.375, 4.75, 10.25, 5.5], "texture": "#0"}
			}
		},
		{
			"from": [7.84462, -5.25, 6.06746],
			"to": [7.94462, 2.75, 7.26746],
			"rotation": {"angle": -22.5, "axis": "y", "origin": [8.34462, -16, 6.26746]},
			"faces": {
				"north": {"uv": [8, 8, 8.125, 10], "texture": "#0"},
				"east": {"uv": [7.25, 0.75, 7.5, 2.75], "texture": "#0"},
				"south": {"uv": [0, 8.25, 0.125, 10.25], "texture": "#0"},
				"west": {"uv": [7.25, 2.75, 7.5, 4.75], "texture": "#0"},
				"up": {"uv": [11.375, 3, 11.25, 2.75], "texture": "#0"},
				"down": {"uv": [11.375, 3, 11.25, 3.25], "texture": "#0"}
			}
		},
		{
			"from": [7.95922, 18, 6.49134],
			"to": [8.04078, 20.75, 7.69776],
			"rotation": {"angle": 0, "axis": "y", "origin": [0, -7.25, 0.6]},
			"faces": {
				"north": {"uv": [10.25, 5.5, 10.375, 6.25], "texture": "#0"},
				"east": {"uv": [4.25, 5, 4.5, 5.75], "texture": "#0"},
				"south": {"uv": [10.25, 6.25, 10.375, 7], "texture": "#0"},
				"west": {"uv": [7.25, 4.75, 7.5, 5.5], "texture": "#0"},
				"up": {"uv": [11.375, 3.5, 11.25, 3.25], "texture": "#0"},
				"down": {"uv": [11.375, 3.5, 11.25, 3.75], "texture": "#0"}
			}
		},
		{
			"from": [7.95922, 15.75, 7.6],
			"to": [8.5, 20.75, 10.70865],
			"rotation": {"angle": 0, "axis": "y", "origin": [0, -7.25, 0.6]},
			"faces": {
				"north": {"uv": [4.5, 9, 4.625, 10.25], "texture": "#0"},
				"east": {"uv": [5, 5.5, 5.75, 6.75], "texture": "#0"},
				"south": {"uv": [9, 4.5, 9.125, 5.75], "texture": "#0"},
				"west": {"uv": [4.25, 5.75, 5, 7], "texture": "#0"},
				"up": {"uv": [10.375, 7.75, 10.25, 7], "texture": "#0"},
				"down": {"uv": [10.375, 7.75, 10.25, 8.5], "texture": "#0"}
			}
		},
		{
			"from": [8.05538, 15.75, 6.66746],
			"to": [8.15538, 20.75, 7.86746],
			"rotation": {"angle": 22.5, "axis": "y", "origin": [7.65538, -6.25, 6.86746]},
			"faces": {
				"north": {"uv": [4.75, 9, 4.875, 10.25], "texture": "#0"},
				"east": {"uv": [7.75, 2.25, 8, 3.5], "texture": "#0"},
				"south": {"uv": [9, 5.75, 9.125, 7], "texture": "#0"},
				"west": {"uv": [7.75, 3.5, 8, 4.75], "texture": "#0"},
				"up": {"uv": [11.375, 4, 11.25, 3.75], "texture": "#0"},
				"down": {"uv": [11.375, 4, 11.25, 4.25], "texture": "#0"}
			}
		},
		{
			"from": [7.5, 15.75, 7.6],
			"to": [7.95922, 20.75, 10.70865],
			"rotation": {"angle": 0, "axis": "y", "origin": [0, -7.25, 0.6]},
			"faces": {
				"north": {"uv": [9, 7.5, 9.125, 8.75], "texture": "#0"},
				"east": {"uv": [5.75, 5.5, 6.5, 6.75], "texture": "#0"},
				"south": {"uv": [9, 8.75, 9.125, 10], "texture": "#0"},
				"west": {"uv": [6, 0, 6.75, 1.25], "texture": "#0"},
				"up": {"uv": [10.375, 9.25, 10.25, 8.5], "texture": "#0"},
				"down": {"uv": [10.375, 9.25, 10.25, 10], "texture": "#0"}
			}
		},
		{
			"from": [7.84462, 15.75, 6.66746],
			"to": [7.94462, 20.75, 7.86746],
			"rotation": {"angle": -22.5, "axis": "y", "origin": [8.34462, -6.25, 6.86746]},
			"faces": {
				"north": {"uv": [9.25, 0, 9.375, 1.25], "texture": "#0"},
				"east": {"uv": [3.75, 7.75, 4, 9], "texture": "#0"},
				"south": {"uv": [0.25, 9.25, 0.375, 10.5], "texture": "#0"},
				"west": {"uv": [4, 7.75, 4.25, 9], "texture": "#0"},
				"up": {"uv": [11.375, 4.5, 11.25, 4.25], "texture": "#0"},
				"down": {"uv": [11.375, 4.5, 11.25, 4.75], "texture": "#0"}
			}
		},
		{
			"from": [7.95922, 23, 6.89134],
			"to": [8.04078, 24.75, 8.09776],
			"rotation": {"angle": 0, "axis": "y", "origin": [0, -7.25, 1]},
			"faces": {
				"north": {"uv": [10.75, 8.5, 10.875, 9], "texture": "#0"},
				"east": {"uv": [9.5, 2, 9.75, 2.5], "texture": "#0"},
				"south": {"uv": [4.75, 11, 4.875, 11.5], "texture": "#0"},
				"west": {"uv": [9.5, 2.5, 9.75, 3], "texture": "#0"},
				"up": {"uv": [5.125, 11.5, 5, 11.25], "texture": "#0"},
				"down": {"uv": [5.375, 11.25, 5.25, 11.5], "texture": "#0"}
			}
		},
		{
			"from": [7.95922, 20.75, 8],
			"to": [8.5, 24.75, 11.10865],
			"rotation": {"angle": 0, "axis": "y", "origin": [0, -7.25, 1]},
			"faces": {
				"north": {"uv": [9.5, 3, 9.625, 4], "texture": "#0"},
				"east": {"uv": [6, 1.25, 6.75, 2.25], "texture": "#0"},
				"south": {"uv": [9.5, 4, 9.625, 5], "texture": "#0"},
				"west": {"uv": [6, 2.25, 6.75, 3.25], "texture": "#0"},
				"up": {"uv": [10.375, 10.75, 10.25, 10], "texture": "#0"},
				"down": {"uv": [10.625, 0, 10.5, 0.75], "texture": "#0"}
			}
		},
		{
			"from": [8.05538, 20.75, 7.06746],
			"to": [8.15538, 24.75, 8.26746],
			"rotation": {"angle": 22.5, "axis": "y", "origin": [7.65538, -6.25, 7.26746]},
			"faces": {
				"north": {"uv": [5, 9.5, 5.125, 10.5], "texture": "#0"},
				"east": {"uv": [8, 6, 8.25, 7], "texture": "#0"},
				"south": {"uv": [9.5, 5, 9.625, 6], "texture": "#0"},
				"west": {"uv": [8.25, 0, 8.5, 1], "texture": "#0"},
				"up": {"uv": [11.375, 5.5, 11.25, 5.25], "texture": "#0"},
				"down": {"uv": [5.625, 11.25, 5.5, 11.5], "texture": "#0"}
			}
		},
		{
			"from": [7.5, 20.75, 8],
			"to": [7.95922, 24.75, 11.10865],
			"rotation": {"angle": 0, "axis": "y", "origin": [0, -7.25, 1]},
			"faces": {
				"north": {"uv": [5.25, 9.5, 5.375, 10.5], "texture": "#0"},
				"east": {"uv": [6, 3.25, 6.75, 4.25], "texture": "#0"},
				"south": {"uv": [5.5, 9.5, 5.625, 10.5], "texture": "#0"},
				"west": {"uv": [6, 4.25, 6.75, 5.25], "texture": "#0"},
				"up": {"uv": [0.375, 11.25, 0.25, 10.5], "texture": "#0"},
				"down": {"uv": [0.625, 10.5, 0.5, 11.25], "texture": "#0"}
			}
		},
		{
			"from": [7.84462, 20.75, 7.06746],
			"to": [7.94462, 24.75, 8.26746],
			"rotation": {"angle": -22.5, "axis": "y", "origin": [8.34462, -6.25, 7.26746]},
			"faces": {
				"north": {"uv": [5.75, 9.5, 5.875, 10.5], "texture": "#0"},
				"east": {"uv": [0.25, 8.25, 0.5, 9.25], "texture": "#0"},
				"south": {"uv": [6, 9.5, 6.125, 10.5], "texture": "#0"},
				"west": {"uv": [0.5, 8.25, 0.75, 9.25], "texture": "#0"},
				"up": {"uv": [11.375, 5.75, 11.25, 5.5], "texture": "#0"},
				"down": {"uv": [5.875, 11.25, 5.75, 11.5], "texture": "#0"}
			}
		},
		{
			"from": [7.95922, 12, 6.19134],
			"to": [8.04078, 15.75, 7.39776],
			"rotation": {"angle": 0, "axis": "y", "origin": [0, -10.75, 0.3]},
			"faces": {
				"north": {"uv": [9.5, 6, 9.625, 7], "texture": "#0"},
				"east": {"uv": [8.25, 1, 8.5, 2], "texture": "#0"},
				"south": {"uv": [6.25, 9.5, 6.375, 10.5], "texture": "#0"},
				"west": {"uv": [8.25, 2, 8.5, 3], "texture": "#0"},
				"up": {"uv": [11.375, 6, 11.25, 5.75], "texture": "#0"},
				"down": {"uv": [6.125, 11.25, 6, 11.5], "texture": "#0"}
			}
		},
		{
			"from": [7.95922, 9.75, 7.3],
			"to": [8.5, 15.75, 10.40865],
			"rotation": {"angle": 0, "axis": "y", "origin": [0, -10.75, 0.3]},
			"faces": {
				"north": {"uv": [8.75, 0, 8.875, 1.5], "texture": "#0"},
				"east": {"uv": [3.75, 3.5, 4.5, 5], "texture": "#0"},
				"south": {"uv": [8.75, 1.5, 8.875, 3], "texture": "#0"},
				"west": {"uv": [0, 4, 0.75, 5.5], "texture": "#0"},
				"up": {"uv": [0.875, 11.25, 0.75, 10.5], "texture": "#0"},
				"down": {"uv": [10.625, 0.75, 10.5, 1.5], "texture": "#0"}
			}
		},
		{
			"from": [8.05538, 9.75, 6.36746],
			"to": [8.15538, 15.75, 7.56746],
			"rotation": {"angle": 22.5, "axis": "y", "origin": [7.65538, -9.75, 6.56746]},
			"faces": {
				"north": {"uv": [8.75, 3, 8.875, 4.5], "texture": "#0"},
				"east": {"uv": [2, 7.5, 2.25, 9], "texture": "#0"},
				"south": {"uv": [8.75, 4.5, 8.875, 6], "texture": "#0"},
				"west": {"uv": [7.5, 2.5, 7.75, 4], "texture": "#0"},
				"up": {"uv": [11.375, 6.25, 11.25, 6], "texture": "#0"},
				"down": {"uv": [6.375, 11.25, 6.25, 11.5], "texture": "#0"}
			}
		},
		{
			"from": [7.5, 9.75, 7.3],
			"to": [7.95922, 15.75, 10.40865],
			"rotation": {"angle": 0, "axis": "y", "origin": [0, -10.75, 0.3]},
			"faces": {
				"north": {"uv": [8.75, 8, 8.875, 9.5], "texture": "#0"},
				"east": {"uv": [4.25, 0, 5, 1.5], "texture": "#0"},
				"south": {"uv": [9, 0, 9.125, 1.5], "texture": "#0"},
				"west": {"uv": [4.25, 1.5, 5, 3], "texture": "#0"},
				"up": {"uv": [1.625, 11.25, 1.5, 10.5], "texture": "#0"},
				"down": {"uv": [10.625, 1.5, 10.5, 2.25], "texture": "#0"}
			}
		},
		{
			"from": [7.84462, 9.75, 6.36746],
			"to": [7.94462, 15.75, 7.56746],
			"rotation": {"angle": -22.5, "axis": "y", "origin": [8.34462, -9.75, 6.56746]},
			"faces": {
				"north": {"uv": [1.5, 9, 1.625, 10.5], "texture": "#0"},
				"east": {"uv": [7.5, 4, 7.75, 5.5], "texture": "#0"},
				"south": {"uv": [9, 1.5, 9.125, 3], "texture": "#0"},
				"west": {"uv": [7.75, 0.75, 8, 2.25], "texture": "#0"},
				"up": {"uv": [6.625, 11.5, 6.5, 11.25], "texture": "#0"},
				"down": {"uv": [11.375, 6.5, 11.25, 6.75], "texture": "#0"}
			}
		},
		{
			"from": [7.95922, 5, 5.99134],
			"to": [8.04078, 9.75, 7.19776],
			"rotation": {"angle": 0, "axis": "y", "origin": [0, -12.75, 0.1]},
			"faces": {
				"north": {"uv": [0.5, 9.25, 0.625, 10.5], "texture": "#0"},
				"east": {"uv": [7.75, 4.75, 8, 6], "texture": "#0"},
				"south": {"uv": [0.75, 9.25, 0.875, 10.5], "texture": "#0"},
				"west": {"uv": [7.75, 6, 8, 7.25], "texture": "#0"},
				"up": {"uv": [6.875, 11.5, 6.75, 11.25], "texture": "#0"},
				"down": {"uv": [11.375, 6.75, 11.25, 7], "texture": "#0"}
			}
		},
		{
			"from": [7.95922, 2.75, 7.1],
			"to": [8.5, 9.75, 10.20865],
			"rotation": {"angle": 0, "axis": "y", "origin": [0, -12.75, 0.1]},
			"faces": {
				"north": {"uv": [3.25, 8.25, 3.375, 10], "texture": "#0"},
				"east": {"uv": [2.75, 0, 3.5, 1.75], "texture": "#0"},
				"south": {"uv": [3.5, 8.25, 3.625, 10], "texture": "#0"},
				"west": {"uv": [2.75, 1.75, 3.5, 3.5], "texture": "#0"},
				"up": {"uv": [10.625, 3, 10.5, 2.25], "texture": "#0"},
				"down": {"uv": [10.625, 3, 10.5, 3.75], "texture": "#0"}
			}
		},
		{
			"from": [8.05538, 2.75, 6.16746],
			"to": [8.15538, 9.75, 7.36746],
			"rotation": {"angle": 22.5, "axis": "y", "origin": [7.65538, -11.75, 6.36746]},
			"faces": {
				"north": {"uv": [8.25, 3.75, 8.375, 5.5], "texture": "#0"},
				"east": {"uv": [0.75, 7.5, 1, 9.25], "texture": "#0"},
				"south": {"uv": [8.25, 5.5, 8.375, 7.25], "texture": "#0"},
				"west": {"uv": [7.5, 0.75, 7.75, 2.5], "texture": "#0"},
				"up": {"uv": [7.375, 11.5, 7.25, 11.25], "texture": "#0"},
				"down": {"uv": [11.375, 7.25, 11.25, 7.5], "texture": "#0"}
			}
		},
		{
			"from": [7.5, 2.75, 7.1],
			"to": [7.95922, 9.75, 10.20865],
			"rotation": {"angle": 0, "axis": "y", "origin": [0, -12.75, 0.1]},
			"faces": {
				"north": {"uv": [6.75, 8.25, 6.875, 10], "texture": "#0"},
				"east": {"uv": [3.5, 0, 4.25, 1.75], "texture": "#0"},
				"south": {"uv": [8.25, 8, 8.375, 9.75], "texture": "#0"},
				"west": {"uv": [3.5, 1.75, 4.25, 3.5], "texture": "#0"},
				"up": {"uv": [10.625, 4.5, 10.5, 3.75], "texture": "#0"},
				"down": {"uv": [10.625, 4.5, 10.5, 5.25], "texture": "#0"}
			}
		},
		{
			"from": [7.84462, 2.75, 6.16746],
			"to": [7.94462, 9.75, 7.36746],
			"rotation": {"angle": -22.5, "axis": "y", "origin": [8.34462, -11.75, 6.36746]},
			"faces": {
				"north": {"uv": [8.5, 0, 8.625, 1.75], "texture": "#0"},
				"east": {"uv": [1, 7.5, 1.25, 9.25], "texture": "#0"},
				"south": {"uv": [8.5, 3.75, 8.625, 5.5], "texture": "#0"},
				"west": {"uv": [1.25, 7.5, 1.5, 9.25], "texture": "#0"},
				"up": {"uv": [7.625, 11.5, 7.5, 11.25], "texture": "#0"},
				"down": {"uv": [11.375, 7.5, 11.25, 7.75], "texture": "#0"}
			}
		},
		{
			"from": [7.95922, 27, 7.39134],
			"to": [8.04078, 27.75, 8.59776],
			"rotation": {"angle": 0, "axis": "y", "origin": [0, -3.25, 1.5]},
			"faces": {
				"north": {"uv": [11.25, 8.25, 11.375, 8.5], "texture": "#0"},
				"east": {"uv": [6, 5.25, 6.25, 5.5], "texture": "#0"},
				"south": {"uv": [8.5, 11.25, 8.625, 11.5], "texture": "#0"},
				"west": {"uv": [6.25, 5.25, 6.5, 5.5], "texture": "#0"},
				"up": {"uv": [11.375, 8.75, 11.25, 8.5], "texture": "#0"},
				"down": {"uv": [8.875, 11.25, 8.75, 11.5], "texture": "#0"}
			}
		},
		{
			"from": [7.95922, 24.75, 8.5],
			"to": [8.5, 27.75, 11.60865],
			"rotation": {"angle": 0, "axis": "y", "origin": [0, -3.25, 1.5]},
			"faces": {
				"north": {"uv": [5, 10.5, 5.125, 11.25], "texture": "#0"},
				"east": {"uv": [7, 5.5, 7.75, 6.25], "texture": "#0"},
				"south": {"uv": [5.25, 10.5, 5.375, 11.25], "texture": "#0"},
				"west": {"uv": [7, 6.25, 7.75, 7], "texture": "#0"},
				"up": {"uv": [10.625, 6, 10.5, 5.25], "texture": "#0"},
				"down": {"uv": [5.625, 10.5, 5.5, 11.25], "texture": "#0"}
			}
		},
		{
			"from": [7.95922, 27.75, 11.1],
			"to": [8.5, 30.45, 11.60865],
			"rotation": {"angle": 0, "axis": "y", "origin": [0, -3.25, 1.5]},
			"faces": {
				"north": {"uv": [8.75, 10.5, 8.875, 11.125], "texture": "#0"},
				"east": {"uv": [9, 10.5, 9.125, 11.125], "texture": "#0"},
				"south": {"uv": [0, 10.75, 0.125, 11.375], "texture": "#0"},
				"west": {"uv": [10.75, 0.25, 10.875, 0.875], "texture": "#0"},
				"up": {"uv": [9.125, 11.625, 9, 11.5], "texture": "#0"},
				"down": {"uv": [11.625, 9, 11.5, 9.125], "texture": "#0"}
			}
		},
		{
			"from": [8.05538, 24.75, 7.56746],
			"to": [8.15538, 27.75, 8.76746],
			"rotation": {"angle": 22.5, "axis": "y", "origin": [7.65538, -2.25, 7.76746]},
			"faces": {
				"north": {"uv": [5.75, 10.5, 5.875, 11.25], "texture": "#0"},
				"east": {"uv": [8.5, 1.75, 8.75, 2.5], "texture": "#0"},
				"south": {"uv": [6, 10.5, 6.125, 11.25], "texture": "#0"},
				"west": {"uv": [8.75, 6, 9, 6.75], "texture": "#0"},
				"up": {"uv": [11.375, 9, 11.25, 8.75], "texture": "#0"},
				"down": {"uv": [9.125, 11.25, 9, 11.5], "texture": "#0"}
			}
		},
		{
			"from": [7.5, 24.75, 8.5],
			"to": [7.95922, 27.75, 11.60865],
			"rotation": {"angle": 0, "axis": "y", "origin": [0, -3.25, 1.5]},
			"faces": {
				"north": {"uv": [10.5, 6, 10.625, 6.75], "texture": "#0"},
				"east": {"uv": [7, 7, 7.75, 7.75], "texture": "#0"},
				"south": {"uv": [6.25, 10.5, 6.375, 11.25], "texture": "#0"},
				"west": {"uv": [7.25, 0, 8, 0.75], "texture": "#0"},
				"up": {"uv": [10.625, 7.5, 10.5, 6.75], "texture": "#0"},
				"down": {"uv": [10.625, 7.5, 10.5, 8.25], "texture": "#0"}
			}
		},
		{
			"from": [7.5, 27.75, 11.1],
			"to": [7.95922, 30.45, 11.60865],
			"rotation": {"angle": 0, "axis": "y", "origin": [0, -3.25, 1.5]},
			"faces": {
				"north": {"uv": [10.75, 1, 10.875, 1.625], "texture": "#0"},
				"east": {"uv": [1.75, 10.75, 1.875, 11.375], "texture": "#0"},
				"south": {"uv": [10.75, 1.75, 10.875, 2.375], "texture": "#0"},
				"west": {"uv": [2, 10.75, 2.125, 11.375], "texture": "#0"},
				"up": {"uv": [9.375, 11.625, 9.25, 11.5], "texture": "#0"},
				"down": {"uv": [11.625, 9.25, 11.5, 9.375], "texture": "#0"}
			}
		},
		{
			"from": [7.84462, 24.75, 7.56746],
			"to": [7.94462, 27.75, 8.76746],
			"rotation": {"angle": -22.5, "axis": "y", "origin": [8.34462, -2.25, 7.76746]},
			"faces": {
				"north": {"uv": [10.5, 8.25, 10.625, 9], "texture": "#0"},
				"east": {"uv": [1.75, 9, 2, 9.75], "texture": "#0"},
				"south": {"uv": [8.5, 10.5, 8.625, 11.25], "texture": "#0"},
				"west": {"uv": [2, 9, 2.25, 9.75], "texture": "#0"},
				"up": {"uv": [11.375, 9.25, 11.25, 9], "texture": "#0"},
				"down": {"uv": [11.375, 9.25, 11.25, 9.5], "texture": "#0"}
			}
		},
		{
			"from": [7.87766, 27.75, 7.59134],
			"to": [7.95922, 31.5, 7.79776],
			"rotation": {"angle": 45, "axis": "x", "origin": [7.91844, 27.75, 7.59455]},
			"faces": {
				"north": {"uv": [9.5, 7.5, 9.625, 8.5], "texture": "#0"},
				"east": {"uv": [8.5, 9.5, 8.625, 10.5], "texture": "#0"},
				"south": {"uv": [9.5, 8.5, 9.625, 9.5], "texture": "#0"},
				"west": {"uv": [8.75, 9.5, 8.875, 10.5], "texture": "#0"},
				"up": {"uv": [9.625, 11.625, 9.5, 11.5], "texture": "#0"},
				"down": {"uv": [11.625, 9.5, 11.5, 9.625], "texture": "#0"}
			}
		},
		{
			"from": [7.87766, 27.75, 10.09134],
			"to": [7.95922, 30.4, 11.29776],
			"rotation": {"angle": 0, "axis": "y", "origin": [7.91844, 27.75, 7.59455]},
			"faces": {
				"north": {"uv": [2.25, 10.75, 2.375, 11.375], "texture": "#0"},
				"east": {"uv": [1, 9.25, 1.25, 9.875], "texture": "#0"},
				"south": {"uv": [2.5, 10.75, 2.625, 11.375], "texture": "#0"},
				"west": {"uv": [1.25, 9.25, 1.5, 9.875], "texture": "#0"},
				"up": {"uv": [11.375, 9.75, 11.25, 9.5], "texture": "#0"},
				"down": {"uv": [11.375, 9.75, 11.25, 10], "texture": "#0"}
			}
		},
		{
			"from": [7.95922, 27.75, 7.39134],
			"to": [8.04078, 31.5, 7.59776],
			"rotation": {"angle": 45, "axis": "x", "origin": [8, 27.75, 7.39455]},
			"faces": {
				"north": {"uv": [9.5, 9.5, 9.625, 10.5], "texture": "#0"},
				"east": {"uv": [9.75, 0, 9.875, 1], "texture": "#0"},
				"south": {"uv": [1.75, 9.75, 1.875, 10.75], "texture": "#0"},
				"west": {"uv": [2, 9.75, 2.125, 10.75], "texture": "#0"},
				"up": {"uv": [9.875, 11.625, 9.75, 11.5], "texture": "#0"},
				"down": {"uv": [11.625, 9.75, 11.5, 9.875], "texture": "#0"}
			}
		},
		{
			"from": [7.95922, 27.75, 9.99134],
			"to": [8.04078, 30.4, 11.19776],
			"rotation": {"angle": 0, "axis": "y", "origin": [8, 27.75, 7.39455]},
			"faces": {
				"north": {"uv": [10.75, 2.5, 10.875, 3.125], "texture": "#0"},
				"east": {"uv": [9.25, 1.25, 9.5, 1.875], "texture": "#0"},
				"south": {"uv": [2.75, 10.75, 2.875, 11.375], "texture": "#0"},
				"west": {"uv": [9.25, 2, 9.5, 2.625], "texture": "#0"},
				"up": {"uv": [11.375, 10.25, 11.25, 10], "texture": "#0"},
				"down": {"uv": [11.375, 10.25, 11.25, 10.5], "texture": "#0"}
			}
		},
		{
			"from": [7.55142, 30.4, 10.99134],
			"to": [7.63298, 30.5, 11.60866],
			"rotation": {"angle": 0, "axis": "y", "origin": [7.54078, 27.75, 6.80545]},
			"faces": {
				"north": {"uv": [10, 11.5, 10.125, 11.625], "texture": "#0"},
				"east": {"uv": [11.5, 10, 11.625, 10.125], "texture": "#0"},
				"south": {"uv": [10.25, 11.5, 10.375, 11.625], "texture": "#0"},
				"west": {"uv": [11.5, 10.25, 11.625, 10.375], "texture": "#0"},
				"up": {"uv": [10.625, 11.625, 10.5, 11.5], "texture": "#0"},
				"down": {"uv": [11.625, 10.5, 11.5, 10.625], "texture": "#0"}
			}
		},
		{
			"from": [7.55142, 30.5, 11.19134],
			"to": [7.63298, 30.6, 11.60866],
			"rotation": {"angle": 0, "axis": "y", "origin": [7.54078, 27.75, 6.80545]},
			"faces": {
				"north": {"uv": [10.75, 11.5, 10.875, 11.625], "texture": "#0"},
				"east": {"uv": [11.5, 10.75, 11.625, 10.875], "texture": "#0"},
				"south": {"uv": [11, 11.5, 11.125, 11.625], "texture": "#0"},
				"west": {"uv": [11.5, 11, 11.625, 11.125], "texture": "#0"},
				"up": {"uv": [11.375, 11.625, 11.25, 11.5], "texture": "#0"},
				"down": {"uv": [11.625, 11.25, 11.5, 11.375], "texture": "#0"}
			}
		},
		{
			"from": [7.55142, 30.6, 11.49134],
			"to": [7.63298, 30.7, 11.60866],
			"rotation": {"angle": 0, "axis": "y", "origin": [7.54078, 27.75, 6.80545]},
			"faces": {
				"north": {"uv": [11.5, 11.5, 11.625, 11.625], "texture": "#0"},
				"east": {"uv": [0, 11.75, 0.125, 11.875], "texture": "#0"},
				"south": {"uv": [11.75, 0, 11.875, 0.125], "texture": "#0"},
				"west": {"uv": [0.25, 11.75, 0.375, 11.875], "texture": "#0"},
				"up": {"uv": [11.875, 0.375, 11.75, 0.25], "texture": "#0"},
				"down": {"uv": [0.625, 11.75, 0.5, 11.875], "texture": "#0"}
			}
		},
		{
			"from": [7.7961, 27.75, 7.79134],
			"to": [7.87766, 31.5, 7.99776],
			"rotation": {"angle": 45, "axis": "x", "origin": [7.83688, 27.75, 7.79455]},
			"faces": {
				"north": {"uv": [9.75, 2, 9.875, 3], "texture": "#0"},
				"east": {"uv": [2.25, 9.75, 2.375, 10.75], "texture": "#0"},
				"south": {"uv": [2.5, 9.75, 2.625, 10.75], "texture": "#0"},
				"west": {"uv": [2.75, 9.75, 2.875, 10.75], "texture": "#0"},
				"up": {"uv": [11.875, 0.625, 11.75, 0.5], "texture": "#0"},
				"down": {"uv": [0.875, 11.75, 0.75, 11.875], "texture": "#0"}
			}
		},
		{
			"from": [7.7961, 27.75, 10.29134],
			"to": [7.87766, 30.4, 11.49776],
			"rotation": {"angle": 0, "axis": "y", "origin": [7.83688, 27.75, 7.79455]},
			"faces": {
				"north": {"uv": [3, 10.75, 3.125, 11.375], "texture": "#0"},
				"east": {"uv": [9.25, 2.75, 9.5, 3.375], "texture": "#0"},
				"south": {"uv": [10.75, 3.25, 10.875, 3.875], "texture": "#0"},
				"west": {"uv": [9.25, 3.5, 9.5, 4.125], "texture": "#0"},
				"up": {"uv": [11.375, 10.75, 11.25, 10.5], "texture": "#0"},
				"down": {"uv": [11.375, 10.75, 11.25, 11], "texture": "#0"}
			}
		},
		{
			"from": [8.2039, 27.75, 7.99134],
			"to": [8.28546, 31.5, 8.19776],
			"rotation": {"angle": 45, "axis": "x", "origin": [8.24468, 27.75, 7.99455]},
			"faces": {
				"north": {"uv": [3, 9.75, 3.125, 10.75], "texture": "#0"},
				"east": {"uv": [9.75, 3, 9.875, 4], "texture": "#0"},
				"south": {"uv": [3.75, 9.75, 3.875, 10.75], "texture": "#0"},
				"west": {"uv": [4, 9.75, 4.125, 10.75], "texture": "#0"},
				"up": {"uv": [11.875, 0.875, 11.75, 0.75], "texture": "#0"},
				"down": {"uv": [1.125, 11.75, 1, 11.875], "texture": "#0"}
			}
		},
		{
			"from": [8.2039, 27.75, 10.49134],
			"to": [8.28546, 30.4, 11.59776],
			"rotation": {"angle": 0, "axis": "y", "origin": [8.24468, 27.75, 7.99455]},
			"faces": {
				"north": {"uv": [3.75, 10.75, 3.875, 11.375], "texture": "#0"},
				"east": {"uv": [9.25, 4.25, 9.5, 4.875], "texture": "#0"},
				"south": {"uv": [4, 10.75, 4.125, 11.375], "texture": "#0"},
				"west": {"uv": [9.25, 5, 9.5, 5.625], "texture": "#0"},
				"up": {"uv": [11.125, 11.5, 11, 11.25], "texture": "#0"},
				"down": {"uv": [11.375, 11, 11.25, 11.25], "texture": "#0"}
			}
		},
		{
			"from": [8.28546, 27.75, 8.19134],
			"to": [8.36702, 31.5, 8.39776],
			"rotation": {"angle": 45, "axis": "x", "origin": [8.32624, 27.75, 8.19455]},
			"faces": {
				"north": {"uv": [9.75, 4, 9.875, 5], "texture": "#0"},
				"east": {"uv": [4.25, 9.75, 4.375, 10.75], "texture": "#0"},
				"south": {"uv": [9.75, 5, 9.875, 6], "texture": "#0"},
				"west": {"uv": [9.75, 6, 9.875, 7], "texture": "#0"},
				"up": {"uv": [11.875, 1.125, 11.75, 1], "texture": "#0"},
				"down": {"uv": [1.375, 11.75, 1.25, 11.875], "texture": "#0"}
			}
		},
		{
			"from": [8.28546, 27.75, 10.69134],
			"to": [8.36702, 30.4, 11.09776],
			"rotation": {"angle": 0, "axis": "y", "origin": [8.32624, 27.75, 8.19455]},
			"faces": {
				"north": {"uv": [10.75, 4, 10.875, 4.625], "texture": "#0"},
				"east": {"uv": [4.25, 10.75, 4.375, 11.375], "texture": "#0"},
				"south": {"uv": [10.75, 4.75, 10.875, 5.375], "texture": "#0"},
				"west": {"uv": [10.75, 5.5, 10.875, 6.125], "texture": "#0"},
				"up": {"uv": [11.875, 1.375, 11.75, 1.25], "texture": "#0"},
				"down": {"uv": [1.625, 11.75, 1.5, 11.875], "texture": "#0"}
			}
		},
		{
			"from": [8.36702, 27.75, 8.39134],
			"to": [8.44858, 31.5, 8.59776],
			"rotation": {"angle": 45, "axis": "x", "origin": [8.4078, 27.75, 8.39455]},
			"faces": {
				"north": {"uv": [9.75, 7, 9.875, 8], "texture": "#0"},
				"east": {"uv": [9.75, 8, 9.875, 9], "texture": "#0"},
				"south": {"uv": [8.25, 9.75, 8.375, 10.75], "texture": "#0"},
				"west": {"uv": [9.75, 9, 9.875, 10], "texture": "#0"},
				"up": {"uv": [11.875, 1.625, 11.75, 1.5], "texture": "#0"},
				"down": {"uv": [1.875, 11.75, 1.75, 11.875], "texture": "#0"}
			}
		},
		{
			"from": [8.36702, 27.75, 10.89134],
			"to": [8.44858, 30.4, 11.09776],
			"rotation": {"angle": 0, "axis": "y", "origin": [8.4078, 27.75, 8.39455]},
			"faces": {
				"north": {"uv": [10.75, 6.25, 10.875, 6.875], "texture": "#0"},
				"east": {"uv": [10.75, 7, 10.875, 7.625], "texture": "#0"},
				"south": {"uv": [10.75, 7.75, 10.875, 8.375], "texture": "#0"},
				"west": {"uv": [8.25, 10.75, 8.375, 11.375], "texture": "#0"},
				"up": {"uv": [11.875, 1.875, 11.75, 1.75], "texture": "#0"},
				"down": {"uv": [2.125, 11.75, 2, 11.875], "texture": "#0"}
			}
		},
		{
			"from": [7.71454, 27.75, 7.99134],
			"to": [7.7961, 31.5, 8.19776],
			"rotation": {"angle": 45, "axis": "x", "origin": [7.75532, 27.75, 7.99455]},
			"faces": {
				"north": {"uv": [9.25, 9.75, 9.375, 10.75], "texture": "#0"},
				"east": {"uv": [10, 0, 10.125, 1], "texture": "#0"},
				"south": {"uv": [1, 10, 1.125, 11], "texture": "#0"},
				"west": {"uv": [1.25, 10, 1.375, 11], "texture": "#0"},
				"up": {"uv": [11.875, 2.125, 11.75, 2], "texture": "#0"},
				"down": {"uv": [2.375, 11.75, 2.25, 11.875], "texture": "#0"}
			}
		},
		{
			"from": [7.71454, 27.75, 10.49134],
			"to": [7.7961, 30.4, 11.59776],
			"rotation": {"angle": 0, "axis": "y", "origin": [7.75532, 27.75, 7.99455]},
			"faces": {
				"north": {"uv": [9.25, 10.75, 9.375, 11.375], "texture": "#0"},
				"east": {"uv": [9.25, 5.75, 9.5, 6.375], "texture": "#0"},
				"south": {"uv": [9.5, 10.75, 9.625, 11.375], "texture": "#0"},
				"west": {"uv": [9.25, 6.5, 9.5, 7.125], "texture": "#0"},
				"up": {"uv": [11.375, 11.5, 11.25, 11.25], "texture": "#0"},
				"down": {"uv": [0.125, 11.5, 0, 11.75], "texture": "#0"}
			}
		},
		{
			"from": [7.63298, 27.75, 8.19134],
			"to": [7.71454, 31.5, 8.39776],
			"rotation": {"angle": 45, "axis": "x", "origin": [7.67376, 27.75, 8.19455]},
			"faces": {
				"north": {"uv": [10, 2, 10.125, 3], "texture": "#0"},
				"east": {"uv": [10, 3, 10.125, 4], "texture": "#0"},
				"south": {"uv": [3.25, 10, 3.375, 11], "texture": "#0"},
				"west": {"uv": [3.5, 10, 3.625, 11], "texture": "#0"},
				"up": {"uv": [11.875, 2.375, 11.75, 2.25], "texture": "#0"},
				"down": {"uv": [2.625, 11.75, 2.5, 11.875], "texture": "#0"}
			}
		},
		{
			"from": [7.63298, 27.75, 10.69134],
			"to": [7.71454, 30.4, 11.09776],
			"rotation": {"angle": 0, "axis": "y", "origin": [7.67376, 27.75, 8.19455]},
			"faces": {
				"north": {"uv": [9.75, 10.75, 9.875, 11.375], "texture": "#0"},
				"east": {"uv": [10, 10.75, 10.125, 11.375], "texture": "#0"},
				"south": {"uv": [10.25, 10.75, 10.375, 11.375], "texture": "#0"},
				"west": {"uv": [10.5, 10.75, 10.625, 11.375], "texture": "#0"},
				"up": {"uv": [11.875, 2.625, 11.75, 2.5], "texture": "#0"},
				"down": {"uv": [2.875, 11.75, 2.75, 11.875], "texture": "#0"}
			}
		},
		{
			"from": [7.63298, 30.4, 10.80224],
			"to": [7.71454, 30.5, 11.60865],
			"rotation": {"angle": 0, "axis": "y", "origin": [7.67376, 27.4, 8.70545]},
			"faces": {
				"north": {"uv": [11.75, 2.75, 11.875, 2.875], "texture": "#0"},
				"east": {"uv": [11.5, 0, 11.75, 0.125], "texture": "#0"},
				"south": {"uv": [3, 11.75, 3.125, 11.875], "texture": "#0"},
				"west": {"uv": [11.5, 0.25, 11.75, 0.375], "texture": "#0"},
				"up": {"uv": [11.625, 0.75, 11.5, 0.5], "texture": "#0"},
				"down": {"uv": [0.875, 11.5, 0.75, 11.75], "texture": "#0"}
			}
		},
		{
			"from": [7.63298, 30.5, 11.00224],
			"to": [7.71454, 30.6, 11.60865],
			"rotation": {"angle": 0, "axis": "y", "origin": [7.67376, 27.4, 8.70545]},
			"faces": {
				"north": {"uv": [11.75, 3, 11.875, 3.125], "texture": "#0"},
				"east": {"uv": [3.25, 11.75, 3.375, 11.875], "texture": "#0"},
				"south": {"uv": [11.75, 3.25, 11.875, 3.375], "texture": "#0"},
				"west": {"uv": [3.5, 11.75, 3.625, 11.875], "texture": "#0"},
				"up": {"uv": [11.875, 3.625, 11.75, 3.5], "texture": "#0"},
				"down": {"uv": [3.875, 11.75, 3.75, 11.875], "texture": "#0"}
			}
		},
		{
			"from": [7.63298, 30.6, 11.30224],
			"to": [7.71454, 30.7, 11.60865],
			"rotation": {"angle": 0, "axis": "y", "origin": [7.67376, 27.4, 8.70545]},
			"faces": {
				"north": {"uv": [11.75, 3.75, 11.875, 3.875], "texture": "#0"},
				"east": {"uv": [4, 11.75, 4.125, 11.875], "texture": "#0"},
				"south": {"uv": [11.75, 4, 11.875, 4.125], "texture": "#0"},
				"west": {"uv": [4.25, 11.75, 4.375, 11.875], "texture": "#0"},
				"up": {"uv": [11.875, 4.375, 11.75, 4.25], "texture": "#0"},
				"down": {"uv": [4.625, 11.75, 4.5, 11.875], "texture": "#0"}
			}
		},
		{
			"from": [7.71454, 30.4, 10.60224],
			"to": [7.7961, 30.5, 11.60865],
			"rotation": {"angle": 0, "axis": "y", "origin": [6.75532, 27.4, 8.70545]},
			"faces": {
				"north": {"uv": [11.75, 4.5, 11.875, 4.625], "texture": "#0"},
				"east": {"uv": [11.5, 0.75, 11.75, 0.875], "texture": "#0"},
				"south": {"uv": [4.75, 11.75, 4.875, 11.875], "texture": "#0"},
				"west": {"uv": [11.5, 1, 11.75, 1.125], "texture": "#0"},
				"up": {"uv": [11.625, 1.5, 11.5, 1.25], "texture": "#0"},
				"down": {"uv": [1.625, 11.5, 1.5, 11.75], "texture": "#0"}
			}
		},
		{
			"from": [7.71454, 30.5, 10.80224],
			"to": [7.7961, 30.6, 11.60865],
			"rotation": {"angle": 0, "axis": "y", "origin": [6.75532, 27.4, 8.70545]},
			"faces": {
				"north": {"uv": [11.75, 4.75, 11.875, 4.875], "texture": "#0"},
				"east": {"uv": [11.5, 1.5, 11.75, 1.625], "texture": "#0"},
				"south": {"uv": [5, 11.75, 5.125, 11.875], "texture": "#0"},
				"west": {"uv": [1.75, 11.5, 2, 11.625], "texture": "#0"},
				"up": {"uv": [11.625, 2, 11.5, 1.75], "texture": "#0"},
				"down": {"uv": [2.125, 11.5, 2, 11.75], "texture": "#0"}
			}
		},
		{
			"from": [7.71454, 30.6, 11.10224],
			"to": [7.7961, 30.7, 11.60865],
			"rotation": {"angle": 0, "axis": "y", "origin": [6.75532, 27.4, 8.70545]},
			"faces": {
				"north": {"uv": [11.75, 5, 11.875, 5.125], "texture": "#0"},
				"east": {"uv": [5.25, 11.75, 5.375, 11.875], "texture": "#0"},
				"south": {"uv": [11.75, 5.25, 11.875, 5.375], "texture": "#0"},
				"west": {"uv": [5.5, 11.75, 5.625, 11.875], "texture": "#0"},
				"up": {"uv": [11.875, 5.625, 11.75, 5.5], "texture": "#0"},
				"down": {"uv": [5.875, 11.75, 5.75, 11.875], "texture": "#0"}
			}
		},
		{
			"from": [7.71454, 30.7, 11.50224],
			"to": [7.7961, 30.8, 11.60865],
			"rotation": {"angle": 0, "axis": "y", "origin": [6.75532, 27.4, 8.70545]},
			"faces": {
				"north": {"uv": [11.75, 5.75, 11.875, 5.875], "texture": "#0"},
				"east": {"uv": [6, 11.75, 6.125, 11.875], "texture": "#0"},
				"south": {"uv": [11.75, 6, 11.875, 6.125], "texture": "#0"},
				"west": {"uv": [6.25, 11.75, 6.375, 11.875], "texture": "#0"},
				"up": {"uv": [11.875, 6.375, 11.75, 6.25], "texture": "#0"},
				"down": {"uv": [6.625, 11.75, 6.5, 11.875], "texture": "#0"}
			}
		},
		{
			"from": [7.7961, 30.4, 10.40224],
			"to": [7.87766, 30.5, 11.60865],
			"rotation": {"angle": 0, "axis": "y", "origin": [5.83688, 27.4, 8.70545]},
			"faces": {
				"north": {"uv": [11.75, 6.5, 11.875, 6.625], "texture": "#0"},
				"east": {"uv": [11.5, 2, 11.75, 2.125], "texture": "#0"},
				"south": {"uv": [6.75, 11.75, 6.875, 11.875], "texture": "#0"},
				"west": {"uv": [2.25, 11.5, 2.5, 11.625], "texture": "#0"},
				"up": {"uv": [11.625, 2.5, 11.5, 2.25], "texture": "#0"},
				"down": {"uv": [2.625, 11.5, 2.5, 11.75], "texture": "#0"}
			}
		},
		{
			"from": [7.7961, 30.5, 10.60224],
			"to": [7.87766, 30.6, 11.60865],
			"rotation": {"angle": 0, "axis": "y", "origin": [5.83688, 27.4, 8.70545]},
			"faces": {
				"north": {"uv": [11.75, 6.75, 11.875, 6.875], "texture": "#0"},
				"east": {"uv": [11.5, 2.5, 11.75, 2.625], "texture": "#0"},
				"south": {"uv": [7, 11.75, 7.125, 11.875], "texture": "#0"},
				"west": {"uv": [2.75, 11.5, 3, 11.625], "texture": "#0"},
				"up": {"uv": [11.625, 3, 11.5, 2.75], "texture": "#0"},
				"down": {"uv": [3.125, 11.5, 3, 11.75], "texture": "#0"}
			}
		},
		{
			"from": [7.7961, 30.6, 10.90224],
			"to": [7.87766, 30.7, 11.60865],
			"rotation": {"angle": 0, "axis": "y", "origin": [5.83688, 27.4, 8.70545]},
			"faces": {
				"north": {"uv": [11.75, 7, 11.875, 7.125], "texture": "#0"},
				"east": {"uv": [7.25, 11.75, 7.375, 11.875], "texture": "#0"},
				"south": {"uv": [11.75, 7.25, 11.875, 7.375], "texture": "#0"},
				"west": {"uv": [7.5, 11.75, 7.625, 11.875], "texture": "#0"},
				"up": {"uv": [11.875, 7.625, 11.75, 7.5], "texture": "#0"},
				"down": {"uv": [7.875, 11.75, 7.75, 11.875], "texture": "#0"}
			}
		},
		{
			"from": [7.7961, 30.7, 11.30224],
			"to": [7.87766, 30.8, 11.60865],
			"rotation": {"angle": 0, "axis": "y", "origin": [5.83688, 27.4, 8.70545]},
			"faces": {
				"north": {"uv": [11.75, 7.75, 11.875, 7.875], "texture": "#0"},
				"east": {"uv": [8, 11.75, 8.125, 11.875], "texture": "#0"},
				"south": {"uv": [11.75, 8, 11.875, 8.125], "texture": "#0"},
				"west": {"uv": [8.25, 11.75, 8.375, 11.875], "texture": "#0"},
				"up": {"uv": [11.875, 8.375, 11.75, 8.25], "texture": "#0"},
				"down": {"uv": [8.625, 11.75, 8.5, 11.875], "texture": "#0"}
			}
		},
		{
			"from": [7.87766, 30.4, 10.20224],
			"to": [7.95922, 30.5, 11.60865],
			"rotation": {"angle": 0, "axis": "y", "origin": [4.91844, 27.4, 8.70545]},
			"faces": {
				"north": {"uv": [11.75, 8.5, 11.875, 8.625], "texture": "#0"},
				"east": {"uv": [11, 4.75, 11.375, 4.875], "texture": "#0"},
				"south": {"uv": [8.75, 11.75, 8.875, 11.875], "texture": "#0"},
				"west": {"uv": [11, 5, 11.375, 5.125], "texture": "#0"},
				"up": {"uv": [11.125, 5.625, 11, 5.25], "texture": "#0"},
				"down": {"uv": [11.125, 5.75, 11, 6.125], "texture": "#0"}
			}
		},
		{
			"from": [7.87766, 30.5, 10.40224],
			"to": [7.95922, 30.6, 11.60865],
			"rotation": {"angle": 0, "axis": "y", "origin": [4.91844, 27.4, 8.70545]},
			"faces": {
				"north": {"uv": [11.75, 8.75, 11.875, 8.875], "texture": "#0"},
				"east": {"uv": [11.5, 3, 11.75, 3.125], "texture": "#0"},
				"south": {"uv": [9, 11.75, 9.125, 11.875], "texture": "#0"},
				"west": {"uv": [11.5, 3.25, 11.75, 3.375], "texture": "#0"},
				"up": {"uv": [11.625, 3.75, 11.5, 3.5], "texture": "#0"},
				"down": {"uv": [3.875, 11.5, 3.75, 11.75], "texture": "#0"}
			}
		},
		{
			"from": [7.87766, 30.6, 10.70224],
			"to": [7.95922, 30.7, 11.60865],
			"rotation": {"angle": 0, "axis": "y", "origin": [4.91844, 27.4, 8.70545]},
			"faces": {
				"north": {"uv": [11.75, 9, 11.875, 9.125], "texture": "#0"},
				"east": {"uv": [11.5, 3.75, 11.75, 3.875], "texture": "#0"},
				"south": {"uv": [9.25, 11.75, 9.375, 11.875], "texture": "#0"},
				"west": {"uv": [4, 11.5, 4.25, 11.625], "texture": "#0"},
				"up": {"uv": [11.625, 4.25, 11.5, 4], "texture": "#0"},
				"down": {"uv": [4.375, 11.5, 4.25, 11.75], "texture": "#0"}
			}
		},
		{
			"from": [7.87766, 30.7, 11.10224],
			"to": [7.95922, 30.8, 11.60865],
			"rotation": {"angle": 0, "axis": "y", "origin": [4.91844, 27.4, 8.70545]},
			"faces": {
				"north": {"uv": [11.75, 9.25, 11.875, 9.375], "texture": "#0"},
				"east": {"uv": [9.5, 11.75, 9.625, 11.875], "texture": "#0"},
				"south": {"uv": [11.75, 9.5, 11.875, 9.625], "texture": "#0"},
				"west": {"uv": [9.75, 11.75, 9.875, 11.875], "texture": "#0"},
				"up": {"uv": [11.875, 9.875, 11.75, 9.75], "texture": "#0"},
				"down": {"uv": [10.125, 11.75, 10, 11.875], "texture": "#0"}
			}
		},
		{
			"from": [7.95922, 30.4, 10.10224],
			"to": [8.04078, 30.5, 11.60865],
			"rotation": {"angle": 0, "axis": "y", "origin": [4, 27.4, 8.70545]},
			"faces": {
				"north": {"uv": [11.75, 10, 11.875, 10.125], "texture": "#0"},
				"east": {"uv": [11, 6.25, 11.375, 6.375], "texture": "#0"},
				"south": {"uv": [10.25, 11.75, 10.375, 11.875], "texture": "#0"},
				"west": {"uv": [6.5, 11, 6.875, 11.125], "texture": "#0"},
				"up": {"uv": [11.125, 6.875, 11, 6.5], "texture": "#0"},
				"down": {"uv": [7.125, 11, 7, 11.375], "texture": "#0"}
			}
		},
		{
			"from": [7.95922, 30.5, 10.30224],
			"to": [8.04078, 30.6, 11.60865],
			"rotation": {"angle": 0, "axis": "y", "origin": [4, 27.4, 8.70545]},
			"faces": {
				"north": {"uv": [11.75, 10.25, 11.875, 10.375], "texture": "#0"},
				"east": {"uv": [11, 7, 11.375, 7.125], "texture": "#0"},
				"south": {"uv": [10.5, 11.75, 10.625, 11.875], "texture": "#0"},
				"west": {"uv": [7.25, 11, 7.625, 11.125], "texture": "#0"},
				"up": {"uv": [11.125, 7.625, 11, 7.25], "texture": "#0"},
				"down": {"uv": [7.875, 11, 7.75, 11.375], "texture": "#0"}
			}
		},
		{
			"from": [7.95922, 30.6, 10.60224],
			"to": [8.04078, 30.7, 11.60865],
			"rotation": {"angle": 0, "axis": "y", "origin": [4, 27.4, 8.70545]},
			"faces": {
				"north": {"uv": [11.75, 10.5, 11.875, 10.625], "texture": "#0"},
				"east": {"uv": [11.5, 4.25, 11.75, 4.375], "texture": "#0"},
				"south": {"uv": [10.75, 11.75, 10.875, 11.875], "texture": "#0"},
				"west": {"uv": [11.5, 4.5, 11.75, 4.625], "texture": "#0"},
				"up": {"uv": [4.875, 11.75, 4.75, 11.5], "texture": "#0"},
				"down": {"uv": [11.625, 4.75, 11.5, 5], "texture": "#0"}
			}
		},
		{
			"from": [7.95922, 30.7, 11.00224],
			"to": [8.04078, 30.8, 11.60865],
			"rotation": {"angle": 0, "axis": "y", "origin": [4, 27.4, 8.70545]},
			"faces": {
				"north": {"uv": [11.75, 10.75, 11.875, 10.875], "texture": "#0"},
				"east": {"uv": [11, 11.75, 11.125, 11.875], "texture": "#0"},
				"south": {"uv": [11.75, 11, 11.875, 11.125], "texture": "#0"},
				"west": {"uv": [11.25, 11.75, 11.375, 11.875], "texture": "#0"},
				"up": {"uv": [11.875, 11.375, 11.75, 11.25], "texture": "#0"},
				"down": {"uv": [11.625, 11.75, 11.5, 11.875], "texture": "#0"}
			}
		},
		{
			"from": [7.95922, 30.8, 11.50224],
			"to": [8.04078, 30.9, 11.60865],
			"rotation": {"angle": 0, "axis": "y", "origin": [4, 27.4, 8.70545]},
			"faces": {
				"north": {"uv": [11.75, 11.5, 11.875, 11.625], "texture": "#0"},
				"east": {"uv": [11.75, 11.75, 11.875, 11.875], "texture": "#0"},
				"south": {"uv": [0, 12, 0.125, 12.125], "texture": "#0"},
				"west": {"uv": [12, 0, 12.125, 0.125], "texture": "#0"},
				"up": {"uv": [0.375, 12.125, 0.25, 12], "texture": "#0"},
				"down": {"uv": [12.125, 0.25, 12, 0.375], "texture": "#0"}
			}
		},
		{
			"from": [8.04078, 30.4, 10.20224],
			"to": [8.12234, 30.5, 11.60865],
			"rotation": {"angle": 0, "axis": "y", "origin": [3.08156, 27.4, 8.70545]},
			"faces": {
				"north": {"uv": [0.5, 12, 0.625, 12.125], "texture": "#0"},
				"east": {"uv": [11, 7.75, 11.375, 7.875], "texture": "#0"},
				"south": {"uv": [12, 0.5, 12.125, 0.625], "texture": "#0"},
				"west": {"uv": [11, 8, 11.375, 8.125], "texture": "#0"},
				"up": {"uv": [8.125, 11.375, 8, 11], "texture": "#0"},
				"down": {"uv": [11.125, 8.25, 11, 8.625], "texture": "#0"}
			}
		},
		{
			"from": [8.04078, 30.5, 10.40224],
			"to": [8.12234, 30.6, 11.60865],
			"rotation": {"angle": 0, "axis": "y", "origin": [3.08156, 27.4, 8.70545]},
			"faces": {
				"north": {"uv": [0.75, 12, 0.875, 12.125], "texture": "#0"},
				"east": {"uv": [5, 11.5, 5.25, 11.625], "texture": "#0"},
				"south": {"uv": [12, 0.75, 12.125, 0.875], "texture": "#0"},
				"west": {"uv": [11.5, 5, 11.75, 5.125], "texture": "#0"},
				"up": {"uv": [5.375, 11.75, 5.25, 11.5], "texture": "#0"},
				"down": {"uv": [11.625, 5.25, 11.5, 5.5], "texture": "#0"}
			}
		},
		{
			"from": [8.04078, 30.6, 10.70224],
			"to": [8.12234, 30.7, 11.60865],
			"rotation": {"angle": 0, "axis": "y", "origin": [3.08156, 27.4, 8.70545]},
			"faces": {
				"north": {"uv": [1, 12, 1.125, 12.125], "texture": "#0"},
				"east": {"uv": [5.5, 11.5, 5.75, 11.625], "texture": "#0"},
				"south": {"uv": [12, 1, 12.125, 1.125], "texture": "#0"},
				"west": {"uv": [11.5, 5.5, 11.75, 5.625], "texture": "#0"},
				"up": {"uv": [5.875, 11.75, 5.75, 11.5], "texture": "#0"},
				"down": {"uv": [11.625, 5.75, 11.5, 6], "texture": "#0"}
			}
		},
		{
			"from": [8.04078, 30.7, 11.10224],
			"to": [8.12234, 30.8, 11.60865],
			"rotation": {"angle": 0, "axis": "y", "origin": [3.08156, 27.4, 8.70545]},
			"faces": {
				"north": {"uv": [1.25, 12, 1.375, 12.125], "texture": "#0"},
				"east": {"uv": [12, 1.25, 12.125, 1.375], "texture": "#0"},
				"south": {"uv": [1.5, 12, 1.625, 12.125], "texture": "#0"},
				"west": {"uv": [12, 1.5, 12.125, 1.625], "texture": "#0"},
				"up": {"uv": [1.875, 12.125, 1.75, 12], "texture": "#0"},
				"down": {"uv": [12.125, 1.75, 12, 1.875], "texture": "#0"}
			}
		},
		{
			"from": [8.12234, 30.4, 10.40224],
			"to": [8.2039, 30.5, 11.60865],
			"rotation": {"angle": 0, "axis": "y", "origin": [2.16312, 27.4, 8.70545]},
			"faces": {
				"north": {"uv": [2, 12, 2.125, 12.125], "texture": "#0"},
				"east": {"uv": [6, 11.5, 6.25, 11.625], "texture": "#0"},
				"south": {"uv": [12, 2, 12.125, 2.125], "texture": "#0"},
				"west": {"uv": [11.5, 6, 11.75, 6.125], "texture": "#0"},
				"up": {"uv": [6.375, 11.75, 6.25, 11.5], "texture": "#0"},
				"down": {"uv": [11.625, 6.25, 11.5, 6.5], "texture": "#0"}
			}
		},
		{
			"from": [8.12234, 30.5, 10.60224],
			"to": [8.2039, 30.6, 11.60865],
			"rotation": {"angle": 0, "axis": "y", "origin": [2.16312, 27.4, 8.70545]},
			"faces": {
				"north": {"uv": [2.25, 12, 2.375, 12.125], "texture": "#0"},
				"east": {"uv": [6.5, 11.5, 6.75, 11.625], "texture": "#0"},
				"south": {"uv": [12, 2.25, 12.125, 2.375], "texture": "#0"},
				"west": {"uv": [11.5, 6.5, 11.75, 6.625], "texture": "#0"},
				"up": {"uv": [6.875, 11.75, 6.75, 11.5], "texture": "#0"},
				"down": {"uv": [11.625, 6.75, 11.5, 7], "texture": "#0"}
			}
		},
		{
			"from": [8.12234, 30.6, 10.90224],
			"to": [8.2039, 30.7, 11.60865],
			"rotation": {"angle": 0, "axis": "y", "origin": [2.16312, 27.4, 8.70545]},
			"faces": {
				"north": {"uv": [2.5, 12, 2.625, 12.125], "texture": "#0"},
				"east": {"uv": [12, 2.5, 12.125, 2.625], "texture": "#0"},
				"south": {"uv": [2.75, 12, 2.875, 12.125], "texture": "#0"},
				"west": {"uv": [12, 2.75, 12.125, 2.875], "texture": "#0"},
				"up": {"uv": [3.125, 12.125, 3, 12], "texture": "#0"},
				"down": {"uv": [12.125, 3, 12, 3.125], "texture": "#0"}
			}
		},
		{
			"from": [8.12234, 30.7, 11.30224],
			"to": [8.2039, 30.8, 11.60865],
			"rotation": {"angle": 0, "axis": "y", "origin": [2.16312, 27.4, 8.70545]},
			"faces": {
				"north": {"uv": [3.25, 12, 3.375, 12.125], "texture": "#0"},
				"east": {"uv": [12, 3.25, 12.125, 3.375], "texture": "#0"},
				"south": {"uv": [3.5, 12, 3.625, 12.125], "texture": "#0"},
				"west": {"uv": [12, 3.5, 12.125, 3.625], "texture": "#0"},
				"up": {"uv": [3.875, 12.125, 3.75, 12], "texture": "#0"},
				"down": {"uv": [12.125, 3.75, 12, 3.875], "texture": "#0"}
			}
		},
		{
			"from": [8.2039, 30.4, 10.60224],
			"to": [8.28546, 30.5, 11.60865],
			"rotation": {"angle": 0, "axis": "y", "origin": [1.24468, 27.4, 8.70545]},
			"faces": {
				"north": {"uv": [4, 12, 4.125, 12.125], "texture": "#0"},
				"east": {"uv": [7, 11.5, 7.25, 11.625], "texture": "#0"},
				"south": {"uv": [12, 4, 12.125, 4.125], "texture": "#0"},
				"west": {"uv": [11.5, 7, 11.75, 7.125], "texture": "#0"},
				"up": {"uv": [7.375, 11.75, 7.25, 11.5], "texture": "#0"},
				"down": {"uv": [11.625, 7.25, 11.5, 7.5], "texture": "#0"}
			}
		},
		{
			"from": [8.2039, 30.5, 10.80224],
			"to": [8.28546, 30.6, 11.60865],
			"rotation": {"angle": 0, "axis": "y", "origin": [1.24468, 27.4, 8.70545]},
			"faces": {
				"north": {"uv": [4.25, 12, 4.375, 12.125], "texture": "#0"},
				"east": {"uv": [7.5, 11.5, 7.75, 11.625], "texture": "#0"},
				"south": {"uv": [12, 4.25, 12.125, 4.375], "texture": "#0"},
				"west": {"uv": [11.5, 7.5, 11.75, 7.625], "texture": "#0"},
				"up": {"uv": [7.875, 11.75, 7.75, 11.5], "texture": "#0"},
				"down": {"uv": [11.625, 7.75, 11.5, 8], "texture": "#0"}
			}
		},
		{
			"from": [8.2039, 30.6, 11.10224],
			"to": [8.28546, 30.7, 11.60865],
			"rotation": {"angle": 0, "axis": "y", "origin": [1.24468, 27.4, 8.70545]},
			"faces": {
				"north": {"uv": [4.5, 12, 4.625, 12.125], "texture": "#0"},
				"east": {"uv": [12, 4.5, 12.125, 4.625], "texture": "#0"},
				"south": {"uv": [4.75, 12, 4.875, 12.125], "texture": "#0"},
				"west": {"uv": [12, 4.75, 12.125, 4.875], "texture": "#0"},
				"up": {"uv": [5.125, 12.125, 5, 12], "texture": "#0"},
				"down": {"uv": [12.125, 5, 12, 5.125], "texture": "#0"}
			}
		},
		{
			"from": [8.2039, 30.7, 11.50224],
			"to": [8.28546, 30.8, 11.60865],
			"rotation": {"angle": 0, "axis": "y", "origin": [1.24468, 27.4, 8.70545]},
			"faces": {
				"north": {"uv": [5.25, 12, 5.375, 12.125], "texture": "#0"},
				"east": {"uv": [12, 5.25, 12.125, 5.375], "texture": "#0"},
				"south": {"uv": [5.5, 12, 5.625, 12.125], "texture": "#0"},
				"west": {"uv": [12, 5.5, 12.125, 5.625], "texture": "#0"},
				"up": {"uv": [5.875, 12.125, 5.75, 12], "texture": "#0"},
				"down": {"uv": [12.125, 5.75, 12, 5.875], "texture": "#0"}
			}
		},
		{
			"from": [8.28546, 30.4, 10.80224],
			"to": [8.36702, 30.5, 11.60865],
			"rotation": {"angle": 0, "axis": "y", "origin": [0.32624, 27.4, 8.70545]},
			"faces": {
				"north": {"uv": [6, 12, 6.125, 12.125], "texture": "#0"},
				"east": {"uv": [8, 11.5, 8.25, 11.625], "texture": "#0"},
				"south": {"uv": [12, 6, 12.125, 6.125], "texture": "#0"},
				"west": {"uv": [11.5, 8, 11.75, 8.125], "texture": "#0"},
				"up": {"uv": [8.375, 11.75, 8.25, 11.5], "texture": "#0"},
				"down": {"uv": [11.625, 8.25, 11.5, 8.5], "texture": "#0"}
			}
		},
		{
			"from": [8.28546, 30.5, 11.00224],
			"to": [8.36702, 30.6, 11.60865],
			"rotation": {"angle": 0, "axis": "y", "origin": [0.32624, 27.4, 8.70545]},
			"faces": {
				"north": {"uv": [6.25, 12, 6.375, 12.125], "texture": "#0"},
				"east": {"uv": [12, 6.25, 12.125, 6.375], "texture": "#0"},
				"south": {"uv": [6.5, 12, 6.625, 12.125], "texture": "#0"},
				"west": {"uv": [12, 6.5, 12.125, 6.625], "texture": "#0"},
				"up": {"uv": [6.875, 12.125, 6.75, 12], "texture": "#0"},
				"down": {"uv": [12.125, 6.75, 12, 6.875], "texture": "#0"}
			}
		},
		{
			"from": [8.28546, 30.6, 11.30224],
			"to": [8.36702, 30.7, 11.60865],
			"rotation": {"angle": 0, "axis": "y", "origin": [0.32624, 27.4, 8.70545]},
			"faces": {
				"north": {"uv": [7, 12, 7.125, 12.125], "texture": "#0"},
				"east": {"uv": [12, 7, 12.125, 7.125], "texture": "#0"},
				"south": {"uv": [7.25, 12, 7.375, 12.125], "texture": "#0"},
				"west": {"uv": [12, 7.25, 12.125, 7.375], "texture": "#0"},
				"up": {"uv": [7.625, 12.125, 7.5, 12], "texture": "#0"},
				"down": {"uv": [12.125, 7.5, 12, 7.625], "texture": "#0"}
			}
		},
		{
			"from": [8.36702, 30.4, 11.00224],
			"to": [8.44858, 30.5, 11.60865],
			"rotation": {"angle": 0, "axis": "y", "origin": [-0.5922, 27.4, 8.70545]},
			"faces": {
				"north": {"uv": [7.75, 12, 7.875, 12.125], "texture": "#0"},
				"east": {"uv": [12, 7.75, 12.125, 7.875], "texture": "#0"},
				"south": {"uv": [8, 12, 8.125, 12.125], "texture": "#0"},
				"west": {"uv": [12, 8, 12.125, 8.125], "texture": "#0"},
				"up": {"uv": [8.375, 12.125, 8.25, 12], "texture": "#0"},
				"down": {"uv": [12.125, 8.25, 12, 8.375], "texture": "#0"}
			}
		},
		{
			"from": [8.36702, 30.5, 11.20224],
			"to": [8.44858, 30.6, 11.60865],
			"rotation": {"angle": 0, "axis": "y", "origin": [-0.5922, 27.4, 8.70545]},
			"faces": {
				"north": {"uv": [8.5, 12, 8.625, 12.125], "texture": "#0"},
				"east": {"uv": [12, 8.5, 12.125, 8.625], "texture": "#0"},
				"south": {"uv": [8.75, 12, 8.875, 12.125], "texture": "#0"},
				"west": {"uv": [12, 8.75, 12.125, 8.875], "texture": "#0"},
				"up": {"uv": [9.125, 12.125, 9, 12], "texture": "#0"},
				"down": {"uv": [12.125, 9, 12, 9.125], "texture": "#0"}
			}
		},
		{
			"from": [8.36702, 30.6, 11.50224],
			"to": [8.44858, 30.7, 11.60865],
			"rotation": {"angle": 0, "axis": "y", "origin": [-0.5922, 27.4, 8.70545]},
			"faces": {
				"north": {"uv": [9.25, 12, 9.375, 12.125], "texture": "#0"},
				"east": {"uv": [12, 9.25, 12.125, 9.375], "texture": "#0"},
				"south": {"uv": [9.5, 12, 9.625, 12.125], "texture": "#0"},
				"west": {"uv": [12, 9.5, 12.125, 9.625], "texture": "#0"},
				"up": {"uv": [9.875, 12.125, 9.75, 12], "texture": "#0"},
				"down": {"uv": [12.125, 9.75, 12, 9.875], "texture": "#0"}
			}
		},
		{
			"from": [7.55142, 27.75, 8.39134],
			"to": [7.63298, 31.5, 8.59776],
			"rotation": {"angle": 45, "axis": "x", "origin": [7.5922, 27.75, 8.39455]},
			"faces": {
				"north": {"uv": [10, 4, 10.125, 5], "texture": "#0"},
				"east": {"uv": [10, 5, 10.125, 6], "texture": "#0"},
				"south": {"uv": [10, 6, 10.125, 7], "texture": "#0"},
				"west": {"uv": [6.5, 10, 6.625, 11], "texture": "#0"},
				"up": {"uv": [10.125, 12.125, 10, 12], "texture": "#0"},
				"down": {"uv": [12.125, 10, 12, 10.125], "texture": "#0"}
			}
		},
		{
			"from": [7.55142, 27.75, 10.89134],
			"to": [7.63298, 30.4, 11.09776],
			"rotation": {"angle": 0, "axis": "y", "origin": [7.5922, 27.75, 8.39455]},
			"faces": {
				"north": {"uv": [10.75, 10.75, 10.875, 11.375], "texture": "#0"},
				"east": {"uv": [11, 0.25, 11.125, 0.875], "texture": "#0"},
				"south": {"uv": [1, 11, 1.125, 11.625], "texture": "#0"},
				"west": {"uv": [11, 1, 11.125, 1.625], "texture": "#0"},
				"up": {"uv": [10.375, 12.125, 10.25, 12], "texture": "#0"},
				"down": {"uv": [12.125, 10.25, 12, 10.375], "texture": "#0"}
			}
		},
		{
			"from": [8.12234, 27.75, 7.79134],
			"to": [8.2039, 31.5, 7.99776],
			"rotation": {"angle": 45, "axis": "x", "origin": [8.16312, 27.75, 7.79455]},
			"faces": {
				"north": {"uv": [6.75, 10, 6.875, 11], "texture": "#0"},
				"east": {"uv": [7, 10, 7.125, 11], "texture": "#0"},
				"south": {"uv": [10, 7, 10.125, 8], "texture": "#0"},
				"west": {"uv": [7.25, 10, 7.375, 11], "texture": "#0"},
				"up": {"uv": [10.625, 12.125, 10.5, 12], "texture": "#0"},
				"down": {"uv": [12.125, 10.5, 12, 10.625], "texture": "#0"}
			}
		},
		{
			"from": [8.12234, 27.75, 10.29134],
			"to": [8.2039, 30.4, 11.49776],
			"rotation": {"angle": 0, "axis": "y", "origin": [8.16312, 27.75, 7.79455]},
			"faces": {
				"north": {"uv": [1.25, 11, 1.375, 11.625], "texture": "#0"},
				"east": {"uv": [9.25, 7.5, 9.5, 8.125], "texture": "#0"},
				"south": {"uv": [11, 1.75, 11.125, 2.375], "texture": "#0"},
				"west": {"uv": [9.25, 8.25, 9.5, 8.875], "texture": "#0"},
				"up": {"uv": [8.625, 11.75, 8.5, 11.5], "texture": "#0"},
				"down": {"uv": [11.625, 8.5, 11.5, 8.75], "texture": "#0"}
			}
		},
		{
			"from": [8.04078, 27.75, 7.59134],
			"to": [8.12234, 31.5, 7.79776],
			"rotation": {"angle": 45, "axis": "x", "origin": [8.08156, 27.75, 7.59455]},
			"faces": {
				"north": {"uv": [7.5, 10, 7.625, 11], "texture": "#0"},
				"east": {"uv": [7.75, 10, 7.875, 11], "texture": "#0"},
				"south": {"uv": [8, 10, 8.125, 11], "texture": "#0"},
				"west": {"uv": [10, 8, 10.125, 9], "texture": "#0"},
				"up": {"uv": [10.875, 12.125, 10.75, 12], "texture": "#0"},
				"down": {"uv": [12.125, 10.75, 12, 10.875], "texture": "#0"}
			}
		},
		{
			"from": [8.04078, 27.75, 10.09134],
			"to": [8.12234, 30.4, 11.29776],
			"rotation": {"angle": 0, "axis": "y", "origin": [8.08156, 27.75, 7.59455]},
			"faces": {
				"north": {"uv": [11, 2.5, 11.125, 3.125], "texture": "#0"},
				"east": {"uv": [9.25, 9, 9.5, 9.625], "texture": "#0"},
				"south": {"uv": [3.25, 11, 3.375, 11.625], "texture": "#0"},
				"west": {"uv": [9.5, 0, 9.75, 0.625], "texture": "#0"},
				"up": {"uv": [8.875, 11.75, 8.75, 11.5], "texture": "#0"},
				"down": {"uv": [11.625, 8.75, 11.5, 9], "texture": "#0"}
			}
		},
		{
			"from": [7.4922, 27.75123, 8.59159],
			"to": [7.55142, 30.30123, 10.29799],
			"rotation": {"angle": 45, "axis": "x", "origin": [7.52181, 27.75, 8.59479]},
			"faces": {
				"north": {"uv": [11, 3.25, 11.125, 3.875], "texture": "#0"},
				"east": {"uv": [2.25, 2.75, 2.625, 3.375], "texture": "#0"},
				"south": {"uv": [3.5, 11, 3.625, 11.625], "texture": "#0"},
				"west": {"uv": [2.25, 8.25, 2.625, 8.875], "texture": "#0"},
				"up": {"uv": [11.125, 11.125, 11, 10.75], "texture": "#0"},
				"down": {"uv": [0.375, 11.25, 0.25, 11.625], "texture": "#0"}
			}
		},
		{
			"from": [8.44858, 27.75123, 8.59159],
			"to": [8.5078, 30.30123, 10.29799],
			"rotation": {"angle": 45, "axis": "x", "origin": [8.47819, 27.75, 8.59479]},
			"faces": {
				"north": {"uv": [11, 4, 11.125, 4.625], "texture": "#0"},
				"east": {"uv": [2.75, 8.25, 3.125, 8.875], "texture": "#0"},
				"south": {"uv": [4.5, 11, 4.625, 11.625], "texture": "#0"},
				"west": {"uv": [8.25, 3, 8.625, 3.625], "texture": "#0"},
				"up": {"uv": [11.375, 0.625, 11.25, 0.25], "texture": "#0"},
				"down": {"uv": [0.625, 11.25, 0.5, 11.625], "texture": "#0"}
			}
		}
	],
	"display": {
		"thirdperson_righthand": {
			"translation": [0, 8, 1.5],
			"scale": [0.4, 0.55, 0.25]
		},
		"thirdperson_lefthand": {
			"translation": [0, 72.25, 2.75],
			"scale": [4, 4, 4]
		},
		"firstperson_righthand": {
			"translation": [0.5, 6.5, -0.5],
			"scale": [0.4, 0.45, 0.25]
		},
		"firstperson_lefthand": {
			"translation": [0.5, 6.5, -0.25],
			"scale": [0.4, 0.45, 0.25]
		},
		"ground": {
			"translation": [0, 19, 0]
		},
		"gui": {
			"rotation": [90, 49.75, -90],
			"scale": [0.42, 0.42, 0.42]
		},
		"head": {
			"translation": [0, 0, -4.75]
		}
	},
	"groups": [
		{
			"name": "ChosenDo",
			"origin": [8, 8, 8],
			"color": 0,
			"children": [
				{
					"name": "hilt",
					"origin": [8, 8, 8],
					"color": 0,
					"children": [0, 1, 2, 3, 4, 5, 6, 7]
				},
				{
					"name": "blocker",
					"origin": [8, 8, 8],
					"color": 0,
					"children": [8, 9, 10, 11, 12, 13, 14]
				},
				{
					"name": "blade1",
					"origin": [8, 8, 8],
					"color": 0,
					"children": [15, 16, 17, 18, 19]
				},
				{
					"name": "blade2",
					"origin": [8, 8, 8],
					"color": 0,
					"children": [20, 21, 22, 23, 24]
				},
				{
					"name": "blade3",
					"origin": [8, 8, 8],
					"color": 0,
					"children": [25, 26, 27, 28, 29]
				},
				{
					"name": "blade4",
					"origin": [8, 8, 8],
					"color": 0,
					"children": [30, 31, 32, 33, 34]
				},
				{
					"name": "blade5",
					"origin": [8, 8, 8],
					"color": 0,
					"children": [35, 36, 37, 38, 39]
				},
				{
					"name": "blade6",
					"origin": [8, 8, 8],
					"color": 0,
					"children": [40, 41, 42, 43, 44, 45, 46]
				},
				{
					"name": "blade7",
					"origin": [8, 8, 8],
					"color": 0,
					"children": [
						47,
						48,
						49,
						50,
						51,
						52,
						53,
						54,
						55,
						56,
						57,
						58,
						59,
						60,
						61,
						62,
						63,
						64,
						65,
						66,
						67,
						68,
						69,
						70,
						71,
						72,
						73,
						74,
						75,
						76,
						77,
						78,
						79,
						80,
						81,
						82,
						83,
						84,
						85,
						86,
						87,
						88,
						89,
						90,
						91,
						92,
						93,
						94,
						95,
						96,
						97,
						98,
						99,
						100,
						101,
						102,
						103,
						104,
						105,
						106,
						107,
						108,
						109,
						110,
						111
					]
				}
			]
		}
	]
}