{
	"credit": "Made with Blockbench",
	"texture_size": [32, 32],
	"textures": {
		"0": "item/clerichood",
		"particle": "item/clerichood"
	},
	"elements": [
		{
			"from": [5.25, 1, 0.25],
			"to": [6, 3, 4.25],
			"faces": {
				"north": {"uv": [0, 7, 0.375, 8], "texture": "#0"},
				"east": {"uv": [2, 0, 4, 1], "texture": "#0"},
				"south": {"uv": [0.5, 7, 0.875, 8], "texture": "#0"},
				"west": {"uv": [2, 1, 4, 2], "texture": "#0"},
				"up": {"uv": [3.875, 8, 3.5, 6], "texture": "#0"},
				"down": {"uv": [4.375, 6, 4, 8], "texture": "#0"}
			}
		},
		{
			"from": [10, 1, 0.25],
			"to": [10.75, 3, 4.25],
			"faces": {
				"north": {"uv": [2.5, 7, 2.875, 8], "texture": "#0"},
				"east": {"uv": [2, 2, 4, 3], "texture": "#0"},
				"south": {"uv": [3, 7, 3.375, 8], "texture": "#0"},
				"west": {"uv": [0, 2.5, 2, 3.5], "texture": "#0"},
				"up": {"uv": [4.875, 8, 4.5, 6], "texture": "#0"},
				"down": {"uv": [5.375, 6, 5, 8], "texture": "#0"}
			}
		},
		{
			"from": [6, 1, 4],
			"to": [10, 3, 4.75],
			"faces": {
				"north": {"uv": [2, 3, 4, 4], "texture": "#0"},
				"east": {"uv": [7, 4, 7.375, 5], "texture": "#0"},
				"south": {"uv": [0, 3.5, 2, 4.5], "texture": "#0"},
				"west": {"uv": [6, 7, 6.375, 8], "texture": "#0"},
				"up": {"uv": [7.5, 6.375, 5.5, 6], "texture": "#0"},
				"down": {"uv": [8.5, 0, 6.5, 0.375], "texture": "#0"}
			}
		},
		{
			"from": [5.5, 3, -0.25],
			"to": [6, 4, 4],
			"faces": {
				"north": {"uv": [4.5, 8, 4.75, 8.5], "texture": "#0"},
				"east": {"uv": [4.5, 1, 6.625, 1.5], "texture": "#0"},
				"south": {"uv": [8, 4.5, 8.25, 5], "texture": "#0"},
				"west": {"uv": [4.5, 1.5, 6.625, 2], "texture": "#0"},
				"up": {"uv": [1.25, 8.625, 1, 6.5], "texture": "#0"},
				"down": {"uv": [1.75, 6.5, 1.5, 8.625], "texture": "#0"}
			}
		},
		{
			"from": [10, 3, -0.25],
			"to": [10.5, 4, 4],
			"faces": {
				"north": {"uv": [5, 8, 5.25, 8.5], "texture": "#0"},
				"east": {"uv": [4.5, 2, 6.625, 2.5], "texture": "#0"},
				"south": {"uv": [8, 5, 8.25, 5.5], "texture": "#0"},
				"west": {"uv": [2.5, 4.5, 4.625, 5], "texture": "#0"},
				"up": {"uv": [2.25, 8.625, 2, 6.5], "texture": "#0"},
				"down": {"uv": [5.75, 6.5, 5.5, 8.625], "texture": "#0"}
			}
		},
		{
			"from": [6, 3, 4],
			"to": [10, 4, 4.5],
			"faces": {
				"north": {"uv": [4.5, 2.5, 6.5, 3], "texture": "#0"},
				"east": {"uv": [8, 5.5, 8.25, 6], "texture": "#0"},
				"south": {"uv": [4.5, 3, 6.5, 3.5], "texture": "#0"},
				"west": {"uv": [6, 8, 6.25, 8.5], "texture": "#0"},
				"up": {"uv": [8.5, 3.25, 6.5, 3], "texture": "#0"},
				"down": {"uv": [8.5, 3.5, 6.5, 3.75], "texture": "#0"}
			}
		},
		{
			"from": [9, 4, 0],
			"to": [10, 4.5, 4],
			"faces": {
				"north": {"uv": [8, 6, 8.5, 6.25], "texture": "#0"},
				"east": {"uv": [6, 6.5, 8, 6.75], "texture": "#0"},
				"south": {"uv": [6.5, 8, 7, 8.25], "texture": "#0"},
				"west": {"uv": [7, 1, 9, 1.25], "texture": "#0"},
				"up": {"uv": [1.5, 6.5, 1, 4.5], "texture": "#0"},
				"down": {"uv": [2, 4.5, 1.5, 6.5], "texture": "#0"}
			}
		},
		{
			"from": [6, 4, 0],
			"to": [7, 4.5, 4],
			"faces": {
				"north": {"uv": [8, 6.5, 8.5, 6.75], "texture": "#0"},
				"east": {"uv": [7, 1.5, 9, 1.75], "texture": "#0"},
				"south": {"uv": [7, 8, 7.5, 8.25], "texture": "#0"},
				"west": {"uv": [7, 2, 9, 2.25], "texture": "#0"},
				"up": {"uv": [3, 7, 2.5, 5], "texture": "#0"},
				"down": {"uv": [3.5, 5, 3, 7], "texture": "#0"}
			}
		},
		{
			"from": [7, 4, -0.25],
			"to": [9, 4.75, 4],
			"faces": {
				"north": {"uv": [6.5, 7, 7.5, 7.375], "texture": "#0"},
				"east": {"uv": [5.5, 5, 7.625, 5.375], "texture": "#0"},
				"south": {"uv": [7.5, 4, 8.5, 4.375], "texture": "#0"},
				"west": {"uv": [5.5, 5.5, 7.625, 5.875], "texture": "#0"},
				"up": {"uv": [1, 2.125, 0, 0], "texture": "#0"},
				"down": {"uv": [2, 0, 1, 2.125], "texture": "#0"}
			}
		},
		{
			"from": [8, -3.25, -0.5],
			"to": [8.75, -2.5, -0.25],
			"rotation": {"angle": 45, "axis": "z", "origin": [0, 0, 0]},
			"faces": {
				"north": {"uv": [3.5, 8, 3.875, 8.375], "texture": "#0"},
				"east": {"uv": [3, 8.5, 3.125, 8.875], "texture": "#0"},
				"south": {"uv": [4, 8, 4.375, 8.375], "texture": "#0"},
				"west": {"uv": [8.5, 3, 8.625, 3.375], "texture": "#0"},
				"up": {"uv": [3.875, 8.625, 3.5, 8.5], "texture": "#0"},
				"down": {"uv": [8.875, 3.5, 8.5, 3.625], "texture": "#0"}
			}
		},
		{
			"from": [6, 3.25, -0.25],
			"to": [10, 4, 0],
			"faces": {
				"north": {"uv": [6.5, 0.5, 8.5, 0.875], "texture": "#0"},
				"east": {"uv": [4, 8.5, 4.125, 8.875], "texture": "#0"},
				"south": {"uv": [6.5, 2.5, 8.5, 2.875], "texture": "#0"},
				"west": {"uv": [8.5, 4, 8.625, 4.375], "texture": "#0"},
				"up": {"uv": [8.5, 7.625, 6.5, 7.5], "texture": "#0"},
				"down": {"uv": [9.5, 7, 7.5, 7.125], "texture": "#0"}
			}
		},
		{
			"from": [9, 2.75, -0.25],
			"to": [10, 3.25, 0],
			"faces": {
				"north": {"uv": [7.5, 8, 8, 8.25], "texture": "#0"},
				"east": {"uv": [4.5, 8.5, 4.625, 8.75], "texture": "#0"},
				"south": {"uv": [8, 8, 8.5, 8.25], "texture": "#0"},
				"west": {"uv": [8.5, 4.5, 8.625, 4.75], "texture": "#0"},
				"up": {"uv": [1, 8.625, 0.5, 8.5], "texture": "#0"},
				"down": {"uv": [9, 0.5, 8.5, 0.625], "texture": "#0"}
			}
		},
		{
			"from": [6, 2.75, -0.25],
			"to": [7, 3.25, 0],
			"faces": {
				"north": {"uv": [0, 8.5, 0.5, 8.75], "texture": "#0"},
				"east": {"uv": [5, 8.5, 5.125, 8.75], "texture": "#0"},
				"south": {"uv": [8.5, 0, 9, 0.25], "texture": "#0"},
				"west": {"uv": [8.5, 5, 8.625, 5.25], "texture": "#0"},
				"up": {"uv": [3, 8.625, 2.5, 8.5], "texture": "#0"},
				"down": {"uv": [9, 2.5, 8.5, 2.625], "texture": "#0"}
			}
		},
		{
			"from": [6, 0, 4],
			"to": [10, 1, 5],
			"faces": {
				"north": {"uv": [3.5, 5, 5.5, 5.5], "texture": "#0"},
				"east": {"uv": [0, 8, 0.5, 8.5], "texture": "#0"},
				"south": {"uv": [5, 4, 7, 4.5], "texture": "#0"},
				"west": {"uv": [0.5, 8, 1, 8.5], "texture": "#0"},
				"up": {"uv": [7, 5, 5, 4.5], "texture": "#0"},
				"down": {"uv": [5.5, 5.5, 3.5, 6], "texture": "#0"}
			}
		},
		{
			"from": [5, 0, 0],
			"to": [6, 1, 4.5],
			"faces": {
				"north": {"uv": [2.5, 8, 3, 8.5], "texture": "#0"},
				"east": {"uv": [2.5, 4, 4.75, 4.5], "texture": "#0"},
				"south": {"uv": [3, 8, 3.5, 8.5], "texture": "#0"},
				"west": {"uv": [4, 3.5, 6.25, 4], "texture": "#0"},
				"up": {"uv": [0.5, 6.75, 0, 4.5], "texture": "#0"},
				"down": {"uv": [1, 4.5, 0.5, 6.75], "texture": "#0"}
			}
		},
		{
			"from": [10, 0, 0],
			"to": [11, 1, 4.5],
			"faces": {
				"north": {"uv": [7.5, 4.5, 8, 5], "texture": "#0"},
				"east": {"uv": [4, 0, 6.25, 0.5], "texture": "#0"},
				"south": {"uv": [7.5, 6, 8, 6.5], "texture": "#0"},
				"west": {"uv": [4, 0.5, 6.25, 1], "texture": "#0"},
				"up": {"uv": [4.5, 3.25, 4, 1], "texture": "#0"},
				"down": {"uv": [2.5, 4, 2, 6.25], "texture": "#0"}
			}
		}
	],
	"display": {
		"thirdperson_righthand": {
			"translation": [0, 8, 6.5]
		},
		"thirdperson_lefthand": {
			"translation": [0, 7.25, 7]
		},
		"firstperson_righthand": {
			"translation": [19, 15, 0],
			"scale": [4, 4, 4]
		},
		"firstperson_lefthand": {
			"translation": [25, 12, 0],
			"scale": [4, 4, 4]
		},
		"ground": {
			"translation": [0, 12.75, 11.75],
			"scale": [2, 2, 2]
		},
		"gui": {
			"rotation": [0, -156, 0],
			"translation": [-5.75, 14, 0],
			"scale": [2.5, 2.5, 2.5]
		},
		"head": {
			"translation": [0, 19.25, 22.25],
			"scale": [3.4, 3.4, 3.6]
		},
		"fixed": {
			"translation": [0, 21.75, 18.75],
			"scale": [4, 4, 4]
		}
	}
}