{
	"credit": "Made with Blockbench",
	"texture_size": [32, 32],
	"textures": {
		"0": "block/CreateGoggle",
		"particle": "block/CreateGoggle"
	},
	"elements": [
		{
			"from": [1.25, 0, 1.25],
			"to": [14.75, 2, 14.75],
			"rotation": {"angle": 0, "axis": "y", "origin": [7, 0, 7]},
			"faces": {
				"north": {"uv": [7, 0, 14, 1], "texture": "#0"},
				"east": {"uv": [7, 1, 14, 2], "texture": "#0"},
				"south": {"uv": [7, 2, 14, 3], "texture": "#0"},
				"west": {"uv": [7, 3, 14, 4], "texture": "#0"},
				"up": {"uv": [7, 7, 0, 0], "texture": "#0"},
				"down": {"uv": [7, 7, 0, 14], "texture": "#0"}
			}
		},
		{
			"from": [9, 0, -0.75],
			"to": [14, 2, 1.25],
			"rotation": {"angle": 0, "axis": "y", "origin": [13, 0, -0.75]},
			"faces": {
				"north": {"uv": [7, 4, 9.5, 5], "texture": "#0"},
				"east": {"uv": [11, 10, 12, 11], "texture": "#0"},
				"south": {"uv": [7, 5, 9.5, 6], "texture": "#0"},
				"west": {"uv": [11, 11, 12, 12], "texture": "#0"},
				"up": {"uv": [9.5, 7, 7, 6], "texture": "#0"},
				"down": {"uv": [9.5, 7, 7, 8], "texture": "#0"}
			}
		},
		{
			"from": [2.5, 2, -0.75],
			"to": [6.5, 3, 1.25],
			"rotation": {"angle": 0, "axis": "y", "origin": [3, 2, -0.75]},
			"faces": {
				"north": {"uv": [11.5, 6, 13.5, 6.5], "texture": "#0"},
				"east": {"uv": [9, 12, 10, 12.5], "texture": "#0"},
				"south": {"uv": [11.5, 6.5, 13.5, 7], "texture": "#0"},
				"west": {"uv": [10, 12, 11, 12.5], "texture": "#0"},
				"up": {"uv": [11.5, 7, 9.5, 6], "texture": "#0"},
				"down": {"uv": [11.5, 7, 9.5, 8], "texture": "#0"}
			}
		},
		{
			"from": [9.5, 2, -0.75],
			"to": [13.5, 3, 1.25],
			"rotation": {"angle": 0, "axis": "y", "origin": [10, 2, -0.75]},
			"faces": {
				"north": {"uv": [11.5, 7, 13.5, 7.5], "texture": "#0"},
				"east": {"uv": [12, 10, 13, 10.5], "texture": "#0"},
				"south": {"uv": [11.5, 7.5, 13.5, 8], "texture": "#0"},
				"west": {"uv": [12, 10.5, 13, 11], "texture": "#0"},
				"up": {"uv": [11.5, 9, 9.5, 8], "texture": "#0"},
				"down": {"uv": [11.5, 9, 9.5, 10], "texture": "#0"}
			}
		},
		{
			"from": [9.5, -1, -0.75],
			"to": [13.5, 0, 1.25],
			"rotation": {"angle": 0, "axis": "y", "origin": [10, -1, -0.75]},
			"faces": {
				"north": {"uv": [11.5, 8, 13.5, 8.5], "texture": "#0"},
				"east": {"uv": [11, 12, 12, 12.5], "texture": "#0"},
				"south": {"uv": [11.5, 8.5, 13.5, 9], "texture": "#0"},
				"west": {"uv": [12, 11, 13, 11.5], "texture": "#0"},
				"up": {"uv": [9, 11, 7, 10], "texture": "#0"},
				"down": {"uv": [11, 10, 9, 11], "texture": "#0"}
			}
		},
		{
			"from": [2.5, -1, -0.75],
			"to": [6.5, 0, 1.25],
			"rotation": {"angle": 0, "axis": "y", "origin": [3, -1, -0.75]},
			"faces": {
				"north": {"uv": [11.5, 9, 13.5, 9.5], "texture": "#0"},
				"east": {"uv": [12, 11.5, 13, 12], "texture": "#0"},
				"south": {"uv": [11.5, 9.5, 13.5, 10], "texture": "#0"},
				"west": {"uv": [12, 12, 13, 12.5], "texture": "#0"},
				"up": {"uv": [9, 12, 7, 11], "texture": "#0"},
				"down": {"uv": [11, 11, 9, 12], "texture": "#0"}
			}
		},
		{
			"from": [2, 0, -0.75],
			"to": [7, 2, 1.25],
			"rotation": {"angle": 0, "axis": "y", "origin": [6, 0, -0.75]},
			"faces": {
				"north": {"uv": [7, 8, 9.5, 9], "texture": "#0"},
				"east": {"uv": [12, 4, 13, 5], "texture": "#0"},
				"south": {"uv": [7, 9, 9.5, 10], "texture": "#0"},
				"west": {"uv": [12, 5, 13, 6], "texture": "#0"},
				"up": {"uv": [12, 5, 9.5, 4], "texture": "#0"},
				"down": {"uv": [12, 5, 9.5, 6], "texture": "#0"}
			}
		},
		{
			"from": [7, 0, 0.25],
			"to": [9, 2, 1.25],
			"rotation": {"angle": 0, "axis": "y", "origin": [8, 0, -0.75]},
			"faces": {
				"north": {"uv": [7, 12, 8, 13], "texture": "#0"},
				"east": {"uv": [9, 12.5, 9.5, 13.5], "texture": "#0"},
				"south": {"uv": [8, 12, 9, 13], "texture": "#0"},
				"west": {"uv": [9.5, 12.5, 10, 13.5], "texture": "#0"},
				"up": {"uv": [11, 13, 10, 12.5], "texture": "#0"},
				"down": {"uv": [12, 12.5, 11, 13], "texture": "#0"}
			}
		}
	],
	"display": {
		"head": {
			"translation": [0, 10, 0]
		}
	},
	"groups": [
		{
			"name": "CreateGoggle",
			"origin": [8, 8, 8],
			"color": 0,
			"children": [0, 1, 2, 3, 4, 5, 6, 7]
		}
	]
}