{
	"credit": "Made with Blockbench",
	"textures": {
		"1": "item/cracked_deepslate_tiles",
		"4": "item/light_gray_concrete",
		"5": "item/gilded_blackstone"
	},
	"elements": [
		{
			"from": [-8, 0, 7.75],
			"to": [-6, 4, 10.25],
			"faces": {
				"north": {"uv": [0, 0, 2, 4], "texture": "#1"},
				"east": {"uv": [0, 0, 2.5, 4], "texture": "#1"},
				"south": {"uv": [0, 0, 2, 4], "texture": "#1"},
				"west": {"uv": [0, 0, 2.5, 4], "texture": "#1"},
				"up": {"uv": [0, 0, 2, 2.5], "texture": "#1"},
				"down": {"uv": [0, 0, 2, 2.5], "texture": "#1"}
			}
		},
		{
			"from": [-16, 0, 7.75],
			"to": [-8, 4, 10.25],
			"faces": {
				"north": {"uv": [0, 0, 8, 4], "texture": "#4"},
				"east": {"uv": [0, 0, 2.5, 4], "texture": "#4"},
				"south": {"uv": [0, 0, 8, 4], "texture": "#4"},
				"west": {"uv": [0, 0, 2.5, 4], "texture": "#4"},
				"up": {"uv": [0, 0, 8, 2.5], "texture": "#4"},
				"down": {"uv": [0, 0, 8, 2.5], "texture": "#4"}
			}
		},
		{
			"from": [8, 2.57322, 8.61612],
			"to": [31, 3.57322, 9.61612],
			"rotation": {"angle": 45, "axis": "x", "origin": [16, 2.82322, 9.11612]},
			"faces": {
				"north": {"uv": [0, 0, 16, 1], "texture": "#1"},
				"east": {"uv": [0, 0, 1, 1], "texture": "#1"},
				"south": {"uv": [0, 0, 16, 1], "texture": "#1"},
				"west": {"uv": [0, 0, 1, 1], "texture": "#1"},
				"up": {"uv": [0, 0, 16, 1], "texture": "#1"},
				"down": {"uv": [0, 0, 16, 1], "texture": "#1"}
			}
		},
		{
			"from": [9, 1, 8.5],
			"to": [29, 3, 9.5],
			"faces": {
				"north": {"uv": [0, 0, 16, 2], "texture": "#1"},
				"east": {"uv": [0, 0, 1, 2], "texture": "#1"},
				"south": {"uv": [0, 0, 16, 2], "texture": "#1"},
				"west": {"uv": [0, 0, 1, 2], "texture": "#1"},
				"up": {"uv": [0, 0, 16, 1], "texture": "#1"},
				"down": {"uv": [0, 0, 16, 1], "texture": "#1"}
			}
		},
		{
			"from": [8, 0.57322, 8.61612],
			"to": [31, 1.57322, 9.61612],
			"rotation": {"angle": 45, "axis": "x", "origin": [16, 0.82322, 9.11612]},
			"faces": {
				"north": {"uv": [0, 0, 16, 1], "texture": "#1"},
				"east": {"uv": [0, 0, 1, 1], "texture": "#1"},
				"south": {"uv": [0, 0, 16, 1], "texture": "#1"},
				"west": {"uv": [0, 0, 1, 1], "texture": "#1"},
				"up": {"uv": [0, 0, 16, 1], "texture": "#1"},
				"down": {"uv": [0, 0, 16, 1], "texture": "#1"}
			}
		},
		{
			"from": [13, 2.57322, 8.03033],
			"to": [31, 3.57322, 9.03033],
			"rotation": {"angle": 45, "axis": "x", "origin": [16, 2.82322, 8.53033]},
			"faces": {
				"north": {"uv": [0, 0, 16, 1], "texture": "#1"},
				"east": {"uv": [0, 0, 1, 1], "texture": "#1"},
				"south": {"uv": [0, 0, 16, 1], "texture": "#1"},
				"west": {"uv": [0, 0, 1, 1], "texture": "#1"},
				"up": {"uv": [0, 0, 16, 1], "texture": "#1"},
				"down": {"uv": [0, 0, 16, 1], "texture": "#1"}
			}
		},
		{
			"from": [8, 0.57322, 8.03033],
			"to": [31, 1.57322, 9.03033],
			"rotation": {"angle": 45, "axis": "x", "origin": [16, 0.82322, 8.53033]},
			"faces": {
				"north": {"uv": [0, 0, 16, 1], "texture": "#1"},
				"east": {"uv": [0, 0, 1, 1], "texture": "#1"},
				"south": {"uv": [0, 0, 16, 1], "texture": "#1"},
				"west": {"uv": [0, 0, 1, 1], "texture": "#1"},
				"up": {"uv": [0, 0, 16, 1], "texture": "#1"},
				"down": {"uv": [0, 0, 16, 1], "texture": "#1"}
			}
		},
		{
			"from": [-1, 2.57322, 8.36612],
			"to": [6, 3.57322, 9.86612],
			"rotation": {"angle": 45, "axis": "x", "origin": [-9, 2.82322, 9.11612]},
			"faces": {
				"north": {"uv": [0, 0, 7, 1], "texture": "#1"},
				"east": {"uv": [0, 0, 1.5, 1], "texture": "#1"},
				"south": {"uv": [0, 0, 7, 1], "texture": "#1"},
				"west": {"uv": [0, 0, 1.5, 1], "texture": "#1"},
				"up": {"uv": [0, 0, 7, 1.5], "texture": "#1"},
				"down": {"uv": [0, 0, 7, 1.5], "texture": "#1"}
			}
		},
		{
			"from": [-3, 1, 8.25],
			"to": [5, 3, 9.75],
			"rotation": {"angle": 0, "axis": "y", "origin": [-25, 0, 0]},
			"faces": {
				"north": {"uv": [0, 0, 8, 2], "texture": "#1"},
				"east": {"uv": [0, 0, 1.5, 2], "texture": "#1"},
				"south": {"uv": [0, 0, 8, 2], "texture": "#1"},
				"west": {"uv": [0, 0, 1.5, 2], "texture": "#1"},
				"up": {"uv": [0, 0, 8, 1.5], "texture": "#1"},
				"down": {"uv": [0, 0, 8, 1.5], "texture": "#1"}
			}
		},
		{
			"from": [-1, 0.57322, 8.36612],
			"to": [6, 1.57322, 9.86612],
			"rotation": {"angle": 45, "axis": "x", "origin": [-9, 0.82322, 9.11612]},
			"faces": {
				"north": {"uv": [0, 0, 7, 1], "texture": "#1"},
				"east": {"uv": [0, 0, 1.5, 1], "texture": "#1"},
				"south": {"uv": [0, 0, 7, 1], "texture": "#1"},
				"west": {"uv": [0, 0, 1.5, 1], "texture": "#1"},
				"up": {"uv": [0, 0, 7, 1.5], "texture": "#1"},
				"down": {"uv": [0, 0, 7, 1.5], "texture": "#1"}
			}
		},
		{
			"from": [1, 2.57322, 7.78033],
			"to": [6, 3.57322, 9.28033],
			"rotation": {"angle": 45, "axis": "x", "origin": [-9, 2.82322, 8.53033]},
			"faces": {
				"north": {"uv": [0, 0, 5, 1], "texture": "#1"},
				"east": {"uv": [0, 0, 1.5, 1], "texture": "#1"},
				"south": {"uv": [0, 0, 5, 1], "texture": "#1"},
				"west": {"uv": [0, 0, 1.5, 1], "texture": "#1"},
				"up": {"uv": [0, 0, 5, 1.5], "texture": "#1"},
				"down": {"uv": [0, 0, 5, 1.5], "texture": "#1"}
			}
		},
		{
			"from": [-1, 0.57322, 7.78033],
			"to": [6, 1.57322, 9.28033],
			"rotation": {"angle": 45, "axis": "x", "origin": [-9, 0.82322, 8.53033]},
			"faces": {
				"north": {"uv": [0, 0, 7, 1], "texture": "#1"},
				"east": {"uv": [0, 0, 1.5, 1], "texture": "#1"},
				"south": {"uv": [0, 0, 7, 1], "texture": "#1"},
				"west": {"uv": [0, 0, 1.5, 1], "texture": "#1"},
				"up": {"uv": [0, 0, 7, 1.5], "texture": "#1"},
				"down": {"uv": [0, 0, 7, 1.5], "texture": "#1"}
			}
		},
		{
			"from": [1, -3, 7.75],
			"to": [32, 1, 10.25],
			"faces": {
				"north": {"uv": [0, 0, 16, 4], "texture": "#4"},
				"east": {"uv": [0, 0, 2.5, 4], "texture": "#4"},
				"south": {"uv": [0, 0, 16, 4], "texture": "#4"},
				"west": {"uv": [0, 0, 2.5, 4], "texture": "#4"},
				"up": {"uv": [0, 0, 16, 2.5], "texture": "#4"},
				"down": {"uv": [0, 0, 16, 2.5], "texture": "#4"}
			}
		},
		{
			"from": [-2, 3, 7.75],
			"to": [1, 6, 10.25],
			"faces": {
				"north": {"uv": [0, 0, 3, 3], "texture": "#4"},
				"east": {"uv": [0, 0, 2.5, 3], "texture": "#4"},
				"south": {"uv": [0, 0, 3, 3], "texture": "#4"},
				"west": {"uv": [0, 0, 2.5, 3], "texture": "#4"},
				"up": {"uv": [0, 0, 3, 2.5], "texture": "#4"},
				"down": {"uv": [0, 0, 3, 2.5], "texture": "#4"}
			}
		},
		{
			"from": [-0.5, 3.37868, 7.85],
			"to": [2.5, 6.37868, 10.15],
			"rotation": {"angle": 45, "axis": "z", "origin": [1, 4.87868, 9]},
			"faces": {
				"north": {"uv": [0, 0, 3, 3], "texture": "#4"},
				"east": {"uv": [0, 0, 2.3, 3], "texture": "#4"},
				"south": {"uv": [0, 0, 3, 3], "texture": "#4"},
				"west": {"uv": [0, 0, 2.3, 3], "texture": "#4"},
				"up": {"uv": [0, 0, 3, 2.3], "texture": "#4"},
				"down": {"uv": [0, 0, 3, 2.3], "texture": "#4"}
			}
		},
		{
			"from": [-0.5, 3.37868, 8.1],
			"to": [2.25, 6.62868, 9.9],
			"rotation": {"angle": 45, "axis": "z", "origin": [1, 4.87868, 9]},
			"faces": {
				"north": {"uv": [0, 0, 2.75, 3.25], "texture": "#1"},
				"east": {"uv": [0, 0, 1.8, 3.25], "texture": "#1"},
				"south": {"uv": [0, 0, 2.75, 3.25], "texture": "#1"},
				"west": {"uv": [0, 0, 1.8, 3.25], "texture": "#1"},
				"up": {"uv": [0, 0, 2.75, 1.8], "texture": "#1"},
				"down": {"uv": [0, 0, 2.75, 1.8], "texture": "#1"}
			}
		},
		{
			"from": [-0.5, -2.37868, 7.85],
			"to": [2.5, 0.62132, 10.15],
			"rotation": {"angle": 45, "axis": "z", "origin": [1, -0.87868, 9]},
			"faces": {
				"north": {"uv": [0, 0, 3, 3], "texture": "#4"},
				"east": {"uv": [0, 0, 2.3, 3], "texture": "#4"},
				"south": {"uv": [0, 0, 3, 3], "texture": "#4"},
				"west": {"uv": [0, 0, 2.3, 3], "texture": "#4"},
				"up": {"uv": [0, 0, 3, 2.3], "texture": "#4"},
				"down": {"uv": [0, 0, 3, 2.3], "texture": "#4"}
			}
		},
		{
			"from": [-0.75, -2.12868, 8.1],
			"to": [2.25, 0.62132, 9.9],
			"rotation": {"angle": 45, "axis": "z", "origin": [1, -0.87868, 9]},
			"faces": {
				"north": {"uv": [0, 0, 3, 2.75], "texture": "#1"},
				"east": {"uv": [0, 0, 1.8, 2.75], "texture": "#1"},
				"south": {"uv": [0, 0, 3, 2.75], "texture": "#1"},
				"west": {"uv": [0, 0, 1.8, 2.75], "texture": "#1"},
				"up": {"uv": [0, 0, 3, 1.8], "texture": "#1"},
				"down": {"uv": [0, 0, 3, 1.8], "texture": "#1"}
			}
		},
		{
			"from": [-2, -2, 7.75],
			"to": [1, 1, 10.25],
			"faces": {
				"north": {"uv": [0, 0, 3, 3], "texture": "#4"},
				"east": {"uv": [0, 0, 2.5, 3], "texture": "#4"},
				"south": {"uv": [0, 0, 3, 3], "texture": "#4"},
				"west": {"uv": [0, 0, 2.5, 3], "texture": "#4"},
				"up": {"uv": [0, 0, 3, 2.5], "texture": "#4"},
				"down": {"uv": [0, 0, 3, 2.5], "texture": "#4"}
			}
		},
		{
			"from": [1, 3, 7.75],
			"to": [32, 7, 10.25],
			"faces": {
				"north": {"uv": [0, 0, 16, 4], "texture": "#4"},
				"east": {"uv": [0, 0, 2.5, 4], "texture": "#4"},
				"south": {"uv": [0, 0, 16, 4], "texture": "#4"},
				"west": {"uv": [0, 0, 2.5, 4], "texture": "#4"},
				"up": {"uv": [0, 0, 16, 2.5], "texture": "#4"},
				"down": {"uv": [0, 0, 16, 2.5], "texture": "#4"}
			}
		},
		{
			"from": [21, 3, 8],
			"to": [32, 7.5, 10],
			"faces": {
				"north": {"uv": [0, 0, 11, 4.5], "texture": "#4"},
				"east": {"uv": [0, 0, 2, 4.5], "texture": "#4"},
				"south": {"uv": [0, 0, 11, 4.5], "texture": "#4"},
				"west": {"uv": [0, 0, 2, 4.5], "texture": "#4"},
				"up": {"uv": [0, 0, 11, 2], "texture": "#4"},
				"down": {"uv": [0, 0, 11, 2], "texture": "#4"}
			}
		},
		{
			"from": [21, -3.5, 8],
			"to": [32, 1, 10],
			"faces": {
				"north": {"uv": [0, 0, 11, 4.5], "texture": "#4"},
				"east": {"uv": [0, 0, 2, 4.5], "texture": "#4"},
				"south": {"uv": [0, 0, 11, 4.5], "texture": "#4"},
				"west": {"uv": [0, 0, 2, 4.5], "texture": "#4"},
				"up": {"uv": [0, 0, 11, 2], "texture": "#4"},
				"down": {"uv": [0, 0, 11, 2], "texture": "#4"}
			}
		},
		{
			"from": [-6, -6, 7.75],
			"to": [-2, 10, 10.25],
			"faces": {
				"north": {"uv": [0, 0, 4, 16], "texture": "#4"},
				"east": {"uv": [0, 0, 2.5, 16], "texture": "#4"},
				"south": {"uv": [0, 0, 4, 16], "texture": "#4"},
				"west": {"uv": [0, 0, 2.5, 16], "texture": "#4"},
				"up": {"uv": [0, 0, 4, 2.5], "texture": "#4"},
				"down": {"uv": [0, 0, 4, 2.5], "texture": "#4"}
			}
		},
		{
			"from": [-6, 0, 7.25],
			"to": [-2, 4, 10.75],
			"rotation": {"angle": -45, "axis": "z", "origin": [-4, 2, 9]},
			"faces": {
				"north": {"uv": [0, 0, 4, 4], "texture": "#1"},
				"east": {"uv": [0, 0, 3.5, 4], "texture": "#1"},
				"south": {"uv": [0, 0, 4, 4], "texture": "#1"},
				"west": {"uv": [0, 0, 3.5, 4], "texture": "#1"},
				"up": {"uv": [0, 0, 4, 3.5], "texture": "#1"},
				"down": {"uv": [0, 0, 4, 3.5], "texture": "#1"}
			}
		},
		{
			"from": [-5.5, 0.5, 7],
			"to": [-2.5, 3.5, 11],
			"rotation": {"angle": -45, "axis": "z", "origin": [-4, 2, 9]},
			"faces": {
				"north": {"uv": [5.5, 0.5, 8.5, 3.5], "texture": "#5"},
				"east": {"uv": [4, 0.5, 8, 3.5], "texture": "#5"},
				"south": {"uv": [6, 1, 9, 4], "texture": "#5"},
				"west": {"uv": [5.5, 0.5, 9.5, 3.5], "texture": "#5"},
				"up": {"uv": [5.5, 1, 8.5, 5], "texture": "#5"},
				"down": {"uv": [5, 0.5, 8, 4.5], "texture": "#5"}
			}
		},
		{
			"from": [-6.25, 8, 7.5],
			"to": [-1.75, 12, 10.5],
			"faces": {
				"north": {"uv": [0, 0, 4.5, 4], "texture": "#4"},
				"east": {"uv": [0, 0, 3, 4], "texture": "#4"},
				"south": {"uv": [0, 0, 4.5, 4], "texture": "#4"},
				"west": {"uv": [0, 0, 3, 4], "texture": "#4"},
				"up": {"uv": [0, 0, 4.5, 3], "texture": "#4"},
				"down": {"uv": [0, 0, 4.5, 3], "texture": "#4"}
			}
		},
		{
			"from": [-6.25, 6.5, 7.5],
			"to": [-1.75, 8, 10.5],
			"faces": {
				"north": {"uv": [0, 0, 4.5, 1.5], "texture": "#1"},
				"east": {"uv": [0, 0, 3, 1.5], "texture": "#1"},
				"south": {"uv": [0, 0, 4.5, 1.5], "texture": "#1"},
				"west": {"uv": [0, 0, 3, 1.5], "texture": "#1"},
				"up": {"uv": [0, 0, 4.5, 3], "texture": "#1"},
				"down": {"uv": [0, 0, 4.5, 3], "texture": "#1"}
			}
		},
		{
			"from": [-6.25, -8, 7.5],
			"to": [-1.75, -3, 10.5],
			"faces": {
				"north": {"uv": [0, 0, 4.5, 5], "texture": "#4"},
				"east": {"uv": [0, 0, 3, 5], "texture": "#4"},
				"south": {"uv": [0, 0, 4.5, 5], "texture": "#4"},
				"west": {"uv": [0, 0, 3, 5], "texture": "#4"},
				"up": {"uv": [0, 0, 4.5, 3], "texture": "#4"},
				"down": {"uv": [0, 0, 4.5, 3], "texture": "#4"}
			}
		},
		{
			"from": [-6.25, -3, 7.5],
			"to": [-1.75, -1.5, 10.5],
			"faces": {
				"north": {"uv": [0, 0, 4.5, 1.5], "texture": "#1"},
				"east": {"uv": [0, 0, 3, 1.5], "texture": "#1"},
				"south": {"uv": [0, 0, 4.5, 1.5], "texture": "#1"},
				"west": {"uv": [0, 0, 3, 1.5], "texture": "#1"},
				"up": {"uv": [0, 0, 4.5, 3], "texture": "#1"},
				"down": {"uv": [0, 0, 4.5, 3], "texture": "#1"}
			}
		}
	],
	"display": {
		"thirdperson_righthand": {
			"rotation": [-21, 90, 90],
			"translation": [-1, 0.75, 7]
		},
		"thirdperson_lefthand": {
			"rotation": [60, -90, 0],
			"translation": [0.75, 1.75, 5]
		},
		"firstperson_righthand": {
			"rotation": [-180, -90, 0],
			"translation": [0.5, 0, -2.25],
			"scale": [0.5, 0.5, 0.5]
		},
		"firstperson_lefthand": {
			"rotation": [0, -90, 0],
			"translation": [2, 5, -2.75],
			"scale": [0.5, 0.5, 0.5]
		},
		"ground": {
			"translation": [0, 7.5, 0],
			"scale": [2, 2, 2]
		},
		"gui": {
			"rotation": [0, 0, 44],
			"translation": [-2.25, 1, 0],
			"scale": [0.4, 0.4, 0.4]
		},
		"head": {
			"rotation": [0, 0, -36],
			"translation": [3, -7, 3.5],
			"scale": [1.6, 1.6, 1.6]
		},
		"fixed": {
			"translation": [0, 21.75, -8],
			"scale": [3.5, 3.5, 3.5]
		}
	},
	"groups": [
		0,
		1,
		{
			"name": "barrel",
			"origin": [16, 0.82322, 8.53033],
			"color": 0,
			"children": [
				2,
				3,
				4,
				5,
				6,
				{
					"name": "barrel",
					"origin": [16, 0.82322, 8.53033],
					"color": 0,
					"children": [
						7,
						8,
						9,
						10,
						11,
						{
							"name": "group",
							"origin": [16, 0.82322, 8.53033],
							"color": 0,
							"children": []
						}
					]
				},
				{
					"name": "group",
					"origin": [16, 0.82322, 8.53033],
					"color": 0,
					"children": []
				}
			]
		},
		12,
		13,
		14,
		15,
		16,
		17,
		18,
		19,
		20,
		21,
		22,
		23,
		24,
		25,
		26,
		27,
		28
	]
}