{
	"credit": "Made with Blockbench",
	"texture_size": [32, 32],
	"textures": {
		"0": "item/Dagger",
		"particle": "item/Dagger"
	},
	"elements": [
		{
			"from": [7.5, 1, 7],
			"to": [8.5, 2, 8],
			"faces": {
				"north": {"uv": [5.5, 2, 6, 2.5], "texture": "#0"},
				"east": {"uv": [5.5, 4.5, 6, 5], "texture": "#0"},
				"south": {"uv": [5.5, 5, 6, 5.5], "texture": "#0"},
				"west": {"uv": [5.5, 5.5, 6, 6], "texture": "#0"},
				"up": {"uv": [1, 6.5, 0.5, 6], "texture": "#0"},
				"down": {"uv": [6.5, 0.5, 6, 1], "texture": "#0"}
			}
		},
		{
			"from": [7.5, 0, 7.5],
			"to": [8.5, 1, 8],
			"faces": {
				"north": {"uv": [1, 6, 1.5, 6.5], "texture": "#0"},
				"east": {"uv": [2.5, 7, 2.75, 7.5], "texture": "#0"},
				"south": {"uv": [6, 1, 6.5, 1.5], "texture": "#0"},
				"west": {"uv": [7, 2.5, 7.25, 3], "texture": "#0"},
				"up": {"uv": [3.5, 7.25, 3, 7], "texture": "#0"},
				"down": {"uv": [7.5, 3, 7, 3.25], "texture": "#0"}
			}
		},
		{
			"from": [7.5, 0.02728, 7.2164],
			"to": [8.5, 1.1425, 7.67834],
			"rotation": {"angle": -22.5, "axis": "x", "origin": [8, 0.52728, 7.4664]},
			"faces": {
				"north": {"uv": [1.5, 6, 2, 6.5], "texture": "#0"},
				"east": {"uv": [7, 3.5, 7.25, 4], "texture": "#0"},
				"south": {"uv": [6, 1.5, 6.5, 2], "texture": "#0"},
				"west": {"uv": [7, 4, 7.25, 4.5], "texture": "#0"},
				"up": {"uv": [7.5, 4.75, 7, 4.5], "texture": "#0"},
				"down": {"uv": [7.5, 5, 7, 5.25], "texture": "#0"}
			}
		},
		{
			"from": [7.125, 2, 7],
			"to": [8.875, 3, 8.75],
			"faces": {
				"north": {"uv": [4, 3.5, 4.875, 4], "texture": "#0"},
				"east": {"uv": [4.5, 0.5, 5.375, 1], "texture": "#0"},
				"south": {"uv": [4.5, 1, 5.375, 1.5], "texture": "#0"},
				"west": {"uv": [4.5, 1.5, 5.375, 2], "texture": "#0"},
				"up": {"uv": [2.875, 0.875, 2, 0], "texture": "#0"},
				"down": {"uv": [2.875, 1, 2, 1.875], "texture": "#0"}
			}
		},
		{
			"from": [7.25, 3, 7],
			"to": [8.75, 6, 8.5],
			"faces": {
				"north": {"uv": [0, 0, 0.75, 1.5], "texture": "#0"},
				"east": {"uv": [1, 0, 1.75, 1.5], "texture": "#0"},
				"south": {"uv": [0, 1.5, 0.75, 3], "texture": "#0"},
				"west": {"uv": [1, 1.5, 1.75, 3], "texture": "#0"},
				"up": {"uv": [1.75, 3.75, 1, 3], "texture": "#0"},
				"down": {"uv": [3.75, 1, 3, 1.75], "texture": "#0"}
			}
		},
		{
			"from": [7.5, 6, 7],
			"to": [8.5, 7.5, 8.5],
			"faces": {
				"north": {"uv": [1, 4.5, 1.5, 5.25], "texture": "#0"},
				"east": {"uv": [3, 2, 3.75, 2.75], "texture": "#0"},
				"south": {"uv": [4.5, 2.5, 5, 3.25], "texture": "#0"},
				"west": {"uv": [3, 3, 3.75, 3.75], "texture": "#0"},
				"up": {"uv": [5, 4.75, 4.5, 4], "texture": "#0"},
				"down": {"uv": [2, 5, 1.5, 5.75], "texture": "#0"}
			}
		},
		{
			"from": [7.75, 6, 8.5],
			"to": [8.25, 6.5, 8.75],
			"faces": {
				"north": {"uv": [8.5, 6, 8.75, 6.25], "texture": "#0"},
				"east": {"uv": [9, 9, 9.125, 9.25], "texture": "#0"},
				"south": {"uv": [8.5, 6.5, 8.75, 6.75], "texture": "#0"},
				"west": {"uv": [0, 9.5, 0.125, 9.75], "texture": "#0"},
				"up": {"uv": [9.75, 0.125, 9.5, 0], "texture": "#0"},
				"down": {"uv": [0.75, 9.5, 0.5, 9.625], "texture": "#0"}
			}
		},
		{
			"from": [7.875, 6, 6.75],
			"to": [8.125, 6.5, 7],
			"faces": {
				"north": {"uv": [9.5, 0.5, 9.625, 0.75], "texture": "#0"},
				"east": {"uv": [1, 9.5, 1.125, 9.75], "texture": "#0"},
				"south": {"uv": [9.5, 1, 9.625, 1.25], "texture": "#0"},
				"west": {"uv": [1.5, 9.5, 1.625, 9.75], "texture": "#0"},
				"up": {"uv": [0.625, 10.125, 0.5, 10], "texture": "#0"},
				"down": {"uv": [10.125, 0.5, 10, 0.625], "texture": "#0"}
			}
		},
		{
			"from": [7.875, 6.5, 6.5],
			"to": [8.125, 9, 7],
			"faces": {
				"north": {"uv": [6.5, 4, 6.625, 5.25], "texture": "#0"},
				"east": {"uv": [5, 4.5, 5.25, 5.75], "texture": "#0"},
				"south": {"uv": [4.5, 6.5, 4.625, 7.75], "texture": "#0"},
				"west": {"uv": [0, 5.5, 0.25, 6.75], "texture": "#0"},
				"up": {"uv": [9.625, 1.75, 9.5, 1.5], "texture": "#0"},
				"down": {"uv": [2.125, 9.5, 2, 9.75], "texture": "#0"}
			}
		},
		{
			"from": [7.875, 5.5, 5.87],
			"to": [8.125, 7, 6.37],
			"faces": {
				"north": {"uv": [8, 1, 8.125, 1.75], "texture": "#0"},
				"east": {"uv": [5.5, 6, 5.75, 6.75], "texture": "#0"},
				"south": {"uv": [8, 2, 8.125, 2.75], "texture": "#0"},
				"west": {"uv": [6.5, 0, 6.75, 0.75], "texture": "#0"},
				"up": {"uv": [9.625, 2.25, 9.5, 2], "texture": "#0"},
				"down": {"uv": [2.625, 9.5, 2.5, 9.75], "texture": "#0"}
			}
		},
		{
			"from": [7.95, 6.4, 6],
			"to": [8.05, 8.9, 7],
			"rotation": {"angle": 22.5, "axis": "x", "origin": [8, 8.25, 7.12]},
			"faces": {
				"north": {"uv": [6.5, 5.5, 6.625, 6.75], "texture": "#0"},
				"east": {"uv": [2, 2, 2.5, 3.25], "texture": "#0"},
				"south": {"uv": [0, 7, 0.125, 8.25], "texture": "#0"},
				"west": {"uv": [2.5, 2, 3, 3.25], "texture": "#0"},
				"up": {"uv": [8.625, 7.5, 8.5, 7], "texture": "#0"},
				"down": {"uv": [8.625, 7.5, 8.5, 8], "texture": "#0"}
			}
		},
		{
			"from": [7.875, 5.5, 5.37],
			"to": [8.125, 7, 5.87],
			"faces": {
				"north": {"uv": [8, 3, 8.125, 3.75], "texture": "#0"},
				"east": {"uv": [0.5, 6.5, 0.75, 7.25], "texture": "#0"},
				"south": {"uv": [3.5, 8, 3.625, 8.75], "texture": "#0"},
				"west": {"uv": [1, 6.5, 1.25, 7.25], "texture": "#0"},
				"up": {"uv": [9.625, 2.75, 9.5, 2.5], "texture": "#0"},
				"down": {"uv": [3.125, 9.5, 3, 9.75], "texture": "#0"}
			}
		},
		{
			"from": [7.875, 4.5, 5.37],
			"to": [8.125, 5.5, 5.87],
			"faces": {
				"north": {"uv": [8.5, 8, 8.625, 8.5], "texture": "#0"},
				"east": {"uv": [5.5, 7, 5.75, 7.5], "texture": "#0"},
				"south": {"uv": [8.5, 8.5, 8.625, 9], "texture": "#0"},
				"west": {"uv": [7, 5.5, 7.25, 6], "texture": "#0"},
				"up": {"uv": [9.625, 3.25, 9.5, 3], "texture": "#0"},
				"down": {"uv": [3.625, 9.5, 3.5, 9.75], "texture": "#0"}
			}
		},
		{
			"from": [7.875, 6, 6.5],
			"to": [8.125, 7, 7],
			"rotation": {"angle": 45, "axis": "x", "origin": [8, 7, 6.75]},
			"faces": {
				"north": {"uv": [9, 0, 9.125, 0.5], "texture": "#0"},
				"east": {"uv": [6, 7, 6.25, 7.5], "texture": "#0"},
				"south": {"uv": [0.5, 9, 0.625, 9.5], "texture": "#0"},
				"west": {"uv": [7, 6, 7.25, 6.5], "texture": "#0"},
				"up": {"uv": [9.625, 3.75, 9.5, 3.5], "texture": "#0"},
				"down": {"uv": [4.125, 9.5, 4, 9.75], "texture": "#0"}
			}
		},
		{
			"from": [7.75, 7.5, 7.5],
			"to": [8.25, 9.5, 8.5],
			"faces": {
				"north": {"uv": [6, 2, 6.25, 3], "texture": "#0"},
				"east": {"uv": [2, 3.5, 2.5, 4.5], "texture": "#0"},
				"south": {"uv": [3, 6, 3.25, 7], "texture": "#0"},
				"west": {"uv": [2.5, 3.5, 3, 4.5], "texture": "#0"},
				"up": {"uv": [6.75, 7.5, 6.5, 7], "texture": "#0"},
				"down": {"uv": [7.25, 6.5, 7, 7], "texture": "#0"}
			}
		},
		{
			"from": [7.75, 7.5, 7],
			"to": [8.25, 8.5, 7.5],
			"faces": {
				"north": {"uv": [7, 7, 7.25, 7.5], "texture": "#0"},
				"east": {"uv": [0.5, 7.5, 0.75, 8], "texture": "#0"},
				"south": {"uv": [1, 7.5, 1.25, 8], "texture": "#0"},
				"west": {"uv": [7.5, 1, 7.75, 1.5], "texture": "#0"},
				"up": {"uv": [9.25, 0.75, 9, 0.5], "texture": "#0"},
				"down": {"uv": [1.25, 9, 1, 9.25], "texture": "#0"}
			}
		},
		{
			"from": [7.875, 8.5, 7],
			"to": [8.125, 10, 7.5],
			"faces": {
				"north": {"uv": [4, 8, 4.125, 8.75], "texture": "#0"},
				"east": {"uv": [6.5, 1, 6.75, 1.75], "texture": "#0"},
				"south": {"uv": [8, 4, 8.125, 4.75], "texture": "#0"},
				"west": {"uv": [1.5, 6.5, 1.75, 7.25], "texture": "#0"},
				"up": {"uv": [9.625, 4.25, 9.5, 4], "texture": "#0"},
				"down": {"uv": [4.625, 9.5, 4.5, 9.75], "texture": "#0"}
			}
		},
		{
			"from": [7.95, 9, 6.3],
			"to": [8.05, 11, 7.55],
			"faces": {
				"north": {"uv": [1.5, 7.5, 1.625, 8.5], "texture": "#0"},
				"east": {"uv": [0, 3, 0.625, 4], "texture": "#0"},
				"south": {"uv": [7.5, 1.5, 7.625, 2.5], "texture": "#0"},
				"west": {"uv": [3, 0, 3.625, 1], "texture": "#0"},
				"up": {"uv": [7.625, 8.625, 7.5, 8], "texture": "#0"},
				"down": {"uv": [8.125, 8, 8, 8.625], "texture": "#0"}
			}
		},
		{
			"from": [7.95, 11, 6.55],
			"to": [8.05, 12, 8.8],
			"faces": {
				"north": {"uv": [9, 1, 9.125, 1.5], "texture": "#0"},
				"east": {"uv": [0, 4, 1.125, 4.5], "texture": "#0"},
				"south": {"uv": [9, 1.5, 9.125, 2], "texture": "#0"},
				"west": {"uv": [4, 0, 5.125, 0.5], "texture": "#0"},
				"up": {"uv": [7.125, 2.125, 7, 1], "texture": "#0"},
				"down": {"uv": [2.125, 7, 2, 8.125], "texture": "#0"}
			}
		},
		{
			"from": [7.95, 12, 6.5],
			"to": [8.05, 13, 8.25],
			"faces": {
				"north": {"uv": [9, 2, 9.125, 2.5], "texture": "#0"},
				"east": {"uv": [2, 4.5, 2.875, 5], "texture": "#0"},
				"south": {"uv": [9, 2.5, 9.125, 3], "texture": "#0"},
				"west": {"uv": [4.5, 2, 5.375, 2.5], "texture": "#0"},
				"up": {"uv": [7.625, 7.875, 7.5, 7], "texture": "#0"},
				"down": {"uv": [8.125, 0, 8, 0.875], "texture": "#0"}
			}
		},
		{
			"from": [7.95, 11.9, 8],
			"to": [8.05, 15.65, 8.5],
			"rotation": {"angle": -22.5, "axis": "x", "origin": [8, 12.5, 8.375]},
			"faces": {
				"north": {"uv": [5, 6, 5.125, 7.875], "texture": "#0"},
				"east": {"uv": [4, 1.5, 4.25, 3.375], "texture": "#0"},
				"south": {"uv": [6, 5, 6.125, 6.875], "texture": "#0"},
				"west": {"uv": [3, 4, 3.25, 5.875], "texture": "#0"},
				"up": {"uv": [9.625, 4.75, 9.5, 4.5], "texture": "#0"},
				"down": {"uv": [5.125, 9.5, 5, 9.75], "texture": "#0"}
			}
		},
		{
			"from": [7.95, 12.5, 6.49396],
			"to": [8.05, 14.47012, 6.75],
			"rotation": {"angle": -22.5, "axis": "x", "origin": [8, 12.5, 6.625]},
			"faces": {
				"north": {"uv": [2.5, 7.5, 2.625, 8.5], "texture": "#0"},
				"east": {"uv": [7.5, 2.5, 7.625, 3.5], "texture": "#0"},
				"south": {"uv": [3, 7.5, 3.125, 8.5], "texture": "#0"},
				"west": {"uv": [7.5, 3.5, 7.625, 4.5], "texture": "#0"},
				"up": {"uv": [1.125, 10.125, 1, 10], "texture": "#0"},
				"down": {"uv": [10.125, 1, 10, 1.125], "texture": "#0"}
			}
		},
		{
			"from": [7.95, 14.5, 5.55689],
			"to": [8.05, 16.01786, 6.1],
			"rotation": {"angle": -22.5, "axis": "x", "origin": [8, 15.6, 5.625]},
			"faces": {
				"north": {"uv": [4.5, 8, 4.625, 8.75], "texture": "#0"},
				"east": {"uv": [6.5, 2, 6.75, 2.75], "texture": "#0"},
				"south": {"uv": [5, 8, 5.125, 8.75], "texture": "#0"},
				"west": {"uv": [6.5, 3, 6.75, 3.75], "texture": "#0"},
				"up": {"uv": [9.625, 5.25, 9.5, 5], "texture": "#0"},
				"down": {"uv": [5.625, 9.5, 5.5, 9.75], "texture": "#0"}
			}
		},
		{
			"from": [7.95, 13, 6.25],
			"to": [8.05, 14, 7.75],
			"faces": {
				"north": {"uv": [9, 3, 9.125, 3.5], "texture": "#0"},
				"east": {"uv": [2, 5, 2.75, 5.5], "texture": "#0"},
				"south": {"uv": [3.5, 9, 3.625, 9.5], "texture": "#0"},
				"west": {"uv": [5, 2.5, 5.75, 3], "texture": "#0"},
				"up": {"uv": [8.125, 5.75, 8, 5], "texture": "#0"},
				"down": {"uv": [6.125, 8, 6, 8.75], "texture": "#0"}
			}
		},
		{
			"from": [7.95, 13.75, 6],
			"to": [8.05, 14.5, 7.5],
			"faces": {
				"north": {"uv": [8, 9, 8.125, 9.375], "texture": "#0"},
				"east": {"uv": [5.5, 0, 6.25, 0.375], "texture": "#0"},
				"south": {"uv": [9, 8, 9.125, 8.375], "texture": "#0"},
				"west": {"uv": [0.5, 5.5, 1.25, 5.875], "texture": "#0"},
				"up": {"uv": [8.125, 6.75, 8, 6], "texture": "#0"},
				"down": {"uv": [6.625, 8, 6.5, 8.75], "texture": "#0"}
			}
		},
		{
			"from": [7.95, 14.27, 5.75],
			"to": [8.05, 15.5, 7.25],
			"faces": {
				"north": {"uv": [0, 8.5, 0.125, 9.125], "texture": "#0"},
				"east": {"uv": [3.5, 4, 4.25, 4.625], "texture": "#0"},
				"south": {"uv": [8.5, 0, 8.625, 0.625], "texture": "#0"},
				"west": {"uv": [0, 4.5, 0.75, 5.125], "texture": "#0"},
				"up": {"uv": [7.125, 8.75, 7, 8], "texture": "#0"},
				"down": {"uv": [8.125, 7, 8, 7.75], "texture": "#0"}
			}
		},
		{
			"from": [7.95, 14.27, 7.25],
			"to": [8.05, 15.47897, 7.5942],
			"faces": {
				"north": {"uv": [8.5, 1, 8.625, 1.625], "texture": "#0"},
				"east": {"uv": [1.5, 8.5, 1.625, 9.125], "texture": "#0"},
				"south": {"uv": [2, 8.5, 2.125, 9.125], "texture": "#0"},
				"west": {"uv": [8.5, 2, 8.625, 2.625], "texture": "#0"},
				"up": {"uv": [1.625, 10.125, 1.5, 10], "texture": "#0"},
				"down": {"uv": [10.125, 1.5, 10, 1.625], "texture": "#0"}
			}
		},
		{
			"from": [7.95, 15.15, 7.55],
			"to": [8.05, 17.85, 7.95],
			"rotation": {"angle": -45, "axis": "x", "origin": [8, 14.885, 7.375]},
			"faces": {
				"north": {"uv": [3.5, 6.5, 3.625, 7.875], "texture": "#0"},
				"east": {"uv": [5, 3, 5.25, 4.375], "texture": "#0"},
				"south": {"uv": [4, 6.5, 4.125, 7.875], "texture": "#0"},
				"west": {"uv": [3.5, 5, 3.75, 6.375], "texture": "#0"},
				"up": {"uv": [9.625, 5.75, 9.5, 5.5], "texture": "#0"},
				"down": {"uv": [6.125, 9.5, 6, 9.75], "texture": "#0"}
			}
		},
		{
			"from": [7.95, 15.5, 5.75],
			"to": [8.05, 16, 7],
			"faces": {
				"north": {"uv": [9.5, 6, 9.625, 6.25], "texture": "#0"},
				"east": {"uv": [7, 0, 7.625, 0.25], "texture": "#0"},
				"south": {"uv": [6.5, 9.5, 6.625, 9.75], "texture": "#0"},
				"west": {"uv": [7, 0.5, 7.625, 0.75], "texture": "#0"},
				"up": {"uv": [2.625, 9.125, 2.5, 8.5], "texture": "#0"},
				"down": {"uv": [3.125, 8.5, 3, 9.125], "texture": "#0"}
			}
		},
		{
			"from": [7.95, 15.9, 5.5],
			"to": [8.05, 16.5, 6.5],
			"faces": {
				"north": {"uv": [9.5, 6.5, 9.625, 6.75], "texture": "#0"},
				"east": {"uv": [7.5, 4.5, 8, 4.75], "texture": "#0"},
				"south": {"uv": [7, 9.5, 7.125, 9.75], "texture": "#0"},
				"west": {"uv": [7.5, 5, 8, 5.25], "texture": "#0"},
				"up": {"uv": [9.125, 4, 9, 3.5], "texture": "#0"},
				"down": {"uv": [4.125, 9, 4, 9.5], "texture": "#0"}
			}
		},
		{
			"from": [7.95, 16.5, 5.5],
			"to": [8.05, 17, 6],
			"faces": {
				"north": {"uv": [9.5, 7, 9.625, 7.25], "texture": "#0"},
				"east": {"uv": [9, 4, 9.25, 4.25], "texture": "#0"},
				"south": {"uv": [7.5, 9.5, 7.625, 9.75], "texture": "#0"},
				"west": {"uv": [4.5, 9, 4.75, 9.25], "texture": "#0"},
				"up": {"uv": [9.625, 7.75, 9.5, 7.5], "texture": "#0"},
				"down": {"uv": [8.125, 9.5, 8, 9.75], "texture": "#0"}
			}
		},
		{
			"from": [7.95, 15.95998, 5.40217],
			"to": [8.05, 17.10532, 5.5],
			"faces": {
				"north": {"uv": [8.5, 3, 8.625, 3.625], "texture": "#0"},
				"east": {"uv": [8.5, 4, 8.625, 4.625], "texture": "#0"},
				"south": {"uv": [8.5, 5, 8.625, 5.625], "texture": "#0"},
				"west": {"uv": [5.5, 8.5, 5.625, 9.125], "texture": "#0"},
				"up": {"uv": [2.125, 10.125, 2, 10], "texture": "#0"},
				"down": {"uv": [10.125, 2, 10, 2.125], "texture": "#0"}
			}
		},
		{
			"from": [7.875, 9.5, 7.5],
			"to": [8.125, 11.5, 8.5],
			"faces": {
				"north": {"uv": [5.5, 7.5, 5.625, 8.5], "texture": "#0"},
				"east": {"uv": [4, 0.5, 4.5, 1.5], "texture": "#0"},
				"south": {"uv": [7.5, 5.5, 7.625, 6.5], "texture": "#0"},
				"west": {"uv": [1.5, 4, 2, 5], "texture": "#0"},
				"up": {"uv": [9.125, 5, 9, 4.5], "texture": "#0"},
				"down": {"uv": [5.125, 9, 5, 9.5], "texture": "#0"}
			}
		},
		{
			"from": [7.875, 10, 8.5],
			"to": [8.125, 11, 9],
			"faces": {
				"north": {"uv": [9, 5, 9.125, 5.5], "texture": "#0"},
				"east": {"uv": [6, 7.5, 6.25, 8], "texture": "#0"},
				"south": {"uv": [9, 5.5, 9.125, 6], "texture": "#0"},
				"west": {"uv": [6.5, 7.5, 6.75, 8], "texture": "#0"},
				"up": {"uv": [9.625, 8.25, 9.5, 8], "texture": "#0"},
				"down": {"uv": [8.625, 9.5, 8.5, 9.75], "texture": "#0"}
			}
		},
		{
			"from": [7.875, 9.5, 8.5],
			"to": [8.125, 10, 8.75],
			"faces": {
				"north": {"uv": [9.5, 8.5, 9.625, 8.75], "texture": "#0"},
				"east": {"uv": [9, 9.5, 9.125, 9.75], "texture": "#0"},
				"south": {"uv": [9.5, 9, 9.625, 9.25], "texture": "#0"},
				"west": {"uv": [9.5, 9.5, 9.625, 9.75], "texture": "#0"},
				"up": {"uv": [2.625, 10.125, 2.5, 10], "texture": "#0"},
				"down": {"uv": [10.125, 2.5, 10, 2.625], "texture": "#0"}
			}
		},
		{
			"from": [7.75, 6.5, 8.5],
			"to": [8.25, 8.75, 9],
			"faces": {
				"north": {"uv": [5.5, 0.5, 5.75, 1.625], "texture": "#0"},
				"east": {"uv": [2, 5.5, 2.25, 6.625], "texture": "#0"},
				"south": {"uv": [2.5, 5.5, 2.75, 6.625], "texture": "#0"},
				"west": {"uv": [5.5, 3, 5.75, 4.125], "texture": "#0"},
				"up": {"uv": [6.25, 9.25, 6, 9], "texture": "#0"},
				"down": {"uv": [9.25, 6, 9, 6.25], "texture": "#0"}
			}
		},
		{
			"from": [7.875, 6.75, 9],
			"to": [8.125, 7.75, 9.5],
			"faces": {
				"north": {"uv": [6.5, 9, 6.625, 9.5], "texture": "#0"},
				"east": {"uv": [7.5, 6.5, 7.75, 7], "texture": "#0"},
				"south": {"uv": [9, 6.5, 9.125, 7], "texture": "#0"},
				"west": {"uv": [7, 7.5, 7.25, 8], "texture": "#0"},
				"up": {"uv": [0.125, 10.25, 0, 10], "texture": "#0"},
				"down": {"uv": [10.125, 0, 10, 0.25], "texture": "#0"}
			}
		},
		{
			"from": [7.875, 7.75, 9],
			"to": [8.125, 8.75, 9.25],
			"faces": {
				"north": {"uv": [7, 9, 7.125, 9.5], "texture": "#0"},
				"east": {"uv": [9, 7, 9.125, 7.5], "texture": "#0"},
				"south": {"uv": [7.5, 9, 7.625, 9.5], "texture": "#0"},
				"west": {"uv": [9, 7.5, 9.125, 8], "texture": "#0"},
				"up": {"uv": [3.125, 10.125, 3, 10], "texture": "#0"},
				"down": {"uv": [10.125, 3, 10, 3.125], "texture": "#0"}
			}
		},
		{
			"from": [7.875, 5.79289, 9.60355],
			"to": [8.125, 7.54289, 10.35355],
			"rotation": {"angle": -45, "axis": "x", "origin": [8.125, 5.79289, 9.35355]},
			"faces": {
				"north": {"uv": [0.5, 8, 0.625, 8.875], "texture": "#0"},
				"east": {"uv": [4, 5, 4.375, 5.875], "texture": "#0"},
				"south": {"uv": [1, 8, 1.125, 8.875], "texture": "#0"},
				"west": {"uv": [4.5, 5, 4.875, 5.875], "texture": "#0"},
				"up": {"uv": [8.625, 9.375, 8.5, 9], "texture": "#0"},
				"down": {"uv": [9.125, 8.5, 9, 8.875], "texture": "#0"}
			}
		},
		{
			"from": [7.5, 7.5, 7.5],
			"to": [8.5, 8.5, 8.5],
			"faces": {
				"north": {"uv": [6, 3, 6.5, 3.5], "texture": "#0"},
				"east": {"uv": [6, 3.5, 6.5, 4], "texture": "#0"},
				"south": {"uv": [4, 6, 4.5, 6.5], "texture": "#0"},
				"west": {"uv": [6, 4, 6.5, 4.5], "texture": "#0"},
				"up": {"uv": [5, 6.5, 4.5, 6], "texture": "#0"},
				"down": {"uv": [6.5, 4.5, 6, 5], "texture": "#0"}
			}
		}
	],
	"display": {
		"thirdperson_righthand": {
			"translation": [0, 1.75, 1.25]
		},
		"thirdperson_lefthand": {
			"translation": [0, 1.75, 1.25]
		},
		"firstperson_righthand": {
			"translation": [1.5, 2.25, 0]
		},
		"firstperson_lefthand": {
			"translation": [1.5, 2.25, 0]
		},
		"gui": {
			"rotation": [0, 90, 0]
		},
		"fixed": {
			"rotation": [-90, 0, 90],
			"translation": [1.5, 1.25, -0.25],
			"scale": [3, 3, 3]
		}
	},
	"groups": [
		{
			"name": "Dagger",
			"origin": [8, 8, 8],
			"color": 0,
			"children": [0, 1, 2, 3, 4, 5, 6, 7, 8, 9, 10, 11, 12, 13, 14, 15, 16, 17, 18, 19, 20, 21, 22, 23, 24, 25, 26, 27, 28, 29, 30, 31, 32, 33, 34, 35, 36, 37, 38, 39]
		}
	]
}