{
	"credit": "Made with Blockbench",
	"textures": {
		"0": "item/Debate1",
		"2": "item/Debate2",
		"3": "item/Debate3",
		"4": "item/Debate4",
		"5": "item/Debate5",
		"particle": "item/Debate1"
	},
	"elements": [
		{
			"from": [7.5, -13, 10.08579],
			"to": [8.5, -12.75, 11.08579],
			"rotation": {"angle": 45, "axis": "y", "origin": [8, -12.875, 11.29289]},
			"faces": {
				"north": {"uv": [0, 0, 2, 0.5], "texture": "#5"},
				"east": {"uv": [0, 0, 2, 0.5], "texture": "#5"},
				"south": {"uv": [0, 0, 2, 0.5], "texture": "#5"},
				"west": {"uv": [0, 0, 2, 0.5], "texture": "#5"},
				"up": {"uv": [0, 0, 2, 2], "texture": "#5"},
				"down": {"uv": [0, 0, 2, 2], "texture": "#5"}
			}
		},
		{
			"from": [7.5, -13, 11.5],
			"to": [8.5, -12.75, 12.5],
			"rotation": {"angle": 0, "axis": "y", "origin": [8, -12.875, 11.29289]},
			"faces": {
				"north": {"uv": [0, 0, 2, 0.5], "texture": "#5"},
				"east": {"uv": [0, 0, 2, 0.5], "texture": "#5"},
				"south": {"uv": [0, 0, 2, 0.5], "texture": "#5"},
				"west": {"uv": [0, 0, 2, 0.5], "texture": "#5"},
				"up": {"uv": [0, 0, 2, 2], "texture": "#5"},
				"down": {"uv": [0, 0, 2, 2], "texture": "#5"}
			}
		},
		{
			"from": [7.5, -13, 11.5],
			"to": [8.5, -12.75, 12.5],
			"rotation": {"angle": -45, "axis": "y", "origin": [8, -12.875, 11.29289]},
			"faces": {
				"north": {"uv": [0, 0, 2, 0.5], "texture": "#5"},
				"east": {"uv": [0, 0, 2, 0.5], "texture": "#5"},
				"south": {"uv": [0, 0, 2, 0.5], "texture": "#5"},
				"west": {"uv": [0, 0, 2, 0.5], "texture": "#5"},
				"up": {"uv": [0, 0, 2, 2], "texture": "#5"},
				"down": {"uv": [0, 0, 2, 2], "texture": "#5"}
			}
		},
		{
			"from": [6.79289, -13, 10.79289],
			"to": [7.79289, -12.75, 11.79289],
			"rotation": {"angle": 0, "axis": "y", "origin": [8, -12.875, 11.29289]},
			"faces": {
				"north": {"uv": [0, 0, 2, 0.5], "texture": "#5"},
				"east": {"uv": [0, 0, 2, 0.5], "texture": "#5"},
				"south": {"uv": [0, 0, 2, 0.5], "texture": "#5"},
				"west": {"uv": [0, 0, 2, 0.5], "texture": "#5"},
				"up": {"uv": [0, 0, 2, 2], "texture": "#5"},
				"down": {"uv": [0, 0, 2, 2], "texture": "#5"}
			}
		},
		{
			"from": [7.5, -13, 11.5],
			"to": [8.5, -12.75, 12.5],
			"rotation": {"angle": 45, "axis": "y", "origin": [8, -12.875, 11.29289]},
			"faces": {
				"north": {"uv": [0, 0, 2, 0.5], "texture": "#5"},
				"east": {"uv": [0, 0, 2, 0.5], "texture": "#5"},
				"south": {"uv": [0, 0, 2, 0.5], "texture": "#5"},
				"west": {"uv": [0, 0, 2, 0.5], "texture": "#5"},
				"up": {"uv": [0, 0, 2, 2], "rotation": 180, "texture": "#5"},
				"down": {"uv": [0, 0, 2, 2], "rotation": 180, "texture": "#5"}
			}
		},
		{
			"from": [7.5, -13, 10.08579],
			"to": [8.5, -12.75, 11.08579],
			"rotation": {"angle": 0, "axis": "y", "origin": [8, -12.875, 11.29289]},
			"faces": {
				"north": {"uv": [0, 0, 2, 0.5], "texture": "#5"},
				"east": {"uv": [0, 0, 2, 0.5], "texture": "#5"},
				"south": {"uv": [0, 0, 2, 0.5], "texture": "#5"},
				"west": {"uv": [0, 0, 2, 0.5], "texture": "#5"},
				"up": {"uv": [0, 0, 2, 2], "rotation": 180, "texture": "#5"},
				"down": {"uv": [0, 0, 2, 2], "rotation": 180, "texture": "#5"}
			}
		},
		{
			"from": [8.20711, -13, 10.79289],
			"to": [9.20711, -12.75, 11.79289],
			"rotation": {"angle": 45, "axis": "y", "origin": [8, -12.875, 11.29289]},
			"faces": {
				"north": {"uv": [0, 0, 2, 0.5], "texture": "#5"},
				"east": {"uv": [0, 0, 2, 0.5], "texture": "#5"},
				"south": {"uv": [0, 0, 2, 0.5], "texture": "#5"},
				"west": {"uv": [0, 0, 2, 0.5], "texture": "#5"},
				"up": {"uv": [0, 0, 2, 2], "rotation": 270, "texture": "#5"},
				"down": {"uv": [0, 0, 2, 2], "rotation": 90, "texture": "#5"}
			}
		},
		{
			"from": [8.20711, -13, 10.79289],
			"to": [9.20711, -12.75, 11.79289],
			"rotation": {"angle": 0, "axis": "y", "origin": [8, -12.875, 11.29289]},
			"faces": {
				"north": {"uv": [2, 0, 4, 1], "texture": "#5"},
				"east": {"uv": [2, 2, 4, 3], "texture": "#5"},
				"south": {"uv": [0, 4, 2, 5], "texture": "#5"},
				"west": {"uv": [4, 0, 6, 1], "texture": "#5"},
				"up": {"uv": [2, 2, 0, 0], "texture": "#5"},
				"down": {"uv": [2, 2, 0, 4], "texture": "#5"}
			}
		},
		{
			"from": [6.79289, 27.25, 10.79289],
			"to": [7.79289, 29.25, 11.79289],
			"rotation": {"angle": 0, "axis": "y", "origin": [8, 27.625, 11.29289]},
			"faces": {
				"north": {"uv": [0, 0, 1, 2], "texture": "#2"},
				"east": {"uv": [0, 0, 1, 2], "texture": "#2"},
				"south": {"uv": [0, 0, 1, 2], "texture": "#2"},
				"west": {"uv": [0, 0, 1, 2], "texture": "#2"},
				"up": {"uv": [0, 0, 1, 1], "texture": "#2"},
				"down": {"uv": [0, 0, 1, 1], "texture": "#2"}
			}
		},
		{
			"from": [7.5, 27.25, 11.5],
			"to": [8.5, 29.25, 12.5],
			"rotation": {"angle": -45, "axis": "y", "origin": [8, 27.625, 11.29289]},
			"faces": {
				"north": {"uv": [0, 0, 1, 2], "texture": "#2"},
				"east": {"uv": [0, 0, 1, 2], "texture": "#2"},
				"south": {"uv": [0, 0, 1, 2], "texture": "#2"},
				"west": {"uv": [0, 0, 1, 2], "texture": "#2"},
				"up": {"uv": [0, 0, 1, 1], "texture": "#2"},
				"down": {"uv": [0, 0, 1, 1], "texture": "#2"}
			}
		},
		{
			"from": [7.5, 27.25, 11.5],
			"to": [8.5, 29.25, 12.5],
			"rotation": {"angle": 45, "axis": "y", "origin": [8, 27.625, 11.29289]},
			"faces": {
				"north": {"uv": [0, 0, 1, 2], "texture": "#2"},
				"east": {"uv": [0, 0, 1, 2], "texture": "#2"},
				"south": {"uv": [0, 0, 1, 2], "texture": "#2"},
				"west": {"uv": [0, 0, 1, 2], "texture": "#2"},
				"up": {"uv": [0, 0, 1, 1], "rotation": 180, "texture": "#2"},
				"down": {"uv": [0, 0, 1, 1], "rotation": 180, "texture": "#2"}
			}
		},
		{
			"from": [8.20711, 27.25, 10.79289],
			"to": [9.20711, 29.25, 11.79289],
			"rotation": {"angle": 0, "axis": "y", "origin": [8, 27.625, 11.29289]},
			"faces": {
				"north": {"uv": [0, 0, 1, 2], "texture": "#2"},
				"east": {"uv": [0, 0, 1, 2], "texture": "#2"},
				"south": {"uv": [0, 0, 1, 2], "texture": "#2"},
				"west": {"uv": [0, 0, 1, 2], "texture": "#2"},
				"up": {"uv": [0, 0, 1, 1], "rotation": 180, "texture": "#2"},
				"down": {"uv": [0, 0, 1, 1], "rotation": 180, "texture": "#2"}
			}
		},
		{
			"from": [8.20711, 27.25, 10.79289],
			"to": [9.20711, 29.25, 11.79289],
			"rotation": {"angle": 45, "axis": "y", "origin": [8, 27.625, 11.29289]},
			"faces": {
				"north": {"uv": [0, 0, 1, 2], "texture": "#2"},
				"east": {"uv": [0, 0, 1, 2], "texture": "#2"},
				"south": {"uv": [0, 0, 1, 2], "texture": "#2"},
				"west": {"uv": [0, 0, 1, 2], "texture": "#2"},
				"up": {"uv": [0, 0, 1, 1], "rotation": 270, "texture": "#2"},
				"down": {"uv": [0, 0, 1, 1], "rotation": 90, "texture": "#2"}
			}
		},
		{
			"from": [7.5, 27.25, 10.08579],
			"to": [8.5, 29.25, 11.08579],
			"rotation": {"angle": 45, "axis": "y", "origin": [8, 27.625, 11.29289]},
			"faces": {
				"north": {"uv": [0, 0, 1, 2], "texture": "#2"},
				"east": {"uv": [0, 0, 1, 2], "texture": "#2"},
				"south": {"uv": [0, 0, 1, 2], "texture": "#2"},
				"west": {"uv": [0, 0, 1, 2], "texture": "#2"},
				"up": {"uv": [0, 0, 1, 1], "texture": "#2"},
				"down": {"uv": [0, 0, 1, 1], "texture": "#2"}
			}
		},
		{
			"from": [7.5, 27.25, 10.08579],
			"to": [8.5, 29.25, 11.08579],
			"rotation": {"angle": 0, "axis": "y", "origin": [8, 27.625, 11.29289]},
			"faces": {
				"north": {"uv": [0, 0, 1, 2], "texture": "#2"},
				"east": {"uv": [0, 0, 1, 2], "texture": "#2"},
				"south": {"uv": [0, 0, 1, 2], "texture": "#2"},
				"west": {"uv": [0, 0, 1, 2], "texture": "#2"},
				"up": {"uv": [0, 0, 1, 1], "rotation": 180, "texture": "#2"},
				"down": {"uv": [0, 0, 1, 1], "rotation": 180, "texture": "#2"}
			}
		},
		{
			"from": [7.5, 27.25, 11.5],
			"to": [8.5, 29.25, 12.5],
			"rotation": {"angle": 0, "axis": "y", "origin": [8, 27.625, 11.29289]},
			"faces": {
				"north": {"uv": [0, 0, 1, 2], "texture": "#2"},
				"east": {"uv": [0, 0, 1, 2], "texture": "#2"},
				"south": {"uv": [0, 0, 1, 2], "texture": "#2"},
				"west": {"uv": [0, 0, 1, 2], "texture": "#2"},
				"up": {"uv": [0, 0, 1, 1], "texture": "#2"},
				"down": {"uv": [0, 0, 1, 1], "texture": "#2"}
			}
		},
		{
			"from": [7.4, 4.75, 10.7],
			"to": [8.6, 9.25, 11.9],
			"rotation": {"angle": 0, "axis": "y", "origin": [5.5, -14.75, 9.5]},
			"faces": {
				"north": {"uv": [0, 0, 1.2, 4.5], "texture": "#2"},
				"east": {"uv": [0, 0, 1.2, 4.5], "texture": "#2"},
				"south": {"uv": [0, 0, 1.2, 4.5], "texture": "#2"},
				"west": {"uv": [0, 0, 1.2, 4.5], "texture": "#2"},
				"up": {"uv": [0, 0, 1.2, 1.2], "texture": "#2"},
				"down": {"uv": [0, 0, 1.2, 1.2], "texture": "#2"}
			}
		},
		{
			"from": [6.9, 5.25, 10.2],
			"to": [9.1, 8.75, 12.4],
			"rotation": {"angle": 0, "axis": "y", "origin": [5.5, -14.75, 9.5]},
			"faces": {
				"north": {"uv": [4.5, 9, 5.5, 10.75], "texture": "#4"},
				"east": {"uv": [5.5, 9, 6.5, 10.75], "texture": "#4"},
				"south": {"uv": [0, 9.5, 1, 11.25], "texture": "#4"},
				"west": {"uv": [9.5, 8.5, 10.5, 10.25], "texture": "#4"},
				"up": {"uv": [2.5, 8.5, 1.5, 7.5], "texture": "#4"},
				"down": {"uv": [10, 3.5, 9, 4.5], "texture": "#4"}
			}
		},
		{
			"from": [7.15, 9.25, 10.35],
			"to": [8.85, 13.75, 12.3],
			"rotation": {"angle": 0, "axis": "y", "origin": [5.5, -14.75, 9.5]},
			"faces": {
				"north": {"uv": [0, 0, 1.7, 4.5], "texture": "#2"},
				"east": {"uv": [0, 0, 1.95, 4.5], "texture": "#2"},
				"south": {"uv": [0, 0, 1.7, 4.5], "texture": "#2"},
				"west": {"uv": [0, 0, 1.95, 4.5], "texture": "#2"},
				"up": {"uv": [0, 0, 1.7, 1.95], "texture": "#2"},
				"down": {"uv": [0, 0, 1.7, 1.95], "texture": "#2"}
			}
		},
		{
			"from": [6.65, 9.75, 9.85],
			"to": [9.35, 13.25, 12.8],
			"rotation": {"angle": 0, "axis": "y", "origin": [5.5, -14.75, 9.5]},
			"faces": {
				"north": {"uv": [9, 0, 10.25, 1.75], "texture": "#4"},
				"east": {"uv": [8.5, 6.5, 10, 8.25], "texture": "#4"},
				"south": {"uv": [1.5, 9, 2.75, 10.75], "texture": "#4"},
				"west": {"uv": [8, 8.5, 9.5, 10.25], "texture": "#4"},
				"up": {"uv": [10.25, 3.5, 9, 2], "texture": "#4"},
				"down": {"uv": [4.25, 9, 3, 10.5], "texture": "#4"}
			}
		},
		{
			"from": [6.9, 13.75, 10.1],
			"to": [9.1, 18.25, 12.55],
			"rotation": {"angle": 0, "axis": "y", "origin": [5.5, -14.75, 9.5]},
			"faces": {
				"north": {"uv": [0, 0, 2.2, 4.5], "texture": "#2"},
				"east": {"uv": [0, 0, 2.45, 4.5], "texture": "#2"},
				"south": {"uv": [0, 0, 2.2, 4.5], "texture": "#2"},
				"west": {"uv": [0, 0, 2.45, 4.5], "texture": "#2"},
				"up": {"uv": [0, 0, 2.2, 2.45], "texture": "#2"},
				"down": {"uv": [0, 0, 2.2, 2.45], "texture": "#2"}
			}
		},
		{
			"from": [6.4, 14.25, 9.6],
			"to": [9.6, 17.75, 13.05],
			"rotation": {"angle": 0, "axis": "y", "origin": [5.5, -14.75, 9.5]},
			"faces": {
				"north": {"uv": [0, 7.5, 1.5, 9.25], "texture": "#4"},
				"east": {"uv": [7, 2.5, 8.75, 4.25], "texture": "#4"},
				"south": {"uv": [7.5, 0, 9, 1.75], "texture": "#4"},
				"west": {"uv": [4.5, 7, 6.25, 8.75], "texture": "#4"},
				"up": {"uv": [10, 6.25, 8.5, 4.5], "texture": "#4"},
				"down": {"uv": [8, 8.5, 6.5, 10.25], "texture": "#4"}
			}
		},
		{
			"from": [6.65, 18.25, 9.85],
			"to": [9.35, 22.75, 12.8],
			"rotation": {"angle": 0, "axis": "y", "origin": [5.5, -14.75, 9.5]},
			"faces": {
				"north": {"uv": [0, 0, 2.7, 4.5], "texture": "#2"},
				"east": {"uv": [0, 0, 2.95, 4.5], "texture": "#2"},
				"south": {"uv": [0, 0, 2.7, 4.5], "texture": "#2"},
				"west": {"uv": [0, 0, 2.95, 4.5], "texture": "#2"},
				"up": {"uv": [0, 0, 2.7, 2.95], "texture": "#2"},
				"down": {"uv": [0, 0, 2.7, 2.95], "texture": "#2"}
			}
		},
		{
			"from": [5.65, 22.75, 8.85],
			"to": [10.35, 27.25, 13.8],
			"rotation": {"angle": 0, "axis": "y", "origin": [5.5, -14.75, 9.5]},
			"faces": {
				"north": {"uv": [0, 5, 2.25, 7.25], "texture": "#4"},
				"east": {"uv": [0, 0, 2.5, 2.25], "texture": "#4"},
				"south": {"uv": [5, 0, 7.25, 2.25], "texture": "#4"},
				"west": {"uv": [0, 2.5, 2.5, 4.75], "texture": "#4"},
				"up": {"uv": [4.75, 2.5, 2.5, 0], "texture": "#4"},
				"down": {"uv": [4.75, 2.5, 2.5, 5], "texture": "#4"}
			}
		},
		{
			"from": [5.05, 25.25, 8.2],
			"to": [10.95, 26.25, 14.4],
			"rotation": {"angle": 0, "axis": "y", "origin": [5.5, -14.75, 9.5]},
			"faces": {
				"north": {"uv": [6, 2, 11.5, 3], "texture": "#0"},
				"east": {"uv": [6, 0, 12, 1], "texture": "#0"},
				"south": {"uv": [6, 3, 11.5, 4], "texture": "#0"},
				"west": {"uv": [6, 1, 12, 2], "texture": "#0"},
				"up": {"uv": [5.5, 6, 0, 0], "texture": "#0"},
				"down": {"uv": [5.5, 0, 0, 6], "texture": "#0"}
			}
		},
		{
			"from": [5.3, 25.5, 8.45],
			"to": [10.7, 26.5, 14.15],
			"rotation": {"angle": 0, "axis": "y", "origin": [5.5, -14.75, 9.5]},
			"faces": {
				"north": {"uv": [6, 2, 11.5, 3], "texture": "#0"},
				"east": {"uv": [6, 0, 12, 1], "texture": "#0"},
				"south": {"uv": [6, 3, 11.5, 4], "texture": "#0"},
				"west": {"uv": [6, 1, 12, 2], "texture": "#0"},
				"up": {"uv": [5.5, 6, 0, 0], "texture": "#0"},
				"down": {"uv": [5.5, 0, 0, 6], "texture": "#0"}
			}
		},
		{
			"from": [5.3, 25, 8.45],
			"to": [10.7, 26, 14.15],
			"rotation": {"angle": 0, "axis": "y", "origin": [5.5, -14.75, 9.5]},
			"faces": {
				"north": {"uv": [6, 2, 11.5, 3], "texture": "#0"},
				"east": {"uv": [6, 0, 12, 1], "texture": "#0"},
				"south": {"uv": [6, 3, 11.5, 4], "texture": "#0"},
				"west": {"uv": [6, 1, 12, 2], "texture": "#0"},
				"up": {"uv": [5.5, 6, 0, 0], "texture": "#0"},
				"down": {"uv": [5.5, 0, 0, 6], "texture": "#0"}
			}
		},
		{
			"from": [6.15, 18.75, 9.35],
			"to": [9.85, 22.25, 13.3],
			"rotation": {"angle": 0, "axis": "y", "origin": [5.5, -14.75, 9.5]},
			"faces": {
				"north": {"uv": [6.5, 6.5, 8.25, 8.25], "texture": "#4"},
				"east": {"uv": [2.5, 5, 4.5, 6.75], "texture": "#4"},
				"south": {"uv": [2.5, 7, 4.25, 8.75], "texture": "#4"},
				"west": {"uv": [5, 2.5, 7, 4.25], "texture": "#4"},
				"up": {"uv": [6.25, 7, 4.5, 5], "texture": "#4"},
				"down": {"uv": [8.25, 4.5, 6.5, 6.5], "texture": "#4"}
			}
		},
		{
			"from": [7.575, -12.75, 10.875],
			"to": [8.425, -3.45, 11.725],
			"rotation": {"angle": 0, "axis": "y", "origin": [5.5, -14.75, 9.5]},
			"faces": {
				"north": {"uv": [0, 0, 0.75, 9.25], "texture": "#3"},
				"east": {"uv": [1, 0, 1.75, 9.25], "texture": "#3"},
				"south": {"uv": [2, 0, 2.75, 9.25], "texture": "#3"},
				"west": {"uv": [3, 0, 3.75, 9.25], "texture": "#3"},
				"up": {"uv": [4.75, 0.75, 4, 0], "texture": "#3"},
				"down": {"uv": [4.75, 1, 4, 1.75], "texture": "#3"}
			}
		},
		{
			"from": [7.825, -13.5, 11.125],
			"to": [8.175, -12.9, 11.475],
			"rotation": {"angle": 0, "axis": "y", "origin": [5.5, -14.75, 9.5]},
			"faces": {
				"north": {"uv": [0, 0, 0.35, 0.6], "texture": "#3"},
				"east": {"uv": [0, 0, 0.35, 0.6], "texture": "#3"},
				"south": {"uv": [0, 0, 0.35, 0.6], "texture": "#3"},
				"west": {"uv": [0, 0, 0.35, 0.6], "texture": "#3"},
				"up": {"uv": [0, 0, 0.35, 0.35], "texture": "#3"},
				"down": {"uv": [0, 0, 0.35, 0.35], "texture": "#3"}
			}
		},
		{
			"from": [7.575, -14, 10.875],
			"to": [8.425, -13.4, 11.725],
			"rotation": {"angle": 0, "axis": "y", "origin": [5.5, -14.75, 9.5]},
			"faces": {
				"north": {"uv": [0, 0, 0.85, 0.6], "texture": "#5"},
				"east": {"uv": [0, 0, 0.85, 0.6], "texture": "#5"},
				"south": {"uv": [0, 0, 0.85, 0.6], "texture": "#5"},
				"west": {"uv": [0, 0, 0.85, 0.6], "texture": "#5"},
				"up": {"uv": [0, 0, 0.85, 0.85], "texture": "#5"},
				"down": {"uv": [0, 0, 0.85, 0.85], "texture": "#5"}
			}
		},
		{
			"from": [7.675, -14.25, 10.975],
			"to": [8.325, -13.65, 11.625],
			"rotation": {"angle": 0, "axis": "y", "origin": [5.5, -14.75, 9.5]},
			"faces": {
				"north": {"uv": [0, 0, 0.65, 0.6], "texture": "#3"},
				"east": {"uv": [0, 0, 0.65, 0.6], "texture": "#3"},
				"south": {"uv": [0, 0, 0.65, 0.6], "texture": "#3"},
				"west": {"uv": [0, 0, 0.65, 0.6], "texture": "#3"},
				"up": {"uv": [0, 0, 0.65, 0.65], "texture": "#3"},
				"down": {"uv": [0, 0, 0.65, 0.65], "texture": "#3"}
			}
		},
		{
			"from": [7.6, -12.75, 10.9],
			"to": [8.4, 1.25, 11.7],
			"rotation": {"angle": 0, "axis": "y", "origin": [5.5, -14.75, 9.5]},
			"faces": {
				"north": {"uv": [0, 0, 1, 14], "texture": "#4"},
				"east": {"uv": [1, 0, 2, 14], "texture": "#4"},
				"south": {"uv": [2, 0, 3, 14], "texture": "#4"},
				"west": {"uv": [3, 0, 4, 14], "texture": "#4"},
				"up": {"uv": [5, 1, 4, 0], "texture": "#4"},
				"down": {"uv": [5, 1, 4, 2], "texture": "#4"}
			}
		},
		{
			"from": [7.55, 28, 10.85],
			"to": [8.45, 30.75, 11.75],
			"rotation": {"angle": 0, "axis": "y", "origin": [0, -2, 0]},
			"faces": {
				"north": {"uv": [0, 0, 0.9, 2.75], "texture": "#4"},
				"east": {"uv": [0, 0, 0.9, 2.75], "texture": "#4"},
				"south": {"uv": [0, 0, 0.9, 2.75], "texture": "#4"},
				"west": {"uv": [0, 0, 0.9, 2.75], "texture": "#4"},
				"up": {"uv": [0, 0, 0.9, 0.9], "texture": "#4"},
				"down": {"uv": [0, 0, 0.9, 0.9], "texture": "#4"}
			}
		},
		{
			"from": [8, 30.5636, 10.85],
			"to": [8.6364, 31.2, 11.75],
			"rotation": {"angle": -45, "axis": "z", "origin": [8, 31.2, 11.3]},
			"faces": {
				"north": {"uv": [0, 0, 0.6364, 0.6364], "rotation": 90, "texture": "#4"},
				"east": {"uv": [0, 0, 0.6364, 0.9], "rotation": 270, "texture": "#4"},
				"south": {"uv": [0, 0, 0.6364, 0.6364], "rotation": 270, "texture": "#4"},
				"west": {"uv": [0, 0, 0.6364, 0.9], "rotation": 270, "texture": "#4"},
				"up": {"uv": [0, 0, 0.9, 0.6364], "rotation": 270, "texture": "#4"},
				"down": {"uv": [0, 0, 0.9, 0.6364], "rotation": 270, "texture": "#4"}
			}
		},
		{
			"from": [7.6818, 30.4318, 10.9818],
			"to": [8.45, 31.0682, 11.6182],
			"rotation": {"angle": 45, "axis": "x", "origin": [8, 30.75, 11.3]},
			"faces": {
				"north": {"uv": [0, 0, 0.6364, 0.6364], "texture": "#4"},
				"east": {"uv": [0, 0, 0.9, 0.6364], "texture": "#4"},
				"south": {"uv": [0, 0, 0.6364, 0.6364], "texture": "#4"},
				"west": {"uv": [0, 0, 0.9, 0.6364], "texture": "#4"},
				"up": {"uv": [0, 0, 0.6364, 0.9], "texture": "#4"},
				"down": {"uv": [0, 0, 0.6364, 0.9], "texture": "#4"}
			}
		},
		{
			"from": [8, 30.5636, 10.85],
			"to": [8.6364, 31.2, 11.75],
			"rotation": {"angle": -45, "axis": "z", "origin": [8, 31.2, 11.3]},
			"color": 7,
			"faces": {
				"north": {"uv": [0, 0, 0.6364, 0.6364], "rotation": 90, "texture": "#missing"},
				"east": {"uv": [0, 0, 0.6364, 0.9], "rotation": 270, "texture": "#missing"},
				"south": {"uv": [0, 0, 0.6364, 0.6364], "rotation": 270, "texture": "#missing"},
				"west": {"uv": [0, 0, 0.6364, 0.9], "rotation": 270, "texture": "#missing"},
				"up": {"uv": [0, 0, 0.9, 0.6364], "rotation": 270, "texture": "#missing"},
				"down": {"uv": [0, 0, 0.9, 0.6364], "rotation": 270, "texture": "#missing"}
			}
		},
		{
			"from": [7.25, 1.25, 10.55],
			"to": [8.75, 1.4, 12.05],
			"rotation": {"angle": 0, "axis": "y", "origin": [6.5, 1.25, 10.8]},
			"faces": {
				"north": {"uv": [0, 0, 1.5, 0.15], "texture": "#5"},
				"east": {"uv": [0, 0, 1.5, 0.15], "texture": "#5"},
				"south": {"uv": [0, 0, 1.5, 0.15], "texture": "#5"},
				"west": {"uv": [0, 0, 1.5, 0.15], "texture": "#5"},
				"up": {"uv": [0, 0, 1.5, 1.5], "texture": "#5"},
				"down": {"uv": [0, 0, 1.5, 1.5], "texture": "#5"}
			}
		},
		{
			"from": [7, 1.45, 10.3],
			"to": [9, 1.6, 12.3],
			"rotation": {"angle": 0, "axis": "y", "origin": [6.5, 1.25, 10.8]},
			"faces": {
				"north": {"uv": [0, 0, 2, 0.15], "texture": "#5"},
				"east": {"uv": [0, 0, 2, 0.15], "texture": "#5"},
				"south": {"uv": [0, 0, 2, 0.15], "texture": "#5"},
				"west": {"uv": [0, 0, 2, 0.15], "texture": "#5"},
				"up": {"uv": [0, 0, 2, 2], "texture": "#5"},
				"down": {"uv": [0, 0, 2, 2], "texture": "#5"}
			}
		},
		{
			"from": [7.15, 1.35, 10.45],
			"to": [8.85, 1.5, 12.15],
			"rotation": {"angle": 0, "axis": "y", "origin": [6.5, 1.25, 10.8]},
			"faces": {
				"north": {"uv": [0, 0, 1.7, 0.15], "texture": "#5"},
				"east": {"uv": [0, 0, 1.7, 0.15], "texture": "#5"},
				"south": {"uv": [0, 0, 1.7, 0.15], "texture": "#5"},
				"west": {"uv": [0, 0, 1.7, 0.15], "texture": "#5"},
				"up": {"uv": [0, 0, 1.7, 1.7], "texture": "#5"},
				"down": {"uv": [0, 0, 1.7, 1.7], "texture": "#5"}
			}
		},
		{
			"from": [7.25, 1.8, 10.55],
			"to": [8.75, 1.95, 12.05],
			"rotation": {"angle": 0, "axis": "y", "origin": [8, 1.375, 11.3]},
			"faces": {
				"north": {"uv": [0, 0, 1.5, 0.15], "rotation": 180, "texture": "#5"},
				"east": {"uv": [0, 0, 1.5, 0.15], "rotation": 180, "texture": "#5"},
				"south": {"uv": [0, 0, 1.5, 0.15], "rotation": 180, "texture": "#5"},
				"west": {"uv": [0, 0, 1.5, 0.15], "rotation": 180, "texture": "#5"},
				"up": {"uv": [0, 0, 1.5, 1.5], "rotation": 180, "texture": "#5"},
				"down": {"uv": [0, 0, 1.5, 1.5], "rotation": 180, "texture": "#5"}
			}
		},
		{
			"from": [7, 1.6, 10.3],
			"to": [9, 1.75, 12.3],
			"rotation": {"angle": 0, "axis": "y", "origin": [8, 1.375, 11.3]},
			"faces": {
				"north": {"uv": [0, 0, 2, 0.15], "rotation": 180, "texture": "#5"},
				"east": {"uv": [0, 0, 2, 0.15], "rotation": 180, "texture": "#5"},
				"south": {"uv": [0, 0, 2, 0.15], "rotation": 180, "texture": "#5"},
				"west": {"uv": [0, 0, 2, 0.15], "rotation": 180, "texture": "#5"},
				"up": {"uv": [0, 0, 2, 2], "rotation": 180, "texture": "#5"},
				"down": {"uv": [0, 0, 2, 2], "rotation": 180, "texture": "#5"}
			}
		},
		{
			"from": [7.15, 1.7, 10.45],
			"to": [8.85, 1.85, 12.15],
			"rotation": {"angle": 0, "axis": "y", "origin": [8, 1.375, 11.3]},
			"faces": {
				"north": {"uv": [0, 0, 1.7, 0.15], "rotation": 180, "texture": "#5"},
				"east": {"uv": [0, 0, 1.7, 0.15], "rotation": 180, "texture": "#5"},
				"south": {"uv": [0, 0, 1.7, 0.15], "rotation": 180, "texture": "#5"},
				"west": {"uv": [0, 0, 1.7, 0.15], "rotation": 180, "texture": "#5"},
				"up": {"uv": [0, 0, 1.7, 1.7], "rotation": 180, "texture": "#5"},
				"down": {"uv": [0, 0, 1.7, 1.7], "rotation": 180, "texture": "#5"}
			}
		},
		{
			"from": [7.7, 1.95, 11],
			"to": [8.3, 2.25, 11.6],
			"rotation": {"angle": 0, "axis": "y", "origin": [5.5, -14.75, 9.5]},
			"faces": {
				"north": {"uv": [0, 0, 0.6, 0.3], "texture": "#2"},
				"east": {"uv": [0, 0, 0.6, 0.3], "texture": "#2"},
				"south": {"uv": [0, 0, 0.6, 0.3], "texture": "#2"},
				"west": {"uv": [0, 0, 0.6, 0.3], "texture": "#2"},
				"up": {"uv": [0, 0, 0.6, 0.6], "texture": "#2"},
				"down": {"uv": [0, 0, 0.6, 0.6], "texture": "#2"}
			}
		},
		{
			"from": [7.6, 2.25, 10.9],
			"to": [8.4, 2.55, 11.7],
			"rotation": {"angle": 0, "axis": "y", "origin": [5.5, -14.7, 9.5]},
			"faces": {
				"north": {"uv": [0, 0, 0.8, 0.3], "texture": "#2"},
				"east": {"uv": [0, 0, 0.8, 0.3], "texture": "#2"},
				"south": {"uv": [0, 0, 0.8, 0.3], "texture": "#2"},
				"west": {"uv": [0, 0, 0.8, 0.3], "texture": "#2"},
				"up": {"uv": [0, 0, 0.8, 0.8], "texture": "#2"},
				"down": {"uv": [0, 0, 0.8, 0.8], "texture": "#2"}
			}
		},
		{
			"from": [7.5, 2.55, 10.8],
			"to": [8.5, 4.85, 11.8],
			"rotation": {"angle": 0, "axis": "y", "origin": [5.5, -14.7, 9.5]},
			"faces": {
				"north": {"uv": [0, 0, 1, 2.3], "texture": "#2"},
				"east": {"uv": [0, 0, 1, 2.3], "texture": "#2"},
				"south": {"uv": [0, 0, 1, 2.3], "texture": "#2"},
				"west": {"uv": [0, 0, 1, 2.3], "texture": "#2"},
				"up": {"uv": [0, 0, 1, 1], "texture": "#2"},
				"down": {"uv": [0, 0, 1, 1], "texture": "#2"}
			}
		},
		{
			"from": [6.5, 2.75, 10.675],
			"to": [7.75, 3, 11.925],
			"rotation": {"angle": 0, "axis": "y", "origin": [6.24112, 3, 11.3]},
			"faces": {
				"north": {"uv": [0, 0, 1.25, 0.25], "texture": "#5"},
				"east": {"uv": [0, 0, 1.25, 0.25], "texture": "#5"},
				"south": {"uv": [0, 0, 1.25, 0.25], "texture": "#5"},
				"west": {"uv": [0, 0, 1.25, 0.25], "texture": "#5"},
				"up": {"uv": [0, 0, 1.25, 1.25], "texture": "#5"},
				"down": {"uv": [0, 0, 1.25, 1.25], "texture": "#5"}
			}
		},
		{
			"from": [6.75888, 2.75, 10.05],
			"to": [8.00888, 3, 11.3],
			"rotation": {"angle": 45, "axis": "y", "origin": [7.38388, 2.875, 10.675]},
			"faces": {
				"north": {"uv": [0, 0, 1.25, 0.25], "texture": "#5"},
				"east": {"uv": [0, 0, 1.25, 0.25], "texture": "#5"},
				"south": {"uv": [0, 0, 1.25, 0.25], "texture": "#5"},
				"west": {"uv": [0, 0, 1.25, 0.25], "texture": "#5"},
				"up": {"uv": [0, 0, 1.25, 1.25], "texture": "#5"},
				"down": {"uv": [0, 0, 1.25, 1.25], "texture": "#5"}
			}
		},
		{
			"from": [6.75888, 2.75, 11.3],
			"to": [8.00888, 3, 12.55],
			"rotation": {"angle": 45, "axis": "y", "origin": [7.38388, 2.875, 11.925]},
			"faces": {
				"north": {"uv": [0, 0, 1.25, 0.25], "texture": "#5"},
				"east": {"uv": [0, 0, 1.25, 0.25], "texture": "#5"},
				"south": {"uv": [0, 0, 1.25, 0.25], "texture": "#5"},
				"west": {"uv": [0, 0, 1.25, 0.25], "texture": "#5"},
				"up": {"uv": [0, 0, 1.25, 1.25], "texture": "#5"},
				"down": {"uv": [0, 0, 1.25, 1.25], "texture": "#5"}
			}
		},
		{
			"from": [7.38388, 2.75, 11.55888],
			"to": [8.63388, 3, 12.80888],
			"rotation": {"angle": 0, "axis": "y", "origin": [8.00888, 2.875, 12.18388]},
			"faces": {
				"north": {"uv": [0, 0, 1.25, 0.25], "texture": "#5"},
				"east": {"uv": [0, 0, 1.25, 0.25], "texture": "#5"},
				"south": {"uv": [0, 0, 1.25, 0.25], "texture": "#5"},
				"west": {"uv": [0, 0, 1.25, 0.25], "texture": "#5"},
				"up": {"uv": [0, 0, 1.25, 1.25], "rotation": 270, "texture": "#5"},
				"down": {"uv": [0, 0, 1.25, 1.25], "rotation": 90, "texture": "#5"}
			}
		},
		{
			"from": [8.26777, 2.75, 10.675],
			"to": [9.51777, 3, 11.925],
			"rotation": {"angle": 0, "axis": "y", "origin": [8.45083, 2.875, 11.17056]},
			"faces": {
				"north": {"uv": [0, 0, 1.25, 0.25], "texture": "#5"},
				"east": {"uv": [0, 0, 1.25, 0.25], "texture": "#5"},
				"south": {"uv": [0, 0, 1.25, 0.25], "texture": "#5"},
				"west": {"uv": [0, 0, 1.25, 0.25], "texture": "#5"},
				"up": {"uv": [0, 0, 1.25, 1.25], "rotation": 180, "texture": "#5"},
				"down": {"uv": [0, 0, 1.25, 1.25], "rotation": 180, "texture": "#5"}
			}
		},
		{
			"from": [7.4218, 2.75, 11.20847],
			"to": [8.6718, 3, 12.45847],
			"rotation": {"angle": 45, "axis": "y", "origin": [8.45083, 2.875, 11.17056]},
			"faces": {
				"north": {"uv": [0, 0, 1.25, 0.25], "texture": "#5"},
				"east": {"uv": [0, 0, 1.25, 0.25], "texture": "#5"},
				"south": {"uv": [0, 0, 1.25, 0.25], "texture": "#5"},
				"west": {"uv": [0, 0, 1.25, 0.25], "texture": "#5"},
				"up": {"uv": [0, 0, 1.25, 1.25], "rotation": 180, "texture": "#5"},
				"down": {"uv": [0, 0, 1.25, 1.25], "rotation": 180, "texture": "#5"}
			}
		},
		{
			"from": [8.30568, 2.75, 10.32459],
			"to": [9.55568, 3, 11.57459],
			"rotation": {"angle": 45, "axis": "y", "origin": [8.45083, 2.875, 11.17056]},
			"faces": {
				"north": {"uv": [0, 0, 1.25, 0.25], "texture": "#5"},
				"east": {"uv": [0, 0, 1.25, 0.25], "texture": "#5"},
				"south": {"uv": [0, 0, 1.25, 0.25], "texture": "#5"},
				"west": {"uv": [0, 0, 1.25, 0.25], "texture": "#5"},
				"up": {"uv": [0, 0, 1.25, 1.25], "rotation": 180, "texture": "#5"},
				"down": {"uv": [0, 0, 1.25, 1.25], "rotation": 180, "texture": "#5"}
			}
		},
		{
			"from": [7.38388, 2.75, 9.79112],
			"to": [8.63388, 3, 11.04112],
			"rotation": {"angle": 0, "axis": "y", "origin": [8.45083, 2.875, 11.17056]},
			"faces": {
				"north": {"uv": [0, 0, 1.25, 0.25], "texture": "#5"},
				"east": {"uv": [0, 0, 1.25, 0.25], "texture": "#5"},
				"south": {"uv": [0, 0, 1.25, 0.25], "texture": "#5"},
				"west": {"uv": [0, 0, 1.25, 0.25], "texture": "#5"},
				"up": {"uv": [0, 0, 1.25, 1.25], "rotation": 90, "texture": "#5"},
				"down": {"uv": [0, 0, 1.25, 1.25], "rotation": 270, "texture": "#5"}
			}
		},
		{
			"from": [7.88388, 2.25, 12.70888],
			"to": [8.13388, 2.5, 13.30888],
			"rotation": {"angle": 0, "axis": "y", "origin": [8.00888, 2.375, 13.12138]},
			"faces": {
				"north": {"uv": [0, 0, 0.25, 0.25], "rotation": 180, "texture": "#4"},
				"east": {"uv": [0, 0, 0.6, 0.25], "rotation": 180, "texture": "#4"},
				"south": {"uv": [0, 0, 0.25, 0.25], "rotation": 180, "texture": "#4"},
				"west": {"uv": [0, 0, 0.6, 0.25], "rotation": 180, "texture": "#4"},
				"up": {"uv": [0, 0, 0.6, 0.25], "rotation": 270, "texture": "#4"},
				"down": {"uv": [0, 0, 0.6, 0.25], "rotation": 90, "texture": "#4"}
			}
		},
		{
			"from": [7.73388, 2.5, 12.55888],
			"to": [8.28388, 2.75, 13.45888],
			"rotation": {"angle": 0, "axis": "y", "origin": [8.00888, 2.375, 13.12138]},
			"faces": {
				"north": {"uv": [0, 0, 0.55, 0.25], "rotation": 180, "texture": "#4"},
				"east": {"uv": [0, 0, 0.9, 0.25], "rotation": 180, "texture": "#4"},
				"south": {"uv": [0, 0, 0.55, 0.25], "rotation": 180, "texture": "#4"},
				"west": {"uv": [0, 0, 0.9, 0.25], "rotation": 180, "texture": "#4"},
				"up": {"uv": [0, 0, 0.9, 0.55], "rotation": 270, "texture": "#4"},
				"down": {"uv": [0, 0, 0.9, 0.55], "rotation": 90, "texture": "#4"}
			}
		},
		{
			"from": [7.63388, 2.75, 12.80888],
			"to": [8.38388, 3, 13.55888],
			"rotation": {"angle": 0, "axis": "y", "origin": [8.00888, 2.875, 12.18388]},
			"faces": {
				"north": {"uv": [0, 0, 0.75, 0.25], "texture": "#4"},
				"east": {"uv": [0, 0, 0.75, 0.25], "texture": "#4"},
				"south": {"uv": [0, 0, 0.75, 0.25], "texture": "#4"},
				"west": {"uv": [0, 0, 0.75, 0.25], "texture": "#4"},
				"up": {"uv": [0, 0, 0.75, 0.75], "rotation": 270, "texture": "#4"},
				"down": {"uv": [0, 0, 0.75, 0.75], "rotation": 90, "texture": "#4"}
			}
		},
		{
			"from": [7.73388, 3, 12.55888],
			"to": [8.28388, 3.25, 13.45888],
			"rotation": {"angle": 0, "axis": "y", "origin": [8.00888, 2.875, 12.18388]},
			"faces": {
				"north": {"uv": [0, 0, 0.55, 0.25], "texture": "#4"},
				"east": {"uv": [0, 0, 0.9, 0.25], "texture": "#4"},
				"south": {"uv": [0, 0, 0.55, 0.25], "texture": "#4"},
				"west": {"uv": [0, 0, 0.9, 0.25], "texture": "#4"},
				"up": {"uv": [0, 0, 0.9, 0.55], "rotation": 270, "texture": "#4"},
				"down": {"uv": [0, 0, 0.9, 0.55], "rotation": 90, "texture": "#4"}
			}
		},
		{
			"from": [7.88388, 3.25, 12.70888],
			"to": [8.13388, 3.5, 13.30888],
			"rotation": {"angle": 0, "axis": "y", "origin": [8.00888, 2.875, 12.18388]},
			"faces": {
				"north": {"uv": [0, 0, 0.25, 0.25], "texture": "#4"},
				"east": {"uv": [0, 0, 0.6, 0.25], "texture": "#4"},
				"south": {"uv": [0, 0, 0.25, 0.25], "texture": "#4"},
				"west": {"uv": [0, 0, 0.6, 0.25], "texture": "#4"},
				"up": {"uv": [0, 0, 0.6, 0.25], "rotation": 270, "texture": "#4"},
				"down": {"uv": [0, 0, 0.6, 0.25], "rotation": 90, "texture": "#4"}
			}
		},
		{
			"from": [7.88388, 2.25, 9.28388],
			"to": [8.13388, 2.5, 9.88388],
			"rotation": {"angle": 0, "axis": "y", "origin": [8.00888, 2.875, 13.09638]},
			"faces": {
				"north": {"uv": [0, 0, 0.25, 0.25], "rotation": 180, "texture": "#4"},
				"east": {"uv": [0, 0, 0.6, 0.25], "rotation": 180, "texture": "#4"},
				"south": {"uv": [0, 0, 0.25, 0.25], "rotation": 180, "texture": "#4"},
				"west": {"uv": [0, 0, 0.6, 0.25], "rotation": 180, "texture": "#4"},
				"up": {"uv": [0, 0, 0.6, 0.25], "rotation": 90, "texture": "#4"},
				"down": {"uv": [0, 0, 0.6, 0.25], "rotation": 270, "texture": "#4"}
			}
		},
		{
			"from": [7.73388, 2.5, 9.13388],
			"to": [8.28388, 2.75, 10.03388],
			"rotation": {"angle": 0, "axis": "y", "origin": [8.00888, 2.875, 13.09638]},
			"faces": {
				"north": {"uv": [0, 0, 0.55, 0.25], "rotation": 180, "texture": "#4"},
				"east": {"uv": [0, 0, 0.9, 0.25], "rotation": 180, "texture": "#4"},
				"south": {"uv": [0, 0, 0.55, 0.25], "rotation": 180, "texture": "#4"},
				"west": {"uv": [0, 0, 0.9, 0.25], "rotation": 180, "texture": "#4"},
				"up": {"uv": [0, 0, 0.9, 0.55], "rotation": 90, "texture": "#4"},
				"down": {"uv": [0, 0, 0.9, 0.55], "rotation": 270, "texture": "#4"}
			}
		},
		{
			"from": [7.63388, 2.75, 9.03388],
			"to": [8.38388, 3, 9.78388],
			"rotation": {"angle": 0, "axis": "y", "origin": [8.00888, 2.875, 13.09638]},
			"faces": {
				"north": {"uv": [0, 0, 0.75, 0.25], "texture": "#4"},
				"east": {"uv": [0, 0, 0.75, 0.25], "texture": "#4"},
				"south": {"uv": [0, 0, 0.75, 0.25], "texture": "#4"},
				"west": {"uv": [0, 0, 0.75, 0.25], "texture": "#4"},
				"up": {"uv": [0, 0, 0.75, 0.75], "rotation": 90, "texture": "#4"},
				"down": {"uv": [0, 0, 0.75, 0.75], "rotation": 270, "texture": "#4"}
			}
		},
		{
			"from": [7.73388, 3, 9.13388],
			"to": [8.28388, 3.25, 10.03388],
			"rotation": {"angle": 0, "axis": "y", "origin": [8.00888, 2.875, 13.09638]},
			"faces": {
				"north": {"uv": [0, 0, 0.55, 0.25], "texture": "#4"},
				"east": {"uv": [0, 0, 0.9, 0.25], "texture": "#4"},
				"south": {"uv": [0, 0, 0.55, 0.25], "texture": "#4"},
				"west": {"uv": [0, 0, 0.9, 0.25], "texture": "#4"},
				"up": {"uv": [0, 0, 0.9, 0.55], "rotation": 90, "texture": "#4"},
				"down": {"uv": [0, 0, 0.9, 0.55], "rotation": 270, "texture": "#4"}
			}
		},
		{
			"from": [7.88388, 3.25, 9.28388],
			"to": [8.13388, 3.5, 9.88388],
			"rotation": {"angle": 0, "axis": "y", "origin": [8.00888, 2.875, 13.09638]},
			"faces": {
				"north": {"uv": [0, 0, 0.25, 0.25], "texture": "#4"},
				"east": {"uv": [0, 0, 0.6, 0.25], "texture": "#4"},
				"south": {"uv": [0, 0, 0.25, 0.25], "texture": "#4"},
				"west": {"uv": [0, 0, 0.6, 0.25], "texture": "#4"},
				"up": {"uv": [0, 0, 0.6, 0.25], "rotation": 90, "texture": "#4"},
				"down": {"uv": [0, 0, 0.6, 0.25], "rotation": 270, "texture": "#4"}
			}
		},
		{
			"from": [9.37138, 2.25, 11.17138],
			"to": [9.97138, 2.5, 11.42138],
			"rotation": {"angle": 0, "axis": "y", "origin": [8.00888, 2.875, 13.09638]},
			"faces": {
				"north": {"uv": [0, 0, 0.6, 0.25], "rotation": 180, "texture": "#4"},
				"east": {"uv": [0, 0, 0.25, 0.25], "rotation": 180, "texture": "#4"},
				"south": {"uv": [0, 0, 0.6, 0.25], "rotation": 180, "texture": "#4"},
				"west": {"uv": [0, 0, 0.25, 0.25], "rotation": 180, "texture": "#4"},
				"up": {"uv": [0, 0, 0.6, 0.25], "rotation": 180, "texture": "#4"},
				"down": {"uv": [0, 0, 0.6, 0.25], "rotation": 180, "texture": "#4"}
			}
		},
		{
			"from": [9.22138, 2.5, 11.02138],
			"to": [10.12138, 2.75, 11.57138],
			"rotation": {"angle": 0, "axis": "y", "origin": [8.00888, 2.875, 13.09638]},
			"faces": {
				"north": {"uv": [0, 0, 0.9, 0.25], "rotation": 180, "texture": "#4"},
				"east": {"uv": [0, 0, 0.55, 0.25], "rotation": 180, "texture": "#4"},
				"south": {"uv": [0, 0, 0.9, 0.25], "rotation": 180, "texture": "#4"},
				"west": {"uv": [0, 0, 0.55, 0.25], "rotation": 180, "texture": "#4"},
				"up": {"uv": [0, 0, 0.9, 0.55], "rotation": 180, "texture": "#4"},
				"down": {"uv": [0, 0, 0.9, 0.55], "rotation": 180, "texture": "#4"}
			}
		},
		{
			"from": [9.47138, 2.75, 10.92138],
			"to": [10.22138, 3, 11.67138],
			"rotation": {"angle": 0, "axis": "y", "origin": [8.00888, 2.875, 13.09638]},
			"faces": {
				"north": {"uv": [0, 0, 0.75, 0.25], "texture": "#4"},
				"east": {"uv": [0, 0, 0.75, 0.25], "texture": "#4"},
				"south": {"uv": [0, 0, 0.75, 0.25], "texture": "#4"},
				"west": {"uv": [0, 0, 0.75, 0.25], "texture": "#4"},
				"up": {"uv": [0, 0, 0.75, 0.75], "rotation": 180, "texture": "#4"},
				"down": {"uv": [0, 0, 0.75, 0.75], "rotation": 180, "texture": "#4"}
			}
		},
		{
			"from": [9.22138, 3, 11.02138],
			"to": [10.12138, 3.25, 11.57138],
			"rotation": {"angle": 0, "axis": "y", "origin": [8.00888, 2.875, 13.09638]},
			"faces": {
				"north": {"uv": [0, 0, 0.9, 0.25], "texture": "#4"},
				"east": {"uv": [0, 0, 0.55, 0.25], "texture": "#4"},
				"south": {"uv": [0, 0, 0.9, 0.25], "texture": "#4"},
				"west": {"uv": [0, 0, 0.55, 0.25], "texture": "#4"},
				"up": {"uv": [0, 0, 0.9, 0.55], "rotation": 180, "texture": "#4"},
				"down": {"uv": [0, 0, 0.9, 0.55], "rotation": 180, "texture": "#4"}
			}
		},
		{
			"from": [9.37138, 3.25, 11.17138],
			"to": [9.97138, 3.5, 11.42138],
			"rotation": {"angle": 0, "axis": "y", "origin": [8.00888, 2.875, 13.09638]},
			"faces": {
				"north": {"uv": [0, 0, 0.6, 0.25], "texture": "#4"},
				"east": {"uv": [0, 0, 0.25, 0.25], "texture": "#4"},
				"south": {"uv": [0, 0, 0.6, 0.25], "texture": "#4"},
				"west": {"uv": [0, 0, 0.25, 0.25], "texture": "#4"},
				"up": {"uv": [0, 0, 0.6, 0.25], "rotation": 180, "texture": "#4"},
				"down": {"uv": [0, 0, 0.6, 0.25], "rotation": 180, "texture": "#4"}
			}
		},
		{
			"from": [5.99638, 3.25, 11.17138],
			"to": [6.59638, 3.5, 11.42138],
			"rotation": {"angle": 0, "axis": "y", "origin": [9.75888, 2.875, 11.29638]},
			"faces": {
				"north": {"uv": [0, 0, 0.6, 0.25], "texture": "#4"},
				"east": {"uv": [0, 0, 0.25, 0.25], "texture": "#4"},
				"south": {"uv": [0, 0, 0.6, 0.25], "texture": "#4"},
				"west": {"uv": [0, 0, 0.25, 0.25], "texture": "#4"},
				"up": {"uv": [0, 0, 0.6, 0.25], "texture": "#4"},
				"down": {"uv": [0, 0, 0.6, 0.25], "texture": "#4"}
			}
		},
		{
			"from": [5.99638, 2.25, 11.17138],
			"to": [6.59638, 2.5, 11.42138],
			"rotation": {"angle": 0, "axis": "y", "origin": [9.75888, 2.875, 11.29638]},
			"faces": {
				"north": {"uv": [0, 0, 0.6, 0.25], "rotation": 180, "texture": "#4"},
				"east": {"uv": [0, 0, 0.25, 0.25], "rotation": 180, "texture": "#4"},
				"south": {"uv": [0, 0, 0.6, 0.25], "rotation": 180, "texture": "#4"},
				"west": {"uv": [0, 0, 0.25, 0.25], "rotation": 180, "texture": "#4"},
				"up": {"uv": [0, 0, 0.6, 0.25], "texture": "#4"},
				"down": {"uv": [0, 0, 0.6, 0.25], "texture": "#4"}
			}
		},
		{
			"from": [5.84638, 2.5, 11.02138],
			"to": [6.74638, 2.75, 11.57138],
			"rotation": {"angle": 0, "axis": "y", "origin": [9.75888, 2.875, 11.29638]},
			"faces": {
				"north": {"uv": [0, 0, 0.9, 0.25], "rotation": 180, "texture": "#4"},
				"east": {"uv": [0, 0, 0.55, 0.25], "rotation": 180, "texture": "#4"},
				"south": {"uv": [0, 0, 0.9, 0.25], "rotation": 180, "texture": "#4"},
				"west": {"uv": [0, 0, 0.55, 0.25], "rotation": 180, "texture": "#4"},
				"up": {"uv": [0, 0, 0.9, 0.55], "texture": "#4"},
				"down": {"uv": [0, 0, 0.9, 0.55], "texture": "#4"}
			}
		},
		{
			"from": [5.84638, 3, 11.02138],
			"to": [6.74638, 3.25, 11.57138],
			"rotation": {"angle": 0, "axis": "y", "origin": [9.75888, 2.875, 11.29638]},
			"faces": {
				"north": {"uv": [0, 0, 0.9, 0.25], "texture": "#4"},
				"east": {"uv": [0, 0, 0.55, 0.25], "texture": "#4"},
				"south": {"uv": [0, 0, 0.9, 0.25], "texture": "#4"},
				"west": {"uv": [0, 0, 0.55, 0.25], "texture": "#4"},
				"up": {"uv": [0, 0, 0.9, 0.55], "texture": "#4"},
				"down": {"uv": [0, 0, 0.9, 0.55], "texture": "#4"}
			}
		},
		{
			"from": [5.74638, 2.75, 10.92138],
			"to": [6.49638, 3, 11.67138],
			"rotation": {"angle": 0, "axis": "y", "origin": [9.75888, 2.875, 11.29638]},
			"faces": {
				"north": {"uv": [0, 0, 0.75, 0.25], "texture": "#4"},
				"east": {"uv": [0, 0, 0.75, 0.25], "texture": "#4"},
				"south": {"uv": [0, 0, 0.75, 0.25], "texture": "#4"},
				"west": {"uv": [0, 0, 0.75, 0.25], "texture": "#4"},
				"up": {"uv": [0, 0, 0.75, 0.75], "texture": "#4"},
				"down": {"uv": [0, 0, 0.75, 0.75], "texture": "#4"}
			}
		},
		{
			"from": [7.88388, 7.25, 9.78388],
			"to": [8.13388, 7.5, 10.38388],
			"rotation": {"angle": 0, "axis": "y", "origin": [8.00888, 2.875, 13.09638]},
			"faces": {
				"north": {"uv": [0, 0, 0.25, 0.25], "texture": "#4"},
				"east": {"uv": [0, 0, 0.6, 0.25], "texture": "#4"},
				"south": {"uv": [0, 0, 0.25, 0.25], "texture": "#4"},
				"west": {"uv": [0, 0, 0.6, 0.25], "texture": "#4"},
				"up": {"uv": [0, 0, 0.6, 0.25], "rotation": 90, "texture": "#4"},
				"down": {"uv": [0, 0, 0.6, 0.25], "rotation": 270, "texture": "#4"}
			}
		},
		{
			"from": [7.73388, 7, 9.63388],
			"to": [8.28388, 7.25, 10.53388],
			"rotation": {"angle": 0, "axis": "y", "origin": [8.00888, 2.875, 13.09638]},
			"faces": {
				"north": {"uv": [0, 0, 0.55, 0.25], "texture": "#4"},
				"east": {"uv": [0, 0, 0.9, 0.25], "texture": "#4"},
				"south": {"uv": [0, 0, 0.55, 0.25], "texture": "#4"},
				"west": {"uv": [0, 0, 0.9, 0.25], "texture": "#4"},
				"up": {"uv": [0, 0, 0.9, 0.55], "rotation": 90, "texture": "#4"},
				"down": {"uv": [0, 0, 0.9, 0.55], "rotation": 270, "texture": "#4"}
			}
		},
		{
			"from": [7.63388, 6.75, 9.53388],
			"to": [8.38388, 7, 10.28388],
			"rotation": {"angle": 0, "axis": "y", "origin": [8.00888, 2.875, 13.09638]},
			"faces": {
				"north": {"uv": [0, 0, 0.75, 0.25], "texture": "#4"},
				"east": {"uv": [0, 0, 0.75, 0.25], "texture": "#4"},
				"south": {"uv": [0, 0, 0.75, 0.25], "texture": "#4"},
				"west": {"uv": [0, 0, 0.75, 0.25], "texture": "#4"},
				"up": {"uv": [0, 0, 0.75, 0.75], "rotation": 90, "texture": "#4"},
				"down": {"uv": [0, 0, 0.75, 0.75], "rotation": 270, "texture": "#4"}
			}
		},
		{
			"from": [7.73388, 6.5, 9.63388],
			"to": [8.28388, 6.75, 10.53388],
			"rotation": {"angle": 0, "axis": "y", "origin": [8.00888, 2.875, 13.09638]},
			"faces": {
				"north": {"uv": [0, 0, 0.55, 0.25], "rotation": 180, "texture": "#4"},
				"east": {"uv": [0, 0, 0.9, 0.25], "rotation": 180, "texture": "#4"},
				"south": {"uv": [0, 0, 0.55, 0.25], "rotation": 180, "texture": "#4"},
				"west": {"uv": [0, 0, 0.9, 0.25], "rotation": 180, "texture": "#4"},
				"up": {"uv": [0, 0, 0.9, 0.55], "rotation": 90, "texture": "#4"},
				"down": {"uv": [0, 0, 0.9, 0.55], "rotation": 270, "texture": "#4"}
			}
		},
		{
			"from": [7.88388, 6.25, 9.78388],
			"to": [8.13388, 6.5, 10.38388],
			"rotation": {"angle": 0, "axis": "y", "origin": [8.00888, 2.875, 13.09638]},
			"faces": {
				"north": {"uv": [0, 0, 0.25, 0.25], "rotation": 180, "texture": "#4"},
				"east": {"uv": [0, 0, 0.6, 0.25], "rotation": 180, "texture": "#4"},
				"south": {"uv": [0, 0, 0.25, 0.25], "rotation": 180, "texture": "#4"},
				"west": {"uv": [0, 0, 0.6, 0.25], "rotation": 180, "texture": "#4"},
				"up": {"uv": [0, 0, 0.6, 0.25], "rotation": 90, "texture": "#4"},
				"down": {"uv": [0, 0, 0.6, 0.25], "rotation": 270, "texture": "#4"}
			}
		},
		{
			"from": [7.88388, 7.25, 12.30888],
			"to": [8.13388, 7.5, 12.90888],
			"rotation": {"angle": 0, "axis": "y", "origin": [8.00888, 2.875, 13.09638]},
			"faces": {
				"north": {"uv": [0, 0, 0.25, 0.25], "texture": "#4"},
				"east": {"uv": [0, 0, 0.6, 0.25], "texture": "#4"},
				"south": {"uv": [0, 0, 0.25, 0.25], "texture": "#4"},
				"west": {"uv": [0, 0, 0.6, 0.25], "texture": "#4"},
				"up": {"uv": [0, 0, 0.6, 0.25], "rotation": 270, "texture": "#4"},
				"down": {"uv": [0, 0, 0.6, 0.25], "rotation": 90, "texture": "#4"}
			}
		},
		{
			"from": [7.73388, 7, 12.15888],
			"to": [8.28388, 7.25, 13.05888],
			"rotation": {"angle": 0, "axis": "y", "origin": [8.00888, 2.875, 13.09638]},
			"faces": {
				"north": {"uv": [0, 0, 0.55, 0.25], "texture": "#4"},
				"east": {"uv": [0, 0, 0.9, 0.25], "texture": "#4"},
				"south": {"uv": [0, 0, 0.55, 0.25], "texture": "#4"},
				"west": {"uv": [0, 0, 0.9, 0.25], "texture": "#4"},
				"up": {"uv": [0, 0, 0.9, 0.55], "rotation": 270, "texture": "#4"},
				"down": {"uv": [0, 0, 0.9, 0.55], "rotation": 90, "texture": "#4"}
			}
		},
		{
			"from": [7.63388, 6.75, 12.40888],
			"to": [8.38388, 7, 13.15888],
			"rotation": {"angle": 0, "axis": "y", "origin": [8.00888, 2.875, 13.09638]},
			"faces": {
				"north": {"uv": [0, 0, 0.75, 0.25], "texture": "#4"},
				"east": {"uv": [0, 0, 0.75, 0.25], "texture": "#4"},
				"south": {"uv": [0, 0, 0.75, 0.25], "texture": "#4"},
				"west": {"uv": [0, 0, 0.75, 0.25], "texture": "#4"},
				"up": {"uv": [0, 0, 0.75, 0.75], "rotation": 270, "texture": "#4"},
				"down": {"uv": [0, 0, 0.75, 0.75], "rotation": 90, "texture": "#4"}
			}
		},
		{
			"from": [7.73388, 6.5, 12.15888],
			"to": [8.28388, 6.75, 13.05888],
			"rotation": {"angle": 0, "axis": "y", "origin": [8.00888, 2.875, 13.09638]},
			"faces": {
				"north": {"uv": [0, 0, 0.55, 0.25], "rotation": 180, "texture": "#4"},
				"east": {"uv": [0, 0, 0.9, 0.25], "rotation": 180, "texture": "#4"},
				"south": {"uv": [0, 0, 0.55, 0.25], "rotation": 180, "texture": "#4"},
				"west": {"uv": [0, 0, 0.9, 0.25], "rotation": 180, "texture": "#4"},
				"up": {"uv": [0, 0, 0.9, 0.55], "rotation": 270, "texture": "#4"},
				"down": {"uv": [0, 0, 0.9, 0.55], "rotation": 90, "texture": "#4"}
			}
		},
		{
			"from": [7.88388, 6.25, 12.30888],
			"to": [8.13388, 6.5, 12.90888],
			"rotation": {"angle": 0, "axis": "y", "origin": [8.00888, 2.875, 13.09638]},
			"faces": {
				"north": {"uv": [0, 0, 0.25, 0.25], "rotation": 180, "texture": "#4"},
				"east": {"uv": [0, 0, 0.6, 0.25], "rotation": 180, "texture": "#4"},
				"south": {"uv": [0, 0, 0.25, 0.25], "rotation": 180, "texture": "#4"},
				"west": {"uv": [0, 0, 0.6, 0.25], "rotation": 180, "texture": "#4"},
				"up": {"uv": [0, 0, 0.6, 0.25], "rotation": 270, "texture": "#4"},
				"down": {"uv": [0, 0, 0.6, 0.25], "rotation": 90, "texture": "#4"}
			}
		},
		{
			"from": [6.49638, 7.25, 11.17138],
			"to": [7.09638, 7.5, 11.42138],
			"rotation": {"angle": 0, "axis": "y", "origin": [7.55888, 0.125, 13.04638]},
			"faces": {
				"north": {"uv": [0, 0, 0.6, 0.25], "texture": "#4"},
				"east": {"uv": [0, 0, 0.25, 0.25], "texture": "#4"},
				"south": {"uv": [0, 0, 0.6, 0.25], "texture": "#4"},
				"west": {"uv": [0, 0, 0.25, 0.25], "texture": "#4"},
				"up": {"uv": [0, 0, 0.6, 0.25], "texture": "#4"},
				"down": {"uv": [0, 0, 0.6, 0.25], "texture": "#4"}
			}
		},
		{
			"from": [6.34638, 7, 11.02138],
			"to": [7.24638, 7.25, 11.57138],
			"rotation": {"angle": 0, "axis": "y", "origin": [7.55888, 0.125, 13.04638]},
			"faces": {
				"north": {"uv": [0, 0, 0.9, 0.25], "texture": "#4"},
				"east": {"uv": [0, 0, 0.55, 0.25], "texture": "#4"},
				"south": {"uv": [0, 0, 0.9, 0.25], "texture": "#4"},
				"west": {"uv": [0, 0, 0.55, 0.25], "texture": "#4"},
				"up": {"uv": [0, 0, 0.9, 0.55], "texture": "#4"},
				"down": {"uv": [0, 0, 0.9, 0.55], "texture": "#4"}
			}
		},
		{
			"from": [6.24638, 6.75, 10.92138],
			"to": [6.99638, 7, 11.67138],
			"rotation": {"angle": 0, "axis": "y", "origin": [7.55888, 0.125, 13.04638]},
			"faces": {
				"north": {"uv": [0, 0, 0.75, 0.25], "texture": "#4"},
				"east": {"uv": [0, 0, 0.75, 0.25], "texture": "#4"},
				"south": {"uv": [0, 0, 0.75, 0.25], "texture": "#4"},
				"west": {"uv": [0, 0, 0.75, 0.25], "texture": "#4"},
				"up": {"uv": [0, 0, 0.75, 0.75], "texture": "#4"},
				"down": {"uv": [0, 0, 0.75, 0.75], "texture": "#4"}
			}
		},
		{
			"from": [6.34638, 6.5, 11.02138],
			"to": [7.24638, 6.75, 11.57138],
			"rotation": {"angle": 0, "axis": "y", "origin": [7.55888, 0.125, 13.04638]},
			"faces": {
				"north": {"uv": [0, 0, 0.9, 0.25], "rotation": 180, "texture": "#4"},
				"east": {"uv": [0, 0, 0.55, 0.25], "rotation": 180, "texture": "#4"},
				"south": {"uv": [0, 0, 0.9, 0.25], "rotation": 180, "texture": "#4"},
				"west": {"uv": [0, 0, 0.55, 0.25], "rotation": 180, "texture": "#4"},
				"up": {"uv": [0, 0, 0.9, 0.55], "texture": "#4"},
				"down": {"uv": [0, 0, 0.9, 0.55], "texture": "#4"}
			}
		},
		{
			"from": [6.49638, 6.25, 11.17138],
			"to": [7.09638, 6.5, 11.42138],
			"rotation": {"angle": 0, "axis": "y", "origin": [7.55888, 0.125, 13.04638]},
			"faces": {
				"north": {"uv": [0, 0, 0.6, 0.25], "rotation": 180, "texture": "#4"},
				"east": {"uv": [0, 0, 0.25, 0.25], "rotation": 180, "texture": "#4"},
				"south": {"uv": [0, 0, 0.6, 0.25], "rotation": 180, "texture": "#4"},
				"west": {"uv": [0, 0, 0.25, 0.25], "rotation": 180, "texture": "#4"},
				"up": {"uv": [0, 0, 0.6, 0.25], "texture": "#4"},
				"down": {"uv": [0, 0, 0.6, 0.25], "texture": "#4"}
			}
		},
		{
			"from": [8.82138, 7.25, 11.17138],
			"to": [9.42138, 7.5, 11.42138],
			"rotation": {"angle": 0, "axis": "y", "origin": [6.70888, 6.875, 11.29638]},
			"faces": {
				"north": {"uv": [0, 0, 0.6, 0.25], "texture": "#4"},
				"east": {"uv": [0, 0, 0.25, 0.25], "texture": "#4"},
				"south": {"uv": [0, 0, 0.6, 0.25], "texture": "#4"},
				"west": {"uv": [0, 0, 0.25, 0.25], "texture": "#4"},
				"up": {"uv": [0, 0, 0.6, 0.25], "rotation": 180, "texture": "#4"},
				"down": {"uv": [0, 0, 0.6, 0.25], "rotation": 180, "texture": "#4"}
			}
		},
		{
			"from": [8.67138, 7, 11.02138],
			"to": [9.57138, 7.25, 11.57138],
			"rotation": {"angle": 0, "axis": "y", "origin": [6.70888, 6.875, 11.29638]},
			"faces": {
				"north": {"uv": [0, 0, 0.9, 0.25], "texture": "#4"},
				"east": {"uv": [0, 0, 0.55, 0.25], "texture": "#4"},
				"south": {"uv": [0, 0, 0.9, 0.25], "texture": "#4"},
				"west": {"uv": [0, 0, 0.55, 0.25], "texture": "#4"},
				"up": {"uv": [0, 0, 0.9, 0.55], "rotation": 180, "texture": "#4"},
				"down": {"uv": [0, 0, 0.9, 0.55], "rotation": 180, "texture": "#4"}
			}
		},
		{
			"from": [8.92138, 6.75, 10.92138],
			"to": [9.67138, 7, 11.67138],
			"rotation": {"angle": 0, "axis": "y", "origin": [6.70888, 6.875, 11.29638]},
			"faces": {
				"north": {"uv": [0, 0, 0.75, 0.25], "texture": "#4"},
				"east": {"uv": [0, 0, 0.75, 0.25], "texture": "#4"},
				"south": {"uv": [0, 0, 0.75, 0.25], "texture": "#4"},
				"west": {"uv": [0, 0, 0.75, 0.25], "texture": "#4"},
				"up": {"uv": [0, 0, 0.75, 0.75], "rotation": 180, "texture": "#4"},
				"down": {"uv": [0, 0, 0.75, 0.75], "rotation": 180, "texture": "#4"}
			}
		},
		{
			"from": [8.67138, 6.5, 11.02138],
			"to": [9.57138, 6.75, 11.57138],
			"rotation": {"angle": 0, "axis": "y", "origin": [6.70888, 6.875, 11.29638]},
			"faces": {
				"north": {"uv": [0, 0, 0.9, 0.25], "rotation": 180, "texture": "#4"},
				"east": {"uv": [0, 0, 0.55, 0.25], "rotation": 180, "texture": "#4"},
				"south": {"uv": [0, 0, 0.9, 0.25], "rotation": 180, "texture": "#4"},
				"west": {"uv": [0, 0, 0.55, 0.25], "rotation": 180, "texture": "#4"},
				"up": {"uv": [0, 0, 0.9, 0.55], "rotation": 180, "texture": "#4"},
				"down": {"uv": [0, 0, 0.9, 0.55], "rotation": 180, "texture": "#4"}
			}
		},
		{
			"from": [8.82138, 6.25, 11.17138],
			"to": [9.42138, 6.5, 11.42138],
			"rotation": {"angle": 0, "axis": "y", "origin": [6.70888, 6.875, 11.29638]},
			"faces": {
				"north": {"uv": [0, 0, 0.6, 0.25], "rotation": 180, "texture": "#4"},
				"east": {"uv": [0, 0, 0.25, 0.25], "rotation": 180, "texture": "#4"},
				"south": {"uv": [0, 0, 0.6, 0.25], "rotation": 180, "texture": "#4"},
				"west": {"uv": [0, 0, 0.25, 0.25], "rotation": 180, "texture": "#4"},
				"up": {"uv": [0, 0, 0.6, 0.25], "rotation": 180, "texture": "#4"},
				"down": {"uv": [0, 0, 0.6, 0.25], "rotation": 180, "texture": "#4"}
			}
		},
		{
			"from": [7.78388, 12.05, 9.53388],
			"to": [8.23388, 12.3, 10.13388],
			"rotation": {"angle": 0, "axis": "y", "origin": [8.00888, 2.875, 13.09638]},
			"faces": {
				"north": {"uv": [0, 0, 0.45, 0.25], "texture": "#4"},
				"east": {"uv": [0, 0, 0.6, 0.25], "texture": "#4"},
				"south": {"uv": [0, 0, 0.45, 0.25], "texture": "#4"},
				"west": {"uv": [0, 0, 0.6, 0.25], "texture": "#4"},
				"up": {"uv": [0, 0, 0.6, 0.45], "rotation": 90, "texture": "#4"},
				"down": {"uv": [0, 0, 0.6, 0.45], "rotation": 270, "texture": "#4"}
			}
		},
		{
			"from": [7.63388, 11.8, 9.38388],
			"to": [8.38388, 12.05, 10.28388],
			"rotation": {"angle": 0, "axis": "y", "origin": [8.00888, 2.875, 13.09638]},
			"faces": {
				"north": {"uv": [0, 0, 0.75, 0.25], "texture": "#4"},
				"east": {"uv": [0, 0, 0.9, 0.25], "texture": "#4"},
				"south": {"uv": [0, 0, 0.75, 0.25], "texture": "#4"},
				"west": {"uv": [0, 0, 0.9, 0.25], "texture": "#4"},
				"up": {"uv": [0, 0, 0.9, 0.75], "rotation": 90, "texture": "#4"},
				"down": {"uv": [0, 0, 0.9, 0.75], "rotation": 270, "texture": "#4"}
			}
		},
		{
			"from": [7.53388, 11.55, 9.28388],
			"to": [8.48388, 11.8, 10.03388],
			"rotation": {"angle": 0, "axis": "y", "origin": [8.00888, 2.875, 13.09638]},
			"faces": {
				"north": {"uv": [0, 0, 0.95, 0.25], "texture": "#4"},
				"east": {"uv": [0, 0, 0.75, 0.25], "texture": "#4"},
				"south": {"uv": [0, 0, 0.95, 0.25], "texture": "#4"},
				"west": {"uv": [0, 0, 0.75, 0.25], "texture": "#4"},
				"up": {"uv": [0, 0, 0.75, 0.95], "rotation": 90, "texture": "#4"},
				"down": {"uv": [0, 0, 0.75, 0.95], "rotation": 270, "texture": "#4"}
			}
		},
		{
			"from": [7.63388, 11.3, 9.38388],
			"to": [8.38388, 11.55, 10.28388],
			"rotation": {"angle": 0, "axis": "y", "origin": [8.00888, 2.875, 13.09638]},
			"faces": {
				"north": {"uv": [0, 0, 0.75, 0.25], "rotation": 180, "texture": "#4"},
				"east": {"uv": [0, 0, 0.9, 0.25], "rotation": 180, "texture": "#4"},
				"south": {"uv": [0, 0, 0.75, 0.25], "rotation": 180, "texture": "#4"},
				"west": {"uv": [0, 0, 0.9, 0.25], "rotation": 180, "texture": "#4"},
				"up": {"uv": [0, 0, 0.9, 0.75], "rotation": 90, "texture": "#4"},
				"down": {"uv": [0, 0, 0.9, 0.75], "rotation": 270, "texture": "#4"}
			}
		},
		{
			"from": [7.78388, 11.05, 9.53388],
			"to": [8.23388, 11.3, 10.13388],
			"rotation": {"angle": 0, "axis": "y", "origin": [8.00888, 2.875, 13.09638]},
			"faces": {
				"north": {"uv": [0, 0, 0.45, 0.25], "rotation": 180, "texture": "#4"},
				"east": {"uv": [0, 0, 0.6, 0.25], "rotation": 180, "texture": "#4"},
				"south": {"uv": [0, 0, 0.45, 0.25], "rotation": 180, "texture": "#4"},
				"west": {"uv": [0, 0, 0.6, 0.25], "rotation": 180, "texture": "#4"},
				"up": {"uv": [0, 0, 0.6, 0.45], "rotation": 90, "texture": "#4"},
				"down": {"uv": [0, 0, 0.6, 0.45], "rotation": 270, "texture": "#4"}
			}
		},
		{
			"from": [7.78388, 12.05, 12.55888],
			"to": [8.23388, 12.3, 13.15888],
			"rotation": {"angle": 0, "axis": "y", "origin": [8.00888, 2.875, 13.09638]},
			"faces": {
				"north": {"uv": [0, 0, 0.45, 0.25], "texture": "#4"},
				"east": {"uv": [0, 0, 0.6, 0.25], "texture": "#4"},
				"south": {"uv": [0, 0, 0.45, 0.25], "texture": "#4"},
				"west": {"uv": [0, 0, 0.6, 0.25], "texture": "#4"},
				"up": {"uv": [0, 0, 0.6, 0.45], "rotation": 270, "texture": "#4"},
				"down": {"uv": [0, 0, 0.6, 0.45], "rotation": 90, "texture": "#4"}
			}
		},
		{
			"from": [7.63388, 11.8, 12.40888],
			"to": [8.38388, 12.05, 13.30888],
			"rotation": {"angle": 0, "axis": "y", "origin": [8.00888, 2.875, 13.09638]},
			"faces": {
				"north": {"uv": [0, 0, 0.75, 0.25], "texture": "#4"},
				"east": {"uv": [0, 0, 0.9, 0.25], "texture": "#4"},
				"south": {"uv": [0, 0, 0.75, 0.25], "texture": "#4"},
				"west": {"uv": [0, 0, 0.9, 0.25], "texture": "#4"},
				"up": {"uv": [0, 0, 0.9, 0.75], "rotation": 270, "texture": "#4"},
				"down": {"uv": [0, 0, 0.9, 0.75], "rotation": 90, "texture": "#4"}
			}
		},
		{
			"from": [7.53388, 11.55, 12.65888],
			"to": [8.48388, 11.8, 13.40888],
			"rotation": {"angle": 0, "axis": "y", "origin": [8.00888, 2.875, 13.09638]},
			"faces": {
				"north": {"uv": [0, 0, 0.95, 0.25], "texture": "#4"},
				"east": {"uv": [0, 0, 0.75, 0.25], "texture": "#4"},
				"south": {"uv": [0, 0, 0.95, 0.25], "texture": "#4"},
				"west": {"uv": [0, 0, 0.75, 0.25], "texture": "#4"},
				"up": {"uv": [0, 0, 0.75, 0.95], "rotation": 270, "texture": "#4"},
				"down": {"uv": [0, 0, 0.75, 0.95], "rotation": 90, "texture": "#4"}
			}
		},
		{
			"from": [7.63388, 11.3, 12.40888],
			"to": [8.38388, 11.55, 13.30888],
			"rotation": {"angle": 0, "axis": "y", "origin": [8.00888, 2.875, 13.09638]},
			"faces": {
				"north": {"uv": [0, 0, 0.75, 0.25], "rotation": 180, "texture": "#4"},
				"east": {"uv": [0, 0, 0.9, 0.25], "rotation": 180, "texture": "#4"},
				"south": {"uv": [0, 0, 0.75, 0.25], "rotation": 180, "texture": "#4"},
				"west": {"uv": [0, 0, 0.9, 0.25], "rotation": 180, "texture": "#4"},
				"up": {"uv": [0, 0, 0.9, 0.75], "rotation": 270, "texture": "#4"},
				"down": {"uv": [0, 0, 0.9, 0.75], "rotation": 90, "texture": "#4"}
			}
		},
		{
			"from": [7.78388, 11.05, 12.55888],
			"to": [8.23388, 11.3, 13.15888],
			"rotation": {"angle": 0, "axis": "y", "origin": [8.00888, 2.875, 13.09638]},
			"faces": {
				"north": {"uv": [0, 0, 0.45, 0.25], "rotation": 180, "texture": "#4"},
				"east": {"uv": [0, 0, 0.6, 0.25], "rotation": 180, "texture": "#4"},
				"south": {"uv": [0, 0, 0.45, 0.25], "rotation": 180, "texture": "#4"},
				"west": {"uv": [0, 0, 0.6, 0.25], "rotation": 180, "texture": "#4"},
				"up": {"uv": [0, 0, 0.6, 0.45], "rotation": 270, "texture": "#4"},
				"down": {"uv": [0, 0, 0.6, 0.45], "rotation": 90, "texture": "#4"}
			}
		},
		{
			"from": [6.24638, 12.05, 11.07138],
			"to": [6.84638, 12.3, 11.52138],
			"rotation": {"angle": 0, "axis": "y", "origin": [7.55888, 0.125, 13.04638]},
			"faces": {
				"north": {"uv": [0, 0, 0.6, 0.25], "texture": "#4"},
				"east": {"uv": [0, 0, 0.45, 0.25], "texture": "#4"},
				"south": {"uv": [0, 0, 0.6, 0.25], "texture": "#4"},
				"west": {"uv": [0, 0, 0.45, 0.25], "texture": "#4"},
				"up": {"uv": [0, 0, 0.6, 0.45], "texture": "#4"},
				"down": {"uv": [0, 0, 0.6, 0.45], "texture": "#4"}
			}
		},
		{
			"from": [6.09638, 11.8, 10.92138],
			"to": [6.99638, 12.05, 11.67138],
			"rotation": {"angle": 0, "axis": "y", "origin": [7.55888, 0.125, 13.04638]},
			"faces": {
				"north": {"uv": [0, 0, 0.9, 0.25], "texture": "#4"},
				"east": {"uv": [0, 0, 0.75, 0.25], "texture": "#4"},
				"south": {"uv": [0, 0, 0.9, 0.25], "texture": "#4"},
				"west": {"uv": [0, 0, 0.75, 0.25], "texture": "#4"},
				"up": {"uv": [0, 0, 0.9, 0.75], "texture": "#4"},
				"down": {"uv": [0, 0, 0.9, 0.75], "texture": "#4"}
			}
		},
		{
			"from": [5.99638, 11.55, 10.82138],
			"to": [6.74638, 11.8, 11.77138],
			"rotation": {"angle": 0, "axis": "y", "origin": [7.55888, 0.125, 13.04638]},
			"faces": {
				"north": {"uv": [0, 0, 0.75, 0.25], "texture": "#4"},
				"east": {"uv": [0, 0, 0.95, 0.25], "texture": "#4"},
				"south": {"uv": [0, 0, 0.75, 0.25], "texture": "#4"},
				"west": {"uv": [0, 0, 0.95, 0.25], "texture": "#4"},
				"up": {"uv": [0, 0, 0.75, 0.95], "texture": "#4"},
				"down": {"uv": [0, 0, 0.75, 0.95], "texture": "#4"}
			}
		},
		{
			"from": [6.09638, 11.3, 10.92138],
			"to": [6.99638, 11.55, 11.67138],
			"rotation": {"angle": 0, "axis": "y", "origin": [7.55888, 0.125, 13.04638]},
			"faces": {
				"north": {"uv": [0, 0, 0.9, 0.25], "rotation": 180, "texture": "#4"},
				"east": {"uv": [0, 0, 0.75, 0.25], "rotation": 180, "texture": "#4"},
				"south": {"uv": [0, 0, 0.9, 0.25], "rotation": 180, "texture": "#4"},
				"west": {"uv": [0, 0, 0.75, 0.25], "rotation": 180, "texture": "#4"},
				"up": {"uv": [0, 0, 0.9, 0.75], "texture": "#4"},
				"down": {"uv": [0, 0, 0.9, 0.75], "texture": "#4"}
			}
		},
		{
			"from": [6.24638, 11.05, 11.07138],
			"to": [6.84638, 11.3, 11.52138],
			"rotation": {"angle": 0, "axis": "y", "origin": [7.55888, 0.125, 13.04638]},
			"faces": {
				"north": {"uv": [0, 0, 0.6, 0.25], "rotation": 180, "texture": "#4"},
				"east": {"uv": [0, 0, 0.45, 0.25], "rotation": 180, "texture": "#4"},
				"south": {"uv": [0, 0, 0.6, 0.25], "rotation": 180, "texture": "#4"},
				"west": {"uv": [0, 0, 0.45, 0.25], "rotation": 180, "texture": "#4"},
				"up": {"uv": [0, 0, 0.6, 0.45], "texture": "#4"},
				"down": {"uv": [0, 0, 0.6, 0.45], "texture": "#4"}
			}
		},
		{
			"from": [9.07138, 12.05, 11.07138],
			"to": [9.67138, 12.3, 11.52138],
			"rotation": {"angle": 0, "axis": "y", "origin": [6.70888, 6.875, 11.29638]},
			"faces": {
				"north": {"uv": [0, 0, 0.6, 0.25], "texture": "#4"},
				"east": {"uv": [0, 0, 0.45, 0.25], "texture": "#4"},
				"south": {"uv": [0, 0, 0.6, 0.25], "texture": "#4"},
				"west": {"uv": [0, 0, 0.45, 0.25], "texture": "#4"},
				"up": {"uv": [0, 0, 0.6, 0.45], "rotation": 180, "texture": "#4"},
				"down": {"uv": [0, 0, 0.6, 0.45], "rotation": 180, "texture": "#4"}
			}
		},
		{
			"from": [8.92138, 11.8, 10.92138],
			"to": [9.82138, 12.05, 11.67138],
			"rotation": {"angle": 0, "axis": "y", "origin": [6.70888, 6.875, 11.29638]},
			"faces": {
				"north": {"uv": [0, 0, 0.9, 0.25], "texture": "#4"},
				"east": {"uv": [0, 0, 0.75, 0.25], "texture": "#4"},
				"south": {"uv": [0, 0, 0.9, 0.25], "texture": "#4"},
				"west": {"uv": [0, 0, 0.75, 0.25], "texture": "#4"},
				"up": {"uv": [0, 0, 0.9, 0.75], "rotation": 180, "texture": "#4"},
				"down": {"uv": [0, 0, 0.9, 0.75], "rotation": 180, "texture": "#4"}
			}
		},
		{
			"from": [9.17138, 11.55, 10.82138],
			"to": [9.92138, 11.8, 11.77138],
			"rotation": {"angle": 0, "axis": "y", "origin": [6.70888, 6.875, 11.29638]},
			"faces": {
				"north": {"uv": [0, 0, 0.75, 0.25], "texture": "#4"},
				"east": {"uv": [0, 0, 0.95, 0.25], "texture": "#4"},
				"south": {"uv": [0, 0, 0.75, 0.25], "texture": "#4"},
				"west": {"uv": [0, 0, 0.95, 0.25], "texture": "#4"},
				"up": {"uv": [0, 0, 0.75, 0.95], "rotation": 180, "texture": "#4"},
				"down": {"uv": [0, 0, 0.75, 0.95], "rotation": 180, "texture": "#4"}
			}
		},
		{
			"from": [8.92138, 11.3, 10.92138],
			"to": [9.82138, 11.55, 11.67138],
			"rotation": {"angle": 0, "axis": "y", "origin": [6.70888, 6.875, 11.29638]},
			"faces": {
				"north": {"uv": [0, 0, 0.9, 0.25], "rotation": 180, "texture": "#4"},
				"east": {"uv": [0, 0, 0.75, 0.25], "rotation": 180, "texture": "#4"},
				"south": {"uv": [0, 0, 0.9, 0.25], "rotation": 180, "texture": "#4"},
				"west": {"uv": [0, 0, 0.75, 0.25], "rotation": 180, "texture": "#4"},
				"up": {"uv": [0, 0, 0.9, 0.75], "rotation": 180, "texture": "#4"},
				"down": {"uv": [0, 0, 0.9, 0.75], "rotation": 180, "texture": "#4"}
			}
		},
		{
			"from": [9.07138, 11.05, 11.07138],
			"to": [9.67138, 11.3, 11.52138],
			"rotation": {"angle": 0, "axis": "y", "origin": [6.70888, 6.875, 11.29638]},
			"faces": {
				"north": {"uv": [0, 0, 0.6, 0.25], "rotation": 180, "texture": "#4"},
				"east": {"uv": [0, 0, 0.45, 0.25], "rotation": 180, "texture": "#4"},
				"south": {"uv": [0, 0, 0.6, 0.25], "rotation": 180, "texture": "#4"},
				"west": {"uv": [0, 0, 0.45, 0.25], "rotation": 180, "texture": "#4"},
				"up": {"uv": [0, 0, 0.6, 0.45], "rotation": 180, "texture": "#4"},
				"down": {"uv": [0, 0, 0.6, 0.45], "rotation": 180, "texture": "#4"}
			}
		},
		{
			"from": [7.78388, 16.45, 9.28388],
			"to": [8.23388, 16.9, 10.38388],
			"rotation": {"angle": 0, "axis": "y", "origin": [8.00888, 2.875, 13.09638]},
			"faces": {
				"north": {"uv": [0, 0, 0.45, 0.45], "texture": "#4"},
				"east": {"uv": [0, 0, 1.1, 0.45], "texture": "#4"},
				"south": {"uv": [0, 0, 0.45, 0.45], "texture": "#4"},
				"west": {"uv": [0, 0, 1.1, 0.45], "texture": "#4"},
				"up": {"uv": [0, 0, 1.1, 0.45], "rotation": 90, "texture": "#4"},
				"down": {"uv": [0, 0, 1.1, 0.45], "rotation": 270, "texture": "#4"}
			}
		},
		{
			"from": [7.63388, 16.2, 9.13388],
			"to": [8.38388, 16.65, 10.53388],
			"rotation": {"angle": 0, "axis": "y", "origin": [8.00888, 2.875, 13.09638]},
			"faces": {
				"north": {"uv": [0, 0, 0.75, 0.45], "texture": "#4"},
				"east": {"uv": [0, 0, 1.4, 0.45], "texture": "#4"},
				"south": {"uv": [0, 0, 0.75, 0.45], "texture": "#4"},
				"west": {"uv": [0, 0, 1.4, 0.45], "texture": "#4"},
				"up": {"uv": [0, 0, 1.4, 0.75], "rotation": 90, "texture": "#4"},
				"down": {"uv": [0, 0, 1.4, 0.75], "rotation": 270, "texture": "#4"}
			}
		},
		{
			"from": [7.53388, 15.95, 9.03388],
			"to": [8.48388, 16.4, 10.28388],
			"rotation": {"angle": 0, "axis": "y", "origin": [8.00888, 2.875, 13.09638]},
			"faces": {
				"north": {"uv": [0, 0, 0.95, 0.45], "texture": "#4"},
				"east": {"uv": [0, 0, 1.25, 0.45], "texture": "#4"},
				"south": {"uv": [0, 0, 0.95, 0.45], "texture": "#4"},
				"west": {"uv": [0, 0, 1.25, 0.45], "texture": "#4"},
				"up": {"uv": [0, 0, 1.25, 0.95], "rotation": 90, "texture": "#4"},
				"down": {"uv": [0, 0, 1.25, 0.95], "rotation": 270, "texture": "#4"}
			}
		},
		{
			"from": [7.63388, 15.7, 9.13388],
			"to": [8.38388, 16.15, 10.53388],
			"rotation": {"angle": 0, "axis": "y", "origin": [8.00888, 2.875, 13.09638]},
			"faces": {
				"north": {"uv": [0, 0, 0.75, 0.45], "rotation": 180, "texture": "#4"},
				"east": {"uv": [0, 0, 1.4, 0.45], "rotation": 180, "texture": "#4"},
				"south": {"uv": [0, 0, 0.75, 0.45], "rotation": 180, "texture": "#4"},
				"west": {"uv": [0, 0, 1.4, 0.45], "rotation": 180, "texture": "#4"},
				"up": {"uv": [0, 0, 1.4, 0.75], "rotation": 90, "texture": "#4"},
				"down": {"uv": [0, 0, 1.4, 0.75], "rotation": 270, "texture": "#4"}
			}
		},
		{
			"from": [7.78388, 15.45, 9.28388],
			"to": [8.23388, 15.9, 10.38388],
			"rotation": {"angle": 0, "axis": "y", "origin": [8.00888, 2.875, 13.09638]},
			"faces": {
				"north": {"uv": [0, 0, 0.45, 0.45], "rotation": 180, "texture": "#4"},
				"east": {"uv": [0, 0, 1.1, 0.45], "rotation": 180, "texture": "#4"},
				"south": {"uv": [0, 0, 0.45, 0.45], "rotation": 180, "texture": "#4"},
				"west": {"uv": [0, 0, 1.1, 0.45], "rotation": 180, "texture": "#4"},
				"up": {"uv": [0, 0, 1.1, 0.45], "rotation": 90, "texture": "#4"},
				"down": {"uv": [0, 0, 1.1, 0.45], "rotation": 270, "texture": "#4"}
			}
		},
		{
			"from": [7.78388, 16.45, 12.30888],
			"to": [8.23388, 16.9, 13.40888],
			"rotation": {"angle": 0, "axis": "y", "origin": [8.00888, 2.875, 13.09638]},
			"faces": {
				"north": {"uv": [0, 0, 0.45, 0.45], "texture": "#4"},
				"east": {"uv": [0, 0, 1.1, 0.45], "texture": "#4"},
				"south": {"uv": [0, 0, 0.45, 0.45], "texture": "#4"},
				"west": {"uv": [0, 0, 1.1, 0.45], "texture": "#4"},
				"up": {"uv": [0, 0, 1.1, 0.45], "rotation": 270, "texture": "#4"},
				"down": {"uv": [0, 0, 1.1, 0.45], "rotation": 90, "texture": "#4"}
			}
		},
		{
			"from": [7.63388, 16.2, 12.15888],
			"to": [8.38388, 16.65, 13.55888],
			"rotation": {"angle": 0, "axis": "y", "origin": [8.00888, 2.875, 13.09638]},
			"faces": {
				"north": {"uv": [0, 0, 0.75, 0.45], "texture": "#4"},
				"east": {"uv": [0, 0, 1.4, 0.45], "texture": "#4"},
				"south": {"uv": [0, 0, 0.75, 0.45], "texture": "#4"},
				"west": {"uv": [0, 0, 1.4, 0.45], "texture": "#4"},
				"up": {"uv": [0, 0, 1.4, 0.75], "rotation": 270, "texture": "#4"},
				"down": {"uv": [0, 0, 1.4, 0.75], "rotation": 90, "texture": "#4"}
			}
		},
		{
			"from": [7.53388, 15.95, 12.40888],
			"to": [8.48388, 16.4, 13.65888],
			"rotation": {"angle": 0, "axis": "y", "origin": [8.00888, 2.875, 13.09638]},
			"faces": {
				"north": {"uv": [0, 0, 0.95, 0.45], "texture": "#4"},
				"east": {"uv": [0, 0, 1.25, 0.45], "texture": "#4"},
				"south": {"uv": [0, 0, 0.95, 0.45], "texture": "#4"},
				"west": {"uv": [0, 0, 1.25, 0.45], "texture": "#4"},
				"up": {"uv": [0, 0, 1.25, 0.95], "rotation": 270, "texture": "#4"},
				"down": {"uv": [0, 0, 1.25, 0.95], "rotation": 90, "texture": "#4"}
			}
		},
		{
			"from": [7.63388, 15.7, 12.15888],
			"to": [8.38388, 16.15, 13.55888],
			"rotation": {"angle": 0, "axis": "y", "origin": [8.00888, 2.875, 13.09638]},
			"faces": {
				"north": {"uv": [0, 0, 0.75, 0.45], "rotation": 180, "texture": "#4"},
				"east": {"uv": [0, 0, 1.4, 0.45], "rotation": 180, "texture": "#4"},
				"south": {"uv": [0, 0, 0.75, 0.45], "rotation": 180, "texture": "#4"},
				"west": {"uv": [0, 0, 1.4, 0.45], "rotation": 180, "texture": "#4"},
				"up": {"uv": [0, 0, 1.4, 0.75], "rotation": 270, "texture": "#4"},
				"down": {"uv": [0, 0, 1.4, 0.75], "rotation": 90, "texture": "#4"}
			}
		},
		{
			"from": [7.78388, 15.45, 12.30888],
			"to": [8.23388, 15.9, 13.40888],
			"rotation": {"angle": 0, "axis": "y", "origin": [8.00888, 2.875, 13.09638]},
			"faces": {
				"north": {"uv": [0, 0, 0.45, 0.45], "rotation": 180, "texture": "#4"},
				"east": {"uv": [0, 0, 1.1, 0.45], "rotation": 180, "texture": "#4"},
				"south": {"uv": [0, 0, 0.45, 0.45], "rotation": 180, "texture": "#4"},
				"west": {"uv": [0, 0, 1.1, 0.45], "rotation": 180, "texture": "#4"},
				"up": {"uv": [0, 0, 1.1, 0.45], "rotation": 270, "texture": "#4"},
				"down": {"uv": [0, 0, 1.1, 0.45], "rotation": 90, "texture": "#4"}
			}
		},
		{
			"from": [5.99638, 16.45, 11.07138],
			"to": [6.84638, 16.9, 11.52138],
			"rotation": {"angle": 0, "axis": "y", "origin": [7.55888, 0.125, 13.04638]},
			"faces": {
				"north": {"uv": [0, 0, 0.85, 0.45], "texture": "#4"},
				"east": {"uv": [0, 0, 0.45, 0.45], "texture": "#4"},
				"south": {"uv": [0, 0, 0.85, 0.45], "texture": "#4"},
				"west": {"uv": [0, 0, 0.45, 0.45], "texture": "#4"},
				"up": {"uv": [0, 0, 0.85, 0.45], "texture": "#4"},
				"down": {"uv": [0, 0, 0.85, 0.45], "texture": "#4"}
			}
		},
		{
			"from": [5.84638, 16.2, 10.92138],
			"to": [6.99638, 16.65, 11.67138],
			"rotation": {"angle": 0, "axis": "y", "origin": [7.55888, 0.125, 13.04638]},
			"faces": {
				"north": {"uv": [0, 0, 1.15, 0.45], "texture": "#4"},
				"east": {"uv": [0, 0, 0.75, 0.45], "texture": "#4"},
				"south": {"uv": [0, 0, 1.15, 0.45], "texture": "#4"},
				"west": {"uv": [0, 0, 0.75, 0.45], "texture": "#4"},
				"up": {"uv": [0, 0, 1.15, 0.75], "texture": "#4"},
				"down": {"uv": [0, 0, 1.15, 0.75], "texture": "#4"}
			}
		},
		{
			"from": [5.74638, 15.95, 10.82138],
			"to": [6.74638, 16.4, 11.77138],
			"rotation": {"angle": 0, "axis": "y", "origin": [7.55888, 0.125, 13.04638]},
			"faces": {
				"north": {"uv": [0, 0, 1, 0.45], "texture": "#4"},
				"east": {"uv": [0, 0, 0.95, 0.45], "texture": "#4"},
				"south": {"uv": [0, 0, 1, 0.45], "texture": "#4"},
				"west": {"uv": [0, 0, 0.95, 0.45], "texture": "#4"},
				"up": {"uv": [0, 0, 1, 0.95], "texture": "#4"},
				"down": {"uv": [0, 0, 1, 0.95], "texture": "#4"}
			}
		},
		{
			"from": [5.84638, 15.7, 10.92138],
			"to": [6.99638, 16.15, 11.67138],
			"rotation": {"angle": 0, "axis": "y", "origin": [7.55888, 0.125, 13.04638]},
			"faces": {
				"north": {"uv": [0, 0, 1.15, 0.45], "rotation": 180, "texture": "#4"},
				"east": {"uv": [0, 0, 0.75, 0.45], "rotation": 180, "texture": "#4"},
				"south": {"uv": [0, 0, 1.15, 0.45], "rotation": 180, "texture": "#4"},
				"west": {"uv": [0, 0, 0.75, 0.45], "rotation": 180, "texture": "#4"},
				"up": {"uv": [0, 0, 1.15, 0.75], "texture": "#4"},
				"down": {"uv": [0, 0, 1.15, 0.75], "texture": "#4"}
			}
		},
		{
			"from": [5.99638, 15.45, 11.07138],
			"to": [6.84638, 15.9, 11.52138],
			"rotation": {"angle": 0, "axis": "y", "origin": [7.55888, 0.125, 13.04638]},
			"faces": {
				"north": {"uv": [0, 0, 0.85, 0.45], "rotation": 180, "texture": "#4"},
				"east": {"uv": [0, 0, 0.45, 0.45], "rotation": 180, "texture": "#4"},
				"south": {"uv": [0, 0, 0.85, 0.45], "rotation": 180, "texture": "#4"},
				"west": {"uv": [0, 0, 0.45, 0.45], "rotation": 180, "texture": "#4"},
				"up": {"uv": [0, 0, 0.85, 0.45], "texture": "#4"},
				"down": {"uv": [0, 0, 0.85, 0.45], "texture": "#4"}
			}
		},
		{
			"from": [9.07138, 16.45, 11.07138],
			"to": [9.92138, 16.9, 11.52138],
			"rotation": {"angle": 0, "axis": "y", "origin": [6.70888, 6.875, 11.29638]},
			"faces": {
				"north": {"uv": [0, 0, 0.85, 0.45], "texture": "#4"},
				"east": {"uv": [0, 0, 0.45, 0.45], "texture": "#4"},
				"south": {"uv": [0, 0, 0.85, 0.45], "texture": "#4"},
				"west": {"uv": [0, 0, 0.45, 0.45], "texture": "#4"},
				"up": {"uv": [0, 0, 0.85, 0.45], "rotation": 180, "texture": "#4"},
				"down": {"uv": [0, 0, 0.85, 0.45], "rotation": 180, "texture": "#4"}
			}
		},
		{
			"from": [8.92138, 16.2, 10.92138],
			"to": [10.07138, 16.65, 11.67138],
			"rotation": {"angle": 0, "axis": "y", "origin": [6.70888, 6.875, 11.29638]},
			"faces": {
				"north": {"uv": [0, 0, 1.15, 0.45], "texture": "#4"},
				"east": {"uv": [0, 0, 0.75, 0.45], "texture": "#4"},
				"south": {"uv": [0, 0, 1.15, 0.45], "texture": "#4"},
				"west": {"uv": [0, 0, 0.75, 0.45], "texture": "#4"},
				"up": {"uv": [0, 0, 1.15, 0.75], "rotation": 180, "texture": "#4"},
				"down": {"uv": [0, 0, 1.15, 0.75], "rotation": 180, "texture": "#4"}
			}
		},
		{
			"from": [9.17138, 15.95, 10.82138],
			"to": [10.17138, 16.4, 11.77138],
			"rotation": {"angle": 0, "axis": "y", "origin": [6.70888, 6.875, 11.29638]},
			"faces": {
				"north": {"uv": [0, 0, 1, 0.45], "texture": "#4"},
				"east": {"uv": [0, 0, 0.95, 0.45], "texture": "#4"},
				"south": {"uv": [0, 0, 1, 0.45], "texture": "#4"},
				"west": {"uv": [0, 0, 0.95, 0.45], "texture": "#4"},
				"up": {"uv": [0, 0, 1, 0.95], "rotation": 180, "texture": "#4"},
				"down": {"uv": [0, 0, 1, 0.95], "rotation": 180, "texture": "#4"}
			}
		},
		{
			"from": [8.92138, 15.7, 10.92138],
			"to": [10.07138, 16.15, 11.67138],
			"rotation": {"angle": 0, "axis": "y", "origin": [6.70888, 6.875, 11.29638]},
			"faces": {
				"north": {"uv": [0, 0, 1.15, 0.45], "rotation": 180, "texture": "#4"},
				"east": {"uv": [0, 0, 0.75, 0.45], "rotation": 180, "texture": "#4"},
				"south": {"uv": [0, 0, 1.15, 0.45], "rotation": 180, "texture": "#4"},
				"west": {"uv": [0, 0, 0.75, 0.45], "rotation": 180, "texture": "#4"},
				"up": {"uv": [0, 0, 1.15, 0.75], "rotation": 180, "texture": "#4"},
				"down": {"uv": [0, 0, 1.15, 0.75], "rotation": 180, "texture": "#4"}
			}
		},
		{
			"from": [9.07138, 15.45, 11.07138],
			"to": [9.92138, 15.9, 11.52138],
			"rotation": {"angle": 0, "axis": "y", "origin": [6.70888, 6.875, 11.29638]},
			"faces": {
				"north": {"uv": [0, 0, 0.85, 0.45], "rotation": 180, "texture": "#4"},
				"east": {"uv": [0, 0, 0.45, 0.45], "rotation": 180, "texture": "#4"},
				"south": {"uv": [0, 0, 0.85, 0.45], "rotation": 180, "texture": "#4"},
				"west": {"uv": [0, 0, 0.45, 0.45], "rotation": 180, "texture": "#4"},
				"up": {"uv": [0, 0, 0.85, 0.45], "rotation": 180, "texture": "#4"},
				"down": {"uv": [0, 0, 0.85, 0.45], "rotation": 180, "texture": "#4"}
			}
		},
		{
			"from": [7.78388, 20.45, 9.03388],
			"to": [8.23388, 21.4, 10.63388],
			"rotation": {"angle": 0, "axis": "y", "origin": [8.00888, 2.875, 13.09638]},
			"faces": {
				"north": {"uv": [0, 0, 0.45, 0.95], "texture": "#4"},
				"east": {"uv": [0, 0, 1.6, 0.95], "texture": "#4"},
				"south": {"uv": [0, 0, 0.45, 0.95], "texture": "#4"},
				"west": {"uv": [0, 0, 1.6, 0.95], "texture": "#4"},
				"up": {"uv": [0, 0, 1.6, 0.45], "rotation": 90, "texture": "#4"},
				"down": {"uv": [0, 0, 1.6, 0.45], "rotation": 270, "texture": "#4"}
			}
		},
		{
			"from": [7.63388, 20.2, 8.88388],
			"to": [8.38388, 21.15, 10.78388],
			"rotation": {"angle": 0, "axis": "y", "origin": [8.00888, 2.875, 13.09638]},
			"faces": {
				"north": {"uv": [0, 0, 0.75, 0.95], "texture": "#4"},
				"east": {"uv": [0, 0, 1.9, 0.95], "texture": "#4"},
				"south": {"uv": [0, 0, 0.75, 0.95], "texture": "#4"},
				"west": {"uv": [0, 0, 1.9, 0.95], "texture": "#4"},
				"up": {"uv": [0, 0, 1.9, 0.75], "rotation": 90, "texture": "#4"},
				"down": {"uv": [0, 0, 1.9, 0.75], "rotation": 270, "texture": "#4"}
			}
		},
		{
			"from": [7.53388, 19.95, 8.78388],
			"to": [8.48388, 20.9, 10.53388],
			"rotation": {"angle": 0, "axis": "y", "origin": [8.00888, 2.875, 13.09638]},
			"faces": {
				"north": {"uv": [0, 0, 0.95, 0.95], "texture": "#4"},
				"east": {"uv": [0, 0, 1.75, 0.95], "texture": "#4"},
				"south": {"uv": [0, 0, 0.95, 0.95], "texture": "#4"},
				"west": {"uv": [0, 0, 1.75, 0.95], "texture": "#4"},
				"up": {"uv": [0, 0, 1.75, 0.95], "rotation": 90, "texture": "#4"},
				"down": {"uv": [0, 0, 1.75, 0.95], "rotation": 270, "texture": "#4"}
			}
		},
		{
			"from": [7.63388, 19.7, 8.88388],
			"to": [8.38388, 20.65, 10.78388],
			"rotation": {"angle": 0, "axis": "y", "origin": [8.00888, 2.875, 13.09638]},
			"faces": {
				"north": {"uv": [0, 0, 0.75, 0.95], "rotation": 180, "texture": "#4"},
				"east": {"uv": [0, 0, 1.9, 0.95], "rotation": 180, "texture": "#4"},
				"south": {"uv": [0, 0, 0.75, 0.95], "rotation": 180, "texture": "#4"},
				"west": {"uv": [0, 0, 1.9, 0.95], "rotation": 180, "texture": "#4"},
				"up": {"uv": [0, 0, 1.9, 0.75], "rotation": 90, "texture": "#4"},
				"down": {"uv": [0, 0, 1.9, 0.75], "rotation": 270, "texture": "#4"}
			}
		},
		{
			"from": [7.78388, 19.45, 9.03388],
			"to": [8.23388, 20.4, 10.63388],
			"rotation": {"angle": 0, "axis": "y", "origin": [8.00888, 2.875, 13.09638]},
			"faces": {
				"north": {"uv": [0, 0, 0.45, 0.95], "rotation": 180, "texture": "#4"},
				"east": {"uv": [0, 0, 1.6, 0.95], "rotation": 180, "texture": "#4"},
				"south": {"uv": [0, 0, 0.45, 0.95], "rotation": 180, "texture": "#4"},
				"west": {"uv": [0, 0, 1.6, 0.95], "rotation": 180, "texture": "#4"},
				"up": {"uv": [0, 0, 1.6, 0.45], "rotation": 90, "texture": "#4"},
				"down": {"uv": [0, 0, 1.6, 0.45], "rotation": 270, "texture": "#4"}
			}
		},
		{
			"from": [7.78388, 20.45, 12.05888],
			"to": [8.23388, 21.4, 13.65888],
			"rotation": {"angle": 0, "axis": "y", "origin": [8.00888, 2.875, 13.09638]},
			"faces": {
				"north": {"uv": [0, 0, 0.45, 0.95], "texture": "#4"},
				"east": {"uv": [0, 0, 1.6, 0.95], "texture": "#4"},
				"south": {"uv": [0, 0, 0.45, 0.95], "texture": "#4"},
				"west": {"uv": [0, 0, 1.6, 0.95], "texture": "#4"},
				"up": {"uv": [0, 0, 1.6, 0.45], "rotation": 270, "texture": "#4"},
				"down": {"uv": [0, 0, 1.6, 0.45], "rotation": 90, "texture": "#4"}
			}
		},
		{
			"from": [7.63388, 20.2, 11.90888],
			"to": [8.38388, 21.15, 13.80888],
			"rotation": {"angle": 0, "axis": "y", "origin": [8.00888, 2.875, 13.09638]},
			"faces": {
				"north": {"uv": [0, 0, 0.75, 0.95], "texture": "#4"},
				"east": {"uv": [0, 0, 1.9, 0.95], "texture": "#4"},
				"south": {"uv": [0, 0, 0.75, 0.95], "texture": "#4"},
				"west": {"uv": [0, 0, 1.9, 0.95], "texture": "#4"},
				"up": {"uv": [0, 0, 1.9, 0.75], "rotation": 270, "texture": "#4"},
				"down": {"uv": [0, 0, 1.9, 0.75], "rotation": 90, "texture": "#4"}
			}
		},
		{
			"from": [7.53388, 19.95, 12.15888],
			"to": [8.48388, 20.9, 13.90888],
			"rotation": {"angle": 0, "axis": "y", "origin": [8.00888, 2.875, 13.09638]},
			"faces": {
				"north": {"uv": [0, 0, 0.95, 0.95], "texture": "#4"},
				"east": {"uv": [0, 0, 1.75, 0.95], "texture": "#4"},
				"south": {"uv": [0, 0, 0.95, 0.95], "texture": "#4"},
				"west": {"uv": [0, 0, 1.75, 0.95], "texture": "#4"},
				"up": {"uv": [0, 0, 1.75, 0.95], "rotation": 270, "texture": "#4"},
				"down": {"uv": [0, 0, 1.75, 0.95], "rotation": 90, "texture": "#4"}
			}
		},
		{
			"from": [7.63388, 19.7, 11.90888],
			"to": [8.38388, 20.65, 13.80888],
			"rotation": {"angle": 0, "axis": "y", "origin": [8.00888, 2.875, 13.09638]},
			"faces": {
				"north": {"uv": [0, 0, 0.75, 0.95], "rotation": 180, "texture": "#4"},
				"east": {"uv": [0, 0, 1.9, 0.95], "rotation": 180, "texture": "#4"},
				"south": {"uv": [0, 0, 0.75, 0.95], "rotation": 180, "texture": "#4"},
				"west": {"uv": [0, 0, 1.9, 0.95], "rotation": 180, "texture": "#4"},
				"up": {"uv": [0, 0, 1.9, 0.75], "rotation": 270, "texture": "#4"},
				"down": {"uv": [0, 0, 1.9, 0.75], "rotation": 90, "texture": "#4"}
			}
		},
		{
			"from": [7.78388, 19.45, 12.05888],
			"to": [8.23388, 20.4, 13.65888],
			"rotation": {"angle": 0, "axis": "y", "origin": [8.00888, 2.875, 13.09638]},
			"faces": {
				"north": {"uv": [0, 0, 0.45, 0.95], "rotation": 180, "texture": "#4"},
				"east": {"uv": [0, 0, 1.6, 0.95], "rotation": 180, "texture": "#4"},
				"south": {"uv": [0, 0, 0.45, 0.95], "rotation": 180, "texture": "#4"},
				"west": {"uv": [0, 0, 1.6, 0.95], "rotation": 180, "texture": "#4"},
				"up": {"uv": [0, 0, 1.6, 0.45], "rotation": 270, "texture": "#4"},
				"down": {"uv": [0, 0, 1.6, 0.45], "rotation": 90, "texture": "#4"}
			}
		},
		{
			"from": [5.74638, 20.45, 11.07138],
			"to": [7.09638, 21.4, 11.52138],
			"rotation": {"angle": 0, "axis": "y", "origin": [7.55888, 0.125, 13.04638]},
			"faces": {
				"north": {"uv": [0, 0, 1.35, 0.95], "texture": "#4"},
				"east": {"uv": [0, 0, 0.45, 0.95], "texture": "#4"},
				"south": {"uv": [0, 0, 1.35, 0.95], "texture": "#4"},
				"west": {"uv": [0, 0, 0.45, 0.95], "texture": "#4"},
				"up": {"uv": [0, 0, 1.35, 0.45], "texture": "#4"},
				"down": {"uv": [0, 0, 1.35, 0.45], "texture": "#4"}
			}
		},
		{
			"from": [5.59638, 20.2, 10.92138],
			"to": [7.24638, 21.15, 11.67138],
			"rotation": {"angle": 0, "axis": "y", "origin": [7.55888, 0.125, 13.04638]},
			"faces": {
				"north": {"uv": [0, 0, 1.65, 0.95], "texture": "#4"},
				"east": {"uv": [0, 0, 0.75, 0.95], "texture": "#4"},
				"south": {"uv": [0, 0, 1.65, 0.95], "texture": "#4"},
				"west": {"uv": [0, 0, 0.75, 0.95], "texture": "#4"},
				"up": {"uv": [0, 0, 1.65, 0.75], "texture": "#4"},
				"down": {"uv": [0, 0, 1.65, 0.75], "texture": "#4"}
			}
		},
		{
			"from": [5.49638, 19.95, 10.82138],
			"to": [6.99638, 20.9, 11.77138],
			"rotation": {"angle": 0, "axis": "y", "origin": [7.55888, 0.125, 13.04638]},
			"faces": {
				"north": {"uv": [0, 0, 1.5, 0.95], "texture": "#4"},
				"east": {"uv": [0, 0, 0.95, 0.95], "texture": "#4"},
				"south": {"uv": [0, 0, 1.5, 0.95], "texture": "#4"},
				"west": {"uv": [0, 0, 0.95, 0.95], "texture": "#4"},
				"up": {"uv": [0, 0, 1.5, 0.95], "texture": "#4"},
				"down": {"uv": [0, 0, 1.5, 0.95], "texture": "#4"}
			}
		},
		{
			"from": [5.59638, 19.7, 10.92138],
			"to": [7.24638, 20.65, 11.67138],
			"rotation": {"angle": 0, "axis": "y", "origin": [7.55888, 0.125, 13.04638]},
			"faces": {
				"north": {"uv": [0, 0, 1.65, 0.95], "rotation": 180, "texture": "#4"},
				"east": {"uv": [0, 0, 0.75, 0.95], "rotation": 180, "texture": "#4"},
				"south": {"uv": [0, 0, 1.65, 0.95], "rotation": 180, "texture": "#4"},
				"west": {"uv": [0, 0, 0.75, 0.95], "rotation": 180, "texture": "#4"},
				"up": {"uv": [0, 0, 1.65, 0.75], "texture": "#4"},
				"down": {"uv": [0, 0, 1.65, 0.75], "texture": "#4"}
			}
		},
		{
			"from": [5.74638, 19.45, 11.07138],
			"to": [7.09638, 20.4, 11.52138],
			"rotation": {"angle": 0, "axis": "y", "origin": [7.55888, 0.125, 13.04638]},
			"faces": {
				"north": {"uv": [0, 0, 1.35, 0.95], "rotation": 180, "texture": "#4"},
				"east": {"uv": [0, 0, 0.45, 0.95], "rotation": 180, "texture": "#4"},
				"south": {"uv": [0, 0, 1.35, 0.95], "rotation": 180, "texture": "#4"},
				"west": {"uv": [0, 0, 0.45, 0.95], "rotation": 180, "texture": "#4"},
				"up": {"uv": [0, 0, 1.35, 0.45], "texture": "#4"},
				"down": {"uv": [0, 0, 1.35, 0.45], "texture": "#4"}
			}
		},
		{
			"from": [8.82138, 20.45, 11.07138],
			"to": [10.17138, 21.4, 11.52138],
			"rotation": {"angle": 0, "axis": "y", "origin": [6.70888, 6.875, 11.29638]},
			"faces": {
				"north": {"uv": [0, 0, 1.35, 0.95], "texture": "#4"},
				"east": {"uv": [0, 0, 0.45, 0.95], "texture": "#4"},
				"south": {"uv": [0, 0, 1.35, 0.95], "texture": "#4"},
				"west": {"uv": [0, 0, 0.45, 0.95], "texture": "#4"},
				"up": {"uv": [0, 0, 1.35, 0.45], "rotation": 180, "texture": "#4"},
				"down": {"uv": [0, 0, 1.35, 0.45], "rotation": 180, "texture": "#4"}
			}
		},
		{
			"from": [8.67138, 20.2, 10.92138],
			"to": [10.32138, 21.15, 11.67138],
			"rotation": {"angle": 0, "axis": "y", "origin": [6.70888, 6.875, 11.29638]},
			"faces": {
				"north": {"uv": [0, 0, 1.65, 0.95], "texture": "#4"},
				"east": {"uv": [0, 0, 0.75, 0.95], "texture": "#4"},
				"south": {"uv": [0, 0, 1.65, 0.95], "texture": "#4"},
				"west": {"uv": [0, 0, 0.75, 0.95], "texture": "#4"},
				"up": {"uv": [0, 0, 1.65, 0.75], "rotation": 180, "texture": "#4"},
				"down": {"uv": [0, 0, 1.65, 0.75], "rotation": 180, "texture": "#4"}
			}
		},
		{
			"from": [8.92138, 19.95, 10.82138],
			"to": [10.42138, 20.9, 11.77138],
			"rotation": {"angle": 0, "axis": "y", "origin": [6.70888, 6.875, 11.29638]},
			"faces": {
				"north": {"uv": [0, 0, 1.5, 0.95], "texture": "#4"},
				"east": {"uv": [0, 0, 0.95, 0.95], "texture": "#4"},
				"south": {"uv": [0, 0, 1.5, 0.95], "texture": "#4"},
				"west": {"uv": [0, 0, 0.95, 0.95], "texture": "#4"},
				"up": {"uv": [0, 0, 1.5, 0.95], "rotation": 180, "texture": "#4"},
				"down": {"uv": [0, 0, 1.5, 0.95], "rotation": 180, "texture": "#4"}
			}
		},
		{
			"from": [8.67138, 19.7, 10.92138],
			"to": [10.32138, 20.65, 11.67138],
			"rotation": {"angle": 0, "axis": "y", "origin": [6.70888, 6.875, 11.29638]},
			"faces": {
				"north": {"uv": [0, 0, 1.65, 0.95], "rotation": 180, "texture": "#4"},
				"east": {"uv": [0, 0, 0.75, 0.95], "rotation": 180, "texture": "#4"},
				"south": {"uv": [0, 0, 1.65, 0.95], "rotation": 180, "texture": "#4"},
				"west": {"uv": [0, 0, 0.75, 0.95], "rotation": 180, "texture": "#4"},
				"up": {"uv": [0, 0, 1.65, 0.75], "rotation": 180, "texture": "#4"},
				"down": {"uv": [0, 0, 1.65, 0.75], "rotation": 180, "texture": "#4"}
			}
		},
		{
			"from": [8.82138, 19.45, 11.07138],
			"to": [10.17138, 20.4, 11.52138],
			"rotation": {"angle": 0, "axis": "y", "origin": [6.70888, 6.875, 11.29638]},
			"faces": {
				"north": {"uv": [0, 0, 1.35, 0.95], "rotation": 180, "texture": "#4"},
				"east": {"uv": [0, 0, 0.45, 0.95], "rotation": 180, "texture": "#4"},
				"south": {"uv": [0, 0, 1.35, 0.95], "rotation": 180, "texture": "#4"},
				"west": {"uv": [0, 0, 0.45, 0.95], "rotation": 180, "texture": "#4"},
				"up": {"uv": [0, 0, 1.35, 0.45], "rotation": 180, "texture": "#4"},
				"down": {"uv": [0, 0, 1.35, 0.45], "rotation": 180, "texture": "#4"}
			}
		}
	],
	"display": {
		"thirdperson_righthand": {
			"translation": [0, 12.75, -1.75]
		},
		"thirdperson_lefthand": {
			"translation": [0, 12.5, -1.25]
		},
		"firstperson_righthand": {
			"translation": [2.75, 7.25, -4.25]
		},
		"firstperson_lefthand": {
			"translation": [2.5, 7.75, -4.25]
		},
		"ground": {
			"rotation": [0, 0, 90]
		},
		"gui": {
			"rotation": [0, 0, -45],
			"scale": [0.5, 0.5, 0.5]
		},
		"head": {
			"rotation": [0, 0, -45],
			"translation": [0, -12.25, 2.75],
			"scale": [1.25, 1.25, 1.25]
		},
		"fixed": {
			"translation": [0, 0, -10.25],
			"scale": [2.25, 2.25, 2.25]
		}
	},
	"groups": [
		0,
		1,
		2,
		3,
		4,
		5,
		6,
		7,
		{
			"name": "Pommel",
			"origin": [8, 0.125, 12],
			"color": 0,
			"children": [8, 9, 10, 11, 12, 13, 14, 15, 16, 17, 18, 19, 20, 21, 22, 23, 24, 25, 26, 27, 28, 29, 30, 31, 32, 33, 34, 35, 36]
		},
		{
			"name": "Guard",
			"origin": [8, 8, 8],
			"color": 0,
			"children": [37, 38, 39, 40, 41, 42]
		},
		{
			"name": "group",
			"origin": [5.5, -1.75, 9.5],
			"color": 0,
			"children": [43, 44, 45]
		},
		{
			"name": "group",
			"origin": [2.88388, 0.125, 2],
			"color": 0,
			"children": [46, 47, 48, 49, 50, 51, 52, 53]
		},
		{
			"name": "group",
			"origin": [8.00888, 15.875, 12.18388],
			"color": 0,
			"children": [54, 55, 56, 57, 58, 59, 60, 61, 62, 63, 64, 65, 66, 67, 68, 69, 70, 71, 72, 73]
		},
		{
			"name": "group",
			"origin": [6.70888, 8.875, 11.29638],
			"color": 0,
			"children": [74, 75, 76, 77, 78, 79, 80, 81, 82, 83, 84, 85, 86, 87, 88, 89, 90, 91, 92, 93]
		},
		{
			"name": "group",
			"origin": [6.70888, 8.875, 11.29638],
			"color": 0,
			"children": [94, 95, 96, 97, 98, 99, 100, 101, 102, 103, 104, 105, 106, 107, 108, 109, 110, 111, 112, 113]
		},
		{
			"name": "group",
			"origin": [6.70888, 8.875, 11.29638],
			"color": 0,
			"children": [114, 115, 116, 117, 118, 119, 120, 121, 122, 123, 124, 125, 126, 127, 128, 129, 130, 131, 132, 133]
		},
		{
			"name": "group",
			"origin": [6.70888, 8.875, 11.29638],
			"color": 0,
			"children": [134, 135, 136, 137, 138, 139, 140, 141, 142, 143, 144, 145, 146, 147, 148, 149, 150, 151, 152, 153]
		}
	]
}