{
	"credit": "Made with Blockbench",
	"texture_size": [32, 32],
	"textures": {
		"0": "item/DravenAxe",
		"particle": "item/DravenAxe"
	},
	"elements": [
		{
			"from": [7.25, 1, 9.5],
			"to": [8.75, 4, 10.5],
			"faces": {
				"north": {"uv": [7, 0, 8, 1.5], "texture": "#0"},
				"east": {"uv": [2.5, 9.5, 3, 11], "texture": "#0"},
				"south": {"uv": [7, 1.5, 8, 3], "texture": "#0"},
				"west": {"uv": [9.5, 5.5, 10, 7], "texture": "#0"},
				"up": {"uv": [12, 2.5, 11, 2], "texture": "#0"},
				"down": {"uv": [12, 3, 11, 3.5], "texture": "#0"}
			}
		},
		{
			"from": [7.5, 2, 10],
			"to": [8.5, 3, 11],
			"rotation": {"angle": 45, "axis": "x", "origin": [7.75, 2.5, 10.5]},
			"faces": {
				"north": {"uv": [6.5, 7, 7, 7.5], "texture": "#0"},
				"east": {"uv": [10, 8, 10.5, 8.5], "texture": "#0"},
				"south": {"uv": [9, 12, 9.5, 12.5], "texture": "#0"},
				"west": {"uv": [10, 12, 10.5, 12.5], "texture": "#0"},
				"up": {"uv": [12.5, 10.5, 12, 10], "texture": "#0"},
				"down": {"uv": [11, 12, 10.5, 12.5], "texture": "#0"}
			}
		},
		{
			"from": [7.25, 0, 6.5],
			"to": [8.75, 1, 9.5],
			"faces": {
				"north": {"uv": [11, 3.5, 12, 4], "texture": "#0"},
				"east": {"uv": [9, 4, 10.5, 4.5], "texture": "#0"},
				"south": {"uv": [11, 4, 12, 4.5], "texture": "#0"},
				"west": {"uv": [9.5, 7, 11, 7.5], "texture": "#0"},
				"up": {"uv": [8, 4.5, 7, 3], "texture": "#0"},
				"down": {"uv": [8, 4.5, 7, 6], "texture": "#0"}
			}
		},
		{
			"from": [7.5, -0.5, 7.5],
			"to": [8.5, 0.5, 8.5],
			"rotation": {"angle": 45, "axis": "x", "origin": [8, 0, 8]},
			"faces": {
				"north": {"uv": [12, 10.5, 12.5, 11], "texture": "#0"},
				"east": {"uv": [12, 11, 12.5, 11.5], "texture": "#0"},
				"south": {"uv": [11.5, 12, 12, 12.5], "texture": "#0"},
				"west": {"uv": [12, 12, 12.5, 12.5], "texture": "#0"},
				"up": {"uv": [0.5, 13, 0, 12.5], "texture": "#0"},
				"down": {"uv": [13, 0, 12.5, 0.5], "texture": "#0"}
			}
		},
		{
			"from": [7.25, 4, 6.5],
			"to": [8.75, 5, 9.5],
			"faces": {
				"north": {"uv": [4.5, 11, 5.5, 11.5], "texture": "#0"},
				"east": {"uv": [9.5, 9, 11, 9.5], "texture": "#0"},
				"south": {"uv": [11, 4.5, 12, 5], "texture": "#0"},
				"west": {"uv": [9.5, 9.5, 11, 10], "texture": "#0"},
				"up": {"uv": [8, 7.5, 7, 6], "texture": "#0"},
				"down": {"uv": [1, 7.5, 0, 9], "texture": "#0"}
			}
		},
		{
			"from": [7.75, 5, 6.5],
			"to": [8.25, 6, 8.5],
			"faces": {
				"north": {"uv": [0.5, 12.5, 1, 13], "texture": "#0"},
				"east": {"uv": [11, 5, 12, 5.5], "texture": "#0"},
				"south": {"uv": [1, 12.5, 1.5, 13], "texture": "#0"},
				"west": {"uv": [11, 5.5, 12, 6], "texture": "#0"},
				"up": {"uv": [10.5, 7, 10, 6], "texture": "#0"},
				"down": {"uv": [11.5, 6, 11, 7], "texture": "#0"}
			}
		},
		{
			"from": [7.75, 6.34462, 8.23254],
			"to": [8.25, 7.34462, 12.23254],
			"rotation": {"angle": -22.5, "axis": "x", "origin": [8, 6.84462, 9.23254]},
			"faces": {
				"north": {"uv": [12.5, 1.5, 13, 2], "texture": "#0"},
				"east": {"uv": [6.5, 7.5, 8.5, 8], "texture": "#0"},
				"south": {"uv": [2.5, 12.5, 3, 13], "texture": "#0"},
				"west": {"uv": [8, 0, 10, 0.5], "texture": "#0"},
				"up": {"uv": [8.5, 2.5, 8, 0.5], "texture": "#0"},
				"down": {"uv": [8.5, 2.5, 8, 4.5], "texture": "#0"}
			}
		},
		{
			"from": [7.865, 6.34462, 12],
			"to": [8.115, 8.34462, 12.5],
			"rotation": {"angle": -22.5, "axis": "x", "origin": [8, 6.84462, 9.23254]},
			"faces": {
				"north": {"uv": [11, 7, 11.5, 8], "texture": "#0"},
				"east": {"uv": [11, 8, 11.5, 9], "texture": "#0"},
				"south": {"uv": [8.5, 11, 9, 12], "texture": "#0"},
				"west": {"uv": [9, 11, 9.5, 12], "texture": "#0"},
				"up": {"uv": [13, 3, 12.5, 2.5], "texture": "#0"},
				"down": {"uv": [3.5, 12.5, 3, 13], "texture": "#0"}
			}
		},
		{
			"from": [7.75, 7.34462, 8.23254],
			"to": [8.25, 14.94462, 11.23254],
			"rotation": {"angle": 0, "axis": "y", "origin": [8, 6.84462, 9.23254]},
			"faces": {
				"north": {"uv": [4.5, 5, 5, 9], "texture": "#0"},
				"east": {"uv": [0, 3.5, 1.5, 7.5], "texture": "#0"},
				"south": {"uv": [5, 5, 5.5, 9], "texture": "#0"},
				"west": {"uv": [1.5, 3.5, 3, 7.5], "texture": "#0"},
				"up": {"uv": [10.5, 2.5, 10, 1], "texture": "#0"},
				"down": {"uv": [4.5, 10, 4, 11.5], "texture": "#0"}
			}
		},
		{
			"from": [7.865, 7.34462, 11.23254],
			"to": [8.115, 14.94462, 11.73254],
			"rotation": {"angle": 0, "axis": "y", "origin": [8, 6.84462, 9.23254]},
			"faces": {
				"north": {"uv": [5.5, 0, 6, 4], "texture": "#0"},
				"east": {"uv": [5.5, 4, 6, 8], "texture": "#0"},
				"south": {"uv": [6, 0, 6.5, 4], "texture": "#0"},
				"west": {"uv": [6, 4, 6.5, 8], "texture": "#0"},
				"up": {"uv": [4, 13, 3.5, 12.5], "texture": "#0"},
				"down": {"uv": [4.5, 12.5, 4, 13], "texture": "#0"}
			}
		},
		{
			"from": [7.75, 6.34462, 8.23254],
			"to": [8.25, 7.34462, 9.23254],
			"rotation": {"angle": 0, "axis": "y", "origin": [8, 6.84462, 9.23254]},
			"faces": {
				"north": {"uv": [4.5, 12.5, 5, 13], "texture": "#0"},
				"east": {"uv": [5, 12.5, 5.5, 13], "texture": "#0"},
				"south": {"uv": [5.5, 12.5, 6, 13], "texture": "#0"},
				"west": {"uv": [6, 12.5, 6.5, 13], "texture": "#0"},
				"up": {"uv": [7, 13, 6.5, 12.5], "texture": "#0"},
				"down": {"uv": [7.5, 12.5, 7, 13], "texture": "#0"}
			}
		},
		{
			"from": [7.75, 6, 6.5],
			"to": [8.25, 16, 8.5],
			"faces": {
				"north": {"uv": [5, 0, 5.5, 5], "texture": "#0"},
				"east": {"uv": [3, 3.5, 4, 8.5], "texture": "#0"},
				"south": {"uv": [4, 5, 4.5, 10], "texture": "#0"},
				"west": {"uv": [4, 0, 5, 5], "texture": "#0"},
				"up": {"uv": [11.5, 10, 11, 9], "texture": "#0"},
				"down": {"uv": [11.5, 10, 11, 11], "texture": "#0"}
			}
		},
		{
			"from": [7.625, 12, 6.5],
			"to": [8.375, 13, 7.5],
			"rotation": {"angle": -45, "axis": "x", "origin": [8, 12.5, 7]},
			"faces": {
				"north": {"uv": [7.5, 12.5, 8, 13], "texture": "#0"},
				"east": {"uv": [8, 12.5, 8.5, 13], "texture": "#0"},
				"south": {"uv": [12.5, 8, 13, 8.5], "texture": "#0"},
				"west": {"uv": [8.5, 12.5, 9, 13], "texture": "#0"},
				"up": {"uv": [9.5, 13, 9, 12.5], "texture": "#0"},
				"down": {"uv": [10, 12.5, 9.5, 13], "texture": "#0"}
			}
		},
		{
			"from": [7.75, 12.365, 5.5],
			"to": [8.25, 12.615, 6.5],
			"rotation": {"angle": 0, "axis": "y", "origin": [8, 12.5, 7]},
			"faces": {
				"north": {"uv": [12.5, 9.5, 13, 10], "texture": "#0"},
				"east": {"uv": [10, 12.5, 10.5, 13], "texture": "#0"},
				"south": {"uv": [12.5, 10, 13, 10.5], "texture": "#0"},
				"west": {"uv": [10.5, 12.5, 11, 13], "texture": "#0"},
				"up": {"uv": [13, 11, 12.5, 10.5], "texture": "#0"},
				"down": {"uv": [11.5, 12.5, 11, 13], "texture": "#0"}
			}
		},
		{
			"from": [7.75, 14.365, 5.5],
			"to": [8.25, 14.615, 6.5],
			"rotation": {"angle": 0, "axis": "y", "origin": [8, 12.5, 7]},
			"faces": {
				"north": {"uv": [12.5, 11, 13, 11.5], "texture": "#0"},
				"east": {"uv": [11.5, 12.5, 12, 13], "texture": "#0"},
				"south": {"uv": [12.5, 11.5, 13, 12], "texture": "#0"},
				"west": {"uv": [12, 12.5, 12.5, 13], "texture": "#0"},
				"up": {"uv": [13, 12.5, 12.5, 12], "texture": "#0"},
				"down": {"uv": [13, 12.5, 12.5, 13], "texture": "#0"}
			}
		},
		{
			"from": [7.75, 16.365, 5.5],
			"to": [8.25, 16.615, 6.5],
			"rotation": {"angle": 0, "axis": "y", "origin": [8, 12.5, 7]},
			"faces": {
				"north": {"uv": [0, 13, 0.5, 13.5], "texture": "#0"},
				"east": {"uv": [13, 0, 13.5, 0.5], "texture": "#0"},
				"south": {"uv": [0.5, 13, 1, 13.5], "texture": "#0"},
				"west": {"uv": [13, 0.5, 13.5, 1], "texture": "#0"},
				"up": {"uv": [1.5, 13.5, 1, 13], "texture": "#0"},
				"down": {"uv": [13.5, 1, 13, 1.5], "texture": "#0"}
			}
		},
		{
			"from": [7.625, 14, 6.5],
			"to": [8.375, 15, 7.5],
			"rotation": {"angle": -45, "axis": "x", "origin": [8, 14.5, 7]},
			"faces": {
				"north": {"uv": [1.5, 13, 2, 13.5], "texture": "#0"},
				"east": {"uv": [13, 1.5, 13.5, 2], "texture": "#0"},
				"south": {"uv": [2, 13, 2.5, 13.5], "texture": "#0"},
				"west": {"uv": [13, 2, 13.5, 2.5], "texture": "#0"},
				"up": {"uv": [3, 13.5, 2.5, 13], "texture": "#0"},
				"down": {"uv": [13.5, 2.5, 13, 3], "texture": "#0"}
			}
		},
		{
			"from": [7.625, 16, 6.25],
			"to": [8.375, 17, 7.25],
			"rotation": {"angle": -45, "axis": "x", "origin": [8, 16.5, 6.75]},
			"faces": {
				"north": {"uv": [3, 13, 3.5, 13.5], "texture": "#0"},
				"east": {"uv": [13, 3, 13.5, 3.5], "texture": "#0"},
				"south": {"uv": [3.5, 13, 4, 13.5], "texture": "#0"},
				"west": {"uv": [13, 3.5, 13.5, 4], "texture": "#0"},
				"up": {"uv": [4.5, 13.5, 4, 13], "texture": "#0"},
				"down": {"uv": [13.5, 4, 13, 4.5], "texture": "#0"}
			}
		},
		{
			"from": [7.75, 20.92475, 4.83199],
			"to": [8.25, 21.92475, 8.83199],
			"rotation": {"angle": -22.5, "axis": "x", "origin": [8, 20.42475, 6.83199]},
			"faces": {
				"north": {"uv": [4.5, 13, 5, 13.5], "texture": "#0"},
				"east": {"uv": [8, 4.5, 10, 5], "texture": "#0"},
				"south": {"uv": [13, 4.5, 13.5, 5], "texture": "#0"},
				"west": {"uv": [8, 5, 10, 5.5], "texture": "#0"},
				"up": {"uv": [6, 10, 5.5, 8], "texture": "#0"},
				"down": {"uv": [8.5, 5.5, 8, 7.5], "texture": "#0"}
			}
		},
		{
			"from": [7.75, 21.57593, 8.10573],
			"to": [8.25, 22.57593, 12.10573],
			"rotation": {"angle": 0, "axis": "y", "origin": [8, 20.19393, 4.93772]},
			"faces": {
				"north": {"uv": [5, 13, 5.5, 13.5], "texture": "#0"},
				"east": {"uv": [6, 8, 8, 8.5], "texture": "#0"},
				"south": {"uv": [13, 5, 13.5, 5.5], "texture": "#0"},
				"west": {"uv": [8, 8, 10, 8.5], "texture": "#0"},
				"up": {"uv": [9, 2.5, 8.5, 0.5], "texture": "#0"},
				"down": {"uv": [9, 2.5, 8.5, 4.5], "texture": "#0"}
			}
		},
		{
			"from": [7.75, 19.31476, 10.17026],
			"to": [8.25, 20.31476, 10.67026],
			"rotation": {"angle": 45, "axis": "x", "origin": [8, 19.81476, 10.67026]},
			"faces": {
				"north": {"uv": [5.5, 13, 6, 13.5], "texture": "#0"},
				"east": {"uv": [13, 5.5, 13.5, 6], "texture": "#0"},
				"south": {"uv": [6, 13, 6.5, 13.5], "texture": "#0"},
				"west": {"uv": [13, 6, 13.5, 6.5], "texture": "#0"},
				"up": {"uv": [7, 13.5, 6.5, 13], "texture": "#0"},
				"down": {"uv": [13.5, 6.5, 13, 7], "texture": "#0"}
			}
		},
		{
			"from": [7.865, 19.66831, 10.81671],
			"to": [8.115, 20.66831, 11.31671],
			"rotation": {"angle": 45, "axis": "x", "origin": [8, 20.16831, 10.31671]},
			"faces": {
				"north": {"uv": [7, 13, 7.5, 13.5], "texture": "#0"},
				"east": {"uv": [13, 7, 13.5, 7.5], "texture": "#0"},
				"south": {"uv": [7.5, 13, 8, 13.5], "texture": "#0"},
				"west": {"uv": [13, 7.5, 13.5, 8], "texture": "#0"},
				"up": {"uv": [8.5, 13.5, 8, 13], "texture": "#0"},
				"down": {"uv": [13.5, 8, 13, 8.5], "texture": "#0"}
			}
		},
		{
			"from": [7.75, 16.60765, 9.67026],
			"to": [8.25, 20.10765, 10.32026],
			"rotation": {"angle": 0, "axis": "y", "origin": [8, 20.10765, 10.17026]},
			"faces": {
				"north": {"uv": [3, 8.5, 3.5, 10.5], "texture": "#0"},
				"east": {"uv": [3.5, 8.5, 4, 10.5], "texture": "#0"},
				"south": {"uv": [8.5, 5.5, 9, 7.5], "texture": "#0"},
				"west": {"uv": [6, 8.5, 6.5, 10.5], "texture": "#0"},
				"up": {"uv": [9, 13.5, 8.5, 13], "texture": "#0"},
				"down": {"uv": [13.5, 8.5, 13, 9], "texture": "#0"}
			}
		},
		{
			"from": [7.865, 16.60765, 10.32026],
			"to": [8.115, 20.10765, 10.82026],
			"rotation": {"angle": 0, "axis": "y", "origin": [8, 20.10765, 9.82026]},
			"faces": {
				"north": {"uv": [6.5, 8.5, 7, 10.5], "texture": "#0"},
				"east": {"uv": [7, 8.5, 7.5, 10.5], "texture": "#0"},
				"south": {"uv": [7.5, 8.5, 8, 10.5], "texture": "#0"},
				"west": {"uv": [8, 8.5, 8.5, 10.5], "texture": "#0"},
				"up": {"uv": [9.5, 13.5, 9, 13], "texture": "#0"},
				"down": {"uv": [13.5, 9, 13, 9.5], "texture": "#0"}
			}
		},
		{
			"from": [7.75, 14.45437, 9.89966],
			"to": [8.25, 17.45437, 10.39966],
			"rotation": {"angle": -22.5, "axis": "x", "origin": [8, 16.95437, 10.39966]},
			"faces": {
				"north": {"uv": [10, 4.5, 10.5, 6], "texture": "#0"},
				"east": {"uv": [5.5, 10, 6, 11.5], "texture": "#0"},
				"south": {"uv": [9.5, 10, 10, 11.5], "texture": "#0"},
				"west": {"uv": [10, 10, 10.5, 11.5], "texture": "#0"},
				"up": {"uv": [10, 13.5, 9.5, 13], "texture": "#0"},
				"down": {"uv": [13.5, 9.5, 13, 10], "texture": "#0"}
			}
		},
		{
			"from": [7.865, 14.26303, 10.43772],
			"to": [8.115, 17.26303, 10.93772],
			"rotation": {"angle": -22.5, "axis": "x", "origin": [8, 16.76303, 9.93772]},
			"faces": {
				"north": {"uv": [10.5, 1, 11, 2.5], "texture": "#0"},
				"east": {"uv": [3, 10.5, 3.5, 12], "texture": "#0"},
				"south": {"uv": [3.5, 10.5, 4, 12], "texture": "#0"},
				"west": {"uv": [10.5, 4, 11, 5.5], "texture": "#0"},
				"up": {"uv": [10.5, 13.5, 10, 13], "texture": "#0"},
				"down": {"uv": [13.5, 10, 13, 10.5], "texture": "#0"}
			}
		},
		{
			"from": [7.75, 20.6, 11.91856],
			"to": [8.25, 21.1, 15.41856],
			"rotation": {"angle": 0, "axis": "y", "origin": [8, 20.62132, 13.91856]},
			"faces": {
				"north": {"uv": [10.5, 13, 11, 13.5], "texture": "#0"},
				"east": {"uv": [8.5, 7.5, 10.5, 8], "texture": "#0"},
				"south": {"uv": [13, 10.5, 13.5, 11], "texture": "#0"},
				"west": {"uv": [8.5, 8.5, 10.5, 9], "texture": "#0"},
				"up": {"uv": [0.5, 11, 0, 9], "texture": "#0"},
				"down": {"uv": [1, 9, 0.5, 11], "texture": "#0"}
			}
		},
		{
			"from": [7.865, 20.1, 11.91856],
			"to": [8.115, 20.6, 15.41856],
			"rotation": {"angle": 0, "axis": "y", "origin": [8, 21.12132, 13.91856]},
			"faces": {
				"north": {"uv": [11, 13, 11.5, 13.5], "texture": "#0"},
				"east": {"uv": [9, 0.5, 11, 1], "texture": "#0"},
				"south": {"uv": [13, 11, 13.5, 11.5], "texture": "#0"},
				"west": {"uv": [1, 9, 3, 9.5], "texture": "#0"},
				"up": {"uv": [9.5, 3, 9, 1], "texture": "#0"},
				"down": {"uv": [5, 9, 4.5, 11], "texture": "#0"}
			}
		},
		{
			"from": [7.75, 20.1, 10.20505],
			"to": [8.25, 20.6, 12.20505],
			"rotation": {"angle": -22.5, "axis": "x", "origin": [8, 20.18103, 10.95505]},
			"faces": {
				"north": {"uv": [11.5, 13, 12, 13.5], "texture": "#0"},
				"east": {"uv": [11, 11, 12, 11.5], "texture": "#0"},
				"south": {"uv": [13, 11.5, 13.5, 12], "texture": "#0"},
				"west": {"uv": [11.5, 0, 12.5, 0.5], "texture": "#0"},
				"up": {"uv": [12, 1.5, 11.5, 0.5], "texture": "#0"},
				"down": {"uv": [1.5, 11.5, 1, 12.5], "texture": "#0"}
			}
		},
		{
			"from": [7.865, 19.56194, 10.01371],
			"to": [8.115, 20.06194, 12.01371],
			"rotation": {"angle": -22.5, "axis": "x", "origin": [8, 20.64297, 10.76371]},
			"faces": {
				"north": {"uv": [12, 13, 12.5, 13.5], "texture": "#0"},
				"east": {"uv": [1.5, 11.5, 2.5, 12], "texture": "#0"},
				"south": {"uv": [13, 12, 13.5, 12.5], "texture": "#0"},
				"west": {"uv": [11.5, 1.5, 12.5, 2], "texture": "#0"},
				"up": {"uv": [4.5, 12.5, 4, 11.5], "texture": "#0"},
				"down": {"uv": [5, 11.5, 4.5, 12.5], "texture": "#0"}
			}
		},
		{
			"from": [7.75, 21.25281, 11.95349],
			"to": [8.25, 21.81057, 15.7703],
			"rotation": {"angle": 22.5, "axis": "x", "origin": [8, 21.81057, 13.95349]},
			"faces": {
				"north": {"uv": [12.5, 13, 13, 13.5], "texture": "#0"},
				"east": {"uv": [9, 3, 11, 3.5], "texture": "#0"},
				"south": {"uv": [13, 12.5, 13.5, 13], "texture": "#0"},
				"west": {"uv": [9, 3.5, 11, 4], "texture": "#0"},
				"up": {"uv": [5.5, 11, 5, 9], "texture": "#0"},
				"down": {"uv": [9.5, 5.5, 9, 7.5], "texture": "#0"}
			}
		},
		{
			"from": [7.8125, 20.21496, 15.24651],
			"to": [8.1775, 21.0713, 15.83225],
			"rotation": {"angle": -22.5, "axis": "x", "origin": [7.99, 20.58996, 15.62151]},
			"faces": {
				"north": {"uv": [13, 13, 13.5, 13.5], "texture": "#0"},
				"east": {"uv": [0, 13.5, 0.5, 14], "texture": "#0"},
				"south": {"uv": [13.5, 0, 14, 0.5], "texture": "#0"},
				"west": {"uv": [0.5, 13.5, 1, 14], "texture": "#0"},
				"up": {"uv": [14, 1, 13.5, 0.5], "texture": "#0"},
				"down": {"uv": [1.5, 13.5, 1, 14], "texture": "#0"}
			}
		},
		{
			"from": [7.75, 20.79, 11.95349],
			"to": [8.25, 21.34776, 14.45349],
			"rotation": {"angle": 22.5, "axis": "x", "origin": [8, 21.81057, 13.95349]},
			"faces": {
				"north": {"uv": [13.5, 1, 14, 1.5], "texture": "#0"},
				"east": {"uv": [10, 0, 11.5, 0.5], "texture": "#0"},
				"south": {"uv": [1.5, 13.5, 2, 14], "texture": "#0"},
				"west": {"uv": [10, 2.5, 11.5, 3], "texture": "#0"},
				"up": {"uv": [11, 7, 10.5, 5.5], "texture": "#0"},
				"down": {"uv": [6.5, 10.5, 6, 12], "texture": "#0"}
			}
		},
		{
			"from": [7.75, 13.34254, 4.85613],
			"to": [8.25, 20.80343, 8.5391],
			"rotation": {"angle": -22.5, "axis": "x", "origin": [8, 20.30343, 6.5391]},
			"faces": {
				"north": {"uv": [6.5, 0, 7, 3.5], "texture": "#0"},
				"east": {"uv": [0, 0, 2, 3.5], "texture": "#0"},
				"south": {"uv": [6.5, 3.5, 7, 7], "texture": "#0"},
				"west": {"uv": [2, 0, 4, 3.5], "texture": "#0"},
				"up": {"uv": [9, 11, 8.5, 9], "texture": "#0"},
				"down": {"uv": [9.5, 9, 9, 11], "texture": "#0"}
			}
		},
		{
			"from": [7.75, 17.2, 8.48711],
			"to": [8.25, 21.2, 8.98711],
			"rotation": {"angle": -22.5, "axis": "x", "origin": [8, 20.56479, 7.17009]},
			"faces": {
				"north": {"uv": [1, 9.5, 1.5, 11.5], "texture": "#0"},
				"east": {"uv": [9.5, 1, 10, 3], "texture": "#0"},
				"south": {"uv": [1.5, 9.5, 2, 11.5], "texture": "#0"},
				"west": {"uv": [2, 9.5, 2.5, 11.5], "texture": "#0"},
				"up": {"uv": [14, 2, 13.5, 1.5], "texture": "#0"},
				"down": {"uv": [2.5, 13.5, 2, 14], "texture": "#0"}
			}
		},
		{
			"from": [7.75, 18.25, 9],
			"to": [8.25, 20.8, 9.65],
			"rotation": {"angle": -22.5, "axis": "x", "origin": [8, 20.43085, 6.84673]},
			"faces": {
				"north": {"uv": [6.5, 10.5, 7, 12], "texture": "#0"},
				"east": {"uv": [7, 10.5, 7.5, 12], "texture": "#0"},
				"south": {"uv": [7.5, 10.5, 8, 12], "texture": "#0"},
				"west": {"uv": [10.5, 7.5, 11, 9], "texture": "#0"},
				"up": {"uv": [14, 2.5, 13.5, 2], "texture": "#0"},
				"down": {"uv": [3, 13.5, 2.5, 14], "texture": "#0"}
			}
		},
		{
			"from": [7.75, 18.7, 9.6],
			"to": [8.25, 20.45, 10.5],
			"rotation": {"angle": -22.5, "axis": "x", "origin": [8, 20.29691, 6.52337]},
			"faces": {
				"north": {"uv": [5, 11.5, 5.5, 12.5], "texture": "#0"},
				"east": {"uv": [5.5, 11.5, 6, 12.5], "texture": "#0"},
				"south": {"uv": [11.5, 6, 12, 7], "texture": "#0"},
				"west": {"uv": [11.5, 7, 12, 8], "texture": "#0"},
				"up": {"uv": [14, 3, 13.5, 2.5], "texture": "#0"},
				"down": {"uv": [3.5, 13.5, 3, 14], "texture": "#0"}
			}
		},
		{
			"from": [7.75, 18.73606, 10.51704],
			"to": [8.25, 19.93606, 12.16704],
			"rotation": {"angle": -22.5, "axis": "x", "origin": [8, 20.16297, 6.20001]},
			"faces": {
				"north": {"uv": [13.5, 3, 14, 3.5], "texture": "#0"},
				"east": {"uv": [11.5, 2.5, 12.5, 3], "texture": "#0"},
				"south": {"uv": [3.5, 13.5, 4, 14], "texture": "#0"},
				"west": {"uv": [11.5, 8, 12.5, 8.5], "texture": "#0"},
				"up": {"uv": [12, 9.5, 11.5, 8.5], "texture": "#0"},
				"down": {"uv": [10, 11.5, 9.5, 12.5], "texture": "#0"}
			}
		},
		{
			"from": [7.75, 21, 12],
			"to": [8.25, 21.5, 13],
			"rotation": {"angle": 0, "axis": "y", "origin": [8, 20.65662, 13.34718]},
			"faces": {
				"north": {"uv": [13.5, 3.5, 14, 4], "texture": "#0"},
				"east": {"uv": [4, 13.5, 4.5, 14], "texture": "#0"},
				"south": {"uv": [13.5, 4, 14, 4.5], "texture": "#0"},
				"west": {"uv": [4.5, 13.5, 5, 14], "texture": "#0"},
				"up": {"uv": [14, 5, 13.5, 4.5], "texture": "#0"},
				"down": {"uv": [5.5, 13.5, 5, 14], "texture": "#0"}
			}
		},
		{
			"from": [7.96037, 4.82717, 6.5],
			"to": [8.53963, 5.94239, 8.5],
			"rotation": {"angle": 22.5, "axis": "z", "origin": [8.21037, 5.44239, 7.5]},
			"faces": {
				"north": {"uv": [13.5, 5, 14, 5.5], "texture": "#0"},
				"east": {"uv": [11.5, 9.5, 12.5, 10], "texture": "#0"},
				"south": {"uv": [5.5, 13.5, 6, 14], "texture": "#0"},
				"west": {"uv": [10, 11.5, 11, 12], "texture": "#0"},
				"up": {"uv": [12, 11, 11.5, 10], "texture": "#0"},
				"down": {"uv": [11.5, 11.5, 11, 12.5], "texture": "#0"}
			}
		},
		{
			"from": [7.46037, 4.82717, 6.5],
			"to": [8.03963, 5.94239, 8.5],
			"rotation": {"angle": -22.5, "axis": "z", "origin": [7.78963, 5.44239, 7.5]},
			"faces": {
				"north": {"uv": [13.5, 5.5, 14, 6], "texture": "#0"},
				"east": {"uv": [11.5, 11.5, 12.5, 12], "texture": "#0"},
				"south": {"uv": [6, 13.5, 6.5, 14], "texture": "#0"},
				"west": {"uv": [12, 0.5, 13, 1], "texture": "#0"},
				"up": {"uv": [2, 13, 1.5, 12], "texture": "#0"},
				"down": {"uv": [2.5, 12, 2, 13], "texture": "#0"}
			}
		},
		{
			"from": [7.25, 3.79289, 9],
			"to": [8.75, 4.79289, 10.41421],
			"rotation": {"angle": 45, "axis": "x", "origin": [8, 4.29289, 9.5]},
			"faces": {
				"north": {"uv": [12, 1, 13, 1.5], "texture": "#0"},
				"east": {"uv": [13.5, 6, 14, 6.5], "texture": "#0"},
				"south": {"uv": [12, 2, 13, 2.5], "texture": "#0"},
				"west": {"uv": [6.5, 13.5, 7, 14], "texture": "#0"},
				"up": {"uv": [4, 12.5, 3, 12], "texture": "#0"},
				"down": {"uv": [13, 3, 12, 3.5], "texture": "#0"}
			}
		},
		{
			"from": [7.5, 4, 9.5],
			"to": [8.5, 5, 10.5],
			"rotation": {"angle": 0, "axis": "y", "origin": [7.75, 4.5, 10]},
			"faces": {
				"north": {"uv": [13.5, 6.5, 14, 7], "texture": "#0"},
				"east": {"uv": [7, 13.5, 7.5, 14], "texture": "#0"},
				"south": {"uv": [13.5, 7, 14, 7.5], "texture": "#0"},
				"west": {"uv": [7.5, 13.5, 8, 14], "texture": "#0"},
				"up": {"uv": [14, 8, 13.5, 7.5], "texture": "#0"},
				"down": {"uv": [8.5, 13.5, 8, 14], "texture": "#0"}
			}
		},
		{
			"from": [7.25, 3.37868, 6],
			"to": [8.75, 4.79289, 7],
			"rotation": {"angle": 45, "axis": "x", "origin": [8, 4.29289, 6.5]},
			"faces": {
				"north": {"uv": [12, 3.5, 13, 4], "texture": "#0"},
				"east": {"uv": [13.5, 8, 14, 8.5], "texture": "#0"},
				"south": {"uv": [12, 4, 13, 4.5], "texture": "#0"},
				"west": {"uv": [8.5, 13.5, 9, 14], "texture": "#0"},
				"up": {"uv": [13, 5, 12, 4.5], "texture": "#0"},
				"down": {"uv": [13, 5, 12, 5.5], "texture": "#0"}
			}
		},
		{
			"from": [7.25, 0.5, 5.70711],
			"to": [8.75, 1.5, 7.12132],
			"rotation": {"angle": 45, "axis": "x", "origin": [8, 1, 6.20711]},
			"faces": {
				"north": {"uv": [12, 5.5, 13, 6], "texture": "#0"},
				"east": {"uv": [13.5, 8.5, 14, 9], "texture": "#0"},
				"south": {"uv": [6, 12, 7, 12.5], "texture": "#0"},
				"west": {"uv": [9, 13.5, 9.5, 14], "texture": "#0"},
				"up": {"uv": [13, 6.5, 12, 6], "texture": "#0"},
				"down": {"uv": [13, 6.5, 12, 7], "texture": "#0"}
			}
		},
		{
			"from": [7.25, 0.20711, 9],
			"to": [8.75, 1.62132, 10],
			"rotation": {"angle": 45, "axis": "x", "origin": [8, 0.70711, 9.5]},
			"faces": {
				"north": {"uv": [7, 12, 8, 12.5], "texture": "#0"},
				"east": {"uv": [13.5, 9, 14, 9.5], "texture": "#0"},
				"south": {"uv": [12, 7, 13, 7.5], "texture": "#0"},
				"west": {"uv": [9.5, 13.5, 10, 14], "texture": "#0"},
				"up": {"uv": [13, 8, 12, 7.5], "texture": "#0"},
				"down": {"uv": [9, 12, 8, 12.5], "texture": "#0"}
			}
		},
		{
			"from": [7.5, 0, 9.5],
			"to": [8.5, 1, 10.5],
			"rotation": {"angle": 0, "axis": "y", "origin": [7.75, 0.5, 10]},
			"faces": {
				"north": {"uv": [13.5, 9.5, 14, 10], "texture": "#0"},
				"east": {"uv": [10, 13.5, 10.5, 14], "texture": "#0"},
				"south": {"uv": [13.5, 10, 14, 10.5], "texture": "#0"},
				"west": {"uv": [10.5, 13.5, 11, 14], "texture": "#0"},
				"up": {"uv": [14, 11, 13.5, 10.5], "texture": "#0"},
				"down": {"uv": [11.5, 13.5, 11, 14], "texture": "#0"}
			}
		},
		{
			"from": [7.25, 1, 5.5],
			"to": [8.75, 4, 6.5],
			"faces": {
				"north": {"uv": [1, 7.5, 2, 9], "texture": "#0"},
				"east": {"uv": [8, 10.5, 8.5, 12], "texture": "#0"},
				"south": {"uv": [2, 7.5, 3, 9], "texture": "#0"},
				"west": {"uv": [10.5, 10, 11, 11.5], "texture": "#0"},
				"up": {"uv": [13, 9, 12, 8.5], "texture": "#0"},
				"down": {"uv": [13, 9, 12, 9.5], "texture": "#0"}
			}
		},
		{
			"from": [7.5, 1, 7.5],
			"to": [8.5, 4, 8.5],
			"faces": {
				"north": {"uv": [0, 11, 0.5, 12.5], "texture": "#0"},
				"east": {"uv": [0.5, 11, 1, 12.5], "texture": "#0"},
				"south": {"uv": [11, 0.5, 11.5, 2], "texture": "#0"},
				"west": {"uv": [2.5, 11, 3, 12.5], "texture": "#0"},
				"up": {"uv": [14, 11.5, 13.5, 11], "texture": "#0"},
				"down": {"uv": [12, 13.5, 11.5, 14], "texture": "#0"}
			}
		}
	],
	"display": {
		"thirdperson_righthand": {
			"rotation": [180, 0, 180],
			"translation": [0, 4.25, 1.5]
		},
		"thirdperson_lefthand": {
			"rotation": [180, 0, 180],
			"translation": [0, 4.25, 1.5]
		},
		"firstperson_righthand": {
			"rotation": [0, 180, 0],
			"translation": [2.5, 0.5, -1.75]
		},
		"firstperson_lefthand": {
			"rotation": [0, 180, 0],
			"translation": [2.5, 0.5, -1.75]
		},
		"gui": {
			"rotation": [90, 45, -90],
			"translation": [-3, -3, 0]
		},
		"head": {
			"rotation": [53.25, 0, 0],
			"translation": [0, 0, -15.5]
		}
	},
	"groups": [
		{
			"name": "DravenAxe",
			"origin": [8, 8, 8],
			"color": 0,
			"children": [
				0,
				1,
				2,
				3,
				4,
				5,
				6,
				7,
				8,
				9,
				10,
				11,
				12,
				13,
				14,
				15,
				16,
				17,
				18,
				19,
				20,
				21,
				22,
				23,
				24,
				25,
				26,
				27,
				28,
				29,
				30,
				31,
				32,
				33,
				34,
				35,
				36,
				37,
				38,
				39,
				40,
				41,
				42,
				43,
				44,
				45,
				46,
				47,
				48
			]
		}
	]
}