{
	"credit": "Made with Blockbench",
	"texture_size": [32, 32],
	"textures": {
		"0": "block/duelist_cap",
		"particle": "block/duelist_cap"
	},
	"elements": [
		{
			"from": [5.75, 3, 0.25],
			"to": [10.25, 3.5, 4.75],
			"faces": {
				"north": {"uv": [4, 7.5, 6.25, 7.75], "texture": "#0"},
				"east": {"uv": [7.5, 4.5, 9.75, 4.75], "texture": "#0"},
				"south": {"uv": [6.5, 7.5, 8.75, 7.75], "texture": "#0"},
				"west": {"uv": [0, 8, 2.25, 8.25], "texture": "#0"},
				"up": {"uv": [4.75, 2.25, 2.5, 0], "texture": "#0"},
				"down": {"uv": [4.75, 2.5, 2.5, 4.75], "texture": "#0"}
			}
		},
		{
			"from": [5.5, 3.5, 0],
			"to": [10.5, 4.5, 5],
			"faces": {
				"north": {"uv": [4, 5, 6.5, 5.5], "texture": "#0"},
				"east": {"uv": [5, 4.5, 7.5, 5], "texture": "#0"},
				"south": {"uv": [4, 5.5, 6.5, 6], "texture": "#0"},
				"west": {"uv": [4, 6, 6.5, 6.5], "texture": "#0"},
				"up": {"uv": [2.5, 2.5, 0, 0], "texture": "#0"},
				"down": {"uv": [2.5, 2.5, 0, 5], "texture": "#0"}
			}
		},
		{
			"from": [6, 4.5, 0],
			"to": [10, 5, 5],
			"faces": {
				"north": {"uv": [0, 7.5, 2, 7.75], "texture": "#0"},
				"east": {"uv": [7, 3.5, 9.5, 3.75], "texture": "#0"},
				"south": {"uv": [2.5, 8, 4.5, 8.25], "texture": "#0"},
				"west": {"uv": [7, 4, 9.5, 4.25], "texture": "#0"},
				"up": {"uv": [2, 7.5, 0, 5], "texture": "#0"},
				"down": {"uv": [7, 0, 5, 2.5], "texture": "#0"}
			}
		},
		{
			"from": [6.01, 4, 0.5],
			"to": [9.99, 5, 4.25],
			"rotation": {"angle": 22.5, "axis": "x", "origin": [8, 5, 3]},
			"faces": {
				"north": {"uv": [6.5, 6, 8.5, 6.5], "texture": "#0"},
				"east": {"uv": [7, 2.5, 8.875, 3], "texture": "#0"},
				"south": {"uv": [7, 2, 9, 2.5], "texture": "#0"},
				"west": {"uv": [7, 3, 8.875, 3.5], "texture": "#0"},
				"up": {"uv": [4, 6.875, 2, 5], "texture": "#0"},
				"down": {"uv": [7, 2.5, 5, 4.375], "texture": "#0"}
			}
		},
		{
			"from": [5.75, 1.75, 1],
			"to": [6.25, 3, 4.5],
			"faces": {
				"north": {"uv": [0.5, 9, 0.75, 9.625], "texture": "#0"},
				"east": {"uv": [4, 6.5, 5.75, 7.125], "texture": "#0"},
				"south": {"uv": [1, 9, 1.25, 9.625], "texture": "#0"},
				"west": {"uv": [6.5, 5, 8.25, 5.625], "texture": "#0"},
				"up": {"uv": [4.75, 9.75, 4.5, 8], "texture": "#0"},
				"down": {"uv": [5.25, 8, 5, 9.75], "texture": "#0"}
			}
		},
		{
			"from": [9.75, 1.75, 1],
			"to": [10.25, 3, 4.5],
			"faces": {
				"north": {"uv": [9, 1, 9.25, 1.625], "texture": "#0"},
				"east": {"uv": [6, 6.5, 7.75, 7.125], "texture": "#0"},
				"south": {"uv": [1.5, 9, 1.75, 9.625], "texture": "#0"},
				"west": {"uv": [7, 0, 8.75, 0.625], "texture": "#0"},
				"up": {"uv": [5.75, 9.75, 5.5, 8], "texture": "#0"},
				"down": {"uv": [6.25, 8, 6, 9.75], "texture": "#0"}
			}
		},
		{
			"from": [6.25, 1.75, 4],
			"to": [9.75, 3, 4.5],
			"faces": {
				"north": {"uv": [7, 1, 8.75, 1.625], "texture": "#0"},
				"east": {"uv": [2, 9, 2.25, 9.625], "texture": "#0"},
				"south": {"uv": [2, 7, 3.75, 7.625], "texture": "#0"},
				"west": {"uv": [9, 2, 9.25, 2.625], "texture": "#0"},
				"up": {"uv": [8.25, 8.25, 6.5, 8], "texture": "#0"},
				"down": {"uv": [9.75, 6.5, 8, 6.75], "texture": "#0"}
			}
		},
		{
			"from": [9.75, 0.75, 1],
			"to": [10.25, 1.75, 2.5],
			"faces": {
				"north": {"uv": [2.5, 9, 2.75, 9.5], "texture": "#0"},
				"east": {"uv": [8, 7, 8.75, 7.5], "texture": "#0"},
				"south": {"uv": [3, 9, 3.25, 9.5], "texture": "#0"},
				"west": {"uv": [0, 8.5, 0.75, 9], "texture": "#0"},
				"up": {"uv": [4.25, 9.25, 4, 8.5], "texture": "#0"},
				"down": {"uv": [6.75, 8.5, 6.5, 9.25], "texture": "#0"}
			}
		},
		{
			"from": [5.75, 0.75, 1],
			"to": [6.25, 1.75, 2.5],
			"faces": {
				"north": {"uv": [9, 3, 9.25, 3.5], "texture": "#0"},
				"east": {"uv": [1, 8.5, 1.75, 9], "texture": "#0"},
				"south": {"uv": [3.5, 9, 3.75, 9.5], "texture": "#0"},
				"west": {"uv": [2, 8.5, 2.75, 9], "texture": "#0"},
				"up": {"uv": [7.25, 9.25, 7, 8.5], "texture": "#0"},
				"down": {"uv": [7.75, 8.5, 7.5, 9.25], "texture": "#0"}
			}
		},
		{
			"from": [9.76, 0.75, 2.5],
			"to": [10.24, 1.75, 4],
			"rotation": {"angle": -45, "axis": "x", "origin": [10.25, 0.75, 2.5]},
			"faces": {
				"north": {"uv": [9, 7, 9.25, 7.5], "texture": "#0"},
				"east": {"uv": [3, 8.5, 3.75, 9], "texture": "#0"},
				"south": {"uv": [9, 7.5, 9.25, 8], "texture": "#0"},
				"west": {"uv": [8.5, 5, 9.25, 5.5], "texture": "#0"},
				"up": {"uv": [8.25, 9.25, 8, 8.5], "texture": "#0"},
				"down": {"uv": [8.75, 8, 8.5, 8.75], "texture": "#0"}
			}
		},
		{
			"from": [5.76, 0.75, 2.5],
			"to": [6.24, 1.75, 4],
			"rotation": {"angle": -45, "axis": "x", "origin": [10.25, 0.75, 2.5]},
			"faces": {
				"north": {"uv": [9, 8, 9.25, 8.5], "texture": "#0"},
				"east": {"uv": [8.5, 5.5, 9.25, 6], "texture": "#0"},
				"south": {"uv": [8.5, 9, 8.75, 9.5], "texture": "#0"},
				"west": {"uv": [8.5, 6, 9.25, 6.5], "texture": "#0"},
				"up": {"uv": [0.25, 9.75, 0, 9], "texture": "#0"},
				"down": {"uv": [9.25, 0, 9, 0.75], "texture": "#0"}
			}
		}
	],
	"gui_light": "front",
	"display": {
		"thirdperson_righthand": {
			"translation": [0, 8, 5.25]
		},
		"thirdperson_lefthand": {
			"translation": [0, 8, 5.25]
		},
		"firstperson_righthand": {
			"translation": [18, 16, -12],
			"scale": [4, 4, 4]
		},
		"firstperson_lefthand": {
			"translation": [18, 16, -12],
			"scale": [4, 4, 4]
		},
		"ground": {
			"translation": [0, 12, 9.25],
			"scale": [2, 2, 2]
		},
		"gui": {
			"rotation": [180, -53, 180],
			"translation": [-10, 10.75, 0],
			"scale": [2.3, 2.3, 2.3]
		},
		"head": {
			"translation": [0, 19, 20.75],
			"scale": [3.8, 3.8, 3.8]
		},
		"fixed": {
			"translation": [0, 12.75, 6.25],
			"scale": [2.5, 2.5, 2.5]
		}
	}
}