{
	"credit": "Made with Blockbench",
	"texture_size": [8, 8],
	"textures": {
		"0": "block/brush_shaft",
		"1": "block/brush_bristles",
		"2": "block/brush_shaft_outline",
		"4": "block/brush_ring2",
		"5": "block/brush_ring1",
		"particle": "block/brush_shaft"
	},
	"elements": [
		{
			"from": [7, 22.5, 0],
			"to": [9, 23, 2],
			"rotation": {"angle": 0, "axis": "y", "origin": [0, 9, 0]},
			"faces": {
				"north": {"uv": [7, 9, 8, 9.25], "texture": "#0"},
				"east": {"uv": [9, 7, 10, 7.25], "texture": "#0"},
				"south": {"uv": [9, 7.5, 10, 7.75], "texture": "#0"},
				"west": {"uv": [8, 9, 9, 9.25], "texture": "#0"},
				"up": {"uv": [8, 7.5, 7, 6.5], "texture": "#0"},
				"down": {"uv": [8.5, 4.5, 7.5, 5.5], "texture": "#0"}
			}
		},
		{
			"from": [7.25, 4, 0.25],
			"to": [8.75, 17, 1.75],
			"faces": {
				"north": {"uv": [0, 0, 0.75, 6.5], "texture": "#0"},
				"east": {"uv": [1, 0, 1.75, 6.5], "texture": "#0"},
				"south": {"uv": [2, 0, 2.75, 6.5], "texture": "#0"},
				"west": {"uv": [3, 0, 3.75, 6.5], "texture": "#0"},
				"up": {"uv": [9.25, 5.25, 8.5, 4.5], "texture": "#0"},
				"down": {"uv": [9.25, 5.5, 8.5, 6.25], "texture": "#0"}
			}
		},
		{
			"from": [7, 0, 0],
			"to": [9, 4, 2],
			"faces": {
				"north": {"uv": [1.5, 6.5, 2.5, 8.5], "texture": "#0"},
				"east": {"uv": [2.5, 6.5, 3.5, 8.5], "texture": "#0"},
				"south": {"uv": [3.5, 6.5, 4.5, 8.5], "texture": "#0"},
				"west": {"uv": [4.5, 6.5, 5.5, 8.5], "texture": "#0"},
				"up": {"uv": [8.5, 6.5, 7.5, 5.5], "texture": "#0"},
				"down": {"uv": [8, 7.5, 7, 8.5], "texture": "#0"}
			}
		},
		{
			"from": [7, -1, 0],
			"to": [9, 0, 2],
			"faces": {
				"north": {"uv": [6.5, 8.5, 7.5, 9], "texture": "#0"},
				"east": {"uv": [7.5, 8.5, 8.5, 9], "texture": "#0"},
				"south": {"uv": [8.5, 8.5, 9.5, 9], "texture": "#0"},
				"west": {"uv": [0, 9, 1, 9.5], "texture": "#0"},
				"up": {"uv": [1, 9, 0, 8], "texture": "#0"},
				"down": {"uv": [6.5, 8, 5.5, 9], "texture": "#0"}
			}
		},
		{
			"from": [6.75, 0, -0.25],
			"to": [9.25, 1, 2.25],
			"faces": {
				"north": {"uv": [8.5, 1.5, 9.75, 2], "texture": "#0"},
				"east": {"uv": [8.5, 2, 9.75, 2.5], "texture": "#0"},
				"south": {"uv": [2.5, 8.5, 3.75, 9], "texture": "#0"},
				"west": {"uv": [8.5, 2.5, 9.75, 3], "texture": "#0"},
				"up": {"uv": [6.75, 7.75, 5.5, 6.5], "texture": "#0"},
				"down": {"uv": [8.25, 0, 7, 1.25], "texture": "#0"}
			}
		},
		{
			"from": [6.75, 20, -0.25],
			"to": [9.25, 21, 2.25],
			"rotation": {"angle": 0, "axis": "y", "origin": [0, 9, 0]},
			"faces": {
				"north": {"uv": [8.5, 3, 9.75, 3.5], "texture": "#0"},
				"east": {"uv": [8.5, 3.5, 9.75, 4], "texture": "#0"},
				"south": {"uv": [4, 8.5, 5.25, 9], "texture": "#0"},
				"west": {"uv": [8.5, 4, 9.75, 4.5], "texture": "#0"},
				"up": {"uv": [8.25, 2.75, 7, 1.5], "texture": "#0"},
				"down": {"uv": [8.25, 3, 7, 4.25], "texture": "#0"}
			}
		},
		{
			"from": [7, 17, 0],
			"to": [9, 22, 2],
			"rotation": {"angle": 0, "axis": "y", "origin": [0, 9, 0]},
			"faces": {
				"north": {"uv": [4, 4, 5, 6.5], "texture": "#0"},
				"east": {"uv": [5, 4, 6, 6.5], "texture": "#0"},
				"south": {"uv": [6, 0, 7, 2.5], "texture": "#0"},
				"west": {"uv": [6, 2.5, 7, 5], "texture": "#0"},
				"up": {"uv": [9, 7.5, 8, 6.5], "texture": "#0"},
				"down": {"uv": [9, 7.5, 8, 8.5], "texture": "#0"}
			}
		},
		{
			"from": [6.5, 21, -0.5],
			"to": [9.5, 22, 2.5],
			"rotation": {"angle": 0, "axis": "y", "origin": [0, 9, 0]},
			"faces": {
				"north": {"uv": [8.5, 0, 10, 0.5], "texture": "#0"},
				"east": {"uv": [8.5, 0.5, 10, 1], "texture": "#0"},
				"south": {"uv": [1, 8.5, 2.5, 9], "texture": "#0"},
				"west": {"uv": [8.5, 1, 10, 1.5], "texture": "#0"},
				"up": {"uv": [7.5, 6.5, 6, 5], "texture": "#0"},
				"down": {"uv": [1.5, 6.5, 0, 8], "texture": "#0"}
			}
		},
		{
			"from": [6.25, 22, -0.75],
			"to": [9.75, 22.5, 2.75],
			"rotation": {"angle": 0, "axis": "y", "origin": [0, 9, 0]},
			"faces": {
				"north": {"uv": [1, 9, 2.75, 9.25], "texture": "#0"},
				"east": {"uv": [3, 9, 4.75, 9.25], "texture": "#0"},
				"south": {"uv": [5, 9, 6.75, 9.25], "texture": "#0"},
				"west": {"uv": [9, 6.5, 10.75, 6.75], "texture": "#0"},
				"up": {"uv": [5.75, 1.75, 4, 0], "texture": "#0"},
				"down": {"uv": [5.75, 2, 4, 3.75], "texture": "#0"}
			}
		},
		{
			"from": [5.75, 23, -1.25],
			"to": [10.25, 25.5, 3.25],
			"rotation": {"angle": 0, "axis": "y", "origin": [0, 9.75, 0]},
			"faces": {
				"north": {"uv": [6.5, 4.5, 8, 5], "texture": "#1"},
				"east": {"uv": [6.5, 5, 8, 5.5], "texture": "#1"},
				"south": {"uv": [1, 9.5, 2.5, 10], "texture": "#1"},
				"west": {"uv": [2.5, 9.5, 4, 10], "texture": "#1"},
				"up": {"uv": [9.5, 6, 8, 4.5], "texture": "#1"},
				"down": {"uv": [9.5, 6, 8, 7.5], "texture": "#1"}
			}
		},
		{
			"from": [5.5, 24, -1],
			"to": [10.5, 28.5, 3.5],
			"rotation": {"angle": -22.5, "axis": "x", "origin": [8, 24.75, 2.75]},
			"faces": {
				"north": {"uv": [0, 6, 1.75, 7.5], "texture": "#1"},
				"east": {"uv": [8, 7.5, 9.5, 9], "texture": "#1"},
				"south": {"uv": [6, 5.5, 7.75, 7], "texture": "#1"},
				"west": {"uv": [8.5, 1.5, 10, 3], "texture": "#1"},
				"up": {"uv": [8.25, 3, 6.5, 1.5], "texture": "#1"},
				"down": {"uv": [8.25, 3, 6.5, 4.5], "texture": "#1"}
			}
		},
		{
			"from": [5.25, 25.78554, -2.33034],
			"to": [10.75, 30.28554, 2.41966],
			"rotation": {"angle": -45, "axis": "x", "origin": [8, 27.5, 1.5]},
			"faces": {
				"north": {"uv": [3, 4, 5, 5.5], "texture": "#1"},
				"east": {"uv": [7, 0, 8.75, 1.5], "texture": "#1"},
				"south": {"uv": [5, 0, 7, 1.5], "texture": "#1"},
				"west": {"uv": [6, 7, 7.75, 8.5], "texture": "#1"},
				"up": {"uv": [5, 1.75, 3, 0], "texture": "#1"},
				"down": {"uv": [5, 2, 3, 3.75], "texture": "#1"}
			}
		},
		{
			"from": [5.75, 24.27321, -2.8462],
			"to": [10.25, 29.02321, 1.6538],
			"rotation": {"angle": 22.5, "axis": "x", "origin": [8, 26.5, 2]},
			"faces": {
				"north": {"uv": [0, 7.5, 1.5, 9.25], "texture": "#1"},
				"east": {"uv": [1.5, 7.5, 3, 9.25], "texture": "#1"},
				"south": {"uv": [3, 7.5, 4.5, 9.25], "texture": "#1"},
				"west": {"uv": [4.5, 7.5, 6, 9.25], "texture": "#1"},
				"up": {"uv": [10, 4.5, 8.5, 3], "texture": "#1"},
				"down": {"uv": [7.5, 8.5, 6, 10], "texture": "#1"}
			}
		},
		{
			"from": [6.25, 24.96247, -4.13792],
			"to": [9.75, 30.46247, 0.36208],
			"rotation": {"angle": 0, "axis": "y", "origin": [8, 28.5, 1.25]},
			"faces": {
				"north": {"uv": [7.5, 9, 8.5, 11], "texture": "#1"},
				"east": {"uv": [5, 1.5, 6.5, 3.5], "texture": "#1"},
				"south": {"uv": [8.5, 9, 9.5, 11], "texture": "#1"},
				"west": {"uv": [5, 3.5, 6.5, 5.5], "texture": "#1"},
				"up": {"uv": [3, 7.5, 2, 6], "texture": "#1"},
				"down": {"uv": [10, 0, 9, 1.5], "texture": "#1"}
			}
		},
		{
			"from": [6.75, 25.21247, -5.63792],
			"to": [9.25, 30.71247, -1.13792],
			"rotation": {"angle": -22.5, "axis": "x", "origin": [8, 29.5, -0.25]},
			"faces": {
				"north": {"uv": [0, 9.5, 0.5, 11.5], "texture": "#1"},
				"east": {"uv": [3, 5.5, 4.5, 7.5], "texture": "#1"},
				"south": {"uv": [0.5, 9.5, 1, 11.5], "texture": "#1"},
				"west": {"uv": [4.5, 5.5, 6, 7.5], "texture": "#1"},
				"up": {"uv": [4.5, 11, 4, 9.5], "texture": "#1"},
				"down": {"uv": [5, 9.5, 4.5, 11], "texture": "#1"}
			}
		},
		{
			"from": [8, 24.96247, -9.63792],
			"to": [8, 31.71247, -2.88792],
			"rotation": {"angle": -45, "axis": "x", "origin": [8, 29.5, -0.25]},
			"faces": {
				"north": {"uv": [0, 0, 0, 3], "texture": "#1"},
				"east": {"uv": [0, 0, 3, 3], "texture": "#1"},
				"south": {"uv": [0, 0, 0, 3], "texture": "#1"},
				"west": {"uv": [0, 3, 3, 6], "texture": "#1"},
				"up": {"uv": [0, 3, 0, 0], "texture": "#1"},
				"down": {"uv": [0, 0, 0, 3], "texture": "#1"}
			}
		},
		{
			"from": [5, 18, -2],
			"to": [5, 20, 4],
			"rotation": {"angle": 22.5, "axis": "x", "origin": [8, 19, 1]},
			"faces": {
				"north": {"uv": [0, 0, 0, 2], "texture": "#5"},
				"east": {"uv": [0, 0, 6, 2], "texture": "#5"},
				"south": {"uv": [0, 0, 0, 2], "texture": "#5"},
				"west": {"uv": [0, 2, 6, 4], "texture": "#5"},
				"up": {"uv": [0, 6, 0, 0], "texture": "#5"},
				"down": {"uv": [0, 0, 0, 6], "texture": "#5"}
			}
		},
		{
			"from": [11, 18, -2],
			"to": [11, 20, 4],
			"rotation": {"angle": 22.5, "axis": "x", "origin": [8, 19, 1]},
			"faces": {
				"north": {"uv": [0, 0, 0, 2], "texture": "#5"},
				"east": {"uv": [0, 4, 6, 6], "texture": "#5"},
				"south": {"uv": [0, 0, 0, 2], "texture": "#5"},
				"west": {"uv": [0, 6, 6, 8], "texture": "#5"},
				"up": {"uv": [0, 6, 0, 0], "texture": "#5"},
				"down": {"uv": [0, 0, 0, 6], "texture": "#5"}
			}
		},
		{
			"from": [5, 18, -2],
			"to": [11, 20, -2],
			"rotation": {"angle": 22.5, "axis": "x", "origin": [8, 19, 1]},
			"faces": {
				"north": {"uv": [6, 0, 12, 2], "texture": "#5"},
				"east": {"uv": [0, 0, 0, 2], "texture": "#5"},
				"south": {"uv": [6, 2, 12, 4], "texture": "#5"},
				"west": {"uv": [0, 0, 0, 2], "texture": "#5"},
				"up": {"uv": [6, 0, 0, 0], "texture": "#5"},
				"down": {"uv": [6, 0, 0, 0], "texture": "#5"}
			}
		},
		{
			"from": [5, 18, 4],
			"to": [11, 20, 4],
			"rotation": {"angle": 22.5, "axis": "x", "origin": [8, 19, 1]},
			"faces": {
				"north": {"uv": [6, 4, 12, 6], "texture": "#5"},
				"east": {"uv": [0, 0, 0, 2], "texture": "#5"},
				"south": {"uv": [6, 6, 12, 8], "texture": "#5"},
				"west": {"uv": [0, 0, 0, 2], "texture": "#5"},
				"up": {"uv": [6, 0, 0, 0], "texture": "#5"},
				"down": {"uv": [6, 0, 0, 0], "texture": "#5"}
			}
		},
		{
			"from": [10, 15, -1],
			"to": [10, 17, 3],
			"rotation": {"angle": -22.5, "axis": "x", "origin": [8, 16, 1]},
			"faces": {
				"north": {"uv": [0, 0, 0, 4], "texture": "#4"},
				"east": {"uv": [0, 0, 8, 4], "texture": "#4"},
				"south": {"uv": [0, 0, 0, 4], "texture": "#4"},
				"west": {"uv": [0, 4, 8, 8], "texture": "#4"},
				"up": {"uv": [0, 8, 0, 0], "texture": "#4"},
				"down": {"uv": [0, 0, 0, 8], "texture": "#4"}
			}
		},
		{
			"from": [6, 15, -1],
			"to": [10, 17, -1],
			"rotation": {"angle": -22.5, "axis": "x", "origin": [8, 16, 1]},
			"faces": {
				"north": {"uv": [0, 8, 8, 12], "texture": "#4"},
				"east": {"uv": [0, 0, 0, 4], "texture": "#4"},
				"south": {"uv": [8, 0, 16, 4], "texture": "#4"},
				"west": {"uv": [0, 0, 0, 4], "texture": "#4"},
				"up": {"uv": [8, 0, 0, 0], "texture": "#4"},
				"down": {"uv": [8, 0, 0, 0], "texture": "#4"}
			}
		},
		{
			"from": [6, 15, 3],
			"to": [10, 17, 3],
			"rotation": {"angle": -22.5, "axis": "x", "origin": [8, 16, 1]},
			"faces": {
				"north": {"uv": [8, 4, 16, 8], "texture": "#4"},
				"east": {"uv": [0, 0, 0, 4], "texture": "#4"},
				"south": {"uv": [8, 8, 16, 12], "texture": "#4"},
				"west": {"uv": [0, 0, 0, 4], "texture": "#4"},
				"up": {"uv": [8, 0, 0, 0], "texture": "#4"},
				"down": {"uv": [8, 0, 0, 0], "texture": "#4"}
			}
		},
		{
			"from": [6, 15, -1],
			"to": [6, 17, 3],
			"rotation": {"angle": -22.5, "axis": "x", "origin": [8, 16, 1]},
			"faces": {
				"north": {"uv": [0, 0, 0, 4], "texture": "#4"},
				"east": {"uv": [0, 12, 8, 16], "texture": "#4"},
				"south": {"uv": [0, 0, 0, 4], "texture": "#4"},
				"west": {"uv": [8, 12, 16, 16], "texture": "#4"},
				"up": {"uv": [0, 8, 0, 0], "texture": "#4"},
				"down": {"uv": [0, 0, 0, 8], "texture": "#4"}
			}
		},
		{
			"from": [9, 17, 2],
			"to": [7, 4, 0],
			"rotation": {"angle": 0, "axis": "x", "origin": [0, 0, 0]},
			"rotated": [0, 0, 0],
			"faces": {
				"north": {"uv": [0, 0, 1, 6.5], "texture": "#2"},
				"east": {"uv": [1, 0, 2, 6.5], "texture": "#2"},
				"south": {"uv": [2, 0, 3, 6.5], "texture": "#2"},
				"west": {"uv": [3, 0, 4, 6.5], "texture": "#2"},
				"up": {"uv": [4, 7.5, 3, 6.5], "texture": "#2"},
				"down": {"uv": [9.5, 6.5, 8.5, 7.5], "texture": "#2"}
			}
		},
		{
			"from": [9.25, 4, 2.25],
			"to": [6.75, 1, -0.25],
			"rotation": {"angle": 0, "axis": "x", "origin": [0, 0, 0]},
			"rotated": [0, 0, 0],
			"faces": {
				"north": {"uv": [0, 6.5, 1.25, 8], "texture": "#2"},
				"east": {"uv": [1.5, 6.5, 2.75, 8], "texture": "#2"},
				"south": {"uv": [5.5, 6.5, 6.75, 8], "texture": "#2"},
				"west": {"uv": [7, 6.5, 8.25, 8], "texture": "#2"},
				"up": {"uv": [1.25, 9.25, 0, 8], "texture": "#2"},
				"down": {"uv": [9.25, 0, 8, 1.25], "texture": "#2"}
			}
		},
		{
			"from": [9.5, 1, 2.5],
			"to": [6.5, 0, -0.5],
			"rotation": {"angle": 0, "axis": "x", "origin": [0, 0, 0]},
			"rotated": [0, 0, 0],
			"faces": {
				"north": {"uv": [0, 9.5, 1.5, 10], "texture": "#2"},
				"east": {"uv": [9.5, 0, 11, 0.5], "texture": "#2"},
				"south": {"uv": [9.5, 0.5, 11, 1], "texture": "#2"},
				"west": {"uv": [9.5, 1, 11, 1.5], "texture": "#2"},
				"up": {"uv": [7.5, 3.5, 6, 2], "texture": "#2"},
				"down": {"uv": [7.5, 3.5, 6, 5], "texture": "#2"}
			}
		},
		{
			"from": [9.25, 0, 2.25],
			"to": [6.75, -1.25, -0.25],
			"rotation": {"angle": 0, "axis": "x", "origin": [0, 0, 0]},
			"rotated": [0, 0, 0],
			"faces": {
				"north": {"uv": [3, 9, 4.25, 9.75], "texture": "#2"},
				"east": {"uv": [9, 3, 10.25, 3.75], "texture": "#2"},
				"south": {"uv": [9, 4, 10.25, 4.75], "texture": "#2"},
				"west": {"uv": [9, 5, 10.25, 5.75], "texture": "#2"},
				"up": {"uv": [2.75, 9.25, 1.5, 8], "texture": "#2"},
				"down": {"uv": [5.75, 8, 4.5, 9.25], "texture": "#2"}
			}
		},
		{
			"from": [9.25, 20, 2.25],
			"to": [6.75, 17, -0.25],
			"rotation": {"angle": 0, "axis": "x", "origin": [0, 0, 0]},
			"rotated": [0, 0, 0],
			"faces": {
				"north": {"uv": [7.5, 2, 8.75, 3.5], "texture": "#2"},
				"east": {"uv": [3, 7.5, 4.25, 9], "texture": "#2"},
				"south": {"uv": [7.5, 3.5, 8.75, 5], "texture": "#2"},
				"west": {"uv": [7.5, 5, 8.75, 6.5], "texture": "#2"},
				"up": {"uv": [7.25, 9.25, 6, 8], "texture": "#2"},
				"down": {"uv": [8.75, 8, 7.5, 9.25], "texture": "#2"}
			}
		},
		{
			"from": [9.5, 21, 2.5],
			"to": [6.5, 20, -0.5],
			"rotation": {"angle": 0, "axis": "x", "origin": [0, 0, 0]},
			"rotated": [0, 0, 0],
			"faces": {
				"north": {"uv": [1.5, 9.5, 3, 10], "texture": "#2"},
				"east": {"uv": [4.5, 9.5, 6, 10], "texture": "#2"},
				"south": {"uv": [6, 9.5, 7.5, 10], "texture": "#2"},
				"west": {"uv": [9.5, 6.5, 11, 7], "texture": "#2"},
				"up": {"uv": [5.5, 7.5, 4, 6], "texture": "#2"},
				"down": {"uv": [7.5, 5, 6, 6.5], "texture": "#2"}
			}
		},
		{
			"from": [9.75, 22, 2.75],
			"to": [6.25, 21, -0.75],
			"rotation": {"angle": 0, "axis": "x", "origin": [0, 0, 0]},
			"rotated": [0, 0, 0],
			"faces": {
				"north": {"uv": [9, 6, 10.75, 6.5], "texture": "#2"},
				"east": {"uv": [9, 8, 10.75, 8.5], "texture": "#2"},
				"south": {"uv": [9, 8.5, 10.75, 9], "texture": "#2"},
				"west": {"uv": [9, 9, 10.75, 9.5], "texture": "#2"},
				"up": {"uv": [5.75, 5.75, 4, 4], "texture": "#2"},
				"down": {"uv": [7.75, 0, 6, 1.75], "texture": "#2"}
			}
		},
		{
			"from": [10, 22.75, 3],
			"to": [6, 22, -1],
			"rotation": {"angle": 0, "axis": "x", "origin": [0.25, 3.5, 0]},
			"rotated": [0, 0, 0],
			"faces": {
				"north": {"uv": [8, 1.5, 10, 2], "texture": "#2"},
				"east": {"uv": [8.5, 7.5, 10.5, 8], "texture": "#2"},
				"south": {"uv": [9, 2, 11, 2.5], "texture": "#2"},
				"west": {"uv": [9, 2.5, 11, 3], "texture": "#2"},
				"up": {"uv": [6, 2, 4, 0], "texture": "#2"},
				"down": {"uv": [6, 2, 4, 4], "texture": "#2"}
			}
		}
	],
	"gui_light": "front",
	"display": {
		"thirdperson_righthand": {
			"translation": [0, -1.5, 8.5],
			"scale": [1.1, 1.1, 1.1]
		},
		"thirdperson_lefthand": {
			"translation": [0, -1.5, 8.5],
			"scale": [1.1, 1.1, 1.1]
		},
		"firstperson_righthand": {
			"rotation": [23.16, 26.57, -18.82],
			"translation": [6.5, -8, -3.25]
		},
		"firstperson_lefthand": {
			"rotation": [23.16, 26.57, -18.82],
			"translation": [6.5, -8, -3.25]
		},
		"ground": {
			"rotation": [36.5, 18.55, 52.6],
			"translation": [5.75, 0, 3.25]
		},
		"gui": {
			"rotation": [90, -40.25, 90],
			"translation": [-0.5, -7.25, 0],
			"scale": [0.7, 0.7, 0.7]
		},
		"fixed": {
			"rotation": [90, -45, 90],
			"translation": [-2, -8.25, -3.25]
		}
	},
	"groups": [
		{
			"name": "shaft",
			"origin": [0, 9, 0],
			"color": 0,
			"children": [0, 1, 2, 3, 4, 5, 6, 7, 8]
		},
		{
			"name": "bristles",
			"origin": [8, 28.75, -0.25],
			"color": 0,
			"children": [9, 10, 11, 12, 13, 14, 15]
		},
		{
			"name": "ring1",
			"origin": [8, 19, 1],
			"color": 0,
			"children": [16, 17, 18, 19]
		},
		{
			"name": "ring2",
			"origin": [8, 16, 1],
			"color": 0,
			"children": [20, 21, 22, 23]
		},
		{
			"name": "shaft_outline",
			"origin": [0.25, 3.5, 0],
			"color": 0,
			"children": [24, 25, 26, 27, 28, 29, 30, 31]
		}
	]
}