{
	"credit": "Made with Blockbench",
	"texture_size": [32, 32],
	"textures": {
		"0": "block/esper_beanie",
		"particle": "block/esper_beanie"
	},
	"elements": [
		{
			"from": [5.75, 0, 0.75],
			"to": [10.25, 0.75, 5.25],
			"rotation": {"angle": 0, "axis": "y", "origin": [8, 0.25, 3]},
			"faces": {
				"north": {"uv": [7.5, 6, 9.75, 6.375], "texture": "#0"},
				"east": {"uv": [8, 1, 10.25, 1.375], "texture": "#0"},
				"south": {"uv": [4.5, 8, 6.75, 8.375], "texture": "#0"},
				"west": {"uv": [8, 6.5, 10.25, 6.875], "texture": "#0"},
				"up": {"uv": [2.25, 2.25, 0, 0], "texture": "#0"},
				"down": {"uv": [2.25, 2.5, 0, 4.75], "texture": "#0"}
			}
		},
		{
			"from": [6, 0.5, 1],
			"to": [10, 2.25, 5],
			"rotation": {"angle": 0, "axis": "y", "origin": [8, 0.25, 3]},
			"faces": {
				"north": {"uv": [4.5, 2, 6.5, 2.875], "texture": "#0"},
				"east": {"uv": [4.5, 3, 6.5, 3.875], "texture": "#0"},
				"south": {"uv": [4.5, 4, 6.5, 4.875], "texture": "#0"},
				"west": {"uv": [0, 5, 2, 5.875], "texture": "#0"},
				"up": {"uv": [4.5, 2, 2.5, 0], "texture": "#0"},
				"down": {"uv": [4.5, 2, 2.5, 4], "texture": "#0"}
			}
		},
		{
			"from": [6.495, 1.41888, 2.61232],
			"to": [9.505, 3.77888, 4.87232],
			"rotation": {"angle": -22.5, "axis": "x", "origin": [8, 1.5, 4.5]},
			"faces": {
				"north": {"uv": [4.5, 5, 6, 6.125], "texture": "#0"},
				"east": {"uv": [6.5, 6.5, 7.625, 7.625], "texture": "#0"},
				"south": {"uv": [0, 6, 1.5, 7.125], "texture": "#0"},
				"west": {"uv": [0, 7.5, 1.125, 8.625], "texture": "#0"},
				"up": {"uv": [3, 7.125, 1.5, 6], "texture": "#0"},
				"down": {"uv": [4.5, 6, 3, 7.125], "texture": "#0"}
			}
		},
		{
			"from": [7.375, 1.91888, 4.61232],
			"to": [8.625, 3.16888, 4.86232],
			"rotation": {"angle": 45, "axis": "x", "origin": [7.88, 1.5, 4.5]},
			"faces": {
				"north": {"uv": [8.5, 9, 9.125, 9.625], "texture": "#0"},
				"east": {"uv": [3, 10, 3.125, 10.625], "texture": "#0"},
				"south": {"uv": [9.5, 0, 10.125, 0.625], "texture": "#0"},
				"west": {"uv": [3.5, 10, 3.625, 10.625], "texture": "#0"},
				"up": {"uv": [4.625, 10.125, 4, 10], "texture": "#0"},
				"down": {"uv": [10.625, 4.5, 10, 4.625], "texture": "#0"}
			}
		},
		{
			"from": [7.375, 1.41888, 5.11232],
			"to": [8.625, 1.66888, 6.36232],
			"rotation": {"angle": 45, "axis": "x", "origin": [7.88, 1.5, 4.5]},
			"faces": {
				"north": {"uv": [9, 5.5, 9.625, 5.625], "texture": "#0"},
				"east": {"uv": [1, 9.5, 1.625, 9.625], "texture": "#0"},
				"south": {"uv": [9.5, 1.5, 10.125, 1.625], "texture": "#0"},
				"west": {"uv": [2, 9.5, 2.625, 9.625], "texture": "#0"},
				"up": {"uv": [4.125, 9.125, 3.5, 8.5], "texture": "#0"},
				"down": {"uv": [9.125, 3.5, 8.5, 4.125], "texture": "#0"}
			}
		},
		{
			"from": [7.375, 3.41888, 5.11232],
			"to": [8.625, 3.66888, 6.36232],
			"rotation": {"angle": 45, "axis": "x", "origin": [7.88, 1.5, 4.5]},
			"faces": {
				"north": {"uv": [9.5, 2, 10.125, 2.125], "texture": "#0"},
				"east": {"uv": [3, 9.5, 3.625, 9.625], "texture": "#0"},
				"south": {"uv": [9.5, 3.5, 10.125, 3.625], "texture": "#0"},
				"west": {"uv": [4, 9.5, 4.625, 9.625], "texture": "#0"},
				"up": {"uv": [5.125, 9.125, 4.5, 8.5], "texture": "#0"},
				"down": {"uv": [6.125, 8.5, 5.5, 9.125], "texture": "#0"}
			}
		},
		{
			"from": [7.375, 1.91888, 6.61232],
			"to": [8.625, 3.16888, 6.86232],
			"rotation": {"angle": 45, "axis": "x", "origin": [7.88, 1.5, 4.5]},
			"faces": {
				"north": {"uv": [0, 9, 0.625, 9.625], "texture": "#0"},
				"east": {"uv": [5, 9.5, 5.125, 10.125], "texture": "#0"},
				"south": {"uv": [9, 4.5, 9.625, 5.125], "texture": "#0"},
				"west": {"uv": [5.5, 9.5, 5.625, 10.125], "texture": "#0"},
				"up": {"uv": [10.125, 4.125, 9.5, 4], "texture": "#0"},
				"down": {"uv": [10.125, 9, 9.5, 9.125], "texture": "#0"}
			}
		},
		{
			"from": [8.875, 1.91888, 5.11232],
			"to": [9.125, 3.16888, 6.36232],
			"rotation": {"angle": 45, "axis": "x", "origin": [7.88, 1.5, 4.5]},
			"faces": {
				"north": {"uv": [6, 9.5, 6.125, 10.125], "texture": "#0"},
				"east": {"uv": [6.5, 9, 7.125, 9.625], "texture": "#0"},
				"south": {"uv": [9.5, 9.5, 9.625, 10.125], "texture": "#0"},
				"west": {"uv": [9, 7, 9.625, 7.625], "texture": "#0"},
				"up": {"uv": [0.125, 10.625, 0, 10], "texture": "#0"},
				"down": {"uv": [0.625, 10, 0.5, 10.625], "texture": "#0"}
			}
		},
		{
			"from": [6.875, 1.91888, 5.11232],
			"to": [7.125, 3.16888, 6.36232],
			"rotation": {"angle": 45, "axis": "x", "origin": [7.88, 1.5, 4.5]},
			"faces": {
				"north": {"uv": [1, 10, 1.125, 10.625], "texture": "#0"},
				"east": {"uv": [7.5, 9, 8.125, 9.625], "texture": "#0"},
				"south": {"uv": [1.5, 10, 1.625, 10.625], "texture": "#0"},
				"west": {"uv": [9, 8, 9.625, 8.625], "texture": "#0"},
				"up": {"uv": [2.125, 10.625, 2, 10], "texture": "#0"},
				"down": {"uv": [2.625, 10, 2.5, 10.625], "texture": "#0"}
			}
		},
		{
			"from": [7.125, 1.66888, 4.86232],
			"to": [8.875, 3.41888, 6.61232],
			"rotation": {"angle": 45, "axis": "x", "origin": [7.88, 1.5, 4.5]},
			"faces": {
				"north": {"uv": [7, 8, 7.875, 8.875], "texture": "#0"},
				"east": {"uv": [8, 7, 8.875, 7.875], "texture": "#0"},
				"south": {"uv": [8, 8, 8.875, 8.875], "texture": "#0"},
				"west": {"uv": [1.5, 8.5, 2.375, 9.375], "texture": "#0"},
				"up": {"uv": [9.375, 2.375, 8.5, 1.5], "texture": "#0"},
				"down": {"uv": [3.375, 8.5, 2.5, 9.375], "texture": "#0"}
			}
		},
		{
			"from": [6.995, 1.66888, 6.11232],
			"to": [6.995, 1.66888, 8.12232],
			"rotation": {"angle": 45, "axis": "x", "origin": [8, 1.5, 4.5]},
			"faces": {
				"north": {"uv": [0, 0, 0, 0], "texture": "#0"},
				"east": {"uv": [0, 0, 1, 0], "texture": "#0"},
				"south": {"uv": [0, 0, 0, 0], "texture": "#0"},
				"west": {"uv": [0, 0, 1, 0], "texture": "#0"},
				"up": {"uv": [0, 1, 0, 0], "texture": "#0"},
				"down": {"uv": [0, 0, 0, 1], "texture": "#0"}
			}
		},
		{
			"from": [6.745, 1.66888, 3.11232],
			"to": [9.255, 3.27888, 5.37232],
			"rotation": {"angle": 22.5, "axis": "x", "origin": [8, 1.5, 4.5]},
			"faces": {
				"north": {"uv": [1.5, 7.5, 2.75, 8.25], "texture": "#0"},
				"east": {"uv": [7.5, 5, 8.625, 5.75], "texture": "#0"},
				"south": {"uv": [3, 7.5, 4.25, 8.25], "texture": "#0"},
				"west": {"uv": [8, 0, 9.125, 0.75], "texture": "#0"},
				"up": {"uv": [7.25, 6.125, 6, 5], "texture": "#0"},
				"down": {"uv": [7.75, 0, 6.5, 1.125], "texture": "#0"}
			}
		},
		{
			"from": [6.245, 0.745, 0.895],
			"to": [9.755, 2.255, 4.505],
			"rotation": {"angle": 22.5, "axis": "x", "origin": [8, 1.5, 3.5]},
			"faces": {
				"north": {"uv": [6.5, 1.5, 8.25, 2.25], "texture": "#0"},
				"east": {"uv": [6.5, 2.5, 8.25, 3.25], "texture": "#0"},
				"south": {"uv": [6.5, 3.5, 8.25, 4.25], "texture": "#0"},
				"west": {"uv": [4.5, 6.5, 6.25, 7.25], "texture": "#0"},
				"up": {"uv": [4.25, 5.75, 2.5, 4], "texture": "#0"},
				"down": {"uv": [6.25, 0, 4.5, 1.75], "texture": "#0"}
			}
		},
		{
			"from": [6.245, -0.005, 0.895],
			"to": [9.755, 0.755, 2.005],
			"rotation": {"angle": 22.5, "axis": "x", "origin": [8, 1.5, 3.5]},
			"faces": {
				"north": {"uv": [8.5, 2.5, 10.25, 2.875], "texture": "#0"},
				"east": {"uv": [2, 5, 2.5, 5.375], "texture": "#0"},
				"south": {"uv": [8.5, 3, 10.25, 3.375], "texture": "#0"},
				"west": {"uv": [2, 5.5, 2.5, 5.875], "texture": "#0"},
				"up": {"uv": [8.25, 5, 6.5, 4.5], "texture": "#0"},
				"down": {"uv": [6.25, 7.5, 4.5, 8], "texture": "#0"}
			}
		}
	],
	"gui_light": "front",
	"display": {
		"thirdperson_righthand": {
			"translation": [0, 8, 5.25]
		},
		"thirdperson_lefthand": {
			"translation": [0, 8, 5.25]
		},
		"firstperson_righthand": {
			"translation": [18, 16, -12],
			"scale": [4, 4, 4]
		},
		"firstperson_lefthand": {
			"translation": [18, 16, -12],
			"scale": [4, 4, 4]
		},
		"ground": {
			"translation": [0, 12, 9.25],
			"scale": [2, 2, 2]
		},
		"gui": {
			"rotation": [180, -53, 180],
			"translation": [-9.75, 18.25, 0],
			"scale": [2.5, 3, 2.5]
		},
		"head": {
			"rotation": [12.5, 0, 0],
			"translation": [0, 25.75, 25.5],
			"scale": [4, 3.8, 4]
		},
		"fixed": {
			"translation": [0, 12.75, 6.25],
			"scale": [2.5, 2.5, 2.5]
		}
	}
}