{
	"credit": "Made with Blockbench",
	"texture_size": [64, 64],
	"textures": {
		"0": "item/ExcaliburBlade",
		"particle": "item/ExcaliburBlade"
	},
	"elements": [
		{
			"from": [6.99946, -10, 6.10805],
			"to": [8.99946, 0, 8.10805],
			"rotation": {"angle": 0, "axis": "y", "origin": [7.99973, 19.4862, 7.55402]},
			"faces": {
				"north": {"uv": [5.5, 0, 6, 2.5], "texture": "#0"},
				"east": {"uv": [5.5, 2.5, 6, 5], "texture": "#0"},
				"south": {"uv": [4.25, 5.5, 4.75, 8], "texture": "#0"},
				"west": {"uv": [5.5, 5, 6, 7.5], "texture": "#0"},
				"up": {"uv": [0.75, 7, 0.25, 6.5], "texture": "#0"},
				"down": {"uv": [7, 5, 6.5, 5.5], "texture": "#0"}
			}
		},
		{
			"from": [6.49946, -11, 5.60805],
			"to": [9.49946, -10, 8.60805],
			"rotation": {"angle": 0, "axis": "y", "origin": [7.99973, 19.4862, 7.55402]},
			"faces": {
				"north": {"uv": [6.5, 6, 7.25, 6.25], "texture": "#0"},
				"east": {"uv": [6.5, 6.25, 7.25, 6.5], "texture": "#0"},
				"south": {"uv": [6.5, 6.5, 7.25, 6.75], "texture": "#0"},
				"west": {"uv": [6.75, 0, 7.5, 0.25], "texture": "#0"},
				"up": {"uv": [1.75, 7, 1, 6.25], "texture": "#0"},
				"down": {"uv": [7, 3.25, 6.25, 4], "texture": "#0"}
			}
		},
		{
			"from": [6.49946, 0, 3.10805],
			"to": [9.49946, 1.5, 11.10805],
			"rotation": {"angle": 0, "axis": "y", "origin": [7.99973, 19.4862, 7.55402]},
			"faces": {
				"north": {"uv": [6.25, 4, 7, 4.375], "texture": "#0"},
				"east": {"uv": [6.25, 1.75, 8.25, 2.125], "texture": "#0"},
				"south": {"uv": [6.25, 4.5, 7, 4.875], "texture": "#0"},
				"west": {"uv": [6.25, 2.25, 8.25, 2.625], "texture": "#0"},
				"up": {"uv": [2.75, 2, 2, 0], "texture": "#0"},
				"down": {"uv": [2.75, 2, 2, 4], "texture": "#0"}
			}
		},
		{
			"from": [6.99946, 1.5, 3.60805],
			"to": [8.99946, 2, 10.60805],
			"rotation": {"angle": 0, "axis": "y", "origin": [7.99973, 19.4862, 7.55402]},
			"faces": {
				"north": {"uv": [7.25, 5.25, 7.75, 5.375], "texture": "#0"},
				"east": {"uv": [6.5, 5.5, 8.25, 5.625], "texture": "#0"},
				"south": {"uv": [7.5, 0, 8, 0.125], "texture": "#0"},
				"west": {"uv": [6.5, 5.75, 8.25, 5.875], "texture": "#0"},
				"up": {"uv": [6.5, 6.75, 6, 5], "texture": "#0"},
				"down": {"uv": [6.75, 0, 6.25, 1.75], "texture": "#0"}
			}
		},
		{
			"from": [7.62446, 2, 4.10805],
			"to": [8.37446, 22, 5.10805],
			"rotation": {"angle": 0, "axis": "y", "origin": [7.99973, 19.4862, 7.55402]},
			"faces": {
				"north": {"uv": [4.75, 5.5, 5, 10.5], "texture": "#0"},
				"east": {"uv": [3.75, 5.75, 4, 10.75], "texture": "#0"},
				"south": {"uv": [4, 5.75, 4.25, 10.75], "texture": "#0"},
				"west": {"uv": [6, 0, 6.25, 5], "texture": "#0"},
				"up": {"uv": [5.75, 7.75, 5.5, 7.5], "texture": "#0"},
				"down": {"uv": [6, 7.5, 5.75, 7.75], "texture": "#0"}
			}
		},
		{
			"from": [7.62446, 2, 5.10805],
			"to": [8.37446, 22.5, 6.10805],
			"rotation": {"angle": 0, "axis": "y", "origin": [7.99973, 19.4862, 7.55402]},
			"faces": {
				"north": {"uv": [5, 0, 5.25, 5.125], "texture": "#0"},
				"east": {"uv": [5.25, 0, 5.5, 5.125], "texture": "#0"},
				"south": {"uv": [5, 5.25, 5.25, 10.375], "texture": "#0"},
				"west": {"uv": [5.25, 5.25, 5.5, 10.375], "texture": "#0"},
				"up": {"uv": [7.75, 6.25, 7.5, 6], "texture": "#0"},
				"down": {"uv": [7.75, 6.25, 7.5, 6.5], "texture": "#0"}
			}
		},
		{
			"from": [7.62446, 2, 6.10805],
			"to": [8.37446, 23.5, 7.10805],
			"rotation": {"angle": 0, "axis": "y", "origin": [7.99973, 19.4862, 7.55402]},
			"faces": {
				"north": {"uv": [2.5, 4, 2.75, 9.375], "texture": "#0"},
				"east": {"uv": [4.25, 0, 4.5, 5.375], "texture": "#0"},
				"south": {"uv": [4.5, 0, 4.75, 5.375], "texture": "#0"},
				"west": {"uv": [4.75, 0, 5, 5.375], "texture": "#0"},
				"up": {"uv": [7.75, 6.75, 7.5, 6.5], "texture": "#0"},
				"down": {"uv": [7.75, 6.75, 7.5, 7], "texture": "#0"}
			}
		},
		{
			"from": [7.62446, 2, 7.10805],
			"to": [8.37446, 24.5, 8.10805],
			"rotation": {"angle": 0, "axis": "y", "origin": [7.99973, 19.4862, 7.55402]},
			"faces": {
				"north": {"uv": [3.75, 0, 4, 5.625], "texture": "#0"},
				"east": {"uv": [4, 0, 4.25, 5.625], "texture": "#0"},
				"south": {"uv": [2, 4, 2.25, 9.625], "texture": "#0"},
				"west": {"uv": [2.25, 4, 2.5, 9.625], "texture": "#0"},
				"up": {"uv": [7.25, 7.75, 7, 7.5], "texture": "#0"},
				"down": {"uv": [7.75, 7, 7.5, 7.25], "texture": "#0"}
			}
		},
		{
			"from": [7.62446, 2, 8.10805],
			"to": [8.37446, 25.5, 9.10805],
			"rotation": {"angle": 0, "axis": "y", "origin": [7.99973, 19.4862, 7.55402]},
			"faces": {
				"north": {"uv": [2.75, 0, 3, 5.875], "texture": "#0"},
				"east": {"uv": [3, 0, 3.25, 5.875], "texture": "#0"},
				"south": {"uv": [3.25, 0, 3.5, 5.875], "texture": "#0"},
				"west": {"uv": [3.5, 0, 3.75, 5.875], "texture": "#0"},
				"up": {"uv": [7.5, 7.75, 7.25, 7.5], "texture": "#0"},
				"down": {"uv": [7.75, 7.25, 7.5, 7.5], "texture": "#0"}
			}
		},
		{
			"from": [7.62446, 2, 9.10805],
			"to": [8.37446, 26.5, 10.10805],
			"rotation": {"angle": 0, "axis": "y", "origin": [7.99973, 19.4862, 7.55402]},
			"faces": {
				"north": {"uv": [1, 0, 1.25, 6.125], "texture": "#0"},
				"east": {"uv": [1.25, 0, 1.5, 6.125], "texture": "#0"},
				"south": {"uv": [1.5, 0, 1.75, 6.125], "texture": "#0"},
				"west": {"uv": [1.75, 0, 2, 6.125], "texture": "#0"},
				"up": {"uv": [7.75, 7.75, 7.5, 7.5], "texture": "#0"},
				"down": {"uv": [8, 4.25, 7.75, 4.5], "texture": "#0"}
			}
		},
		{
			"from": [7.74946, 22, 4.60805],
			"to": [8.24946, 22.5, 10.10805],
			"rotation": {"angle": 0, "axis": "y", "origin": [7.99973, 19.4862, 7.55402]},
			"faces": {
				"north": {"uv": [8, 1, 8.125, 1.125], "texture": "#0"},
				"east": {"uv": [6.75, 0.25, 8.125, 0.375], "texture": "#0"},
				"south": {"uv": [1.25, 8, 1.375, 8.125], "texture": "#0"},
				"west": {"uv": [6.75, 0.5, 8.125, 0.625], "texture": "#0"},
				"up": {"uv": [0.875, 7.875, 0.75, 6.5], "texture": "#0"},
				"down": {"uv": [6.125, 6.75, 6, 8.125], "texture": "#0"}
			}
		},
		{
			"from": [7.74946, 22.5, 5.10805],
			"to": [8.24946, 23, 10.10805],
			"rotation": {"angle": 0, "axis": "y", "origin": [7.99973, 19.4862, 7.55402]},
			"faces": {
				"north": {"uv": [8, 1.25, 8.125, 1.375], "texture": "#0"},
				"east": {"uv": [6.75, 0.75, 8, 0.875], "texture": "#0"},
				"south": {"uv": [1.5, 8, 1.625, 8.125], "texture": "#0"},
				"west": {"uv": [6.75, 1, 8, 1.125], "texture": "#0"},
				"up": {"uv": [6.375, 8, 6.25, 6.75], "texture": "#0"},
				"down": {"uv": [6.625, 6.75, 6.5, 8], "texture": "#0"}
			}
		},
		{
			"from": [7.74946, 23, 5.60805],
			"to": [8.24946, 23.5, 10.10805],
			"rotation": {"angle": 0, "axis": "y", "origin": [7.99973, 19.4862, 7.55402]},
			"faces": {
				"north": {"uv": [8, 1.5, 8.125, 1.625], "texture": "#0"},
				"east": {"uv": [6.75, 1.25, 7.875, 1.375], "texture": "#0"},
				"south": {"uv": [8, 3.25, 8.125, 3.375], "texture": "#0"},
				"west": {"uv": [6.75, 1.5, 7.875, 1.625], "texture": "#0"},
				"up": {"uv": [6.875, 7.875, 6.75, 6.75], "texture": "#0"},
				"down": {"uv": [0.375, 7, 0.25, 8.125], "texture": "#0"}
			}
		},
		{
			"from": [7.74946, 23.5, 6.10805],
			"to": [8.24946, 24, 10.10805],
			"rotation": {"angle": 0, "axis": "y", "origin": [7.99973, 19.4862, 7.55402]},
			"faces": {
				"north": {"uv": [8, 3.5, 8.125, 3.625], "texture": "#0"},
				"east": {"uv": [7, 3.25, 8, 3.375], "texture": "#0"},
				"south": {"uv": [8, 3.75, 8.125, 3.875], "texture": "#0"},
				"west": {"uv": [7, 3.5, 8, 3.625], "texture": "#0"},
				"up": {"uv": [0.625, 8, 0.5, 7], "texture": "#0"},
				"down": {"uv": [1.125, 7, 1, 8], "texture": "#0"}
			}
		},
		{
			"from": [7.74946, 24, 6.60805],
			"to": [8.24946, 24.5, 10.10805],
			"rotation": {"angle": 0, "axis": "y", "origin": [7.99973, 19.4862, 7.55402]},
			"faces": {
				"north": {"uv": [8, 4, 8.125, 4.125], "texture": "#0"},
				"east": {"uv": [7, 3.75, 7.875, 3.875], "texture": "#0"},
				"south": {"uv": [4.25, 8, 4.375, 8.125], "texture": "#0"},
				"west": {"uv": [7, 4, 7.875, 4.125], "texture": "#0"},
				"up": {"uv": [1.375, 7.875, 1.25, 7], "texture": "#0"},
				"down": {"uv": [1.625, 7, 1.5, 7.875], "texture": "#0"}
			}
		},
		{
			"from": [7.74946, 24.5, 7.10805],
			"to": [8.24946, 25, 10.10805],
			"rotation": {"angle": 0, "axis": "y", "origin": [7.99973, 19.4862, 7.55402]},
			"faces": {
				"north": {"uv": [8, 4.25, 8.125, 4.375], "texture": "#0"},
				"east": {"uv": [7, 4.25, 7.75, 4.375], "texture": "#0"},
				"south": {"uv": [4.5, 8, 4.625, 8.125], "texture": "#0"},
				"west": {"uv": [7, 4.5, 7.75, 4.625], "texture": "#0"},
				"up": {"uv": [7.125, 5.5, 7, 4.75], "texture": "#0"},
				"down": {"uv": [7.125, 6.75, 7, 7.5], "texture": "#0"}
			}
		},
		{
			"from": [7.74946, 25, 7.60805],
			"to": [8.24946, 25.5, 10.10805],
			"rotation": {"angle": 0, "axis": "y", "origin": [7.99973, 19.4862, 7.55402]},
			"faces": {
				"north": {"uv": [8, 4.75, 8.125, 4.875], "texture": "#0"},
				"east": {"uv": [7.25, 4.75, 7.875, 4.875], "texture": "#0"},
				"south": {"uv": [8, 5, 8.125, 5.125], "texture": "#0"},
				"west": {"uv": [7.25, 5, 7.875, 5.125], "texture": "#0"},
				"up": {"uv": [7.375, 6.625, 7.25, 6], "texture": "#0"},
				"down": {"uv": [7.375, 6.75, 7.25, 7.375], "texture": "#0"}
			}
		},
		{
			"from": [7.74946, 25.5, 8.10805],
			"to": [8.24946, 26, 10.10805],
			"rotation": {"angle": 0, "axis": "y", "origin": [7.99973, 19.4862, 7.55402]},
			"faces": {
				"north": {"uv": [8, 6, 8.125, 6.125], "texture": "#0"},
				"east": {"uv": [7.75, 4.5, 8.25, 4.625], "texture": "#0"},
				"south": {"uv": [6.25, 8, 6.375, 8.125], "texture": "#0"},
				"west": {"uv": [7.75, 5.25, 8.25, 5.375], "texture": "#0"},
				"up": {"uv": [5.625, 8.25, 5.5, 7.75], "texture": "#0"},
				"down": {"uv": [5.875, 7.75, 5.75, 8.25], "texture": "#0"}
			}
		},
		{
			"from": [7.74946, 26, 8.60805],
			"to": [8.24946, 26.5, 10.10805],
			"rotation": {"angle": 0, "axis": "y", "origin": [7.99973, 19.4862, 7.55402]},
			"faces": {
				"north": {"uv": [8, 6.25, 8.125, 6.375], "texture": "#0"},
				"east": {"uv": [7, 7.75, 7.375, 7.875], "texture": "#0"},
				"south": {"uv": [6.5, 8, 6.625, 8.125], "texture": "#0"},
				"west": {"uv": [7.75, 7, 8.125, 7.125], "texture": "#0"},
				"up": {"uv": [7.875, 7.625, 7.75, 7.25], "texture": "#0"},
				"down": {"uv": [7.625, 7.75, 7.5, 8.125], "texture": "#0"}
			}
		},
		{
			"from": [7.74946, 26.5, 9.10805],
			"to": [8.24946, 27, 10.10805],
			"rotation": {"angle": 0, "axis": "y", "origin": [7.99973, 19.4862, 7.55402]},
			"faces": {
				"north": {"uv": [8, 6.5, 8.125, 6.625], "texture": "#0"},
				"east": {"uv": [7.75, 7.75, 8, 7.875], "texture": "#0"},
				"south": {"uv": [6.75, 8, 6.875, 8.125], "texture": "#0"},
				"west": {"uv": [8, 0, 8.25, 0.125], "texture": "#0"},
				"up": {"uv": [0.625, 8.25, 0.5, 8], "texture": "#0"},
				"down": {"uv": [0.875, 8, 0.75, 8.25], "texture": "#0"}
			}
		},
		{
			"from": [7.74946, 27, 9.60805],
			"to": [8.24946, 27.5, 10.10805],
			"rotation": {"angle": 0, "axis": "y", "origin": [7.99973, 19.4862, 7.55402]},
			"faces": {
				"north": {"uv": [8, 6.75, 8.125, 6.875], "texture": "#0"},
				"east": {"uv": [7, 8, 7.125, 8.125], "texture": "#0"},
				"south": {"uv": [7.25, 8, 7.375, 8.125], "texture": "#0"},
				"west": {"uv": [8, 7.25, 8.125, 7.375], "texture": "#0"},
				"up": {"uv": [8.125, 7.625, 8, 7.5], "texture": "#0"},
				"down": {"uv": [7.875, 8, 7.75, 8.125], "texture": "#0"}
			}
		},
		{
			"from": [9.51889, 2, 9.07357],
			"to": [10.26889, 28, 9.82357],
			"rotation": {"angle": -45, "axis": "y", "origin": [7.99973, 19.4862, 7.55402]},
			"faces": {
				"north": {"uv": [0, 0, 0.25, 6.5], "texture": "#0"},
				"east": {"uv": [0.25, 0, 0.5, 6.5], "texture": "#0"},
				"south": {"uv": [0.5, 0, 0.75, 6.5], "texture": "#0"},
				"west": {"uv": [0.75, 0, 1, 6.5], "texture": "#0"},
				"up": {"uv": [8, 6.25, 7.75, 6], "texture": "#0"},
				"down": {"uv": [8, 6.25, 7.75, 6.5], "texture": "#0"}
			}
		},
		{
			"from": [5.09948, 2, 4.65415],
			"to": [5.84948, 22, 5.40415],
			"rotation": {"angle": -45, "axis": "y", "origin": [7.99973, 19.4862, 7.55402]},
			"faces": {
				"north": {"uv": [2.75, 6, 3, 11], "texture": "#0"},
				"east": {"uv": [3, 6, 3.25, 11], "texture": "#0"},
				"south": {"uv": [3.25, 6, 3.5, 11], "texture": "#0"},
				"west": {"uv": [3.5, 6, 3.75, 11], "texture": "#0"},
				"up": {"uv": [8, 6.75, 7.75, 6.5], "texture": "#0"},
				"down": {"uv": [8, 6.75, 7.75, 7], "texture": "#0"}
			}
		},
		{
			"from": [7.88446, 24.31722, 5.05],
			"to": [8.13446, 25.06722, 14.35],
			"rotation": {"angle": -45, "axis": "x", "origin": [8.00946, 21.69222, 8.13096]},
			"faces": {
				"north": {"uv": [8, 0.75, 8.125, 1], "texture": "#0"},
				"east": {"uv": [6.25, 2.75, 8.625, 3], "texture": "#0"},
				"south": {"uv": [1, 8, 1.125, 8.25], "texture": "#0"},
				"west": {"uv": [6.25, 3, 8.625, 3.25], "texture": "#0"},
				"up": {"uv": [1.875, 8.625, 1.75, 6.25], "texture": "#0"},
				"down": {"uv": [0.125, 6.5, 0, 8.875], "texture": "#0"}
			}
		}
	],
	"display": {
		"thirdperson_righthand": {
			"translation": [0, 16.25, 3],
			"scale": [1.52, 1.52, 1.52]
		},
		"thirdperson_lefthand": {
			"translation": [0, 13, 3],
			"scale": [1.25, 1.25, 1.25]
		},
		"firstperson_righthand": {
			"translation": [7.25, 1.25, -8.25]
		},
		"firstperson_lefthand": {
			"translation": [7.25, 1.25, -8.25]
		},
		"ground": {
			"rotation": [-7.3, -7.68, 93.1]
		},
		"gui": {
			"rotation": [90, 43.75, -90],
			"scale": [0.75, 0.75, 0.75]
		},
		"head": {
			"rotation": [-90, -42, 90],
			"translation": [3.5, -13, 4.75],
			"scale": [1.52, 1.52, 1.52]
		},
		"fixed": {
			"rotation": [-90, 36.5, 90],
			"translation": [0, 0, -1]
		}
	},
	"groups": [
		{
			"name": "ExcaliburBlade",
			"origin": [8, 8, 8],
			"color": 0,
			"children": [
				0,
				1,
				2,
				3,
				4,
				5,
				6,
				7,
				8,
				9,
				10,
				11,
				12,
				13,
				14,
				15,
				16,
				17,
				18,
				19,
				20,
				21,
				22,
				{
					"name": "test2",
					"origin": [8, 13, 11.125],
					"color": 0,
					"children": [23]
				}
			]
		}
	]
}