{
	"credit": "Made with Blockbench",
	"texture_size": [32, 32],
	"textures": {
		"2": "item/FGrimoire1",
		"3": "item/FGrimoire2",
		"4": "item/FGrimoire4",
		"5": "item/FGrimoire3",
		"6": "item/FGrimoire5",
		"7": "item/FGrimoire6",
		"particle": "item/FGrimoire4"
	},
	"elements": [
		{
			"from": [9.61453, 2, 2.11796],
			"to": [10.11453, 2.25, 5.29994],
			"rotation": {"angle": 45, "axis": "y", "origin": [10.41263, 1.875, 1.58395]},
			"faces": {
				"north": {"uv": [0, 0, 0.5, 0.25], "texture": "#3"},
				"east": {"uv": [0, 0, 3.18198, 0.25], "texture": "#3"},
				"south": {"uv": [0, 0, 0.5, 0.25], "texture": "#3"},
				"west": {"uv": [0, 0, 3.18198, 0.25], "texture": "#3"},
				"up": {"uv": [0, 0, 0.5, 3.18198], "rotation": 180, "texture": "#3"},
				"down": {"uv": [0, 0, 0.5, 3.18198], "rotation": 180, "texture": "#3"}
			}
		},
		{
			"from": [12.47589, 2, 2.02589],
			"to": [12.97589, 2.25, 4.77589],
			"rotation": {"angle": 0, "axis": "y", "origin": [12.72589, 1.875, 3.40089]},
			"faces": {
				"north": {"uv": [0, 0, 0.5, 0.25], "texture": "#3"},
				"east": {"uv": [0, 0, 2.75, 0.25], "texture": "#3"},
				"south": {"uv": [0, 0, 0.5, 0.25], "texture": "#3"},
				"west": {"uv": [0, 0, 2.75, 0.25], "texture": "#3"},
				"up": {"uv": [0, 0, 2.75, 0.5], "rotation": 90, "texture": "#3"},
				"down": {"uv": [0, 0, 2.75, 0.5], "rotation": 270, "texture": "#3"}
			}
		},
		{
			"from": [10.22589, 2, 2.02589],
			"to": [12.97589, 2.25, 2.52589],
			"rotation": {"angle": 0, "axis": "y", "origin": [10.47589, 1.625, 2.90089]},
			"faces": {
				"north": {"uv": [0, 0, 2.75, 0.25], "texture": "#3"},
				"east": {"uv": [0, 0, 0.5, 0.25], "texture": "#3"},
				"south": {"uv": [0, 0, 2.75, 0.25], "texture": "#3"},
				"west": {"uv": [0, 0, 0.5, 0.25], "texture": "#3"},
				"up": {"uv": [0, 0, 2.75, 0.5], "rotation": 180, "texture": "#3"},
				"down": {"uv": [0, 0, 2.75, 0.5], "rotation": 180, "texture": "#3"}
			}
		},
		{
			"from": [11.97589, 2, 2.52589],
			"to": [12.47589, 2.25, 4.27589],
			"rotation": {"angle": 0, "axis": "y", "origin": [12.72589, 1.875, 3.40089]},
			"faces": {
				"north": {"uv": [0, 0, 0.5, 0.25], "texture": "#3"},
				"east": {"uv": [0, 0, 1.75, 0.25], "texture": "#3"},
				"south": {"uv": [0, 0, 0.5, 0.25], "texture": "#3"},
				"west": {"uv": [0, 0, 1.75, 0.25], "texture": "#3"},
				"up": {"uv": [0, 0, 1.75, 0.5], "rotation": 90, "texture": "#3"},
				"down": {"uv": [0, 0, 1.75, 0.5], "rotation": 270, "texture": "#3"}
			}
		},
		{
			"from": [11.47589, 2, 2.52589],
			"to": [11.97589, 2.25, 3.77589],
			"rotation": {"angle": 0, "axis": "y", "origin": [12.72589, 1.875, 3.40089]},
			"faces": {
				"north": {"uv": [0, 0, 0.5, 0.25], "texture": "#3"},
				"east": {"uv": [0, 0, 1.25, 0.25], "texture": "#3"},
				"south": {"uv": [0, 0, 0.5, 0.25], "texture": "#3"},
				"west": {"uv": [0, 0, 1.25, 0.25], "texture": "#3"},
				"up": {"uv": [0, 0, 1.25, 0.5], "rotation": 90, "texture": "#3"},
				"down": {"uv": [0, 0, 1.25, 0.5], "rotation": 270, "texture": "#3"}
			}
		},
		{
			"from": [10.87589, 2, 2.52589],
			"to": [11.47589, 2.25, 3.12589],
			"rotation": {"angle": 0, "axis": "y", "origin": [12.72589, 1.875, 3.40089]},
			"faces": {
				"north": {"uv": [0, 0, 0.6, 0.25], "texture": "#3"},
				"east": {"uv": [0, 0, 0.6, 0.25], "texture": "#3"},
				"south": {"uv": [0, 0, 0.6, 0.25], "texture": "#3"},
				"west": {"uv": [0, 0, 0.6, 0.25], "texture": "#3"},
				"up": {"uv": [0, 0, 0.6, 0.6], "rotation": 90, "texture": "#3"},
				"down": {"uv": [0, 0, 0.6, 0.6], "rotation": 270, "texture": "#3"}
			}
		},
		{
			"from": [12.5, 2, 12.25],
			"to": [13, 2.25, 15],
			"rotation": {"angle": 0, "axis": "y", "origin": [12.15089, 2, 13.975]},
			"faces": {
				"north": {"uv": [0, 0, 0.5, 0.25], "texture": "#3"},
				"east": {"uv": [0, 0, 2.75, 0.25], "texture": "#3"},
				"south": {"uv": [0, 0, 0.5, 0.25], "texture": "#3"},
				"west": {"uv": [0, 0, 2.75, 0.25], "texture": "#3"},
				"up": {"uv": [0, 0, 2.75, 0.5], "rotation": 270, "texture": "#3"},
				"down": {"uv": [0, 0, 2.75, 0.5], "rotation": 90, "texture": "#3"}
			}
		},
		{
			"from": [11.25, 2, 13.5],
			"to": [12.5, 2.25, 14],
			"rotation": {"angle": 0, "axis": "y", "origin": [12.15089, 2, 13.975]},
			"faces": {
				"north": {"uv": [0, 0, 1.25, 0.25], "texture": "#3"},
				"east": {"uv": [0, 0, 0.5, 0.25], "texture": "#3"},
				"south": {"uv": [0, 0, 1.25, 0.25], "texture": "#3"},
				"west": {"uv": [0, 0, 0.5, 0.25], "texture": "#3"},
				"up": {"uv": [0, 0, 1.25, 0.5], "rotation": 180, "texture": "#3"},
				"down": {"uv": [0, 0, 1.25, 0.5], "rotation": 180, "texture": "#3"}
			}
		},
		{
			"from": [10.25, 2, 14.5],
			"to": [13, 2.25, 15],
			"rotation": {"angle": 0, "axis": "y", "origin": [12.15089, 2, 13.975]},
			"faces": {
				"north": {"uv": [0, 0, 2.75, 0.25], "texture": "#3"},
				"east": {"uv": [0, 0, 0.5, 0.25], "texture": "#3"},
				"south": {"uv": [0, 0, 2.75, 0.25], "texture": "#3"},
				"west": {"uv": [0, 0, 0.5, 0.25], "texture": "#3"},
				"up": {"uv": [0, 0, 2.75, 0.5], "rotation": 180, "texture": "#3"},
				"down": {"uv": [0, 0, 2.75, 0.5], "rotation": 180, "texture": "#3"}
			}
		},
		{
			"from": [10.75, 2, 14],
			"to": [12.5, 2.25, 14.5],
			"rotation": {"angle": 0, "axis": "y", "origin": [12.15089, 2, 13.975]},
			"faces": {
				"north": {"uv": [0, 0, 1.75, 0.25], "texture": "#3"},
				"east": {"uv": [0, 0, 0.5, 0.25], "texture": "#3"},
				"south": {"uv": [0, 0, 1.75, 0.25], "texture": "#3"},
				"west": {"uv": [0, 0, 0.5, 0.25], "texture": "#3"},
				"up": {"uv": [0, 0, 1.75, 0.5], "rotation": 180, "texture": "#3"},
				"down": {"uv": [0, 0, 1.75, 0.5], "rotation": 180, "texture": "#3"}
			}
		},
		{
			"from": [10.43553, 2, 13.0021],
			"to": [13.61751, 2.25, 13.5021],
			"rotation": {"angle": 45, "axis": "y", "origin": [12.15089, 2, 13.975]},
			"faces": {
				"north": {"uv": [0, 0, 3.18198, 0.25], "texture": "#3"},
				"east": {"uv": [0, 0, 0.5, 0.25], "texture": "#3"},
				"south": {"uv": [0, 0, 3.18198, 0.25], "texture": "#3"},
				"west": {"uv": [0, 0, 0.5, 0.25], "texture": "#3"},
				"up": {"uv": [0, 0, 0.5, 3.18198], "rotation": 270, "texture": "#3"},
				"down": {"uv": [0, 0, 0.5, 3.18198], "rotation": 90, "texture": "#3"}
			}
		},
		{
			"from": [11.9, 2, 12.9],
			"to": [12.5, 2.25, 13.5],
			"rotation": {"angle": 0, "axis": "y", "origin": [12.15089, 2, 13.975]},
			"faces": {
				"north": {"uv": [0, 0, 0.6, 0.25], "texture": "#3"},
				"east": {"uv": [0, 0, 0.6, 0.25], "texture": "#3"},
				"south": {"uv": [0, 0, 0.6, 0.25], "texture": "#3"},
				"west": {"uv": [0, 0, 0.6, 0.25], "texture": "#3"},
				"up": {"uv": [0, 0, 0.6, 0.6], "rotation": 180, "texture": "#3"},
				"down": {"uv": [0, 0, 0.6, 0.6], "rotation": 180, "texture": "#3"}
			}
		},
		{
			"from": [10.25, 5.25, 2],
			"to": [13, 5.5, 2.5],
			"rotation": {"angle": 0, "axis": "y", "origin": [10.5, 4.875, 2.875]},
			"faces": {
				"north": {"uv": [0, 0, 2.75, 0.25], "texture": "#3"},
				"east": {"uv": [0, 0, 0.5, 0.25], "texture": "#3"},
				"south": {"uv": [0, 0, 2.75, 0.25], "texture": "#3"},
				"west": {"uv": [0, 0, 0.5, 0.25], "texture": "#3"},
				"up": {"uv": [0, 0, 2.75, 0.5], "rotation": 180, "texture": "#3"},
				"down": {"uv": [0, 0, 2.75, 0.5], "rotation": 180, "texture": "#3"}
			}
		},
		{
			"from": [12, 5.25, 2.5],
			"to": [12.5, 5.5, 4.25],
			"rotation": {"angle": 0, "axis": "y", "origin": [12.75, 5.125, 3.375]},
			"faces": {
				"north": {"uv": [0, 0, 0.5, 0.25], "texture": "#3"},
				"east": {"uv": [0, 0, 1.75, 0.25], "texture": "#3"},
				"south": {"uv": [0, 0, 0.5, 0.25], "texture": "#3"},
				"west": {"uv": [0, 0, 1.75, 0.25], "texture": "#3"},
				"up": {"uv": [0, 0, 1.75, 0.5], "rotation": 90, "texture": "#3"},
				"down": {"uv": [0, 0, 1.75, 0.5], "rotation": 270, "texture": "#3"}
			}
		},
		{
			"from": [12.5, 5.25, 2],
			"to": [13, 5.5, 4.75],
			"rotation": {"angle": 0, "axis": "y", "origin": [12.75, 5.125, 3.375]},
			"faces": {
				"north": {"uv": [0, 0, 0.5, 0.25], "texture": "#3"},
				"east": {"uv": [0, 0, 2.75, 0.25], "texture": "#3"},
				"south": {"uv": [0, 0, 0.5, 0.25], "texture": "#3"},
				"west": {"uv": [0, 0, 2.75, 0.25], "texture": "#3"},
				"up": {"uv": [0, 0, 2.75, 0.5], "rotation": 90, "texture": "#3"},
				"down": {"uv": [0, 0, 2.75, 0.5], "rotation": 270, "texture": "#3"}
			}
		},
		{
			"from": [11.5, 5.25, 2.5],
			"to": [12, 5.5, 3.75],
			"rotation": {"angle": 0, "axis": "y", "origin": [12.75, 5.125, 3.375]},
			"faces": {
				"north": {"uv": [0, 0, 0.5, 0.25], "texture": "#3"},
				"east": {"uv": [0, 0, 1.25, 0.25], "texture": "#3"},
				"south": {"uv": [0, 0, 0.5, 0.25], "texture": "#3"},
				"west": {"uv": [0, 0, 1.25, 0.25], "texture": "#3"},
				"up": {"uv": [0, 0, 1.25, 0.5], "rotation": 90, "texture": "#3"},
				"down": {"uv": [0, 0, 1.25, 0.5], "rotation": 270, "texture": "#3"}
			}
		},
		{
			"from": [9.63864, 5.25, 2.09207],
			"to": [10.13864, 5.5, 5.27405],
			"rotation": {"angle": 45, "axis": "y", "origin": [10.43674, 5.125, 1.55806]},
			"faces": {
				"north": {"uv": [0, 0, 0.5, 0.25], "texture": "#3"},
				"east": {"uv": [0, 0, 3.18198, 0.25], "texture": "#3"},
				"south": {"uv": [0, 0, 0.5, 0.25], "texture": "#3"},
				"west": {"uv": [0, 0, 3.18198, 0.25], "texture": "#3"},
				"up": {"uv": [0, 0, 0.5, 3.18198], "rotation": 180, "texture": "#3"},
				"down": {"uv": [0, 0, 0.5, 3.18198], "rotation": 180, "texture": "#3"}
			}
		},
		{
			"from": [10.9, 5.25, 2.5],
			"to": [11.5, 5.5, 3.1],
			"rotation": {"angle": 0, "axis": "y", "origin": [12.75, 5.125, 3.375]},
			"faces": {
				"north": {"uv": [0, 0, 0.6, 0.25], "texture": "#3"},
				"east": {"uv": [0, 0, 0.6, 0.25], "texture": "#3"},
				"south": {"uv": [0, 0, 0.6, 0.25], "texture": "#3"},
				"west": {"uv": [0, 0, 0.6, 0.25], "texture": "#3"},
				"up": {"uv": [0, 0, 0.6, 0.6], "rotation": 90, "texture": "#3"},
				"down": {"uv": [0, 0, 0.6, 0.6], "rotation": 270, "texture": "#3"}
			}
		},
		{
			"from": [10.45964, 5.25, 12.97621],
			"to": [13.64162, 5.5, 13.47621],
			"rotation": {"angle": 45, "axis": "y", "origin": [12.175, 5.25, 13.94911]},
			"faces": {
				"north": {"uv": [0, 0, 3.18198, 0.25], "texture": "#3"},
				"east": {"uv": [0, 0, 0.5, 0.25], "texture": "#3"},
				"south": {"uv": [0, 0, 3.18198, 0.25], "texture": "#3"},
				"west": {"uv": [0, 0, 0.5, 0.25], "texture": "#3"},
				"up": {"uv": [0, 0, 0.5, 3.18198], "rotation": 270, "texture": "#3"},
				"down": {"uv": [0, 0, 0.5, 3.18198], "rotation": 90, "texture": "#3"}
			}
		},
		{
			"from": [12.52411, 5.25, 12.22411],
			"to": [13.02411, 5.5, 14.97411],
			"rotation": {"angle": 0, "axis": "y", "origin": [12.175, 5.25, 13.94911]},
			"faces": {
				"north": {"uv": [0, 0, 0.5, 0.25], "texture": "#3"},
				"east": {"uv": [0, 0, 2.75, 0.25], "texture": "#3"},
				"south": {"uv": [0, 0, 0.5, 0.25], "texture": "#3"},
				"west": {"uv": [0, 0, 2.75, 0.25], "texture": "#3"},
				"up": {"uv": [0, 0, 2.75, 0.5], "rotation": 270, "texture": "#3"},
				"down": {"uv": [0, 0, 2.75, 0.5], "rotation": 90, "texture": "#3"}
			}
		},
		{
			"from": [11.27411, 5.25, 13.47411],
			"to": [12.52411, 5.5, 13.97411],
			"rotation": {"angle": 0, "axis": "y", "origin": [12.175, 5.25, 13.94911]},
			"faces": {
				"north": {"uv": [0, 0, 1.25, 0.25], "texture": "#3"},
				"east": {"uv": [0, 0, 0.5, 0.25], "texture": "#3"},
				"south": {"uv": [0, 0, 1.25, 0.25], "texture": "#3"},
				"west": {"uv": [0, 0, 0.5, 0.25], "texture": "#3"},
				"up": {"uv": [0, 0, 1.25, 0.5], "rotation": 180, "texture": "#3"},
				"down": {"uv": [0, 0, 1.25, 0.5], "rotation": 180, "texture": "#3"}
			}
		},
		{
			"from": [11.92411, 5.25, 12.87411],
			"to": [12.52411, 5.5, 13.47411],
			"rotation": {"angle": 0, "axis": "y", "origin": [12.175, 5.25, 13.94911]},
			"faces": {
				"north": {"uv": [0, 0, 0.6, 0.25], "texture": "#3"},
				"east": {"uv": [0, 0, 0.6, 0.25], "texture": "#3"},
				"south": {"uv": [0, 0, 0.6, 0.25], "texture": "#3"},
				"west": {"uv": [0, 0, 0.6, 0.25], "texture": "#3"},
				"up": {"uv": [0, 0, 0.6, 0.6], "rotation": 180, "texture": "#3"},
				"down": {"uv": [0, 0, 0.6, 0.6], "rotation": 180, "texture": "#3"}
			}
		},
		{
			"from": [10.77411, 5.25, 13.97411],
			"to": [12.52411, 5.5, 14.47411],
			"rotation": {"angle": 0, "axis": "y", "origin": [12.175, 5.25, 13.94911]},
			"faces": {
				"north": {"uv": [0, 0, 1.75, 0.25], "texture": "#3"},
				"east": {"uv": [0, 0, 0.5, 0.25], "texture": "#3"},
				"south": {"uv": [0, 0, 1.75, 0.25], "texture": "#3"},
				"west": {"uv": [0, 0, 0.5, 0.25], "texture": "#3"},
				"up": {"uv": [0, 0, 1.75, 0.5], "rotation": 180, "texture": "#3"},
				"down": {"uv": [0, 0, 1.75, 0.5], "rotation": 180, "texture": "#3"}
			}
		},
		{
			"from": [10.27411, 5.25, 14.47411],
			"to": [13.02411, 5.5, 14.97411],
			"rotation": {"angle": 0, "axis": "y", "origin": [12.175, 5.25, 13.94911]},
			"faces": {
				"north": {"uv": [0, 0, 2.75, 0.25], "texture": "#3"},
				"east": {"uv": [0, 0, 0.5, 0.25], "texture": "#3"},
				"south": {"uv": [0, 0, 2.75, 0.25], "texture": "#3"},
				"west": {"uv": [0, 0, 0.5, 0.25], "texture": "#3"},
				"up": {"uv": [0, 0, 2.75, 0.5], "rotation": 180, "texture": "#3"},
				"down": {"uv": [0, 0, 2.75, 0.5], "rotation": 180, "texture": "#3"}
			}
		},
		{
			"from": [4, 2.25, 14.5],
			"to": [12, 3, 15],
			"rotation": {"angle": 0, "axis": "y", "origin": [10.5, 4.875, 2.875]},
			"faces": {
				"north": {"uv": [0, 0, 8, 0.75], "texture": "#2"},
				"east": {"uv": [0, 0, 0.5, 0.75], "texture": "#2"},
				"south": {"uv": [0, 0, 8, 0.75], "texture": "#2"},
				"west": {"uv": [0, 0, 0.5, 0.75], "texture": "#2"},
				"up": {"uv": [0, 0, 8, 0.5], "rotation": 180, "texture": "#2"},
				"down": {"uv": [0, 0, 8, 0.5], "rotation": 180, "texture": "#2"}
			}
		},
		{
			"from": [12, 2.25, 2],
			"to": [13, 3, 15],
			"faces": {
				"north": {"uv": [0, 0, 1, 0.75], "texture": "#2"},
				"east": {"uv": [0, 0, 13, 0.75], "texture": "#2"},
				"south": {"uv": [0, 0, 1, 0.75], "texture": "#2"},
				"west": {"uv": [0, 0, 13, 0.75], "texture": "#2"},
				"up": {"uv": [0, 0, 13, 1], "rotation": 270, "texture": "#2"},
				"down": {"uv": [0, 0, 13, 1], "rotation": 90, "texture": "#2"}
			}
		},
		{
			"from": [4, 2.25, 2],
			"to": [12, 3, 2.5],
			"rotation": {"angle": 0, "axis": "y", "origin": [10.5, 4.875, 2.875]},
			"faces": {
				"north": {"uv": [0, 0, 8, 0.75], "texture": "#2"},
				"east": {"uv": [0, 0, 0.5, 0.75], "texture": "#2"},
				"south": {"uv": [0, 0, 8, 0.75], "texture": "#2"},
				"west": {"uv": [0, 0, 0.5, 0.75], "texture": "#2"},
				"up": {"uv": [0, 0, 8, 0.5], "rotation": 180, "texture": "#2"},
				"down": {"uv": [0, 0, 8, 0.5], "rotation": 180, "texture": "#2"}
			}
		},
		{
			"from": [4, 4.5, 2],
			"to": [12, 5.25, 2.5],
			"rotation": {"angle": 0, "axis": "y", "origin": [10.5, 4.875, 2.875]},
			"faces": {
				"north": {"uv": [0, 0, 8, 0.75], "texture": "#2"},
				"east": {"uv": [0, 0, 0.5, 0.75], "texture": "#2"},
				"south": {"uv": [0, 0, 8, 0.75], "texture": "#2"},
				"west": {"uv": [0, 0, 0.5, 0.75], "texture": "#2"},
				"up": {"uv": [0, 0, 8, 0.5], "rotation": 180, "texture": "#2"},
				"down": {"uv": [0, 0, 8, 0.5], "rotation": 180, "texture": "#2"}
			}
		},
		{
			"from": [12, 4.5, 2],
			"to": [13, 5.25, 15],
			"faces": {
				"north": {"uv": [0, 0, 1, 0.75], "texture": "#2"},
				"east": {"uv": [0, 0, 13, 0.75], "texture": "#2"},
				"south": {"uv": [0, 0, 1, 0.75], "texture": "#2"},
				"west": {"uv": [0, 0, 13, 0.75], "texture": "#2"},
				"up": {"uv": [0, 0, 13, 1], "rotation": 270, "texture": "#2"},
				"down": {"uv": [0, 0, 13, 1], "rotation": 90, "texture": "#2"}
			}
		},
		{
			"from": [4, 4.5, 14.5],
			"to": [12, 5.25, 15],
			"rotation": {"angle": 0, "axis": "y", "origin": [10.5, 4.875, 2.875]},
			"faces": {
				"north": {"uv": [0, 0, 8, 0.75], "texture": "#2"},
				"east": {"uv": [0, 0, 0.5, 0.75], "texture": "#2"},
				"south": {"uv": [0, 0, 8, 0.75], "texture": "#2"},
				"west": {"uv": [0, 0, 0.5, 0.75], "texture": "#2"},
				"up": {"uv": [0, 0, 8, 0.5], "rotation": 180, "texture": "#2"},
				"down": {"uv": [0, 0, 8, 0.5], "rotation": 180, "texture": "#2"}
			}
		},
		{
			"from": [4, 4.5, 2.25],
			"to": [12.25, 5, 14.75],
			"faces": {
				"north": {"uv": [0.5, 15.5, 10.25, 16], "texture": "#4"},
				"east": {"uv": [0, 14.5, 12.5, 15], "texture": "#4"},
				"south": {"uv": [0.5, 15.5, 10.25, 16], "texture": "#4"},
				"west": {"uv": [0, 15, 12.5, 15.5], "texture": "#4"},
				"up": {"uv": [3.5, 6.25, 16, 16], "rotation": 270, "texture": "#4"},
				"down": {"uv": [3.5, 6.25, 16, 16], "rotation": 90, "texture": "#4"}
			}
		},
		{
			"from": [6.25, 5.25, 7],
			"to": [9.5, 5.75, 10],
			"faces": {
				"north": {"uv": [0.5, 15.5, 10.25, 16], "texture": "#6"},
				"east": {"uv": [0, 14.5, 12.5, 15], "texture": "#6"},
				"south": {"uv": [0.5, 15.5, 10.25, 16], "texture": "#6"},
				"west": {"uv": [0, 15, 12.5, 15.5], "texture": "#6"},
				"up": {"uv": [3.5, 6.25, 16, 16], "rotation": 270, "texture": "#6"},
				"down": {"uv": [3.5, 6.25, 16, 16], "rotation": 90, "texture": "#6"}
			}
		},
		{
			"from": [6, 5, 6.75],
			"to": [9.75, 5.5, 10.25],
			"faces": {
				"north": {"uv": [0.5, 15.5, 10.25, 16], "texture": "#2"},
				"east": {"uv": [0, 14.5, 12.5, 15], "texture": "#2"},
				"south": {"uv": [0.5, 15.5, 10.25, 16], "texture": "#2"},
				"west": {"uv": [0, 15, 12.5, 15.5], "texture": "#2"},
				"up": {"uv": [3.5, 6.25, 16, 16], "rotation": 270, "texture": "#2"},
				"down": {"uv": [3.5, 6.25, 16, 16], "rotation": 90, "texture": "#2"}
			}
		},
		{
			"from": [7.5, 5, 10.25],
			"to": [8.25, 5.25, 14.5],
			"faces": {
				"north": {"uv": [0.5, 15.5, 10.25, 16], "texture": "#7"},
				"east": {"uv": [0, 14.5, 12.5, 15], "texture": "#7"},
				"south": {"uv": [0.5, 15.5, 10.25, 16], "texture": "#7"},
				"west": {"uv": [0, 15, 12.5, 15.5], "texture": "#7"},
				"up": {"uv": [3.5, 6.25, 16, 16], "rotation": 270, "texture": "#7"},
				"down": {"uv": [3.5, 6.25, 16, 16], "rotation": 90, "texture": "#7"}
			}
		},
		{
			"from": [7.5, 5.1, 10.25],
			"to": [8.25, 5.35, 11],
			"faces": {
				"north": {"uv": [0.5, 15.5, 10.25, 16], "texture": "#7"},
				"east": {"uv": [0, 14.5, 12.5, 15], "texture": "#7"},
				"south": {"uv": [0.5, 15.5, 10.25, 16], "texture": "#7"},
				"west": {"uv": [0, 15, 12.5, 15.5], "texture": "#7"},
				"up": {"uv": [3.5, 6.25, 16, 16], "rotation": 270, "texture": "#7"},
				"down": {"uv": [3.5, 6.25, 16, 16], "rotation": 90, "texture": "#7"}
			}
		},
		{
			"from": [7.5, 5.25, 10],
			"to": [8.25, 5.75, 10.5],
			"rotation": {"angle": 0, "axis": "y", "origin": [1.5, -1, -4.25]},
			"faces": {
				"north": {"uv": [0.5, 15.5, 10.25, 16], "texture": "#7"},
				"east": {"uv": [0, 14.5, 12.5, 15], "texture": "#7"},
				"south": {"uv": [0.5, 15.5, 10.25, 16], "texture": "#7"},
				"west": {"uv": [0, 15, 12.5, 15.5], "texture": "#7"},
				"up": {"uv": [3.5, 6.25, 16, 16], "rotation": 270, "texture": "#7"},
				"down": {"uv": [3.5, 6.25, 16, 16], "rotation": 90, "texture": "#7"}
			}
		},
		{
			"from": [7.5, 5.5, 8.5],
			"to": [8.25, 6, 10.25],
			"rotation": {"angle": 0, "axis": "y", "origin": [1.5, -1, -4.25]},
			"faces": {
				"north": {"uv": [0.5, 15.5, 10.25, 16], "texture": "#7"},
				"east": {"uv": [0, 14.5, 12.5, 15], "texture": "#7"},
				"south": {"uv": [0.5, 15.5, 10.25, 16], "texture": "#7"},
				"west": {"uv": [0, 15, 12.5, 15.5], "texture": "#7"},
				"up": {"uv": [3.5, 6.25, 16, 16], "rotation": 270, "texture": "#7"},
				"down": {"uv": [3.5, 6.25, 16, 16], "rotation": 90, "texture": "#7"}
			}
		},
		{
			"from": [7.5, 5.5, 6.75],
			"to": [8.25, 6, 8.5],
			"rotation": {"angle": 0, "axis": "y", "origin": [7.875, 5.4375, 5.6875]},
			"faces": {
				"north": {"uv": [0.5, 15.5, 10.25, 16], "texture": "#7"},
				"east": {"uv": [0, 15, 12.5, 15.5], "texture": "#7"},
				"south": {"uv": [0.5, 15.5, 10.25, 16], "texture": "#7"},
				"west": {"uv": [0, 14.5, 12.5, 15], "texture": "#7"},
				"up": {"uv": [3.5, 6.25, 16, 16], "rotation": 90, "texture": "#7"},
				"down": {"uv": [3.5, 6.25, 16, 16], "rotation": 270, "texture": "#7"}
			}
		},
		{
			"from": [7.5, 5.25, 6.5],
			"to": [8.25, 5.75, 7],
			"rotation": {"angle": 0, "axis": "y", "origin": [7.875, 5.4375, 5.6875]},
			"faces": {
				"north": {"uv": [0.5, 15.5, 10.25, 16], "texture": "#7"},
				"east": {"uv": [0, 15, 12.5, 15.5], "texture": "#7"},
				"south": {"uv": [0.5, 15.5, 10.25, 16], "texture": "#7"},
				"west": {"uv": [0, 14.5, 12.5, 15], "texture": "#7"},
				"up": {"uv": [3.5, 6.25, 16, 16], "rotation": 90, "texture": "#7"},
				"down": {"uv": [3.5, 6.25, 16, 16], "rotation": 270, "texture": "#7"}
			}
		},
		{
			"from": [7.5, 5, 2.5],
			"to": [8.25, 5.25, 6.75],
			"rotation": {"angle": 0, "axis": "y", "origin": [7.875, 5.4375, 5.6875]},
			"faces": {
				"north": {"uv": [0.5, 15.5, 10.25, 16], "texture": "#7"},
				"east": {"uv": [0, 15, 12.5, 15.5], "texture": "#7"},
				"south": {"uv": [0.5, 15.5, 10.25, 16], "texture": "#7"},
				"west": {"uv": [0, 14.5, 12.5, 15], "texture": "#7"},
				"up": {"uv": [3.5, 6.25, 16, 16], "rotation": 90, "texture": "#7"},
				"down": {"uv": [3.5, 6.25, 16, 16], "rotation": 270, "texture": "#7"}
			}
		},
		{
			"from": [7.5, 5.1, 6],
			"to": [8.25, 5.35, 6.75],
			"rotation": {"angle": 0, "axis": "y", "origin": [7.875, 5.4375, 5.6875]},
			"faces": {
				"north": {"uv": [0.5, 15.5, 10.25, 16], "texture": "#7"},
				"east": {"uv": [0, 15, 12.5, 15.5], "texture": "#7"},
				"south": {"uv": [0.5, 15.5, 10.25, 16], "texture": "#7"},
				"west": {"uv": [0, 14.5, 12.5, 15], "texture": "#7"},
				"up": {"uv": [3.5, 6.25, 16, 16], "rotation": 90, "texture": "#7"},
				"down": {"uv": [3.5, 6.25, 16, 16], "rotation": 270, "texture": "#7"}
			}
		},
		{
			"from": [9.625, 5, 8.125],
			"to": [11.975, 5.25, 8.875],
			"rotation": {"angle": 0, "axis": "y", "origin": [7.875, 5.4375, 8.5]},
			"faces": {
				"north": {"uv": [0, 14.5, 12.5, 15], "texture": "#7"},
				"east": {"uv": [0.5, 15.5, 10.25, 16], "texture": "#7"},
				"south": {"uv": [0, 15, 12.5, 15.5], "texture": "#7"},
				"west": {"uv": [0.5, 15.5, 10.25, 16], "texture": "#7"},
				"up": {"uv": [3.5, 6.25, 16, 16], "rotation": 180, "texture": "#7"},
				"down": {"uv": [3.5, 6.25, 16, 16], "rotation": 180, "texture": "#7"}
			}
		},
		{
			"from": [9.625, 5.1, 8.125],
			"to": [10.375, 5.35, 8.875],
			"rotation": {"angle": 0, "axis": "y", "origin": [7.875, 5.4375, 8.5]},
			"faces": {
				"north": {"uv": [0, 14.5, 12.5, 15], "texture": "#7"},
				"east": {"uv": [0.5, 15.5, 10.25, 16], "texture": "#7"},
				"south": {"uv": [0, 15, 12.5, 15.5], "texture": "#7"},
				"west": {"uv": [0.5, 15.5, 10.25, 16], "texture": "#7"},
				"up": {"uv": [3.5, 6.25, 16, 16], "rotation": 180, "texture": "#7"},
				"down": {"uv": [3.5, 6.25, 16, 16], "rotation": 180, "texture": "#7"}
			}
		},
		{
			"from": [7.875, 5.5, 8.125],
			"to": [9.625, 6, 8.875],
			"rotation": {"angle": 0, "axis": "y", "origin": [7.875, 5.4375, 8.5]},
			"faces": {
				"north": {"uv": [0, 14.5, 12.5, 15], "texture": "#7"},
				"east": {"uv": [0.5, 15.5, 10.25, 16], "texture": "#7"},
				"south": {"uv": [0, 15, 12.5, 15.5], "texture": "#7"},
				"west": {"uv": [0.5, 15.5, 10.25, 16], "texture": "#7"},
				"up": {"uv": [3.5, 6.25, 16, 16], "rotation": 180, "texture": "#7"},
				"down": {"uv": [3.5, 6.25, 16, 16], "rotation": 180, "texture": "#7"}
			}
		},
		{
			"from": [9.375, 5.25, 8.125],
			"to": [9.875, 5.75, 8.875],
			"rotation": {"angle": 0, "axis": "y", "origin": [7.875, 5.4375, 8.5]},
			"faces": {
				"north": {"uv": [0, 14.5, 12.5, 15], "texture": "#7"},
				"east": {"uv": [0.5, 15.5, 10.25, 16], "texture": "#7"},
				"south": {"uv": [0, 15, 12.5, 15.5], "texture": "#7"},
				"west": {"uv": [0.5, 15.5, 10.25, 16], "texture": "#7"},
				"up": {"uv": [3.5, 6.25, 16, 16], "rotation": 180, "texture": "#7"},
				"down": {"uv": [3.5, 6.25, 16, 16], "rotation": 180, "texture": "#7"}
			}
		},
		{
			"from": [6.125, 5.5, 8.125],
			"to": [7.875, 6, 8.875],
			"rotation": {"angle": 0, "axis": "y", "origin": [7.875, 5.4375, 8.5]},
			"faces": {
				"north": {"uv": [0, 15, 12.5, 15.5], "texture": "#7"},
				"east": {"uv": [0.5, 15.5, 10.25, 16], "texture": "#7"},
				"south": {"uv": [0, 14.5, 12.5, 15], "texture": "#7"},
				"west": {"uv": [0.5, 15.5, 10.25, 16], "texture": "#7"},
				"up": {"uv": [3.5, 6.25, 16, 16], "texture": "#7"},
				"down": {"uv": [3.5, 6.25, 16, 16], "texture": "#7"}
			}
		},
		{
			"from": [3.975, 5, 8.125],
			"to": [6.125, 5.25, 8.875],
			"rotation": {"angle": 0, "axis": "y", "origin": [7.875, 5.4375, 8.5]},
			"faces": {
				"north": {"uv": [0, 15, 12.5, 15.5], "texture": "#7"},
				"east": {"uv": [0.5, 15.5, 10.25, 16], "texture": "#7"},
				"south": {"uv": [0, 14.5, 12.5, 15], "texture": "#7"},
				"west": {"uv": [0.5, 15.5, 10.25, 16], "texture": "#7"},
				"up": {"uv": [3.5, 6.25, 16, 16], "texture": "#7"},
				"down": {"uv": [3.5, 6.25, 16, 16], "texture": "#7"}
			}
		},
		{
			"from": [5.375, 5.1, 8.125],
			"to": [6.125, 5.35, 8.875],
			"rotation": {"angle": 0, "axis": "y", "origin": [7.875, 5.4375, 8.5]},
			"faces": {
				"north": {"uv": [0, 15, 12.5, 15.5], "texture": "#7"},
				"east": {"uv": [0.5, 15.5, 10.25, 16], "texture": "#7"},
				"south": {"uv": [0, 14.5, 12.5, 15], "texture": "#7"},
				"west": {"uv": [0.5, 15.5, 10.25, 16], "texture": "#7"},
				"up": {"uv": [3.5, 6.25, 16, 16], "texture": "#7"},
				"down": {"uv": [3.5, 6.25, 16, 16], "texture": "#7"}
			}
		},
		{
			"from": [5.875, 5.25, 8.125],
			"to": [6.375, 5.75, 8.875],
			"rotation": {"angle": 0, "axis": "y", "origin": [7.875, 5.4375, 8.5]},
			"faces": {
				"north": {"uv": [0, 15, 12.5, 15.5], "texture": "#7"},
				"east": {"uv": [0.5, 15.5, 10.25, 16], "texture": "#7"},
				"south": {"uv": [0, 14.5, 12.5, 15], "texture": "#7"},
				"west": {"uv": [0.5, 15.5, 10.25, 16], "texture": "#7"},
				"up": {"uv": [3.5, 6.25, 16, 16], "texture": "#7"},
				"down": {"uv": [3.5, 6.25, 16, 16], "texture": "#7"}
			}
		},
		{
			"from": [2.5, 2.5, 2.25],
			"to": [12.175, 3, 14.75],
			"faces": {
				"north": {"uv": [0, 15.5, 9.675, 16], "texture": "#4"},
				"east": {"uv": [0, 15.5, 12.5, 16], "texture": "#4"},
				"south": {"uv": [0, 15.5, 9.675, 16], "texture": "#4"},
				"west": {"uv": [0, 15.5, 12.5, 16], "texture": "#4"},
				"up": {"uv": [3.5, 6.325, 16, 16], "rotation": 270, "texture": "#4"},
				"down": {"uv": [3.5, 6.325, 16, 16], "rotation": 90, "texture": "#4"}
			}
		},
		{
			"name": "Pages",
			"from": [3, 2.75, 2.25],
			"to": [12.75, 4.5, 14.75],
			"faces": {
				"north": {"uv": [0, 7.5, 5, 8.5], "texture": "#5"},
				"east": {"uv": [0, 6.5, 6.25, 7.5], "texture": "#5"},
				"south": {"uv": [5, 7.5, 10, 8.5], "texture": "#5"},
				"west": {"uv": [6.5, 6.5, 12.75, 7.5], "texture": "#5"},
				"up": {"uv": [5, 6.25, 0, 0], "texture": "#5"},
				"down": {"uv": [10, 0, 5, 6.25], "texture": "#5"}
			}
		},
		{
			"from": [2.25, 2.25, 2],
			"to": [4, 5.25, 15],
			"faces": {
				"north": {"uv": [0, 0, 1.75, 3], "texture": "#3"},
				"east": {"uv": [0, 0, 13, 3], "texture": "#3"},
				"south": {"uv": [0, 0, 1.75, 3], "texture": "#3"},
				"west": {"uv": [0, 0, 13, 3], "texture": "#3"},
				"up": {"uv": [0, 0, 13, 1.75], "rotation": 270, "texture": "#3"},
				"down": {"uv": [0, 0, 13, 1.75], "rotation": 90, "texture": "#3"}
			}
		},
		{
			"from": [1.75, 2.5, 2.5],
			"to": [3.5, 5, 14.5],
			"faces": {
				"north": {"uv": [0, 0, 0.875, 1.25], "texture": "#2"},
				"east": {"uv": [0, 0, 6, 1.25], "texture": "#2"},
				"south": {"uv": [0, 0, 0.875, 1.25], "texture": "#2"},
				"west": {"uv": [0, 0, 6, 1.25], "texture": "#2"},
				"up": {"uv": [0, 0, 6, 0.875], "rotation": 270, "texture": "#2"},
				"down": {"uv": [0, 0, 6, 0.875], "rotation": 90, "texture": "#2"}
			}
		}
	],
	"display": {
		"thirdperson_righthand": {
			"rotation": [110, 0, 0],
			"translation": [-5.75, 9.75, 0]
		},
		"thirdperson_lefthand": {
			"rotation": [110, 0, 0],
			"translation": [-5.75, 9.75, 0]
		},
		"firstperson_righthand": {
			"rotation": [78, 0, 0],
			"translation": [-8.25, 1.5, -7.25]
		},
		"firstperson_lefthand": {
			"rotation": [78, 0, 0],
			"translation": [-8.25, 1.5, -7.25]
		},
		"ground": {
			"translation": [0, 1.75, 0]
		},
		"gui": {
			"rotation": [90, 0, 0],
			"translation": [0.5, 0.5, 0]
		},
		"head": {
			"rotation": [90, 0, 0],
			"translation": [0, -14.25, 10.5]
		},
		"fixed": {
			"rotation": [-90, 180, 0],
			"translation": [-2.25, 0.25, -15.5],
			"scale": [2.25, 2.25, 2.25]
		}
	},
	"groups": [
		{
			"name": "Corner Triangles",
			"origin": [12.175, 5.25, 13.94911],
			"color": 0,
			"children": [
				{
					"name": "Lower",
					"origin": [12.15089, 2, 13.975],
					"color": 0,
					"children": [0, 1, 2, 3, 4, 5, 6, 7, 8, 9, 10, 11]
				},
				{
					"name": "Upper",
					"origin": [12.175, 5.25, 13.94911],
					"color": 0,
					"children": [12, 13, 14, 15, 16, 17, 18, 19, 20, 21, 22, 23]
				}
			]
		},
		{
			"name": "Rim",
			"origin": [10.5, 4.875, 2.875],
			"color": 0,
			"children": [24, 25, 26, 27, 28, 29]
		},
		{
			"name": "Cover",
			"origin": [0, 0, 0],
			"color": 0,
			"children": [30, 31, 32, 33, 34, 35, 36, 37, 38, 39, 40, 41, 42, 43, 44, 45, 46, 47, 48, 49]
		},
		{
			"name": "group",
			"origin": [0, 0, 0],
			"color": 0,
			"children": [
				50,
				{
					"name": "Spine",
					"origin": [0, 0, 0],
					"color": 0,
					"children": [51, 52]
				}
			]
		}
	]
}