{
	"credit": "Made with Blockbench",
	"texture_size": [32, 32],
	"textures": {
		"0": "item/FlailMace",
		"particle": "item/FlailMace"
	},
	"elements": [
		{
			"from": [7, 8, 7],
			"to": [9, 9, 9],
			"faces": {
				"north": {"uv": [3.5, 8.5, 4.5, 9], "texture": "#0"},
				"east": {"uv": [8.5, 3.5, 9.5, 4], "texture": "#0"},
				"south": {"uv": [8.5, 4, 9.5, 4.5], "texture": "#0"},
				"west": {"uv": [4.5, 8.5, 5.5, 9], "texture": "#0"},
				"up": {"uv": [7, 5.5, 6, 4.5], "texture": "#0"},
				"down": {"uv": [2.5, 7.5, 1.5, 8.5], "texture": "#0"}
			}
		},
		{
			"from": [7, 0, 7],
			"to": [9, 2, 9],
			"faces": {
				"north": {"uv": [7.5, 1.5, 8.5, 2.5], "texture": "#0"},
				"east": {"uv": [2.5, 7.5, 3.5, 8.5], "texture": "#0"},
				"south": {"uv": [7.5, 2.5, 8.5, 3.5], "texture": "#0"},
				"west": {"uv": [7.5, 3.5, 8.5, 4.5], "texture": "#0"},
				"up": {"uv": [8, 8.5, 7, 7.5], "texture": "#0"},
				"down": {"uv": [9, 7.5, 8, 8.5], "texture": "#0"}
			}
		},
		{
			"from": [7.25, 1, 7.25],
			"to": [8.75, 8, 8.75],
			"faces": {
				"north": {"uv": [2, 4, 2.75, 7.5], "texture": "#0"},
				"east": {"uv": [4, 2, 4.75, 5.5], "texture": "#0"},
				"south": {"uv": [3, 4, 3.75, 7.5], "texture": "#0"},
				"west": {"uv": [5, 2, 5.75, 5.5], "texture": "#0"},
				"up": {"uv": [2.25, 9.25, 1.5, 8.5], "texture": "#0"},
				"down": {"uv": [9.25, 1.5, 8.5, 2.25], "texture": "#0"}
			}
		},
		{
			"from": [7.5, 9.25, 7.5],
			"to": [8.5, 9.5, 8.5],
			"faces": {
				"north": {"uv": [3, 9.5, 3.5, 9.75], "texture": "#0"},
				"east": {"uv": [9.5, 3, 10, 3.25], "texture": "#0"},
				"south": {"uv": [9.5, 3.5, 10, 3.75], "texture": "#0"},
				"west": {"uv": [9.5, 4, 10, 4.25], "texture": "#0"},
				"up": {"uv": [4, 8, 3.5, 7.5], "texture": "#0"},
				"down": {"uv": [4, 8, 3.5, 8.5], "texture": "#0"}
			}
		},
		{
			"from": [7.25, 9, 7.25],
			"to": [8.75, 9.25, 8.75],
			"faces": {
				"north": {"uv": [9.5, 1.5, 10.25, 1.75], "texture": "#0"},
				"east": {"uv": [2, 9.5, 2.75, 9.75], "texture": "#0"},
				"south": {"uv": [9.5, 2, 10.25, 2.25], "texture": "#0"},
				"west": {"uv": [9.5, 2.5, 10.25, 2.75], "texture": "#0"},
				"up": {"uv": [3.25, 9.25, 2.5, 8.5], "texture": "#0"},
				"down": {"uv": [9.25, 2.5, 8.5, 3.25], "texture": "#0"}
			}
		},
		{
			"from": [7.75, 10.5, 7.5],
			"to": [8.25, 10.75, 8.5],
			"faces": {
				"north": {"uv": [8, 12, 8.25, 12.25], "texture": "#0"},
				"east": {"uv": [5.5, 9.5, 6, 9.75], "texture": "#0"},
				"south": {"uv": [12, 8, 12.25, 8.25], "texture": "#0"},
				"west": {"uv": [6, 9.5, 6.5, 9.75], "texture": "#0"},
				"up": {"uv": [6.75, 10, 6.5, 9.5], "texture": "#0"},
				"down": {"uv": [7.25, 9.5, 7, 10], "texture": "#0"}
			}
		},
		{
			"from": [7.75, 9.5, 7.5],
			"to": [8.25, 10.5, 7.75],
			"faces": {
				"north": {"uv": [7.5, 9.5, 7.75, 10], "texture": "#0"},
				"east": {"uv": [9.5, 7.5, 9.75, 8], "texture": "#0"},
				"south": {"uv": [8, 9.5, 8.25, 10], "texture": "#0"},
				"west": {"uv": [9.5, 8, 9.75, 8.5], "texture": "#0"},
				"up": {"uv": [8.75, 12.25, 8.5, 12], "texture": "#0"},
				"down": {"uv": [12.25, 8.5, 12, 8.75], "texture": "#0"}
			}
		},
		{
			"from": [7.75, 9.5, 8.25],
			"to": [8.25, 10.5, 8.5],
			"faces": {
				"north": {"uv": [9.5, 8.5, 9.75, 9], "texture": "#0"},
				"east": {"uv": [9.5, 9, 9.75, 9.5], "texture": "#0"},
				"south": {"uv": [9.5, 9.5, 9.75, 10], "texture": "#0"},
				"west": {"uv": [10, 1, 10.25, 1.5], "texture": "#0"},
				"up": {"uv": [9.25, 12.25, 9, 12], "texture": "#0"},
				"down": {"uv": [12.25, 9, 12, 9.25], "texture": "#0"}
			}
		},
		{
			"from": [7.5, 11.5, 7.75],
			"to": [8.5, 11.75, 8.25],
			"rotation": {"angle": 0, "axis": "y", "origin": [8, 11.3125, 8]},
			"faces": {
				"north": {"uv": [1.5, 10, 2, 10.25], "texture": "#0"},
				"east": {"uv": [9.5, 12, 9.75, 12.25], "texture": "#0"},
				"south": {"uv": [2, 10, 2.5, 10.25], "texture": "#0"},
				"west": {"uv": [12, 9.5, 12.25, 9.75], "texture": "#0"},
				"up": {"uv": [3, 10.25, 2.5, 10], "texture": "#0"},
				"down": {"uv": [3.5, 10, 3, 10.25], "texture": "#0"}
			}
		},
		{
			"from": [7.5, 10.25, 7.75],
			"to": [8.5, 10.5, 8.25],
			"rotation": {"angle": 0, "axis": "y", "origin": [8, 11.3125, 8]},
			"faces": {
				"north": {"uv": [10, 3, 10.5, 3.25], "texture": "#0"},
				"east": {"uv": [10, 12, 10.25, 12.25], "texture": "#0"},
				"south": {"uv": [10, 3.5, 10.5, 3.75], "texture": "#0"},
				"west": {"uv": [12, 10, 12.25, 10.25], "texture": "#0"},
				"up": {"uv": [10.5, 4.25, 10, 4], "texture": "#0"},
				"down": {"uv": [10.5, 4.5, 10, 4.75], "texture": "#0"}
			}
		},
		{
			"from": [8.25, 10.5, 7.75],
			"to": [8.5, 11.5, 8.25],
			"rotation": {"angle": 0, "axis": "y", "origin": [8, 11.3125, 8]},
			"faces": {
				"north": {"uv": [10, 5, 10.25, 5.5], "texture": "#0"},
				"east": {"uv": [5.5, 10, 5.75, 10.5], "texture": "#0"},
				"south": {"uv": [10, 5.5, 10.25, 6], "texture": "#0"},
				"west": {"uv": [6, 10, 6.25, 10.5], "texture": "#0"},
				"up": {"uv": [10.75, 12.25, 10.5, 12], "texture": "#0"},
				"down": {"uv": [12.25, 10.5, 12, 10.75], "texture": "#0"}
			}
		},
		{
			"from": [7.5, 10.5, 7.75],
			"to": [7.75, 11.5, 8.25],
			"rotation": {"angle": 0, "axis": "y", "origin": [8, 11.3125, 8]},
			"faces": {
				"north": {"uv": [10, 6, 10.25, 6.5], "texture": "#0"},
				"east": {"uv": [6.5, 10, 6.75, 10.5], "texture": "#0"},
				"south": {"uv": [10, 6.5, 10.25, 7], "texture": "#0"},
				"west": {"uv": [7, 10, 7.25, 10.5], "texture": "#0"},
				"up": {"uv": [11.25, 12.25, 11, 12], "texture": "#0"},
				"down": {"uv": [12.25, 11, 12, 11.25], "texture": "#0"}
			}
		},
		{
			"from": [7.75, 12.5, 7.5],
			"to": [8.25, 12.75, 8.5],
			"rotation": {"angle": 0, "axis": "y", "origin": [8, 11.3125, 8]},
			"faces": {
				"north": {"uv": [11.5, 12, 11.75, 12.25], "texture": "#0"},
				"east": {"uv": [10, 7, 10.5, 7.25], "texture": "#0"},
				"south": {"uv": [12, 11.5, 12.25, 11.75], "texture": "#0"},
				"west": {"uv": [7.5, 10, 8, 10.25], "texture": "#0"},
				"up": {"uv": [10.25, 8, 10, 7.5], "texture": "#0"},
				"down": {"uv": [8.25, 10, 8, 10.5], "texture": "#0"}
			}
		},
		{
			"from": [7.75, 11.25, 7.5],
			"to": [8.25, 11.5, 8.5],
			"rotation": {"angle": 0, "axis": "y", "origin": [8, 11.3125, 8]},
			"faces": {
				"north": {"uv": [12, 12, 12.25, 12.25], "texture": "#0"},
				"east": {"uv": [10, 8, 10.5, 8.25], "texture": "#0"},
				"south": {"uv": [0, 12.5, 0.25, 12.75], "texture": "#0"},
				"west": {"uv": [8.5, 10, 9, 10.25], "texture": "#0"},
				"up": {"uv": [10.25, 9, 10, 8.5], "texture": "#0"},
				"down": {"uv": [10.25, 9, 10, 9.5], "texture": "#0"}
			}
		},
		{
			"from": [7.75, 11.5, 8.25],
			"to": [8.25, 12.5, 8.5],
			"rotation": {"angle": 0, "axis": "y", "origin": [8, 11.3125, 8]},
			"faces": {
				"north": {"uv": [9.5, 10, 9.75, 10.5], "texture": "#0"},
				"east": {"uv": [10, 9.5, 10.25, 10], "texture": "#0"},
				"south": {"uv": [10, 10, 10.25, 10.5], "texture": "#0"},
				"west": {"uv": [0, 10.5, 0.25, 11], "texture": "#0"},
				"up": {"uv": [12.75, 0.25, 12.5, 0], "texture": "#0"},
				"down": {"uv": [0.75, 12.5, 0.5, 12.75], "texture": "#0"}
			}
		},
		{
			"from": [7.75, 11.5, 7.5],
			"to": [8.25, 12.5, 7.75],
			"rotation": {"angle": 0, "axis": "y", "origin": [8, 11.3125, 8]},
			"faces": {
				"north": {"uv": [0.5, 10.5, 0.75, 11], "texture": "#0"},
				"east": {"uv": [1, 10.5, 1.25, 11], "texture": "#0"},
				"south": {"uv": [10.5, 1, 10.75, 1.5], "texture": "#0"},
				"west": {"uv": [1.5, 10.5, 1.75, 11], "texture": "#0"},
				"up": {"uv": [12.75, 0.75, 12.5, 0.5], "texture": "#0"},
				"down": {"uv": [1.25, 12.5, 1, 12.75], "texture": "#0"}
			}
		},
		{
			"from": [7.5, 13.5, 7.75],
			"to": [8.5, 13.75, 8.25],
			"rotation": {"angle": -22.5, "axis": "x", "origin": [8, 12.5, 8]},
			"faces": {
				"north": {"uv": [10.5, 1.5, 11, 1.75], "texture": "#0"},
				"east": {"uv": [12.5, 1, 12.75, 1.25], "texture": "#0"},
				"south": {"uv": [2, 10.5, 2.5, 10.75], "texture": "#0"},
				"west": {"uv": [1.5, 12.5, 1.75, 12.75], "texture": "#0"},
				"up": {"uv": [11, 2.25, 10.5, 2], "texture": "#0"},
				"down": {"uv": [3, 10.5, 2.5, 10.75], "texture": "#0"}
			}
		},
		{
			"from": [7.5, 12.25, 7.75],
			"to": [8.5, 12.5, 8.25],
			"rotation": {"angle": -22.5, "axis": "x", "origin": [8, 12.5, 8]},
			"faces": {
				"north": {"uv": [10.5, 2.5, 11, 2.75], "texture": "#0"},
				"east": {"uv": [12.5, 1.5, 12.75, 1.75], "texture": "#0"},
				"south": {"uv": [3, 10.5, 3.5, 10.75], "texture": "#0"},
				"west": {"uv": [2, 12.5, 2.25, 12.75], "texture": "#0"},
				"up": {"uv": [11, 3.25, 10.5, 3], "texture": "#0"},
				"down": {"uv": [4, 10.5, 3.5, 10.75], "texture": "#0"}
			}
		},
		{
			"from": [7.5, 12.5, 7.75],
			"to": [7.75, 13.5, 8.25],
			"rotation": {"angle": -22.5, "axis": "x", "origin": [8, 12.5, 8]},
			"faces": {
				"north": {"uv": [10.5, 3.5, 10.75, 4], "texture": "#0"},
				"east": {"uv": [4, 10.5, 4.25, 11], "texture": "#0"},
				"south": {"uv": [10.5, 4, 10.75, 4.5], "texture": "#0"},
				"west": {"uv": [4.5, 10.5, 4.75, 11], "texture": "#0"},
				"up": {"uv": [12.75, 2.25, 12.5, 2], "texture": "#0"},
				"down": {"uv": [2.75, 12.5, 2.5, 12.75], "texture": "#0"}
			}
		},
		{
			"from": [8.25, 12.5, 7.75],
			"to": [8.5, 13.5, 8.25],
			"rotation": {"angle": -22.5, "axis": "x", "origin": [8, 12.5, 8]},
			"faces": {
				"north": {"uv": [10.5, 4.5, 10.75, 5], "texture": "#0"},
				"east": {"uv": [5, 10.5, 5.25, 11], "texture": "#0"},
				"south": {"uv": [10.5, 5, 10.75, 5.5], "texture": "#0"},
				"west": {"uv": [5.5, 10.5, 5.75, 11], "texture": "#0"},
				"up": {"uv": [12.75, 2.75, 12.5, 2.5], "texture": "#0"},
				"down": {"uv": [3.25, 12.5, 3, 12.75], "texture": "#0"}
			}
		},
		{
			"from": [7.75, 14.5, 7.5],
			"to": [8.25, 14.75, 8.5],
			"rotation": {"angle": -22.5, "axis": "x", "origin": [8, 12.5, 8]},
			"faces": {
				"north": {"uv": [12.5, 3, 12.75, 3.25], "texture": "#0"},
				"east": {"uv": [10.5, 5.5, 11, 5.75], "texture": "#0"},
				"south": {"uv": [3.5, 12.5, 3.75, 12.75], "texture": "#0"},
				"west": {"uv": [6, 10.5, 6.5, 10.75], "texture": "#0"},
				"up": {"uv": [10.75, 6.5, 10.5, 6], "texture": "#0"},
				"down": {"uv": [6.75, 10.5, 6.5, 11], "texture": "#0"}
			}
		},
		{
			"from": [7.75, 13.25, 7.5],
			"to": [8.25, 13.5, 8.5],
			"rotation": {"angle": -22.5, "axis": "x", "origin": [8, 12.5, 8]},
			"faces": {
				"north": {"uv": [12.5, 3.5, 12.75, 3.75], "texture": "#0"},
				"east": {"uv": [10.5, 6.5, 11, 6.75], "texture": "#0"},
				"south": {"uv": [4, 12.5, 4.25, 12.75], "texture": "#0"},
				"west": {"uv": [7, 10.5, 7.5, 10.75], "texture": "#0"},
				"up": {"uv": [10.75, 7.5, 10.5, 7], "texture": "#0"},
				"down": {"uv": [7.75, 10.5, 7.5, 11], "texture": "#0"}
			}
		},
		{
			"from": [7.75, 13.5, 8.25],
			"to": [8.25, 14.5, 8.5],
			"rotation": {"angle": -22.5, "axis": "x", "origin": [8, 12.5, 8]},
			"faces": {
				"north": {"uv": [10.5, 7.5, 10.75, 8], "texture": "#0"},
				"east": {"uv": [8, 10.5, 8.25, 11], "texture": "#0"},
				"south": {"uv": [10.5, 8, 10.75, 8.5], "texture": "#0"},
				"west": {"uv": [8.5, 10.5, 8.75, 11], "texture": "#0"},
				"up": {"uv": [12.75, 4.25, 12.5, 4], "texture": "#0"},
				"down": {"uv": [4.75, 12.5, 4.5, 12.75], "texture": "#0"}
			}
		},
		{
			"from": [7.75, 13.5, 7.5],
			"to": [8.25, 14.5, 7.75],
			"rotation": {"angle": -22.5, "axis": "x", "origin": [8, 12.5, 8]},
			"faces": {
				"north": {"uv": [10.5, 8.5, 10.75, 9], "texture": "#0"},
				"east": {"uv": [9, 10.5, 9.25, 11], "texture": "#0"},
				"south": {"uv": [10.5, 9, 10.75, 9.5], "texture": "#0"},
				"west": {"uv": [9.5, 10.5, 9.75, 11], "texture": "#0"},
				"up": {"uv": [12.75, 4.75, 12.5, 4.5], "texture": "#0"},
				"down": {"uv": [5.25, 12.5, 5, 12.75], "texture": "#0"}
			}
		},
		{
			"from": [7.5, 15.35381, 6.98495],
			"to": [8.5, 15.60381, 7.48495],
			"rotation": {"angle": -45, "axis": "x", "origin": [8, 14.35, 7.25]},
			"faces": {
				"north": {"uv": [10.5, 9.5, 11, 9.75], "texture": "#0"},
				"east": {"uv": [12.5, 5, 12.75, 5.25], "texture": "#0"},
				"south": {"uv": [10, 10.5, 10.5, 10.75], "texture": "#0"},
				"west": {"uv": [5.5, 12.5, 5.75, 12.75], "texture": "#0"},
				"up": {"uv": [11, 10.25, 10.5, 10], "texture": "#0"},
				"down": {"uv": [11, 10.5, 10.5, 10.75], "texture": "#0"}
			}
		},
		{
			"from": [7.5, 14.10381, 6.98495],
			"to": [8.5, 14.35381, 7.48495],
			"rotation": {"angle": -45, "axis": "x", "origin": [8, 14.35, 7.25]},
			"faces": {
				"north": {"uv": [0, 11, 0.5, 11.25], "texture": "#0"},
				"east": {"uv": [12.5, 5.5, 12.75, 5.75], "texture": "#0"},
				"south": {"uv": [11, 0, 11.5, 0.25], "texture": "#0"},
				"west": {"uv": [6, 12.5, 6.25, 12.75], "texture": "#0"},
				"up": {"uv": [1, 11.25, 0.5, 11], "texture": "#0"},
				"down": {"uv": [11.5, 0.5, 11, 0.75], "texture": "#0"}
			}
		},
		{
			"from": [7.5, 14.35381, 6.98495],
			"to": [7.75, 15.35381, 7.48495],
			"rotation": {"angle": -45, "axis": "x", "origin": [8, 14.35, 7.25]},
			"faces": {
				"north": {"uv": [1, 11, 1.25, 11.5], "texture": "#0"},
				"east": {"uv": [11, 1, 11.25, 1.5], "texture": "#0"},
				"south": {"uv": [1.5, 11, 1.75, 11.5], "texture": "#0"},
				"west": {"uv": [11, 1.5, 11.25, 2], "texture": "#0"},
				"up": {"uv": [12.75, 6.25, 12.5, 6], "texture": "#0"},
				"down": {"uv": [6.75, 12.5, 6.5, 12.75], "texture": "#0"}
			}
		},
		{
			"from": [8.25, 14.35381, 6.98495],
			"to": [8.5, 15.35381, 7.48495],
			"rotation": {"angle": -45, "axis": "x", "origin": [8, 14.35, 7.25]},
			"faces": {
				"north": {"uv": [2, 11, 2.25, 11.5], "texture": "#0"},
				"east": {"uv": [11, 2, 11.25, 2.5], "texture": "#0"},
				"south": {"uv": [2.5, 11, 2.75, 11.5], "texture": "#0"},
				"west": {"uv": [11, 2.5, 11.25, 3], "texture": "#0"},
				"up": {"uv": [12.75, 6.75, 12.5, 6.5], "texture": "#0"},
				"down": {"uv": [7.25, 12.5, 7, 12.75], "texture": "#0"}
			}
		},
		{
			"from": [7.75, 16.1467, 6.23495],
			"to": [8.25, 16.3967, 7.23495],
			"rotation": {"angle": -45, "axis": "x", "origin": [8, 14.85, 6.75]},
			"faces": {
				"north": {"uv": [12.5, 7, 12.75, 7.25], "texture": "#0"},
				"east": {"uv": [3, 11, 3.5, 11.25], "texture": "#0"},
				"south": {"uv": [7.5, 12.5, 7.75, 12.75], "texture": "#0"},
				"west": {"uv": [11, 3, 11.5, 3.25], "texture": "#0"},
				"up": {"uv": [3.75, 11.5, 3.5, 11], "texture": "#0"},
				"down": {"uv": [11.25, 3.5, 11, 4], "texture": "#0"}
			}
		},
		{
			"from": [7.75, 14.8967, 6.23495],
			"to": [8.25, 15.1467, 7.23495],
			"rotation": {"angle": -45, "axis": "x", "origin": [8, 14.85, 6.75]},
			"faces": {
				"north": {"uv": [12.5, 7.5, 12.75, 7.75], "texture": "#0"},
				"east": {"uv": [4, 11, 4.5, 11.25], "texture": "#0"},
				"south": {"uv": [8, 12.5, 8.25, 12.75], "texture": "#0"},
				"west": {"uv": [11, 4, 11.5, 4.25], "texture": "#0"},
				"up": {"uv": [4.75, 11.5, 4.5, 11], "texture": "#0"},
				"down": {"uv": [11.25, 4.5, 11, 5], "texture": "#0"}
			}
		},
		{
			"from": [7.75, 15.1467, 6.23495],
			"to": [8.25, 16.1467, 6.48495],
			"rotation": {"angle": -45, "axis": "x", "origin": [8, 14.85, 6.75]},
			"faces": {
				"north": {"uv": [5, 11, 5.25, 11.5], "texture": "#0"},
				"east": {"uv": [11, 5, 11.25, 5.5], "texture": "#0"},
				"south": {"uv": [5.5, 11, 5.75, 11.5], "texture": "#0"},
				"west": {"uv": [11, 5.5, 11.25, 6], "texture": "#0"},
				"up": {"uv": [12.75, 8.25, 12.5, 8], "texture": "#0"},
				"down": {"uv": [8.75, 12.5, 8.5, 12.75], "texture": "#0"}
			}
		},
		{
			"from": [7.75, 15.1467, 6.98495],
			"to": [8.25, 16.1467, 7.23495],
			"rotation": {"angle": -45, "axis": "x", "origin": [8, 14.85, 6.75]},
			"faces": {
				"north": {"uv": [6, 11, 6.25, 11.5], "texture": "#0"},
				"east": {"uv": [11, 6, 11.25, 6.5], "texture": "#0"},
				"south": {"uv": [6.5, 11, 6.75, 11.5], "texture": "#0"},
				"west": {"uv": [11, 6.5, 11.25, 7], "texture": "#0"},
				"up": {"uv": [12.75, 8.75, 12.5, 8.5], "texture": "#0"},
				"down": {"uv": [9.25, 12.5, 9, 12.75], "texture": "#0"}
			}
		},
		{
			"from": [7.5, 15.33495, 4.51396],
			"to": [8.5, 15.83495, 4.76396],
			"rotation": {"angle": 22.5, "axis": "x", "origin": [8, 15.6, 6]},
			"faces": {
				"north": {"uv": [7, 11, 7.5, 11.25], "texture": "#0"},
				"east": {"uv": [12.5, 9, 12.75, 9.25], "texture": "#0"},
				"south": {"uv": [11, 7, 11.5, 7.25], "texture": "#0"},
				"west": {"uv": [9.5, 12.5, 9.75, 12.75], "texture": "#0"},
				"up": {"uv": [8, 11.25, 7.5, 11], "texture": "#0"},
				"down": {"uv": [11.5, 7.5, 11, 7.75], "texture": "#0"}
			}
		},
		{
			"from": [7.5, 15.33495, 5.76396],
			"to": [8.5, 15.83495, 6.01396],
			"rotation": {"angle": 22.5, "axis": "x", "origin": [8, 15.6, 6]},
			"faces": {
				"north": {"uv": [8, 11, 8.5, 11.25], "texture": "#0"},
				"east": {"uv": [12.5, 9.5, 12.75, 9.75], "texture": "#0"},
				"south": {"uv": [11, 8, 11.5, 8.25], "texture": "#0"},
				"west": {"uv": [10, 12.5, 10.25, 12.75], "texture": "#0"},
				"up": {"uv": [9, 11.25, 8.5, 11], "texture": "#0"},
				"down": {"uv": [11.5, 8.5, 11, 8.75], "texture": "#0"}
			}
		},
		{
			"from": [8.25, 15.33495, 4.76396],
			"to": [8.5, 15.83495, 5.76396],
			"rotation": {"angle": 22.5, "axis": "x", "origin": [8, 15.6, 6]},
			"faces": {
				"north": {"uv": [12.5, 10, 12.75, 10.25], "texture": "#0"},
				"east": {"uv": [9, 11, 9.5, 11.25], "texture": "#0"},
				"south": {"uv": [10.5, 12.5, 10.75, 12.75], "texture": "#0"},
				"west": {"uv": [11, 9, 11.5, 9.25], "texture": "#0"},
				"up": {"uv": [9.75, 11.5, 9.5, 11], "texture": "#0"},
				"down": {"uv": [11.25, 9.5, 11, 10], "texture": "#0"}
			}
		},
		{
			"from": [7.5, 15.33495, 4.76396],
			"to": [7.75, 15.83495, 5.76396],
			"rotation": {"angle": 22.5, "axis": "x", "origin": [8, 15.6, 6]},
			"faces": {
				"north": {"uv": [12.5, 10.5, 12.75, 10.75], "texture": "#0"},
				"east": {"uv": [10, 11, 10.5, 11.25], "texture": "#0"},
				"south": {"uv": [11, 12.5, 11.25, 12.75], "texture": "#0"},
				"west": {"uv": [11, 10, 11.5, 10.25], "texture": "#0"},
				"up": {"uv": [10.75, 11.5, 10.5, 11], "texture": "#0"},
				"down": {"uv": [11.25, 10.5, 11, 11], "texture": "#0"}
			}
		},
		{
			"from": [7.75, 15.54396, 3.62157],
			"to": [8.25, 16.54396, 3.87157],
			"rotation": {"angle": 0, "axis": "x", "origin": [8, 16.1, 4.9]},
			"faces": {
				"north": {"uv": [11, 11, 11.25, 11.5], "texture": "#0"},
				"east": {"uv": [0, 11.5, 0.25, 12], "texture": "#0"},
				"south": {"uv": [11.5, 0, 11.75, 0.5], "texture": "#0"},
				"west": {"uv": [0.5, 11.5, 0.75, 12], "texture": "#0"},
				"up": {"uv": [12.75, 11.25, 12.5, 11], "texture": "#0"},
				"down": {"uv": [11.75, 12.5, 11.5, 12.75], "texture": "#0"}
			}
		},
		{
			"from": [7.75, 15.54396, 4.87157],
			"to": [8.25, 16.54396, 5.12157],
			"rotation": {"angle": 0, "axis": "x", "origin": [8, 16.1, 4.9]},
			"faces": {
				"north": {"uv": [11.5, 0.5, 11.75, 1], "texture": "#0"},
				"east": {"uv": [1, 11.5, 1.25, 12], "texture": "#0"},
				"south": {"uv": [11.5, 1, 11.75, 1.5], "texture": "#0"},
				"west": {"uv": [1.5, 11.5, 1.75, 12], "texture": "#0"},
				"up": {"uv": [12.75, 11.75, 12.5, 11.5], "texture": "#0"},
				"down": {"uv": [12.25, 12.5, 12, 12.75], "texture": "#0"}
			}
		},
		{
			"from": [7.75, 16.29396, 3.87157],
			"to": [8.25, 16.54396, 4.87157],
			"rotation": {"angle": 0, "axis": "x", "origin": [8, 16.1, 4.9]},
			"faces": {
				"north": {"uv": [12.5, 12, 12.75, 12.25], "texture": "#0"},
				"east": {"uv": [11.5, 1.5, 12, 1.75], "texture": "#0"},
				"south": {"uv": [12.5, 12.5, 12.75, 12.75], "texture": "#0"},
				"west": {"uv": [2, 11.5, 2.5, 11.75], "texture": "#0"},
				"up": {"uv": [11.75, 2.5, 11.5, 2], "texture": "#0"},
				"down": {"uv": [2.75, 11.5, 2.5, 12], "texture": "#0"}
			}
		},
		{
			"from": [7.75, 15.54396, 3.87157],
			"to": [8.25, 15.79396, 4.87157],
			"rotation": {"angle": 0, "axis": "x", "origin": [8, 16.1, 4.9]},
			"faces": {
				"north": {"uv": [0, 13, 0.25, 13.25], "texture": "#0"},
				"east": {"uv": [11.5, 2.5, 12, 2.75], "texture": "#0"},
				"south": {"uv": [13, 0, 13.25, 0.25], "texture": "#0"},
				"west": {"uv": [3, 11.5, 3.5, 11.75], "texture": "#0"},
				"up": {"uv": [11.75, 3.5, 11.5, 3], "texture": "#0"},
				"down": {"uv": [3.75, 11.5, 3.5, 12], "texture": "#0"}
			}
		},
		{
			"from": [7.5, 15.79396, 2.62157],
			"to": [8.5, 16.29396, 2.87157],
			"rotation": {"angle": -22.5, "axis": "x", "origin": [8, 16.04396, 3.87157]},
			"faces": {
				"north": {"uv": [11.5, 3.5, 12, 3.75], "texture": "#0"},
				"east": {"uv": [0.5, 13, 0.75, 13.25], "texture": "#0"},
				"south": {"uv": [4, 11.5, 4.5, 11.75], "texture": "#0"},
				"west": {"uv": [13, 0.5, 13.25, 0.75], "texture": "#0"},
				"up": {"uv": [12, 4.25, 11.5, 4], "texture": "#0"},
				"down": {"uv": [5, 11.5, 4.5, 11.75], "texture": "#0"}
			}
		},
		{
			"from": [7.5, 15.79396, 3.87157],
			"to": [8.5, 16.29396, 4.12157],
			"rotation": {"angle": -22.5, "axis": "x", "origin": [8, 16.04396, 3.87157]},
			"faces": {
				"north": {"uv": [11.5, 4.5, 12, 4.75], "texture": "#0"},
				"east": {"uv": [1, 13, 1.25, 13.25], "texture": "#0"},
				"south": {"uv": [5, 11.5, 5.5, 11.75], "texture": "#0"},
				"west": {"uv": [13, 1, 13.25, 1.25], "texture": "#0"},
				"up": {"uv": [12, 5.25, 11.5, 5], "texture": "#0"},
				"down": {"uv": [6, 11.5, 5.5, 11.75], "texture": "#0"}
			}
		},
		{
			"from": [8.25, 15.79396, 2.87157],
			"to": [8.5, 16.29396, 3.87157],
			"rotation": {"angle": -22.5, "axis": "x", "origin": [8, 16.04396, 3.87157]},
			"faces": {
				"north": {"uv": [1.5, 13, 1.75, 13.25], "texture": "#0"},
				"east": {"uv": [11.5, 5.5, 12, 5.75], "texture": "#0"},
				"south": {"uv": [13, 1.5, 13.25, 1.75], "texture": "#0"},
				"west": {"uv": [6, 11.5, 6.5, 11.75], "texture": "#0"},
				"up": {"uv": [11.75, 6.5, 11.5, 6], "texture": "#0"},
				"down": {"uv": [6.75, 11.5, 6.5, 12], "texture": "#0"}
			}
		},
		{
			"from": [7.5, 15.79396, 2.87157],
			"to": [7.75, 16.29396, 3.87157],
			"rotation": {"angle": -22.5, "axis": "x", "origin": [8, 16.04396, 3.87157]},
			"faces": {
				"north": {"uv": [2, 13, 2.25, 13.25], "texture": "#0"},
				"east": {"uv": [11.5, 6.5, 12, 6.75], "texture": "#0"},
				"south": {"uv": [13, 2, 13.25, 2.25], "texture": "#0"},
				"west": {"uv": [7, 11.5, 7.5, 11.75], "texture": "#0"},
				"up": {"uv": [11.75, 7.5, 11.5, 7], "texture": "#0"},
				"down": {"uv": [7.75, 11.5, 7.5, 12], "texture": "#0"}
			}
		},
		{
			"from": [7.75, 15.16909, 1.70613],
			"to": [8.25, 16.16909, 1.95613],
			"rotation": {"angle": -45, "axis": "x", "origin": [8, 15.64396, 2.97157]},
			"faces": {
				"north": {"uv": [11.5, 7.5, 11.75, 8], "texture": "#0"},
				"east": {"uv": [8, 11.5, 8.25, 12], "texture": "#0"},
				"south": {"uv": [11.5, 8, 11.75, 8.5], "texture": "#0"},
				"west": {"uv": [8.5, 11.5, 8.75, 12], "texture": "#0"},
				"up": {"uv": [2.75, 13.25, 2.5, 13], "texture": "#0"},
				"down": {"uv": [13.25, 2.5, 13, 2.75], "texture": "#0"}
			}
		},
		{
			"from": [7.75, 15.16909, 2.95613],
			"to": [8.25, 16.16909, 3.20613],
			"rotation": {"angle": -45, "axis": "x", "origin": [8, 15.64396, 2.97157]},
			"faces": {
				"north": {"uv": [11.5, 8.5, 11.75, 9], "texture": "#0"},
				"east": {"uv": [9, 11.5, 9.25, 12], "texture": "#0"},
				"south": {"uv": [11.5, 9, 11.75, 9.5], "texture": "#0"},
				"west": {"uv": [9.5, 11.5, 9.75, 12], "texture": "#0"},
				"up": {"uv": [3.25, 13.25, 3, 13], "texture": "#0"},
				"down": {"uv": [13.25, 3, 13, 3.25], "texture": "#0"}
			}
		},
		{
			"from": [7.75, 15.91909, 1.95613],
			"to": [8.25, 16.16909, 2.95613],
			"rotation": {"angle": -45, "axis": "x", "origin": [8, 15.64396, 2.97157]},
			"faces": {
				"north": {"uv": [3.5, 13, 3.75, 13.25], "texture": "#0"},
				"east": {"uv": [11.5, 9.5, 12, 9.75], "texture": "#0"},
				"south": {"uv": [13, 3.5, 13.25, 3.75], "texture": "#0"},
				"west": {"uv": [10, 11.5, 10.5, 11.75], "texture": "#0"},
				"up": {"uv": [11.75, 10.5, 11.5, 10], "texture": "#0"},
				"down": {"uv": [10.75, 11.5, 10.5, 12], "texture": "#0"}
			}
		},
		{
			"from": [7.75, 15.16909, 1.95613],
			"to": [8.25, 15.41909, 2.95613],
			"rotation": {"angle": -45, "axis": "x", "origin": [8, 15.64396, 2.97157]},
			"faces": {
				"north": {"uv": [4, 13, 4.25, 13.25], "texture": "#0"},
				"east": {"uv": [11.5, 10.5, 12, 10.75], "texture": "#0"},
				"south": {"uv": [13, 4, 13.25, 4.25], "texture": "#0"},
				"west": {"uv": [11, 11.5, 11.5, 11.75], "texture": "#0"},
				"up": {"uv": [11.75, 11.5, 11.5, 11], "texture": "#0"},
				"down": {"uv": [11.75, 11.5, 11.5, 12], "texture": "#0"}
			}
		},
		{
			"from": [7.5, 13.66847, 1.99643],
			"to": [8.5, 13.91847, 2.49643],
			"rotation": {"angle": 22.5, "axis": "x", "origin": [8, 14.94396, 2.27157]},
			"faces": {
				"north": {"uv": [0, 12, 0.5, 12.25], "texture": "#0"},
				"east": {"uv": [4.5, 13, 4.75, 13.25], "texture": "#0"},
				"south": {"uv": [12, 0, 12.5, 0.25], "texture": "#0"},
				"west": {"uv": [13, 4.5, 13.25, 4.75], "texture": "#0"},
				"up": {"uv": [1, 12.25, 0.5, 12], "texture": "#0"},
				"down": {"uv": [12.5, 0.5, 12, 0.75], "texture": "#0"}
			}
		},
		{
			"from": [7.5, 14.91847, 1.99643],
			"to": [8.5, 15.16847, 2.49643],
			"rotation": {"angle": 22.5, "axis": "x", "origin": [8, 14.94396, 2.27157]},
			"faces": {
				"north": {"uv": [1, 12, 1.5, 12.25], "texture": "#0"},
				"east": {"uv": [5, 13, 5.25, 13.25], "texture": "#0"},
				"south": {"uv": [12, 1, 12.5, 1.25], "texture": "#0"},
				"west": {"uv": [13, 5, 13.25, 5.25], "texture": "#0"},
				"up": {"uv": [2, 12.25, 1.5, 12], "texture": "#0"},
				"down": {"uv": [12.5, 1.5, 12, 1.75], "texture": "#0"}
			}
		},
		{
			"from": [7.5, 13.91847, 1.99643],
			"to": [7.75, 14.91847, 2.49643],
			"rotation": {"angle": 22.5, "axis": "x", "origin": [8, 14.94396, 2.27157]},
			"faces": {
				"north": {"uv": [2, 12, 2.25, 12.5], "texture": "#0"},
				"east": {"uv": [12, 2, 12.25, 2.5], "texture": "#0"},
				"south": {"uv": [2.5, 12, 2.75, 12.5], "texture": "#0"},
				"west": {"uv": [12, 2.5, 12.25, 3], "texture": "#0"},
				"up": {"uv": [5.75, 13.25, 5.5, 13], "texture": "#0"},
				"down": {"uv": [13.25, 5.5, 13, 5.75], "texture": "#0"}
			}
		},
		{
			"from": [8.25, 13.91847, 1.99643],
			"to": [8.5, 14.91847, 2.49643],
			"rotation": {"angle": 22.5, "axis": "x", "origin": [8, 14.94396, 2.27157]},
			"faces": {
				"north": {"uv": [3, 12, 3.25, 12.5], "texture": "#0"},
				"east": {"uv": [12, 3, 12.25, 3.5], "texture": "#0"},
				"south": {"uv": [3.5, 12, 3.75, 12.5], "texture": "#0"},
				"west": {"uv": [12, 3.5, 12.25, 4], "texture": "#0"},
				"up": {"uv": [6.25, 13.25, 6, 13], "texture": "#0"},
				"down": {"uv": [13.25, 6, 13, 6.25], "texture": "#0"}
			}
		},
		{
			"from": [7.75, 13.99542, 1.3333],
			"to": [8.25, 14.24542, 2.3333],
			"rotation": {"angle": 0, "axis": "x", "origin": [8, 13.94396, 1.87157]},
			"faces": {
				"north": {"uv": [6.5, 13, 6.75, 13.25], "texture": "#0"},
				"east": {"uv": [4, 12, 4.5, 12.25], "texture": "#0"},
				"south": {"uv": [13, 6.5, 13.25, 6.75], "texture": "#0"},
				"west": {"uv": [12, 4, 12.5, 4.25], "texture": "#0"},
				"up": {"uv": [4.75, 12.5, 4.5, 12], "texture": "#0"},
				"down": {"uv": [12.25, 4.5, 12, 5], "texture": "#0"}
			}
		},
		{
			"from": [7.75, 12.99542, 1.3333],
			"to": [8.25, 13.99542, 1.5833],
			"rotation": {"angle": 0, "axis": "x", "origin": [8, 13.94396, 1.87157]},
			"faces": {
				"north": {"uv": [5, 12, 5.25, 12.5], "texture": "#0"},
				"east": {"uv": [12, 5, 12.25, 5.5], "texture": "#0"},
				"south": {"uv": [5.5, 12, 5.75, 12.5], "texture": "#0"},
				"west": {"uv": [12, 5.5, 12.25, 6], "texture": "#0"},
				"up": {"uv": [7.25, 13.25, 7, 13], "texture": "#0"},
				"down": {"uv": [13.25, 7, 13, 7.25], "texture": "#0"}
			}
		},
		{
			"from": [7.75, 12.99542, 2.0833],
			"to": [8.25, 13.99542, 2.3333],
			"rotation": {"angle": 0, "axis": "x", "origin": [8, 13.94396, 1.87157]},
			"faces": {
				"north": {"uv": [6, 12, 6.25, 12.5], "texture": "#0"},
				"east": {"uv": [12, 6, 12.25, 6.5], "texture": "#0"},
				"south": {"uv": [6.5, 12, 6.75, 12.5], "texture": "#0"},
				"west": {"uv": [12, 6.5, 12.25, 7], "texture": "#0"},
				"up": {"uv": [7.75, 13.25, 7.5, 13], "texture": "#0"},
				"down": {"uv": [13.25, 7.5, 13, 7.75], "texture": "#0"}
			}
		},
		{
			"from": [7.5, 12.74542, 1.3333],
			"to": [8.5, 12.99542, 2.3333],
			"rotation": {"angle": 0, "axis": "x", "origin": [8, 13.94396, 1.87157]},
			"faces": {
				"north": {"uv": [7, 12, 7.5, 12.25], "texture": "#0"},
				"east": {"uv": [12, 7, 12.5, 7.25], "texture": "#0"},
				"south": {"uv": [7.5, 12, 8, 12.25], "texture": "#0"},
				"west": {"uv": [12, 7.5, 12.5, 7.75], "texture": "#0"},
				"up": {"uv": [10, 1.5, 9.5, 1], "texture": "#0"},
				"down": {"uv": [2, 9.5, 1.5, 10], "texture": "#0"}
			}
		},
		{
			"from": [6.5, 12.49542, 0.3333],
			"to": [9.5, 12.74542, 3.3333],
			"rotation": {"angle": 0, "axis": "y", "origin": [8, 13.94396, 1.87157]},
			"faces": {
				"north": {"uv": [8.5, 4.5, 10, 4.75], "texture": "#0"},
				"east": {"uv": [8.5, 5, 10, 5.25], "texture": "#0"},
				"south": {"uv": [5.5, 8.5, 7, 8.75], "texture": "#0"},
				"west": {"uv": [8.5, 5.5, 10, 5.75], "texture": "#0"},
				"up": {"uv": [5.5, 7, 4, 5.5], "texture": "#0"},
				"down": {"uv": [7, 5.5, 5.5, 7], "texture": "#0"}
			}
		},
		{
			"from": [6.5, 8.24542, 0.3333],
			"to": [9.5, 8.49542, 3.3333],
			"rotation": {"angle": 0, "axis": "y", "origin": [8, 13.94396, 1.87157]},
			"faces": {
				"north": {"uv": [8.5, 6, 10, 6.25], "texture": "#0"},
				"east": {"uv": [8.5, 6.5, 10, 6.75], "texture": "#0"},
				"south": {"uv": [7, 8.5, 8.5, 8.75], "texture": "#0"},
				"west": {"uv": [8.5, 7, 10, 7.25], "texture": "#0"},
				"up": {"uv": [1.5, 7.5, 0, 6], "texture": "#0"},
				"down": {"uv": [7.5, 0, 6, 1.5], "texture": "#0"}
			}
		},
		{
			"from": [6, 8.49542, -0.1667],
			"to": [10, 12.49542, 3.8333],
			"rotation": {"angle": 0, "axis": "y", "origin": [8, 13.94396, 1.87157]},
			"faces": {
				"north": {"uv": [0, 0, 2, 2], "texture": "#0"},
				"east": {"uv": [0, 2, 2, 4], "texture": "#0"},
				"south": {"uv": [2, 0, 4, 2], "texture": "#0"},
				"west": {"uv": [2, 2, 4, 4], "texture": "#0"},
				"up": {"uv": [2, 6, 0, 4], "texture": "#0"},
				"down": {"uv": [6, 0, 4, 2], "texture": "#0"}
			}
		},
		{
			"from": [10, 8.99542, 0.3333],
			"to": [10.25, 11.99542, 3.3333],
			"rotation": {"angle": 0, "axis": "y", "origin": [8, 13.94396, 1.87157]},
			"faces": {
				"north": {"uv": [1.5, 6, 1.75, 7.5], "texture": "#0"},
				"east": {"uv": [6, 1.5, 7.5, 3], "texture": "#0"},
				"south": {"uv": [8.5, 8.5, 8.75, 10], "texture": "#0"},
				"west": {"uv": [6, 3, 7.5, 4.5], "texture": "#0"},
				"up": {"uv": [0.25, 10.5, 0, 9], "texture": "#0"},
				"down": {"uv": [9.25, 0, 9, 1.5], "texture": "#0"}
			}
		},
		{
			"from": [5.75, 8.99542, 0.3333],
			"to": [6, 11.99542, 3.3333],
			"rotation": {"angle": 0, "axis": "y", "origin": [8, 13.94396, 1.87157]},
			"faces": {
				"north": {"uv": [0.5, 9, 0.75, 10.5], "texture": "#0"},
				"east": {"uv": [4, 7, 5.5, 8.5], "texture": "#0"},
				"south": {"uv": [1, 9, 1.25, 10.5], "texture": "#0"},
				"west": {"uv": [7, 4.5, 8.5, 6], "texture": "#0"},
				"up": {"uv": [3.75, 10.5, 3.5, 9], "texture": "#0"},
				"down": {"uv": [4.25, 9, 4, 10.5], "texture": "#0"}
			}
		},
		{
			"from": [6.5, 8.99542, 3.8333],
			"to": [9.5, 11.99542, 4.0833],
			"rotation": {"angle": 0, "axis": "y", "origin": [8, 13.94396, 1.87157]},
			"faces": {
				"north": {"uv": [5.5, 7, 7, 8.5], "texture": "#0"},
				"east": {"uv": [4.5, 9, 4.75, 10.5], "texture": "#0"},
				"south": {"uv": [7, 6, 8.5, 7.5], "texture": "#0"},
				"west": {"uv": [5, 9, 5.25, 10.5], "texture": "#0"},
				"up": {"uv": [7, 9.25, 5.5, 9], "texture": "#0"},
				"down": {"uv": [8.5, 9, 7, 9.25], "texture": "#0"}
			}
		},
		{
			"from": [6.5, 8.99542, -0.4167],
			"to": [9.5, 11.99542, -0.1667],
			"rotation": {"angle": 0, "axis": "y", "origin": [8, 13.94396, 1.87157]},
			"faces": {
				"north": {"uv": [0, 7.5, 1.5, 9], "texture": "#0"},
				"east": {"uv": [9, 7.5, 9.25, 9], "texture": "#0"},
				"south": {"uv": [7.5, 0, 9, 1.5], "texture": "#0"},
				"west": {"uv": [9, 9, 9.25, 10.5], "texture": "#0"},
				"up": {"uv": [11, 0.25, 9.5, 0], "texture": "#0"},
				"down": {"uv": [11, 0.5, 9.5, 0.75], "texture": "#0"}
			}
		}
	],
	"display": {
		"thirdperson_righthand": {
			"translation": [0, 0.75, 1.5]
		},
		"thirdperson_lefthand": {
			"translation": [0, 0.75, 1.5]
		},
		"firstperson_righthand": {
			"translation": [1.75, 1.75, 0.5]
		},
		"firstperson_lefthand": {
			"translation": [1.75, 1.75, 0.5]
		},
		"ground": {
			"translation": [0, -11.5, 0],
			"scale": [4, 4, 4]
		},
		"gui": {
			"rotation": [0, 90, 0],
			"translation": [2.25, 0, 0]
		},
		"fixed": {
			"rotation": [-90, 0, 0],
			"translation": [0, 0, -30.25],
			"scale": [4, 4, 4]
		}
	},
	"groups": [
		{
			"name": "FlailMace",
			"origin": [8, 8, 8],
			"color": 0,
			"children": [
				0,
				1,
				2,
				3,
				4,
				{
					"name": "chain1",
					"origin": [8, 8, 8],
					"color": 0,
					"children": [5, 6, 7]
				},
				{
					"name": "chain2",
					"origin": [8, 8, 8],
					"color": 0,
					"children": [8, 9, 10, 11]
				},
				{
					"name": "chain3",
					"origin": [8, 8, 8],
					"color": 0,
					"children": [12, 13, 14, 15]
				},
				{
					"name": "chain4",
					"origin": [8, 8, 8],
					"color": 0,
					"children": [16, 17, 18, 19]
				},
				{
					"name": "chain5",
					"origin": [8, 8, 8],
					"color": 0,
					"children": [20, 21, 22, 23]
				},
				{
					"name": "chain6",
					"origin": [8, 8, 8],
					"color": 0,
					"children": [24, 25, 26, 27]
				},
				{
					"name": "chain7",
					"origin": [8, 8, 8],
					"color": 0,
					"children": [28, 29, 30, 31]
				},
				{
					"name": "chain8",
					"origin": [8, 8, 8],
					"color": 0,
					"children": [32, 33, 34, 35]
				},
				{
					"name": "chain9",
					"origin": [8, 8, 8],
					"color": 0,
					"children": [36, 37, 38, 39]
				},
				{
					"name": "chain10",
					"origin": [8, 8, 8],
					"color": 0,
					"children": [40, 41, 42, 43]
				},
				{
					"name": "chain11",
					"origin": [8, 8, 8],
					"color": 0,
					"children": [44, 45, 46, 47]
				},
				{
					"name": "chain12",
					"origin": [8, 8, 8],
					"color": 0,
					"children": [48, 49, 50, 51]
				},
				{
					"name": "chain13",
					"origin": [8, 8, 8],
					"color": 0,
					"children": [52, 53, 54]
				},
				55,
				56,
				57,
				58,
				59,
				60,
				61,
				62
			]
		}
	]
}