{
	"credit": "Made with Blockbench",
	"texture_size": [64, 64],
	"textures": {
		"0": "item/Flamethrower",
		"particle": "item/Flamethrower"
	},
	"elements": [
		{
			"from": [7.5, 6.84462, 6.73254],
			"to": [8.5, 7.84462, 8.23254],
			"rotation": {"angle": -22.5, "axis": "x", "origin": [9, 7.34462, 7.73254]},
			"faces": {
				"north": {"uv": [4.25, 1.5, 4.5, 1.75], "texture": "#0"},
				"east": {"uv": [8.25, 4.25, 8.625, 4.5], "texture": "#0"},
				"south": {"uv": [3.75, 4.5, 4, 4.75], "texture": "#0"},
				"west": {"uv": [8.25, 4.5, 8.625, 4.75], "texture": "#0"},
				"up": {"uv": [4.75, 8.625, 4.5, 8.25], "texture": "#0"},
				"down": {"uv": [5.25, 8.25, 5, 8.625], "texture": "#0"}
			}
		},
		{
			"from": [7, 7, -6],
			"to": [9, 9, 1],
			"faces": {
				"north": {"uv": [3.5, 7.5, 4, 8], "texture": "#0"},
				"east": {"uv": [5.25, 2.25, 7, 2.75], "texture": "#0"},
				"south": {"uv": [5, 7.5, 5.5, 8], "texture": "#0"},
				"west": {"uv": [5.25, 2.75, 7, 3.25], "texture": "#0"},
				"up": {"uv": [0.5, 7.25, 0, 5.5], "texture": "#0"},
				"down": {"uv": [1, 5.5, 0.5, 7.25], "texture": "#0"}
			}
		},
		{
			"from": [6.5, 7, -11],
			"to": [9.5, 9, -6],
			"faces": {
				"north": {"uv": [7.5, 0.5, 8.25, 1], "texture": "#0"},
				"east": {"uv": [5.75, 1, 7, 1.5], "texture": "#0"},
				"south": {"uv": [7.5, 1, 8.25, 1.5], "texture": "#0"},
				"west": {"uv": [5.75, 4.75, 7, 5.25], "texture": "#0"},
				"up": {"uv": [3.75, 5.75, 3, 4.5], "texture": "#0"},
				"down": {"uv": [4.5, 4.75, 3.75, 6], "texture": "#0"}
			}
		},
		{
			"from": [7, 6.5, -11],
			"to": [9, 9.5, -6],
			"rotation": {"angle": 0, "axis": "y", "origin": [8, 8, -8.5]},
			"faces": {
				"north": {"uv": [6.5, 7.25, 7, 8], "texture": "#0"},
				"east": {"uv": [4.5, 4.75, 5.75, 5.5], "texture": "#0"},
				"south": {"uv": [1.5, 7.5, 2, 8.25], "texture": "#0"},
				"west": {"uv": [1.5, 5.25, 2.75, 6], "texture": "#0"},
				"up": {"uv": [7, 7.25, 6.5, 6], "texture": "#0"},
				"down": {"uv": [7.5, 1, 7, 2.25], "texture": "#0"}
			}
		},
		{
			"from": [6.5, 6.5, 1],
			"to": [9.5, 9.5, 7],
			"faces": {
				"north": {"uv": [6, 1.5, 6.75, 2.25], "texture": "#0"},
				"east": {"uv": [1.5, 4.5, 3, 5.25], "texture": "#0"},
				"south": {"uv": [6.75, 5.25, 7.5, 6], "texture": "#0"},
				"west": {"uv": [4.5, 1.5, 6, 2.25], "texture": "#0"},
				"up": {"uv": [1.75, 3.5, 1, 2], "texture": "#0"},
				"down": {"uv": [5.25, 2.25, 4.5, 3.75], "texture": "#0"}
			}
		},
		{
			"from": [7, 1.75, 3.5],
			"to": [9, 7.5, 5.5],
			"rotation": {"angle": -22.5, "axis": "x", "origin": [8, 4.5, 5]},
			"faces": {
				"north": {"uv": [1.5, 6, 2, 7.5], "texture": "#0"},
				"east": {"uv": [2, 6, 2.5, 7.5], "texture": "#0"},
				"south": {"uv": [3.75, 6, 4.25, 7.5], "texture": "#0"},
				"west": {"uv": [5, 6, 5.5, 7.5], "texture": "#0"},
				"up": {"uv": [8, 5.75, 7.5, 5.25], "texture": "#0"},
				"down": {"uv": [6, 7.5, 5.5, 8], "texture": "#0"}
			}
		},
		{
			"from": [6.65328, 7.5, 6.7706],
			"to": [7.65328, 8.5, 8.2706],
			"rotation": {"angle": 22.5, "axis": "y", "origin": [7.15328, 9, 7.2706]},
			"faces": {
				"north": {"uv": [6.75, 2, 7, 2.25], "texture": "#0"},
				"east": {"uv": [5.25, 8.25, 5.625, 8.5], "texture": "#0"},
				"south": {"uv": [7.75, 8.5, 8, 8.75], "texture": "#0"},
				"west": {"uv": [5.75, 8.25, 6.125, 8.5], "texture": "#0"},
				"up": {"uv": [8.5, 7.375, 8.25, 7], "texture": "#0"},
				"down": {"uv": [7.75, 8.25, 7.5, 8.625], "texture": "#0"}
			}
		},
		{
			"from": [7.5, 8.34672, 6.7706],
			"to": [8.5, 9.34672, 8.2706],
			"rotation": {"angle": 22.5, "axis": "x", "origin": [9, 8.84672, 7.2706]},
			"faces": {
				"north": {"uv": [8.5, 7.75, 8.75, 8], "texture": "#0"},
				"east": {"uv": [8.25, 7.5, 8.625, 7.75], "texture": "#0"},
				"south": {"uv": [8, 8.5, 8.25, 8.75], "texture": "#0"},
				"west": {"uv": [7.75, 8.25, 8.125, 8.5], "texture": "#0"},
				"up": {"uv": [8.5, 8.125, 8.25, 7.75], "texture": "#0"},
				"down": {"uv": [8.5, 8.25, 8.25, 8.625], "texture": "#0"}
			}
		},
		{
			"from": [8.34672, 7.5, 6.7706],
			"to": [9.34672, 8.5, 8.2706],
			"rotation": {"angle": -22.5, "axis": "y", "origin": [8.84672, 9, 7.2706]},
			"faces": {
				"north": {"uv": [8.5, 8, 8.75, 8.25], "texture": "#0"},
				"east": {"uv": [8.5, 0, 8.875, 0.25], "texture": "#0"},
				"south": {"uv": [8.5, 8.25, 8.75, 8.5], "texture": "#0"},
				"west": {"uv": [8.5, 0.25, 8.875, 0.5], "texture": "#0"},
				"up": {"uv": [8.75, 3.625, 8.5, 3.25], "texture": "#0"},
				"down": {"uv": [8.75, 3.75, 8.5, 4.125], "texture": "#0"}
			}
		},
		{
			"from": [7.501, 7.07403, 7.38582],
			"to": [8.499, 8.92597, 9.13582],
			"rotation": {"angle": 0, "axis": "y", "origin": [0.5, 2.92597, -0.61418]},
			"faces": {
				"north": {"uv": [2.75, 5.25, 3, 5.75], "texture": "#0"},
				"east": {"uv": [7.5, 6.75, 7.875, 7.25], "texture": "#0"},
				"south": {"uv": [6.75, 1.5, 7, 2], "texture": "#0"},
				"west": {"uv": [7.5, 7.25, 7.875, 7.75], "texture": "#0"},
				"up": {"uv": [5.5, 8.875, 5.25, 8.5], "texture": "#0"},
				"down": {"uv": [5.75, 8.5, 5.5, 8.875], "texture": "#0"}
			}
		},
		{
			"from": [7.07403, 7.501, 7.38582],
			"to": [8.92597, 8.499, 9.13582],
			"rotation": {"angle": 0, "axis": "y", "origin": [0.07403, 3.5, 1.38582]},
			"faces": {
				"north": {"uv": [2.25, 3.5, 2.75, 3.75], "texture": "#0"},
				"east": {"uv": [3.75, 1.5, 4.25, 1.75], "texture": "#0"},
				"south": {"uv": [5.75, 5.25, 6.25, 5.5], "texture": "#0"},
				"west": {"uv": [6.25, 5.25, 6.75, 5.5], "texture": "#0"},
				"up": {"uv": [8, 6.25, 7.5, 5.75], "texture": "#0"},
				"down": {"uv": [6.5, 7.5, 6, 8], "texture": "#0"}
			}
		},
		{
			"from": [7.5, 6.17, 0.81815],
			"to": [8.5, 7.17, 1.81815],
			"rotation": {"angle": -45, "axis": "x", "origin": [8, 6.82241, 1.31815]},
			"faces": {
				"north": {"uv": [8.5, 8.5, 8.75, 8.75], "texture": "#0"},
				"east": {"uv": [0, 8.75, 0.25, 9], "texture": "#0"},
				"south": {"uv": [0.25, 8.75, 0.5, 9], "texture": "#0"},
				"west": {"uv": [0.5, 8.75, 0.75, 9], "texture": "#0"},
				"up": {"uv": [9, 0.75, 8.75, 0.5], "texture": "#0"},
				"down": {"uv": [1, 8.75, 0.75, 9], "texture": "#0"}
			}
		},
		{
			"from": [7.75, 5.60582, -0.34363],
			"to": [8.25, 6.10582, 1.40637],
			"rotation": {"angle": -22.5, "axis": "x", "origin": [8.25, 5.85582, 0.40637]},
			"faces": {
				"north": {"uv": [9, 4, 9.125, 4.125], "texture": "#0"},
				"east": {"uv": [8.75, 0.75, 9.25, 0.875], "texture": "#0"},
				"south": {"uv": [4.25, 9, 4.375, 9.125], "texture": "#0"},
				"west": {"uv": [1, 8.75, 1.5, 8.875], "texture": "#0"},
				"up": {"uv": [8.875, 1.5, 8.75, 1], "texture": "#0"},
				"down": {"uv": [1.625, 8.75, 1.5, 9.25], "texture": "#0"}
			}
		},
		{
			"from": [7.75, 5.33784, -11.69086],
			"to": [8.248, 5.83784, -0.19086],
			"rotation": {"angle": 0, "axis": "y", "origin": [-0.865, 0.23784, -0.19086]},
			"faces": {
				"north": {"uv": [9, 4.25, 9.125, 4.375], "texture": "#0"},
				"east": {"uv": [7.5, 1.5, 10.375, 1.625], "texture": "#0"},
				"south": {"uv": [4.5, 9, 4.625, 9.125], "texture": "#0"},
				"west": {"uv": [7.5, 1.75, 10.375, 1.875], "texture": "#0"},
				"up": {"uv": [2.625, 8.875, 2.5, 6], "texture": "#0"},
				"down": {"uv": [4.875, 7.25, 4.75, 10.125], "texture": "#0"}
			}
		},
		{
			"from": [7.749, 5.67883, -11.51409],
			"to": [8.249, 6.17883, -10.51409],
			"rotation": {"angle": 45, "axis": "x", "origin": [7.999, 6.92883, -11.51409]},
			"faces": {
				"north": {"uv": [9, 4.5, 9.125, 4.625], "texture": "#0"},
				"east": {"uv": [8.5, 8.75, 8.75, 8.875], "texture": "#0"},
				"south": {"uv": [5, 9, 5.125, 9.125], "texture": "#0"},
				"west": {"uv": [8.75, 8.75, 9, 8.875], "texture": "#0"},
				"up": {"uv": [0.125, 9.25, 0, 9], "texture": "#0"},
				"down": {"uv": [9.125, 0, 9, 0.25], "texture": "#0"}
			}
		},
		{
			"from": [7.249, 6.04495, -12.39797],
			"to": [8.749, 7.29495, -11.89797],
			"rotation": {"angle": 0, "axis": "y", "origin": [-1.251, 4.04495, -1.39797]},
			"faces": {
				"north": {"uv": [0, 8.25, 0.375, 8.625], "texture": "#0"},
				"east": {"uv": [8.75, 7, 8.875, 7.375], "texture": "#0"},
				"south": {"uv": [0.5, 8.25, 0.875, 8.625], "texture": "#0"},
				"west": {"uv": [7.5, 8.75, 7.625, 9.125], "texture": "#0"},
				"up": {"uv": [9.125, 7.625, 8.75, 7.5], "texture": "#0"},
				"down": {"uv": [8.125, 8.75, 7.75, 8.875], "texture": "#0"}
			}
		},
		{
			"from": [7.5, 7.501, 9.13582],
			"to": [8.4981, 8.499, 14.13582],
			"rotation": {"angle": 0, "axis": "y", "origin": [-0.499, -0.07403, -0.11418]},
			"faces": {
				"north": {"uv": [1.75, 8.75, 2, 9], "texture": "#0"},
				"east": {"uv": [1, 3.5, 2.25, 3.75], "texture": "#0"},
				"south": {"uv": [2, 8.75, 2.25, 9], "texture": "#0"},
				"west": {"uv": [7.5, 2, 8.75, 2.25], "texture": "#0"},
				"up": {"uv": [4.5, 7.25, 4.25, 6], "texture": "#0"},
				"down": {"uv": [2.25, 7.5, 2, 8.75], "texture": "#0"}
			}
		},
		{
			"from": [7.5, 8.32242, 8.88582],
			"to": [8.5, 8.82242, 9.63582],
			"rotation": {"angle": 45, "axis": "x", "origin": [8.001, 8.57242, 9.13582]},
			"faces": {
				"north": {"uv": [0.25, 9, 0.5, 9.125], "texture": "#0"},
				"east": {"uv": [9, 0.25, 9.25, 0.375], "texture": "#0"},
				"south": {"uv": [0.5, 9, 0.75, 9.125], "texture": "#0"},
				"west": {"uv": [9, 0.5, 9.25, 0.625], "texture": "#0"},
				"up": {"uv": [9, 2.25, 8.75, 2], "texture": "#0"},
				"down": {"uv": [2.5, 8.75, 2.25, 9], "texture": "#0"}
			}
		},
		{
			"from": [7.17758, 7.5, 8.88582],
			"to": [7.67758, 8.5, 9.63582],
			"rotation": {"angle": 45, "axis": "y", "origin": [7.42758, 7.999, 9.13582]},
			"faces": {
				"north": {"uv": [0.75, 9, 0.875, 9.25], "texture": "#0"},
				"east": {"uv": [8.75, 2.25, 9, 2.5], "texture": "#0"},
				"south": {"uv": [1, 9, 1.125, 9.25], "texture": "#0"},
				"west": {"uv": [8.75, 2.5, 9, 2.75], "texture": "#0"},
				"up": {"uv": [9.125, 1.25, 9, 1], "texture": "#0"},
				"down": {"uv": [1.375, 9, 1.25, 9.25], "texture": "#0"}
			}
		},
		{
			"from": [7.5, 7.17758, 8.88582],
			"to": [8.5, 7.67758, 9.63582],
			"rotation": {"angle": -45, "axis": "x", "origin": [8.001, 7.42758, 9.13582]},
			"faces": {
				"north": {"uv": [9, 1.25, 9.25, 1.375], "texture": "#0"},
				"east": {"uv": [1.75, 9, 2, 9.125], "texture": "#0"},
				"south": {"uv": [2, 9, 2.25, 9.125], "texture": "#0"},
				"west": {"uv": [9, 2, 9.25, 2.125], "texture": "#0"},
				"up": {"uv": [3, 9, 2.75, 8.75], "texture": "#0"},
				"down": {"uv": [9, 2.75, 8.75, 3], "texture": "#0"}
			}
		},
		{
			"from": [8.32242, 7.5, 8.88582],
			"to": [8.82242, 8.5, 9.63582],
			"rotation": {"angle": -45, "axis": "y", "origin": [8.57242, 7.999, 9.13582]},
			"faces": {
				"north": {"uv": [2.25, 9, 2.375, 9.25], "texture": "#0"},
				"east": {"uv": [3, 8.75, 3.25, 9], "texture": "#0"},
				"south": {"uv": [9, 2.25, 9.125, 2.5], "texture": "#0"},
				"west": {"uv": [8.75, 3, 9, 3.25], "texture": "#0"},
				"up": {"uv": [2.625, 9.25, 2.5, 9], "texture": "#0"},
				"down": {"uv": [9.125, 2.5, 9, 2.75], "texture": "#0"}
			}
		},
		{
			"from": [7.5, 7.52583, 12.07587],
			"to": [8.4981, 8.52383, 14.07587],
			"rotation": {"angle": 45, "axis": "x", "origin": [7.99905, 6.02483, 13.07587]},
			"faces": {
				"north": {"uv": [3.25, 8.75, 3.5, 9], "texture": "#0"},
				"east": {"uv": [8.25, 1, 8.75, 1.25], "texture": "#0"},
				"south": {"uv": [8.75, 3.25, 9, 3.5], "texture": "#0"},
				"west": {"uv": [8.25, 1.25, 8.75, 1.5], "texture": "#0"},
				"up": {"uv": [7.5, 8.5, 7.25, 8], "texture": "#0"},
				"down": {"uv": [1.75, 8.25, 1.5, 8.75], "texture": "#0"}
			}
		},
		{
			"from": [7.5, 2.08479, 14.55003],
			"to": [8.5, 7.08479, 15.55003],
			"rotation": {"angle": 0, "axis": "y", "origin": [-0.5, 5.08479, 0.55003]},
			"faces": {
				"north": {"uv": [2.25, 7.5, 2.5, 8.75], "texture": "#0"},
				"east": {"uv": [2.75, 7.5, 3, 8.75], "texture": "#0"},
				"south": {"uv": [3, 7.5, 3.25, 8.75], "texture": "#0"},
				"west": {"uv": [3.25, 7.5, 3.5, 8.75], "texture": "#0"},
				"up": {"uv": [9, 3.75, 8.75, 3.5], "texture": "#0"},
				"down": {"uv": [9, 3.75, 8.75, 4], "texture": "#0"}
			}
		},
		{
			"from": [-2, -0.5, 13],
			"to": [6, 2.5, 16],
			"rotation": {"angle": -22.5, "axis": "x", "origin": [5, 1, 15]},
			"faces": {
				"north": {"uv": [0, 3.75, 2, 4.5], "texture": "#0"},
				"east": {"uv": [7, 2.25, 7.75, 3], "texture": "#0"},
				"south": {"uv": [3.75, 0, 5.75, 0.75], "texture": "#0"},
				"west": {"uv": [7, 3, 7.75, 3.75], "texture": "#0"},
				"up": {"uv": [5.75, 1.5, 3.75, 0.75], "texture": "#0"},
				"down": {"uv": [4, 3.75, 2, 4.5], "texture": "#0"}
			}
		},
		{
			"from": [-1.5, -1.25, 12.25],
			"to": [5.5, 0.75, 12.75],
			"rotation": {"angle": -22.5, "axis": "x", "origin": [1, 1, 11.75]},
			"faces": {
				"north": {"uv": [5.25, 3.25, 7, 3.75], "texture": "#0"},
				"east": {"uv": [4, 8.75, 4.125, 9.25], "texture": "#0"},
				"south": {"uv": [5.5, 3.75, 7.25, 4.25], "texture": "#0"},
				"west": {"uv": [8.75, 4, 8.875, 4.5], "texture": "#0"},
				"up": {"uv": [9.25, 6.375, 7.5, 6.25], "texture": "#0"},
				"down": {"uv": [9.25, 6.5, 7.5, 6.625], "texture": "#0"}
			}
		},
		{
			"from": [3, -2.42262, 5.68216],
			"to": [5, 1.57738, 12.68216],
			"rotation": {"angle": -22.5, "axis": "x", "origin": [4.5, -0.17262, 11.53216]},
			"faces": {
				"north": {"uv": [7, 6, 7.5, 7], "texture": "#0"},
				"east": {"uv": [0, 0, 1.75, 1], "texture": "#0"},
				"south": {"uv": [7, 7, 7.5, 8], "texture": "#0"},
				"west": {"uv": [0, 1, 1.75, 2], "texture": "#0"},
				"up": {"uv": [1.5, 7.25, 1, 5.5], "texture": "#0"},
				"down": {"uv": [5, 5.5, 4.5, 7.25], "texture": "#0"}
			}
		},
		{
			"from": [2, -1.42262, 5.68216],
			"to": [6, 0.57738, 12.68216],
			"rotation": {"angle": -22.5, "axis": "x", "origin": [4.5, -0.17262, 11.53216]},
			"faces": {
				"north": {"uv": [7, 4.75, 8, 5.25], "texture": "#0"},
				"east": {"uv": [5.5, 4.25, 7.25, 4.75], "texture": "#0"},
				"south": {"uv": [7.25, 3.75, 8.25, 4.25], "texture": "#0"},
				"west": {"uv": [5, 5.5, 6.75, 6], "texture": "#0"},
				"up": {"uv": [2.75, 1.75, 1.75, 0], "texture": "#0"},
				"down": {"uv": [2.75, 1.75, 1.75, 3.5], "texture": "#0"}
			}
		},
		{
			"from": [-2, -1.42262, 5.68216],
			"to": [2, 0.57738, 12.68216],
			"rotation": {"angle": -22.5, "axis": "x", "origin": [4.5, -0.17262, 11.53216]},
			"faces": {
				"north": {"uv": [7.25, 4.25, 8.25, 4.75], "texture": "#0"},
				"east": {"uv": [5.75, 0, 7.5, 0.5], "texture": "#0"},
				"south": {"uv": [7.5, 0, 8.5, 0.5], "texture": "#0"},
				"west": {"uv": [5.75, 0.5, 7.5, 1], "texture": "#0"},
				"up": {"uv": [1, 3.75, 0, 2], "texture": "#0"},
				"down": {"uv": [3.75, 0, 2.75, 1.75], "texture": "#0"}
			}
		},
		{
			"from": [-1, -2.42262, 5.68216],
			"to": [1, 1.57738, 12.68216],
			"rotation": {"angle": -22.5, "axis": "x", "origin": [4.5, -0.17262, 11.53216]},
			"faces": {
				"north": {"uv": [1, 7.25, 1.5, 8.25], "texture": "#0"},
				"east": {"uv": [2.75, 1.75, 4.5, 2.75], "texture": "#0"},
				"south": {"uv": [4.25, 7.25, 4.75, 8.25], "texture": "#0"},
				"west": {"uv": [2.75, 2.75, 4.5, 3.75], "texture": "#0"},
				"up": {"uv": [3.25, 7.5, 2.75, 5.75], "texture": "#0"},
				"down": {"uv": [3.75, 5.75, 3.25, 7.5], "texture": "#0"}
			}
		},
		{
			"from": [6, 0.63425, 13.67493],
			"to": [8, 1.63425, 14.67493],
			"rotation": {"angle": -22.5, "axis": "x", "origin": [7, 1.88425, 15.17493]},
			"faces": {
				"north": {"uv": [8.25, 2.25, 8.75, 2.5], "texture": "#0"},
				"east": {"uv": [4.25, 8.75, 4.5, 9], "texture": "#0"},
				"south": {"uv": [8.25, 2.5, 8.75, 2.75], "texture": "#0"},
				"west": {"uv": [4.5, 8.75, 4.75, 9], "texture": "#0"},
				"up": {"uv": [8.75, 3, 8.25, 2.75], "texture": "#0"},
				"down": {"uv": [8.75, 3, 8.25, 3.25], "texture": "#0"}
			}
		},
		{
			"from": [7.5, 0.35225, 14.20541],
			"to": [8.5, 2.35225, 15.20541],
			"rotation": {"angle": 22.5, "axis": "x", "origin": [8, 1.35225, 14.70541]},
			"faces": {
				"north": {"uv": [1.75, 8.25, 2, 8.75], "texture": "#0"},
				"east": {"uv": [8.25, 3.25, 8.5, 3.75], "texture": "#0"},
				"south": {"uv": [8.25, 3.75, 8.5, 4.25], "texture": "#0"},
				"west": {"uv": [4.25, 8.25, 4.5, 8.75], "texture": "#0"},
				"up": {"uv": [9, 4.75, 8.75, 4.5], "texture": "#0"},
				"down": {"uv": [5.25, 8.75, 5, 9], "texture": "#0"}
			}
		},
		{
			"from": [7, -0.1, 13.68],
			"to": [9, 1.4, 15.18],
			"rotation": {"angle": -22.5, "axis": "x", "origin": [8, 1, 14]},
			"faces": {
				"north": {"uv": [7.75, 2.25, 8.25, 2.625], "texture": "#0"},
				"east": {"uv": [8.25, 0.5, 8.625, 0.875], "texture": "#0"},
				"south": {"uv": [7.75, 2.75, 8.25, 3.125], "texture": "#0"},
				"west": {"uv": [1, 8.25, 1.375, 8.625], "texture": "#0"},
				"up": {"uv": [8.25, 3.625, 7.75, 3.25], "texture": "#0"},
				"down": {"uv": [8, 7.75, 7.5, 8.125], "texture": "#0"}
			}
		},
		{
			"from": [7.5, 5.25, 2],
			"to": [8.5, 5.5, 3.25],
			"faces": {
				"north": {"uv": [2.75, 9, 3, 9.125], "texture": "#0"},
				"east": {"uv": [8.75, 7.75, 9.125, 7.875], "texture": "#0"},
				"south": {"uv": [9, 2.75, 9.25, 2.875], "texture": "#0"},
				"west": {"uv": [8.75, 8, 9.125, 8.125], "texture": "#0"},
				"up": {"uv": [6, 8.875, 5.75, 8.5], "texture": "#0"},
				"down": {"uv": [6.25, 8.5, 6, 8.875], "texture": "#0"}
			}
		},
		{
			"from": [7.5, 5.0455, 1.25628],
			"to": [8.5, 5.5455, 1.50628],
			"rotation": {"angle": -45, "axis": "x", "origin": [8, 6.0455, 1.38128]},
			"faces": {
				"north": {"uv": [3, 9, 3.25, 9.125], "texture": "#0"},
				"east": {"uv": [5.25, 9, 5.375, 9.125], "texture": "#0"},
				"south": {"uv": [9, 3, 9.25, 3.125], "texture": "#0"},
				"west": {"uv": [5.5, 9, 5.625, 9.125], "texture": "#0"},
				"up": {"uv": [3.5, 9.125, 3.25, 9], "texture": "#0"},
				"down": {"uv": [9.25, 3.25, 9, 3.375], "texture": "#0"}
			}
		},
		{
			"from": [7.5, 5.60355, 1.64645],
			"to": [8.5, 6.85355, 1.89645],
			"rotation": {"angle": 0, "axis": "y", "origin": [0, 1.60355, 1.64645]},
			"faces": {
				"north": {"uv": [8.5, 7, 8.75, 7.375], "texture": "#0"},
				"east": {"uv": [8.25, 8.75, 8.375, 9.125], "texture": "#0"},
				"south": {"uv": [7.25, 8.5, 7.5, 8.875], "texture": "#0"},
				"west": {"uv": [8.75, 8.25, 8.875, 8.625], "texture": "#0"},
				"up": {"uv": [9.25, 3.625, 9, 3.5], "texture": "#0"},
				"down": {"uv": [9.25, 3.75, 9, 3.875], "texture": "#0"}
			}
		},
		{
			"from": [6.75, 8.68934, -11],
			"to": [7.25, 9.39645, -6],
			"rotation": {"angle": -45, "axis": "z", "origin": [7, 9.14645, -8.5]},
			"faces": {
				"north": {"uv": [5.75, 9, 5.875, 9.125], "texture": "#0"},
				"east": {"uv": [8, 4.75, 9.25, 4.875], "texture": "#0"},
				"south": {"uv": [6, 9, 6.125, 9.125], "texture": "#0"},
				"west": {"uv": [5, 8, 6.25, 8.125], "texture": "#0"},
				"up": {"uv": [4.125, 8.75, 4, 7.5], "texture": "#0"},
				"down": {"uv": [3.625, 8, 3.5, 9.25], "texture": "#0"}
			}
		},
		{
			"from": [8.75, 8.68934, -11],
			"to": [9.25, 9.39645, -6],
			"rotation": {"angle": 45, "axis": "z", "origin": [9, 9.14645, -8.5]},
			"faces": {
				"north": {"uv": [9, 7, 9.125, 7.125], "texture": "#0"},
				"east": {"uv": [8, 5, 9.25, 5.125], "texture": "#0"},
				"south": {"uv": [7.25, 9, 7.375, 9.125], "texture": "#0"},
				"west": {"uv": [8, 5.25, 9.25, 5.375], "texture": "#0"},
				"up": {"uv": [3.875, 9.25, 3.75, 8], "texture": "#0"},
				"down": {"uv": [6.375, 8, 6.25, 9.25], "texture": "#0"}
			}
		},
		{
			"from": [6.60355, 6.75, -11],
			"to": [7.31066, 7.25, -6],
			"rotation": {"angle": -45, "axis": "z", "origin": [6.85355, 7, -8.5]},
			"faces": {
				"north": {"uv": [9, 7.25, 9.125, 7.375], "texture": "#0"},
				"east": {"uv": [8, 5.5, 9.25, 5.625], "texture": "#0"},
				"south": {"uv": [7.75, 9, 7.875, 9.125], "texture": "#0"},
				"west": {"uv": [8, 5.75, 9.25, 5.875], "texture": "#0"},
				"up": {"uv": [6.625, 9.25, 6.5, 8], "texture": "#0"},
				"down": {"uv": [6.875, 8, 6.75, 9.25], "texture": "#0"}
			}
		},
		{
			"from": [8.68934, 6.75, -11],
			"to": [9.39645, 7.25, -6],
			"rotation": {"angle": 45, "axis": "z", "origin": [9.14645, 7, -8.5]},
			"faces": {
				"north": {"uv": [8, 9, 8.125, 9.125], "texture": "#0"},
				"east": {"uv": [8, 6, 9.25, 6.125], "texture": "#0"},
				"south": {"uv": [9, 8.25, 9.125, 8.375], "texture": "#0"},
				"west": {"uv": [8, 6.75, 9.25, 6.875], "texture": "#0"},
				"up": {"uv": [7.125, 9.25, 7, 8], "texture": "#0"},
				"down": {"uv": [8.125, 7, 8, 8.25], "texture": "#0"}
			}
		}
	],
	"display": {
		"thirdperson_righthand": {
			"translation": [0, 1.75, 5.5]
		},
		"thirdperson_lefthand": {
			"rotation": [67.5, 0, 0],
			"translation": [0, 3.5, 0]
		},
		"firstperson_righthand": {
			"translation": [1.25, 2, 1.25]
		},
		"firstperson_lefthand": {
			"translation": [2.75, 3.5, -5.25]
		},
		"ground": {
			"translation": [0, 4.25, 0],
			"scale": [2, 2, 2]
		},
		"gui": {
			"rotation": [0, 90, 0],
			"translation": [3, 3.75, 0]
		},
		"head": {
			"translation": [10, -5.25, -0.75]
		},
		"fixed": {
			"rotation": [0, 90, 0],
			"translation": [4.75, 2.25, -0.75]
		}
	},
	"groups": [
		{
			"name": "Flamethrower",
			"origin": [8, 8, 8],
			"color": 0,
			"children": [0, 1, 2, 3, 4, 5, 6, 7, 8, 9, 10, 11, 12, 13, 14, 15, 16, 17, 18, 19, 20, 21, 22, 23, 24, 25, 26, 27, 28, 29, 30, 31, 32, 33, 34, 35, 36, 37, 38]
		}
	]
}