{
	"credit": "Made with Blockbench",
	"texture_size": [32, 32],
	"textures": {
		"0": "block/FlareGun",
		"particle": "block/FlareGun"
	},
	"elements": [
		{
			"from": [7, 6, 2],
			"to": [9, 8, 9],
			"rotation": {"angle": -45, "axis": "z", "origin": [8, 7, 6.5]},
			"faces": {
				"north": {"uv": [5.5, 4.5, 6.5, 5.5], "texture": "#0"},
				"east": {"uv": [0, 2, 3.5, 3], "texture": "#0"},
				"south": {"uv": [5.5, 5.5, 6.5, 6.5], "texture": "#0"},
				"west": {"uv": [0, 3, 3.5, 4], "texture": "#0"},
				"up": {"uv": [4.5, 5.5, 3.5, 2], "texture": "#0"},
				"down": {"uv": [1, 4, 0, 7.5], "texture": "#0"}
			}
		},
		{
			"from": [6.58579, 5.6, 9],
			"to": [9.41421, 8.45, 10],
			"rotation": {"angle": 0, "axis": "y", "origin": [7, 6, 9]},
			"faces": {
				"north": {"uv": [4, 0, 5.5, 1.5], "texture": "#0"},
				"east": {"uv": [2, 5.5, 2.5, 7], "texture": "#0"},
				"south": {"uv": [1, 4, 2.5, 5.5], "texture": "#0"},
				"west": {"uv": [6.5, 3, 7, 4.5], "texture": "#0"},
				"up": {"uv": [8, 5, 6.5, 4.5], "texture": "#0"},
				"down": {"uv": [8, 5, 6.5, 5.5], "texture": "#0"}
			}
		},
		{
			"from": [7.5, 5.28687, 9.91761],
			"to": [8.5, 7.83687, 10.91761],
			"rotation": {"angle": -22.5, "axis": "x", "origin": [7, 5.83687, 8.91761]},
			"faces": {
				"north": {"uv": [5.5, 6.5, 6, 8], "texture": "#0"},
				"east": {"uv": [6.5, 5.5, 7, 7], "texture": "#0"},
				"south": {"uv": [6, 6.5, 6.5, 8], "texture": "#0"},
				"west": {"uv": [1, 7, 1.5, 8.5], "texture": "#0"},
				"up": {"uv": [8, 1, 7.5, 0.5], "texture": "#0"},
				"down": {"uv": [8, 1, 7.5, 1.5], "texture": "#0"}
			}
		},
		{
			"from": [7.5, 4.5, 4],
			"to": [8.5, 6.1, 12],
			"rotation": {"angle": 0, "axis": "y", "origin": [7, 4, 7]},
			"faces": {
				"north": {"uv": [4, 7, 4.5, 8], "texture": "#0"},
				"east": {"uv": [0, 0, 4, 1], "texture": "#0"},
				"south": {"uv": [4.5, 7, 5, 8], "texture": "#0"},
				"west": {"uv": [0, 1, 4, 2], "texture": "#0"},
				"up": {"uv": [3, 8, 2.5, 4], "texture": "#0"},
				"down": {"uv": [3.5, 4, 3, 8], "texture": "#0"}
			}
		},
		{
			"from": [7.25, 3.79344, 10.4588],
			"to": [8.75, 6.79344, 12.4588],
			"rotation": {"angle": -22.5, "axis": "x", "origin": [8.5, 4.79344, 11.4588]},
			"faces": {
				"north": {"uv": [4.5, 1.5, 5.5, 3], "texture": "#0"},
				"east": {"uv": [4.5, 3, 5.5, 4.5], "texture": "#0"},
				"south": {"uv": [4.5, 4.5, 5.5, 6], "texture": "#0"},
				"west": {"uv": [5.5, 0, 6.5, 1.5], "texture": "#0"},
				"up": {"uv": [5.5, 7, 4.5, 6], "texture": "#0"},
				"down": {"uv": [7.5, 0, 6.5, 1], "texture": "#0"}
			}
		},
		{
			"from": [7.25, 1.25224, 10.76537],
			"to": [8.75, 4.25224, 12.76537],
			"rotation": {"angle": 0, "axis": "y", "origin": [7.5, 2.25224, 10.76537]},
			"faces": {
				"north": {"uv": [1, 5.5, 2, 7], "texture": "#0"},
				"east": {"uv": [5.5, 1.5, 6.5, 3], "texture": "#0"},
				"south": {"uv": [5.5, 3, 6.5, 4.5], "texture": "#0"},
				"west": {"uv": [3.5, 5.5, 4.5, 7], "texture": "#0"},
				"up": {"uv": [7.5, 2, 6.5, 1], "texture": "#0"},
				"down": {"uv": [7.5, 2, 6.5, 3], "texture": "#0"}
			}
		},
		{
			"from": [7.75, 4.61761, 9.23687],
			"to": [8.25, 5.71761, 9.48687],
			"rotation": {"angle": 22.5, "axis": "x", "origin": [6.5, 3.71761, 7.48687]},
			"faces": {
				"north": {"uv": [7.5, 1.5, 8, 2], "texture": "#0"},
				"east": {"uv": [7.5, 2, 8, 2.5], "texture": "#0"},
				"south": {"uv": [7.5, 2.5, 8, 3], "texture": "#0"},
				"west": {"uv": [7.5, 3, 8, 3.5], "texture": "#0"},
				"up": {"uv": [8, 4, 7.5, 3.5], "texture": "#0"},
				"down": {"uv": [8, 4, 7.5, 4.5], "texture": "#0"}
			}
		},
		{
			"from": [7.5, 3.50761, 9.03827],
			"to": [8.5, 4.5, 9.25],
			"rotation": {"angle": 0, "axis": "y", "origin": [6.5, 2.5, 7.25]},
			"faces": {
				"north": {"uv": [7.5, 6.5, 8, 7], "texture": "#0"},
				"east": {"uv": [7, 7.5, 7.5, 8], "texture": "#0"},
				"south": {"uv": [7.5, 7, 8, 7.5], "texture": "#0"},
				"west": {"uv": [7.5, 7.5, 8, 8], "texture": "#0"},
				"up": {"uv": [0.5, 8.5, 0, 8], "texture": "#0"},
				"down": {"uv": [8.5, 0, 8, 0.5], "texture": "#0"}
			}
		},
		{
			"from": [7.5, 3.50761, 9.03827],
			"to": [8.5, 3.65761, 11.03827],
			"rotation": {"angle": 0, "axis": "x", "origin": [8.5, 4.50761, 10.03827]},
			"faces": {
				"north": {"uv": [0.5, 8, 1, 8.5], "texture": "#0"},
				"east": {"uv": [7, 5.5, 8, 6], "texture": "#0"},
				"south": {"uv": [8, 0.5, 8.5, 1], "texture": "#0"},
				"west": {"uv": [7, 6, 8, 6.5], "texture": "#0"},
				"up": {"uv": [5.5, 8, 5, 7], "texture": "#0"},
				"down": {"uv": [7, 7, 6.5, 8], "texture": "#0"}
			}
		},
		{
			"from": [7.6, 5.55571, 10.77598],
			"to": [8.4, 8.10571, 11.02598],
			"rotation": {"angle": 22.5, "axis": "x", "origin": [8, 6.83071, 10.52598]},
			"faces": {
				"north": {"uv": [1.5, 7, 2, 8.5], "texture": "#0"},
				"east": {"uv": [2, 7, 2.5, 8.5], "texture": "#0"},
				"south": {"uv": [7, 3, 7.5, 4.5], "texture": "#0"},
				"west": {"uv": [3.5, 7, 4, 8.5], "texture": "#0"},
				"up": {"uv": [8.5, 1.5, 8, 1], "texture": "#0"},
				"down": {"uv": [8.5, 1.5, 8, 2], "texture": "#0"}
			}
		},
		{
			"from": [7.6, 8.16042, 11.19565],
			"to": [8.4, 8.41042, 11.99565],
			"rotation": {"angle": -22.5, "axis": "x", "origin": [8.05, 8.28542, 12.47065]},
			"faces": {
				"north": {"uv": [4, 1.5, 4.5, 2], "texture": "#0"},
				"east": {"uv": [7, 6.5, 7.5, 7], "texture": "#0"},
				"south": {"uv": [7, 7, 7.5, 7.5], "texture": "#0"},
				"west": {"uv": [0, 7.5, 0.5, 8], "texture": "#0"},
				"up": {"uv": [8, 0.5, 7.5, 0], "texture": "#0"},
				"down": {"uv": [1, 7.5, 0.5, 8], "texture": "#0"}
			}
		}
	],
	"display": {
		"thirdperson_righthand": {
			"translation": [0, 3.5, -2]
		},
		"thirdperson_lefthand": {
			"translation": [0, 3.5, -2]
		},
		"firstperson_righthand": {
			"translation": [0, 4, -0.25]
		},
		"firstperson_lefthand": {
			"translation": [0, 4, -0.25]
		},
		"gui": {
			"rotation": [0, 90, 0],
			"translation": [0.5, 2.5, 0]
		}
	},
	"groups": [
		{
			"name": "FlareGun",
			"origin": [8, 8, 8],
			"color": 0,
			"children": [0, 1, 2, 3, 4, 5, 6, 7, 8, 9, 10]
		}
	]
}