{
	"credit": "Made with Blockbench",
	"texture_size": [32, 32],
	"textures": {
		"0": "item/FlashDrive",
		"particle": "item/FlashDrive"
	},
	"elements": [
		{
			"from": [7, 0, 7],
			"to": [10, 1, 10],
			"faces": {
				"north": {"uv": [1, 6, 2.5, 6.5], "texture": "#0"},
				"east": {"uv": [6, 1, 7.5, 1.5], "texture": "#0"},
				"south": {"uv": [6, 1.5, 7.5, 2], "texture": "#0"},
				"west": {"uv": [6, 2, 7.5, 2.5], "texture": "#0"},
				"up": {"uv": [4.5, 1.5, 3, 0], "texture": "#0"},
				"down": {"uv": [4.5, 1.5, 3, 3], "texture": "#0"}
			}
		},
		{
			"from": [7, 1, 7.75],
			"to": [10, 1.5, 9.25],
			"faces": {
				"north": {"uv": [5.5, 6.5, 7, 6.75], "texture": "#0"},
				"east": {"uv": [7, 7.5, 7.75, 7.75], "texture": "#0"},
				"south": {"uv": [6.5, 5.5, 8, 5.75], "texture": "#0"},
				"west": {"uv": [7.5, 7, 8.25, 7.25], "texture": "#0"},
				"up": {"uv": [1.5, 5.75, 0, 5], "texture": "#0"},
				"down": {"uv": [3, 5, 1.5, 5.75], "texture": "#0"}
			}
		},
		{
			"from": [7, 6, 7],
			"to": [10, 6.25, 10],
			"faces": {
				"north": {"uv": [6.5, 6, 8, 6.25], "texture": "#0"},
				"east": {"uv": [7, 0, 8.5, 0.25], "texture": "#0"},
				"south": {"uv": [7, 0.5, 8.5, 0.75], "texture": "#0"},
				"west": {"uv": [7, 3, 8.5, 3.25], "texture": "#0"},
				"up": {"uv": [4.5, 4.5, 3, 3], "texture": "#0"},
				"down": {"uv": [6, 0, 4.5, 1.5], "texture": "#0"}
			}
		},
		{
			"from": [7.25, 6.25, 7.25],
			"to": [9.75, 6.65, 9.75],
			"faces": {
				"north": {"uv": [7, 3.5, 8.25, 3.75], "texture": "#0"},
				"east": {"uv": [7, 4, 8.25, 4.25], "texture": "#0"},
				"south": {"uv": [7, 4.5, 8.25, 4.75], "texture": "#0"},
				"west": {"uv": [7, 5, 8.25, 5.25], "texture": "#0"},
				"up": {"uv": [5.75, 2.75, 4.5, 1.5], "texture": "#0"},
				"down": {"uv": [4.25, 4.5, 3, 5.75], "texture": "#0"}
			}
		},
		{
			"from": [7.5, 6.65, 7.5],
			"to": [9.5, 7.05, 9.5],
			"faces": {
				"north": {"uv": [4, 7, 5, 7.25], "texture": "#0"},
				"east": {"uv": [5.5, 7, 6.5, 7.25], "texture": "#0"},
				"south": {"uv": [6.5, 7, 7.5, 7.25], "texture": "#0"},
				"west": {"uv": [7, 6.5, 8, 6.75], "texture": "#0"},
				"up": {"uv": [1, 7, 0, 6], "texture": "#0"},
				"down": {"uv": [7, 0, 6, 1], "texture": "#0"}
			}
		},
		{
			"from": [7.75, 7.05, 7.75],
			"to": [9.25, 7.3, 9.25],
			"faces": {
				"north": {"uv": [8, 1, 8.75, 1.25], "texture": "#0"},
				"east": {"uv": [8, 1.5, 8.75, 1.75], "texture": "#0"},
				"south": {"uv": [8, 2, 8.75, 2.25], "texture": "#0"},
				"west": {"uv": [2.5, 8, 3.25, 8.25], "texture": "#0"},
				"up": {"uv": [4.75, 6.75, 4, 6], "texture": "#0"},
				"down": {"uv": [6.75, 4, 6, 4.75], "texture": "#0"}
			}
		},
		{
			"from": [8, 7.3, 7.5],
			"to": [9, 8.15, 9.25],
			"faces": {
				"north": {"uv": [1, 7.5, 1.5, 8], "texture": "#0"},
				"east": {"uv": [5, 6, 6, 6.5], "texture": "#0"},
				"south": {"uv": [7.5, 1, 8, 1.5], "texture": "#0"},
				"west": {"uv": [6, 5, 7, 5.5], "texture": "#0"},
				"up": {"uv": [6.5, 6.5, 6, 5.5], "texture": "#0"},
				"down": {"uv": [1.5, 6.5, 1, 7.5], "texture": "#0"}
			}
		},
		{
			"from": [8.125, 8.15, 6.9],
			"to": [8.875, 8.9, 8.9],
			"faces": {
				"north": {"uv": [7.5, 1.5, 8, 2], "texture": "#0"},
				"east": {"uv": [1.5, 6.5, 2.5, 7], "texture": "#0"},
				"south": {"uv": [7.5, 2, 8, 2.5], "texture": "#0"},
				"west": {"uv": [6.5, 2.5, 7.5, 3], "texture": "#0"},
				"up": {"uv": [7, 4, 6.5, 3], "texture": "#0"},
				"down": {"uv": [5.5, 6.5, 5, 7.5], "texture": "#0"}
			}
		},
		{
			"from": [8.125, 8.62, 8.07],
			"to": [8.875, 9.62, 8.57],
			"rotation": {"angle": -45, "axis": "x", "origin": [8.5, 9.15, 8.4]},
			"faces": {
				"north": {"uv": [2.5, 7.5, 3, 8], "texture": "#0"},
				"east": {"uv": [1, 8, 1.25, 8.5], "texture": "#0"},
				"south": {"uv": [7.5, 2.5, 8, 3], "texture": "#0"},
				"west": {"uv": [8, 2.5, 8.25, 3], "texture": "#0"},
				"up": {"uv": [4, 8.25, 3.5, 8], "texture": "#0"},
				"down": {"uv": [4.5, 8, 4, 8.25], "texture": "#0"}
			}
		},
		{
			"from": [8.125, 9.12, 7.55],
			"to": [8.875, 9.62, 8.55],
			"rotation": {"angle": -45, "axis": "x", "origin": [8.5, 9.15, 8.4]},
			"faces": {
				"north": {"uv": [4.5, 8, 5, 8.25], "texture": "#0"},
				"east": {"uv": [5, 8, 5.5, 8.25], "texture": "#0"},
				"south": {"uv": [5.5, 8, 6, 8.25], "texture": "#0"},
				"west": {"uv": [8, 5.5, 8.5, 5.75], "texture": "#0"},
				"up": {"uv": [3.5, 8, 3, 7.5], "texture": "#0"},
				"down": {"uv": [4, 7.5, 3.5, 8], "texture": "#0"}
			}
		},
		{
			"from": [8.125, 6.15, 6.4],
			"to": [8.875, 8.4, 7],
			"faces": {
				"north": {"uv": [3, 6, 3.5, 7.25], "texture": "#0"},
				"east": {"uv": [1.5, 7, 1.75, 8.25], "texture": "#0"},
				"south": {"uv": [3.5, 6, 4, 7.25], "texture": "#0"},
				"west": {"uv": [2, 7, 2.25, 8.25], "texture": "#0"},
				"up": {"uv": [6.5, 8.25, 6, 8], "texture": "#0"},
				"down": {"uv": [8.5, 6, 8, 6.25], "texture": "#0"}
			}
		},
		{
			"from": [8.125, 3.15, 6.6],
			"to": [8.875, 6.15, 7],
			"faces": {
				"north": {"uv": [2.5, 6, 3, 7.5], "texture": "#0"},
				"east": {"uv": [0, 7, 0.25, 8.5], "texture": "#0"},
				"south": {"uv": [6, 2.5, 6.5, 4], "texture": "#0"},
				"west": {"uv": [0.5, 7, 0.75, 8.5], "texture": "#0"},
				"up": {"uv": [7, 8.25, 6.5, 8], "texture": "#0"},
				"down": {"uv": [8.5, 6.5, 8, 6.75], "texture": "#0"}
			}
		},
		{
			"from": [8.125, 2.65, 6.7],
			"to": [8.875, 3.15, 7],
			"faces": {
				"north": {"uv": [7, 8, 7.5, 8.25], "texture": "#0"},
				"east": {"uv": [8.5, 4.5, 8.75, 4.75], "texture": "#0"},
				"south": {"uv": [7.5, 8, 8, 8.25], "texture": "#0"},
				"west": {"uv": [5, 8.5, 5.25, 8.75], "texture": "#0"},
				"up": {"uv": [8.5, 7.75, 8, 7.5], "texture": "#0"},
				"down": {"uv": [8.5, 8, 8, 8.25], "texture": "#0"}
			}
		},
		{
			"from": [8.125, 2.675, 6.425],
			"to": [8.875, 3.075, 6.825],
			"rotation": {"angle": 45, "axis": "x", "origin": [8.5, 2.875, 6.8]},
			"faces": {
				"north": {"uv": [0, 8.5, 0.5, 8.75], "texture": "#0"},
				"east": {"uv": [8.5, 5, 8.75, 5.25], "texture": "#0"},
				"south": {"uv": [8.5, 0, 9, 0.25], "texture": "#0"},
				"west": {"uv": [5.5, 8.5, 5.75, 8.75], "texture": "#0"},
				"up": {"uv": [1, 8.75, 0.5, 8.5], "texture": "#0"},
				"down": {"uv": [9, 0.5, 8.5, 0.75], "texture": "#0"}
			}
		},
		{
			"from": [8.125, 8, 6.5],
			"to": [8.875, 8.75, 7.1],
			"rotation": {"angle": 45, "axis": "x", "origin": [8.5, 8.4, 6.9]},
			"faces": {
				"north": {"uv": [4, 7.5, 4.5, 8], "texture": "#0"},
				"east": {"uv": [1, 8.5, 1.25, 9], "texture": "#0"},
				"south": {"uv": [4.5, 7.5, 5, 8], "texture": "#0"},
				"west": {"uv": [1.5, 8.5, 1.75, 9], "texture": "#0"},
				"up": {"uv": [2.5, 8.75, 2, 8.5], "texture": "#0"},
				"down": {"uv": [3, 8.5, 2.5, 8.75], "texture": "#0"}
			}
		},
		{
			"from": [7.75, 7.3, 8.125],
			"to": [8, 8.15, 8.875],
			"faces": {
				"north": {"uv": [8.5, 2.5, 8.75, 3], "texture": "#0"},
				"east": {"uv": [5, 7.5, 5.5, 8], "texture": "#0"},
				"south": {"uv": [3, 8.5, 3.25, 9], "texture": "#0"},
				"west": {"uv": [5.5, 7.5, 6, 8], "texture": "#0"},
				"up": {"uv": [8.75, 3.5, 8.5, 3], "texture": "#0"},
				"down": {"uv": [3.75, 8.5, 3.5, 9], "texture": "#0"}
			}
		},
		{
			"from": [9, 7.3, 8.125],
			"to": [9.25, 8.15, 8.875],
			"faces": {
				"north": {"uv": [8.5, 3.5, 8.75, 4], "texture": "#0"},
				"east": {"uv": [6, 7.5, 6.5, 8], "texture": "#0"},
				"south": {"uv": [4, 8.5, 4.25, 9], "texture": "#0"},
				"west": {"uv": [6.5, 7.5, 7, 8], "texture": "#0"},
				"up": {"uv": [8.75, 4.5, 8.5, 4], "texture": "#0"},
				"down": {"uv": [4.75, 8.5, 4.5, 9], "texture": "#0"}
			}
		},
		{
			"from": [7.25, 1, 7.25],
			"to": [9.75, 6, 9.75],
			"faces": {
				"north": {"uv": [0, 0, 1.25, 2.5], "texture": "#0"},
				"east": {"uv": [1.5, 0, 2.75, 2.5], "texture": "#0"},
				"south": {"uv": [0, 2.5, 1.25, 5], "texture": "#0"},
				"west": {"uv": [1.5, 2.5, 2.75, 5], "texture": "#0"},
				"up": {"uv": [5.75, 4.25, 4.5, 3], "texture": "#0"},
				"down": {"uv": [5.75, 4.5, 4.5, 5.75], "texture": "#0"}
			}
		}
	],
	"display": {
		"thirdperson_righthand": {
			"translation": [-0.5, 2.5, 0.5]
		},
		"thirdperson_lefthand": {
			"translation": [0.5, 2.5, 0.5]
		},
		"firstperson_righthand": {
			"translation": [0.75, 5, -0.5]
		},
		"firstperson_lefthand": {
			"translation": [0.75, 5, -0.5]
		},
		"ground": {
			"translation": [-0.75, 6, -0.75],
			"scale": [1.25, 1.25, 1.25]
		},
		"gui": {
			"rotation": [0, 90, 0],
			"translation": [-0.25, 3.25, 0]
		},
		"head": {
			"translation": [0, 9.75, 0]
		},
		"fixed": {
			"rotation": [0, 90, 0],
			"translation": [-0.5, 3.75, -0.75]
		}
	},
	"groups": [
		{
			"name": "FlashDrive",
			"origin": [8, 8, 8],
			"color": 0,
			"children": [0, 1, 2, 3, 4, 5, 6, 7, 8, 9, 10, 11, 12, 13, 14, 15, 16, 17]
		}
	]
}