{
	"credit": "Made with Blockbench",
	"textures": {
		"1": "item/gray_concrete",
		"2": "item/stripped_spruce_log_top",
		"particle": "item/stripped_spruce_log_top"
	},
	"elements": [
		{
			"from": [5.85, -0.11988, 7.63775],
			"to": [8.15, 1.36951, 10.87133],
			"rotation": {"angle": 0, "axis": "y", "origin": [7, 1.61951, 9.12133]},
			"faces": {
				"north": {"uv": [0, 0, 2.3, 1.48939], "texture": "#2"},
				"east": {"uv": [0, 0, 3.23358, 1.48939], "texture": "#2"},
				"south": {"uv": [0, 0, 2.3, 1.48939], "texture": "#2"},
				"west": {"uv": [9, 1.175, 12.23358, 2.66439], "texture": "#2"},
				"up": {"uv": [0, 0, 2.3, 3.23358], "texture": "#2"},
				"down": {"uv": [0, 0, 2.3, 3.23358], "texture": "#2"}
			}
		},
		{
			"from": [6.1, -0.36988, 7.88775],
			"to": [7.9, 1.21951, 10.62133],
			"rotation": {"angle": 0, "axis": "y", "origin": [7, 1.61951, 9.12133]},
			"faces": {
				"north": {"uv": [0, 0, 1.8, 1.58939], "texture": "#1"},
				"east": {"uv": [0, 0, 2.73358, 1.58939], "texture": "#1"},
				"south": {"uv": [0, 0, 1.8, 1.58939], "texture": "#1"},
				"west": {"uv": [0, 0, 2.73358, 1.58939], "texture": "#1"},
				"up": {"uv": [0, 0, 1.8, 2.73358], "texture": "#1"},
				"down": {"uv": [0, 0, 1.8, 2.73358], "texture": "#1"}
			}
		},
		{
			"from": [5.85, 4.95085, 3.01657],
			"to": [8.15, 6.15085, 10.26657],
			"rotation": {"angle": 0, "axis": "y", "origin": [7, 8.20085, 6.26657]},
			"faces": {
				"north": {"uv": [0, 0, 2.3, 1.5], "rotation": 180, "texture": "#2"},
				"east": {"uv": [0, 0, 1.5, 7.25], "rotation": 90, "texture": "#2"},
				"south": {"uv": [0, 0, 2.3, 1.5], "texture": "#2"},
				"west": {"uv": [9, 1.175, 10.5, 8.425], "rotation": 270, "texture": "#2"},
				"up": {"uv": [0, 0, 2.3, 7.25], "texture": "#2"},
				"down": {"uv": [0, 0, 2.3, 7.25], "rotation": 180, "texture": "#2"}
			}
		},
		{
			"from": [6.85, 4.45085, 3.56657],
			"to": [7.15, 5.45085, 4.21657],
			"rotation": {"angle": 0, "axis": "y", "origin": [7, 7.90085, 6.01657]},
			"faces": {
				"north": {"uv": [0, 0, 0.3, 1], "rotation": 180, "texture": "#2"},
				"east": {"uv": [0, 0, 1, 0.65], "rotation": 90, "texture": "#2"},
				"south": {"uv": [0, 0, 0.3, 1], "texture": "#2"},
				"west": {"uv": [0, 0, 1, 0.65], "rotation": 270, "texture": "#2"},
				"up": {"uv": [0, 0, 0.3, 0.65], "texture": "#2"},
				"down": {"uv": [0, 0, 0.3, 0.65], "rotation": 180, "texture": "#2"}
			}
		},
		{
			"from": [6.85, 4.53716, 1.88266],
			"to": [7.15, 5.53716, 3.78266],
			"rotation": {"angle": 22.5, "axis": "x", "origin": [7, 5.03716, 3.45766]},
			"faces": {
				"north": {"uv": [0, 0, 0.3, 1], "rotation": 180, "texture": "#2"},
				"east": {"uv": [0, 0, 1, 1.9], "rotation": 90, "texture": "#2"},
				"south": {"uv": [0, 0, 0.3, 1], "texture": "#2"},
				"west": {"uv": [0, 0, 1, 1.9], "rotation": 270, "texture": "#2"},
				"up": {"uv": [0, 0, 0.3, 1.9], "texture": "#2"},
				"down": {"uv": [0, 0, 0.3, 1.9], "rotation": 180, "texture": "#2"}
			}
		},
		{
			"from": [6.85, 4.53716, 4.00049],
			"to": [7.15, 5.53716, 5.40049],
			"rotation": {"angle": -22.5, "axis": "x", "origin": [7, 5.03716, 4.32549]},
			"faces": {
				"north": {"uv": [0, 0, 0.3, 1], "rotation": 180, "texture": "#2"},
				"east": {"uv": [0, 0, 1, 1.4], "rotation": 90, "texture": "#2"},
				"south": {"uv": [0, 0, 0.3, 1], "texture": "#2"},
				"west": {"uv": [0, 0, 1, 1.4], "rotation": 270, "texture": "#2"},
				"up": {"uv": [0, 0, 0.3, 1.4], "texture": "#2"},
				"down": {"uv": [0, 0, 0.3, 1.4], "rotation": 180, "texture": "#2"}
			}
		},
		{
			"from": [6.85, 3.70085, 3.66657],
			"to": [7.15, 4.45085, 4.11657],
			"rotation": {"angle": 0, "axis": "y", "origin": [7, 7.90085, 6.01657]},
			"faces": {
				"north": {"uv": [0, 0, 0.3, 0.75], "rotation": 180, "texture": "#2"},
				"east": {"uv": [0, 0, 0.75, 0.45], "rotation": 90, "texture": "#2"},
				"south": {"uv": [0, 0, 0.3, 0.75], "texture": "#2"},
				"west": {"uv": [0, 0, 0.75, 0.45], "rotation": 270, "texture": "#2"},
				"up": {"uv": [0, 0, 0.3, 0.45], "texture": "#2"},
				"down": {"uv": [0, 0, 0.3, 0.45], "rotation": 180, "texture": "#2"}
			}
		},
		{
			"from": [6.85, 3.15085, 4.41657],
			"to": [7.15, 3.60085, 7.16657],
			"rotation": {"angle": 0, "axis": "y", "origin": [7, 2.57585, 4.22907]},
			"faces": {
				"north": {"uv": [0, 0, 0.3, 0.45], "rotation": 180, "texture": "#2"},
				"east": {"uv": [0, 0, 2.75, 0.45], "rotation": 180, "texture": "#2"},
				"south": {"uv": [0, 0, 0.3, 0.45], "rotation": 180, "texture": "#2"},
				"west": {"uv": [0, 0, 2.75, 0.45], "rotation": 180, "texture": "#2"},
				"up": {"uv": [0, 0, 0.3, 2.75], "texture": "#2"},
				"down": {"uv": [0, 0, 0.3, 2.75], "texture": "#2"}
			}
		},
		{
			"from": [6.85, 4.00085, 5.31657],
			"to": [7.15, 5.00085, 5.76657],
			"rotation": {"angle": 0, "axis": "y", "origin": [7, 3.37585, 5.54157]},
			"faces": {
				"north": {"uv": [0, 0, 0.3, 1], "rotation": 180, "texture": "#1"},
				"east": {"uv": [0, 0, 1, 0.45], "rotation": 90, "texture": "#1"},
				"south": {"uv": [0, 0, 0.3, 1], "texture": "#1"},
				"west": {"uv": [0, 0, 1, 0.45], "rotation": 270, "texture": "#1"},
				"up": {"uv": [0, 0, 0.3, 0.45], "texture": "#1"},
				"down": {"uv": [0, 0, 0.3, 0.45], "rotation": 180, "texture": "#1"}
			}
		},
		{
			"from": [6.85, 3.68938, 5.57288],
			"to": [7.15, 4.03938, 6.02288],
			"rotation": {"angle": 22.5, "axis": "x", "origin": [7, 4.66438, 5.79788]},
			"faces": {
				"north": {"uv": [0, 0, 0.3, 0.35], "rotation": 180, "texture": "#1"},
				"east": {"uv": [0, 0, 0.35, 0.45], "rotation": 90, "texture": "#1"},
				"south": {"uv": [0, 0, 0.3, 0.35], "texture": "#1"},
				"west": {"uv": [0, 0, 0.35, 0.45], "rotation": 270, "texture": "#1"},
				"up": {"uv": [0, 0, 0.3, 0.45], "texture": "#1"},
				"down": {"uv": [0, 0, 0.3, 0.45], "rotation": 180, "texture": "#1"}
			}
		},
		{
			"from": [6.85, 3.15085, 3.56657],
			"to": [7.15, 3.70085, 4.41657],
			"rotation": {"angle": 0, "axis": "y", "origin": [7, 3.42585, 3.99157]},
			"faces": {
				"north": {"uv": [0, 0, 0.3, 0.55], "rotation": 180, "texture": "#2"},
				"east": {"uv": [0, 0, 0.85, 0.55], "rotation": 180, "texture": "#2"},
				"south": {"uv": [0, 0, 0.3, 0.55], "rotation": 180, "texture": "#2"},
				"west": {"uv": [0, 0, 0.85, 0.55], "rotation": 180, "texture": "#2"},
				"up": {"uv": [0, 0, 0.3, 0.85], "texture": "#2"},
				"down": {"uv": [0, 0, 0.3, 0.85], "texture": "#2"}
			}
		},
		{
			"from": [6.85, 3.65618, 3.21229],
			"to": [7.15, 3.90618, 3.56229],
			"rotation": {"angle": -45, "axis": "x", "origin": [7, 4.23118, 3.63729]},
			"faces": {
				"north": {"uv": [0, 0, 0.3, 0.25], "rotation": 180, "texture": "#2"},
				"east": {"uv": [0, 0, 0.35, 0.25], "rotation": 180, "texture": "#2"},
				"south": {"uv": [0, 0, 0.3, 0.25], "rotation": 180, "texture": "#2"},
				"west": {"uv": [0, 0, 0.35, 0.25], "rotation": 180, "texture": "#2"},
				"up": {"uv": [0, 0, 0.3, 0.35], "texture": "#2"},
				"down": {"uv": [0, 0, 0.3, 0.35], "texture": "#2"}
			}
		},
		{
			"from": [6.85, 3.52733, 4.03206],
			"to": [7.15, 3.77733, 4.88206],
			"rotation": {"angle": 22.5, "axis": "x", "origin": [7, 3.65233, 4.20706]},
			"faces": {
				"north": {"uv": [0, 0, 0.3, 0.25], "rotation": 180, "texture": "#2"},
				"east": {"uv": [0, 0, 0.85, 0.25], "rotation": 180, "texture": "#2"},
				"south": {"uv": [0, 0, 0.3, 0.25], "rotation": 180, "texture": "#2"},
				"west": {"uv": [0, 0, 0.85, 0.25], "rotation": 180, "texture": "#2"},
				"up": {"uv": [0, 0, 0.3, 0.85], "texture": "#2"},
				"down": {"uv": [0, 0, 0.3, 0.85], "texture": "#2"}
			}
		},
		{
			"from": [5.85, 4.34989, 8.96253],
			"to": [8.15, 5.54989, 9.21253],
			"rotation": {"angle": -22.5, "axis": "x", "origin": [7, 7.89989, 5.21253]},
			"faces": {
				"north": {"uv": [0, 0, 2.3, 1.2], "rotation": 180, "texture": "#1"},
				"east": {"uv": [0, 0, 1.2, 0.25], "rotation": 90, "texture": "#1"},
				"south": {"uv": [0, 0, 2.3, 1.2], "texture": "#1"},
				"west": {"uv": [0, 0, 1.2, 0.25], "rotation": 270, "texture": "#1"},
				"up": {"uv": [0, 0, 2.3, 0.25], "texture": "#1"},
				"down": {"uv": [0, 0, 2.3, 0.25], "rotation": 180, "texture": "#1"}
			}
		},
		{
			"from": [5.85, 4.14219, 8.55463],
			"to": [8.15, 5.14219, 10.05463],
			"rotation": {"angle": 22.5, "axis": "x", "origin": [5.75, 5.14219, 9.55463]},
			"faces": {
				"north": {"uv": [0, 0, 2.3, 1], "rotation": 180, "texture": "#2"},
				"east": {"uv": [0, 0, 1, 1.5], "rotation": 90, "texture": "#2"},
				"south": {"uv": [0, 0, 2.3, 1], "texture": "#2"},
				"west": {"uv": [9, 1.175, 10, 2.675], "rotation": 270, "texture": "#2"},
				"up": {"uv": [0, 0, 2.3, 1.5], "texture": "#2"},
				"down": {"uv": [0, 0, 2.3, 1.5], "rotation": 180, "texture": "#2"}
			}
		},
		{
			"from": [5.95, 4.95085, -1.80843],
			"to": [8.05, 6.15085, 10.01657],
			"rotation": {"angle": 0, "axis": "y", "origin": [7, 8.20085, 6.26657]},
			"faces": {
				"north": {"uv": [0, 0, 2.1, 1.5], "rotation": 180, "texture": "#2"},
				"east": {"uv": [0, 0, 1.5, 11.325], "rotation": 90, "texture": "#2"},
				"south": {"uv": [0, 0, 2.1, 1.5], "texture": "#2"},
				"west": {"uv": [9, 1.175, 10.5, 12.5], "rotation": 270, "texture": "#2"},
				"up": {"uv": [0, 0, 2.1, 11.325], "texture": "#2"},
				"down": {"uv": [0, 0, 2.1, 11.325], "rotation": 180, "texture": "#2"}
			}
		},
		{
			"from": [5.85, 6.15085, -1.68343],
			"to": [8.15, 7.90085, 6.71657],
			"rotation": {"angle": 0, "axis": "y", "origin": [7, 8.20085, 6.26657]},
			"faces": {
				"north": {"uv": [0, 0, 2.3, 1.75], "rotation": 180, "texture": "#1"},
				"east": {"uv": [0, 0, 1.75, 8.4], "rotation": 90, "texture": "#1"},
				"south": {"uv": [0, 0, 2.3, 1.75], "texture": "#1"},
				"west": {"uv": [0, 0, 1.75, 8.4], "rotation": 270, "texture": "#1"},
				"up": {"uv": [0, 0, 2.3, 8.4], "texture": "#1"},
				"down": {"uv": [0, 0, 2.3, 8.4], "rotation": 180, "texture": "#1"}
			}
		},
		{
			"from": [5.95, 6.15085, -1.73343],
			"to": [8.05, 7.80085, 10.01657],
			"rotation": {"angle": 0, "axis": "y", "origin": [7, 8.20085, 6.26657]},
			"faces": {
				"north": {"uv": [0, 0, 2.1, 1.65], "rotation": 180, "texture": "#1"},
				"east": {"uv": [0, 0, 1.65, 11.75], "rotation": 90, "texture": "#1"},
				"south": {"uv": [0, 0, 2.1, 1.65], "texture": "#1"},
				"west": {"uv": [0, 0, 1.65, 11.75], "rotation": 270, "texture": "#1"},
				"up": {"uv": [0, 0, 2.1, 11.75], "texture": "#1"},
				"down": {"uv": [0, 0, 2.1, 11.75], "rotation": 180, "texture": "#1"}
			}
		},
		{
			"from": [5.85, 6.15085, 8.06657],
			"to": [8.15, 7.90085, 8.31657],
			"shade": false,
			"rotation": {"angle": 0, "axis": "y", "origin": [7, 8.20085, 6.26657]},
			"faces": {
				"north": {"uv": [0, 0, 2.3, 1.75], "rotation": 180, "texture": "#1"},
				"east": {"uv": [0, 0, 1.75, 0.25], "rotation": 90, "texture": "#1"},
				"south": {"uv": [0, 0, 2.3, 1.75], "texture": "#1"},
				"west": {"uv": [0, 0, 1.75, 0.25], "rotation": 270, "texture": "#1"},
				"up": {"uv": [0, 0, 2.3, 0.25], "texture": "#1"},
				"down": {"uv": [0, 0, 2.3, 0.25], "rotation": 180, "texture": "#1"}
			}
		},
		{
			"from": [5.85, 6.15085, 7.66657],
			"to": [8.15, 7.90085, 7.91657],
			"shade": false,
			"rotation": {"angle": 0, "axis": "y", "origin": [7, 8.20085, 6.26657]},
			"faces": {
				"north": {"uv": [0, 0, 2.3, 1.75], "rotation": 180, "texture": "#1"},
				"east": {"uv": [0, 0, 1.75, 0.25], "rotation": 90, "texture": "#1"},
				"south": {"uv": [0, 0, 2.3, 1.75], "texture": "#1"},
				"west": {"uv": [0, 0, 1.75, 0.25], "rotation": 270, "texture": "#1"},
				"up": {"uv": [0, 0, 2.3, 0.25], "texture": "#1"},
				"down": {"uv": [0, 0, 2.3, 0.25], "rotation": 180, "texture": "#1"}
			}
		},
		{
			"from": [5.85, 6.15085, 6.86657],
			"to": [8.15, 7.90085, 7.11657],
			"rotation": {"angle": 0, "axis": "y", "origin": [7, 8.20085, 6.26657]},
			"faces": {
				"north": {"uv": [0, 0, 2.3, 1.75], "rotation": 180, "texture": "#1"},
				"east": {"uv": [0, 0, 1.75, 0.25], "rotation": 90, "texture": "#1"},
				"south": {"uv": [0, 0, 2.3, 1.75], "texture": "#1"},
				"west": {"uv": [0, 0, 1.75, 0.25], "rotation": 270, "texture": "#1"},
				"up": {"uv": [0, 0, 2.3, 0.25], "texture": "#1"},
				"down": {"uv": [0, 0, 2.3, 0.25], "rotation": 180, "texture": "#1"}
			}
		},
		{
			"from": [5.85, 6.15085, 7.26657],
			"to": [8.15, 7.90085, 7.51657],
			"rotation": {"angle": 0, "axis": "y", "origin": [7, 8.20085, 6.26657]},
			"faces": {
				"north": {"uv": [0, 0, 2.3, 1.75], "rotation": 180, "texture": "#1"},
				"east": {"uv": [0, 0, 1.75, 0.25], "rotation": 90, "texture": "#1"},
				"south": {"uv": [0, 0, 2.3, 1.75], "texture": "#1"},
				"west": {"uv": [0, 0, 1.75, 0.25], "rotation": 270, "texture": "#1"},
				"up": {"uv": [0, 0, 2.3, 0.25], "texture": "#1"},
				"down": {"uv": [0, 0, 2.3, 0.25], "rotation": 180, "texture": "#1"}
			}
		},
		{
			"from": [5.85, 6.15085, 8.86657],
			"to": [8.15, 7.90085, 9.11657],
			"rotation": {"angle": 0, "axis": "y", "origin": [7, 8.20085, 6.26657]},
			"faces": {
				"north": {"uv": [0, 0, 2.3, 1.75], "rotation": 180, "texture": "#1"},
				"east": {"uv": [0, 0, 1.75, 0.25], "rotation": 90, "texture": "#1"},
				"south": {"uv": [0, 0, 2.3, 1.75], "texture": "#1"},
				"west": {"uv": [0, 0, 1.75, 0.25], "rotation": 270, "texture": "#1"},
				"up": {"uv": [0, 0, 2.3, 0.25], "texture": "#1"},
				"down": {"uv": [0, 0, 2.3, 0.25], "rotation": 180, "texture": "#1"}
			}
		},
		{
			"from": [5.85, 6.15085, 9.26657],
			"to": [8.15, 7.90085, 10.01657],
			"rotation": {"angle": 0, "axis": "y", "origin": [7, 8.20085, 6.26657]},
			"faces": {
				"north": {"uv": [0, 0, 2.3, 1.75], "rotation": 180, "texture": "#1"},
				"east": {"uv": [0, 0, 1.75, 0.75], "rotation": 90, "texture": "#1"},
				"south": {"uv": [0, 0, 2.3, 1.75], "texture": "#1"},
				"west": {"uv": [0, 0, 1.75, 0.75], "rotation": 270, "texture": "#1"},
				"up": {"uv": [0, 0, 2.3, 0.75], "texture": "#1"},
				"down": {"uv": [0, 0, 2.3, 0.75], "rotation": 180, "texture": "#1"}
			}
		},
		{
			"from": [5.85, 6.15085, 8.46657],
			"to": [8.15, 7.90085, 8.71657],
			"rotation": {"angle": 0, "axis": "y", "origin": [7, 8.20085, 6.26657]},
			"faces": {
				"north": {"uv": [0, 0, 2.3, 1.75], "rotation": 180, "texture": "#1"},
				"east": {"uv": [0, 0, 1.75, 0.25], "rotation": 90, "texture": "#1"},
				"south": {"uv": [0, 0, 2.3, 1.75], "texture": "#1"},
				"west": {"uv": [0, 0, 1.75, 0.25], "rotation": 270, "texture": "#1"},
				"up": {"uv": [0, 0, 2.3, 0.25], "texture": "#1"},
				"down": {"uv": [0, 0, 2.3, 0.25], "rotation": 180, "texture": "#1"}
			}
		},
		{
			"from": [6.5, 6.65085, -1.23343],
			"to": [6.9, 8.30085, -0.98343],
			"rotation": {"angle": 0, "axis": "y", "origin": [7, 8.20085, 6.26657]},
			"faces": {
				"north": {"uv": [0, 0, 0.4, 1.65], "rotation": 180, "texture": "#1"},
				"east": {"uv": [0, 0, 1.65, 0.25], "rotation": 90, "texture": "#1"},
				"south": {"uv": [0, 0, 0.4, 1.65], "texture": "#1"},
				"west": {"uv": [0, 0, 1.65, 0.25], "rotation": 270, "texture": "#1"},
				"up": {"uv": [0, 0, 0.4, 0.25], "texture": "#1"},
				"down": {"uv": [0, 0, 0.4, 0.25], "rotation": 180, "texture": "#1"}
			}
		},
		{
			"from": [7.1, 6.65085, -1.23343],
			"to": [7.5, 8.30085, -0.98343],
			"rotation": {"angle": 0, "axis": "y", "origin": [7, 8.20085, 6.26657]},
			"faces": {
				"north": {"uv": [0, 0, 0.4, 1.65], "rotation": 180, "texture": "#1"},
				"east": {"uv": [0, 0, 1.65, 0.25], "rotation": 90, "texture": "#1"},
				"south": {"uv": [0, 0, 0.4, 1.65], "texture": "#1"},
				"west": {"uv": [0, 0, 1.65, 0.25], "rotation": 270, "texture": "#1"},
				"up": {"uv": [0, 0, 0.4, 0.25], "texture": "#1"},
				"down": {"uv": [0, 0, 0.4, 0.25], "rotation": 180, "texture": "#1"}
			}
		},
		{
			"from": [7.1, 6.65085, 9.51657],
			"to": [7.5, 8.30085, 9.76657],
			"rotation": {"angle": 0, "axis": "y", "origin": [7, 8.20085, 6.26657]},
			"faces": {
				"north": {"uv": [0, 0, 0.4, 1.65], "rotation": 180, "texture": "#1"},
				"east": {"uv": [0, 0, 1.65, 0.25], "rotation": 90, "texture": "#1"},
				"south": {"uv": [0, 0, 0.4, 1.65], "texture": "#1"},
				"west": {"uv": [0, 0, 1.65, 0.25], "rotation": 270, "texture": "#1"},
				"up": {"uv": [0, 0, 0.4, 0.25], "texture": "#1"},
				"down": {"uv": [0, 0, 0.4, 0.25], "rotation": 180, "texture": "#1"}
			}
		},
		{
			"from": [6.5, 6.65085, 9.51657],
			"to": [6.9, 8.30085, 9.76657],
			"rotation": {"angle": 0, "axis": "y", "origin": [7, 8.20085, 6.26657]},
			"faces": {
				"north": {"uv": [0, 0, 0.4, 1.65], "rotation": 180, "texture": "#1"},
				"east": {"uv": [0, 0, 1.65, 0.25], "rotation": 90, "texture": "#1"},
				"south": {"uv": [0, 0, 0.4, 1.65], "texture": "#1"},
				"west": {"uv": [0, 0, 1.65, 0.25], "rotation": 270, "texture": "#1"},
				"up": {"uv": [0, 0, 0.4, 0.25], "texture": "#1"},
				"down": {"uv": [0, 0, 0.4, 0.25], "rotation": 180, "texture": "#1"}
			}
		},
		{
			"from": [5.85, 4.2, 7.025],
			"to": [8.15, 5.35, 10],
			"rotation": {"angle": -22.5, "axis": "x", "origin": [7, 3.125, 8.25]},
			"faces": {
				"north": {"uv": [0, 0, 2.3, 1.65], "texture": "#2"},
				"east": {"uv": [0, 0, 3.2, 1.65], "texture": "#2"},
				"south": {"uv": [0, 0, 2.3, 1.65], "texture": "#2"},
				"west": {"uv": [9, 1.175, 12.2, 2.825], "texture": "#2"},
				"up": {"uv": [0, 0, 2.3, 3.2], "texture": "#2"},
				"down": {"uv": [0, 0, 2.3, 3.2], "texture": "#2"}
			}
		},
		{
			"from": [5.85, 0.5, 7.025],
			"to": [8.15, 1.9, 10],
			"rotation": {"angle": -22.5, "axis": "x", "origin": [7, 3.125, 8.25]},
			"faces": {
				"north": {"uv": [0, 0, 2.3, 1.4], "texture": "#2"},
				"east": {"uv": [0, 0, 3.2, 1.4], "texture": "#2"},
				"south": {"uv": [0, 0, 2.3, 1.4], "texture": "#2"},
				"west": {"uv": [9, 1.175, 12.2, 2.575], "texture": "#2"},
				"up": {"uv": [0, 0, 2.3, 3.2], "texture": "#2"},
				"down": {"uv": [0, 0, 2.3, 3.2], "texture": "#2"}
			}
		},
		{
			"from": [5.95, 0.5, 7.025],
			"to": [8.05, 5.75, 10],
			"rotation": {"angle": -22.5, "axis": "x", "origin": [7, 3.125, 8.25]},
			"faces": {
				"north": {"uv": [0, 0, 2.1, 5.5], "texture": "#2"},
				"east": {"uv": [0, 0, 3.2, 5.5], "texture": "#2"},
				"south": {"uv": [0, 0, 2.1, 5.5], "texture": "#2"},
				"west": {"uv": [9, 1.175, 12.2, 6.675], "texture": "#2"},
				"up": {"uv": [0, 0, 2.1, 3.2], "texture": "#2"},
				"down": {"uv": [0, 0, 2.1, 3.2], "texture": "#2"}
			}
		},
		{
			"from": [6.58579, 6.60995, -2.05],
			"to": [6.83579, 6.85995, -1.25],
			"rotation": {"angle": -45, "axis": "z", "origin": [6.61447, 6.75411, -1.3]},
			"faces": {
				"north": {"uv": [0, 0, 0.25, 0.25], "texture": "#1"},
				"east": {"uv": [0, 0, 0.8, 0.25], "texture": "#1"},
				"south": {"uv": [0, 0, 0.25, 0.25], "texture": "#1"},
				"west": {"uv": [0, 0, 0.8, 0.25], "texture": "#1"},
				"up": {"uv": [0, 0, 0.25, 0.8], "texture": "#1"},
				"down": {"uv": [0, 0, 0.25, 0.8], "texture": "#1"}
			}
		},
		{
			"from": [6.9, 6.4, -2.05],
			"to": [7.15, 6.65, -1.25],
			"rotation": {"angle": 0, "axis": "y", "origin": [2.9, 6.4, -1.35]},
			"faces": {
				"north": {"uv": [0, 0, 0.25, 0.25], "texture": "#1"},
				"east": {"uv": [0, 0, 0.8, 0.25], "texture": "#1"},
				"south": {"uv": [0, 0, 0.25, 0.25], "texture": "#1"},
				"west": {"uv": [0, 0, 0.8, 0.25], "texture": "#1"},
				"up": {"uv": [0, 0, 0.25, 0.8], "texture": "#1"},
				"down": {"uv": [0, 0, 0.25, 0.8], "texture": "#1"}
			}
		},
		{
			"from": [6.70735, 6.43832, -2.05],
			"to": [6.95735, 6.68832, -1.25],
			"rotation": {"angle": -22.5, "axis": "z", "origin": [6.83235, 6.56332, -1.3]},
			"faces": {
				"north": {"uv": [0, 0, 0.25, 0.25], "texture": "#1"},
				"east": {"uv": [0, 0, 0.8, 0.25], "texture": "#1"},
				"south": {"uv": [0, 0, 0.25, 0.25], "texture": "#1"},
				"west": {"uv": [0, 0, 0.8, 0.25], "texture": "#1"},
				"up": {"uv": [0, 0, 0.25, 0.8], "texture": "#1"},
				"down": {"uv": [0, 0, 0.25, 0.8], "texture": "#1"}
			}
		},
		{
			"from": [6.47031, 6.72543, -2.05],
			"to": [6.72031, 6.97543, -1.25],
			"rotation": {"angle": 22.5, "axis": "z", "origin": [6.61447, 6.75411, -1.3]},
			"faces": {
				"north": {"uv": [0, 0, 0.25, 0.25], "rotation": 270, "texture": "#1"},
				"east": {"uv": [0, 0, 0.25, 0.8], "rotation": 90, "texture": "#1"},
				"south": {"uv": [0, 0, 0.25, 0.25], "rotation": 90, "texture": "#1"},
				"west": {"uv": [0, 0, 0.25, 0.8], "rotation": 90, "texture": "#1"},
				"up": {"uv": [0, 0, 0.8, 0.25], "rotation": 90, "texture": "#1"},
				"down": {"uv": [0, 0, 0.8, 0.25], "rotation": 90, "texture": "#1"}
			}
		},
		{
			"from": [6.45908, 7.05431, -2.05],
			"to": [6.70908, 7.30431, -1.25],
			"rotation": {"angle": -22.5, "axis": "z", "origin": [6.67697, 7.26097, -1.3]},
			"faces": {
				"north": {"uv": [0, 0, 0.25, 0.25], "rotation": 270, "texture": "#1"},
				"east": {"uv": [0, 0, 0.25, 0.8], "rotation": 90, "texture": "#1"},
				"south": {"uv": [0, 0, 0.25, 0.25], "rotation": 90, "texture": "#1"},
				"west": {"uv": [0, 0, 0.25, 0.8], "rotation": 90, "texture": "#1"},
				"up": {"uv": [0, 0, 0.8, 0.25], "rotation": 90, "texture": "#1"},
				"down": {"uv": [0, 0, 0.8, 0.25], "rotation": 90, "texture": "#1"}
			}
		},
		{
			"from": [6.78452, 7.29135, -2.05],
			"to": [7.03452, 7.54135, -1.25],
			"rotation": {"angle": 22.5, "axis": "z", "origin": [6.67697, 7.26097, -1.3]},
			"faces": {
				"north": {"uv": [0, 0, 0.25, 0.25], "rotation": 180, "texture": "#1"},
				"east": {"uv": [0, 0, 0.8, 0.25], "rotation": 180, "texture": "#1"},
				"south": {"uv": [0, 0, 0.25, 0.25], "rotation": 180, "texture": "#1"},
				"west": {"uv": [0, 0, 0.8, 0.25], "rotation": 180, "texture": "#1"},
				"up": {"uv": [0, 0, 0.25, 0.8], "rotation": 180, "texture": "#1"},
				"down": {"uv": [0, 0, 0.25, 0.8], "rotation": 180, "texture": "#1"}
			}
		},
		{
			"from": [6.45908, 7.21763, -2.05],
			"to": [6.70908, 7.46763, -1.25],
			"rotation": {"angle": -45, "axis": "z", "origin": [6.67697, 7.26097, -1.3]},
			"faces": {
				"north": {"uv": [0, 0, 0.25, 0.25], "rotation": 270, "texture": "#1"},
				"east": {"uv": [0, 0, 0.25, 0.8], "rotation": 90, "texture": "#1"},
				"south": {"uv": [0, 0, 0.25, 0.25], "rotation": 90, "texture": "#1"},
				"west": {"uv": [0, 0, 0.25, 0.8], "rotation": 90, "texture": "#1"},
				"up": {"uv": [0, 0, 0.8, 0.25], "rotation": 90, "texture": "#1"},
				"down": {"uv": [0, 0, 0.8, 0.25], "rotation": 90, "texture": "#1"}
			}
		},
		{
			"from": [6.39658, 6.90342, -2.05],
			"to": [6.64658, 7.15342, -1.25],
			"rotation": {"angle": 0, "axis": "y", "origin": [6.67697, 7.26097, -1.3]},
			"faces": {
				"north": {"uv": [0, 0, 0.25, 0.25], "rotation": 270, "texture": "#1"},
				"east": {"uv": [0, 0, 0.25, 0.8], "rotation": 90, "texture": "#1"},
				"south": {"uv": [0, 0, 0.25, 0.25], "rotation": 90, "texture": "#1"},
				"west": {"uv": [0, 0, 0.25, 0.8], "rotation": 90, "texture": "#1"},
				"up": {"uv": [0, 0, 0.8, 0.25], "rotation": 90, "texture": "#1"},
				"down": {"uv": [0, 0, 0.8, 0.25], "rotation": 90, "texture": "#1"}
			}
		},
		{
			"from": [7.41525, 7.0012, -2.05],
			"to": [7.66525, 7.2512, -1.25],
			"rotation": {"angle": 22.5, "axis": "z", "origin": [7.27671, 7.04758, -1.3]},
			"faces": {
				"north": {"uv": [0, 0, 0.25, 0.25], "rotation": 90, "texture": "#1"},
				"east": {"uv": [0, 0, 0.25, 0.8], "rotation": 270, "texture": "#1"},
				"south": {"uv": [0, 0, 0.25, 0.25], "rotation": 270, "texture": "#1"},
				"west": {"uv": [0, 0, 0.25, 0.8], "rotation": 270, "texture": "#1"},
				"up": {"uv": [0, 0, 0.8, 0.25], "rotation": 270, "texture": "#1"},
				"down": {"uv": [0, 0, 0.8, 0.25], "rotation": 270, "texture": "#1"}
			}
		},
		{
			"from": [6.91183, 6.49778, -2.05],
			"to": [7.16183, 6.74778, -1.25],
			"rotation": {"angle": 22.5, "axis": "z", "origin": [7.27671, 7.04758, -1.3]},
			"faces": {
				"north": {"uv": [0, 0, 0.25, 0.25], "texture": "#1"},
				"east": {"uv": [0, 0, 0.8, 0.25], "texture": "#1"},
				"south": {"uv": [0, 0, 0.25, 0.25], "texture": "#1"},
				"west": {"uv": [0, 0, 0.8, 0.25], "texture": "#1"},
				"up": {"uv": [0, 0, 0.25, 0.8], "texture": "#1"},
				"down": {"uv": [0, 0, 0.25, 0.8], "texture": "#1"}
			}
		},
		{
			"from": [7.42991, 6.80855, -2.05],
			"to": [7.67991, 7.05855, -1.25],
			"rotation": {"angle": -22.5, "axis": "z", "origin": [7.27671, 7.04758, -1.3]},
			"faces": {
				"north": {"uv": [0, 0, 0.25, 0.25], "rotation": 90, "texture": "#1"},
				"east": {"uv": [0, 0, 0.25, 0.8], "rotation": 270, "texture": "#1"},
				"south": {"uv": [0, 0, 0.25, 0.25], "rotation": 270, "texture": "#1"},
				"west": {"uv": [0, 0, 0.25, 0.8], "rotation": 270, "texture": "#1"},
				"up": {"uv": [0, 0, 0.8, 0.25], "rotation": 270, "texture": "#1"},
				"down": {"uv": [0, 0, 0.8, 0.25], "rotation": 270, "texture": "#1"}
			}
		},
		{
			"from": [6.9, 7.40683, -2.05],
			"to": [7.15, 7.65683, -1.25],
			"rotation": {"angle": 0, "axis": "y", "origin": [7.27671, 7.04758, -1.3]},
			"faces": {
				"north": {"uv": [0, 0, 0.25, 0.25], "rotation": 180, "texture": "#1"},
				"east": {"uv": [0, 0, 0.8, 0.25], "rotation": 180, "texture": "#1"},
				"south": {"uv": [0, 0, 0.25, 0.25], "rotation": 180, "texture": "#1"},
				"west": {"uv": [0, 0, 0.8, 0.25], "rotation": 180, "texture": "#1"},
				"up": {"uv": [0, 0, 0.25, 0.8], "rotation": 180, "texture": "#1"},
				"down": {"uv": [0, 0, 0.25, 0.8], "rotation": 180, "texture": "#1"}
			}
		},
		{
			"from": [6.92649, 7.31197, -2.05],
			"to": [7.17649, 7.56197, -1.25],
			"rotation": {"angle": -22.5, "axis": "z", "origin": [7.27671, 7.04758, -1.3]},
			"faces": {
				"north": {"uv": [0, 0, 0.25, 0.25], "rotation": 180, "texture": "#1"},
				"east": {"uv": [0, 0, 0.8, 0.25], "rotation": 180, "texture": "#1"},
				"south": {"uv": [0, 0, 0.25, 0.25], "rotation": 180, "texture": "#1"},
				"west": {"uv": [0, 0, 0.8, 0.25], "rotation": 180, "texture": "#1"},
				"up": {"uv": [0, 0, 0.25, 0.8], "rotation": 180, "texture": "#1"},
				"down": {"uv": [0, 0, 0.25, 0.8], "rotation": 180, "texture": "#1"}
			}
		},
		{
			"from": [6.98727, 7.23446, -2.05],
			"to": [7.23727, 7.48446, -1.25],
			"rotation": {"angle": -45, "axis": "z", "origin": [7.27671, 7.04758, -1.3]},
			"faces": {
				"north": {"uv": [0, 0, 0.25, 0.25], "rotation": 180, "texture": "#1"},
				"east": {"uv": [0, 0, 0.8, 0.25], "rotation": 180, "texture": "#1"},
				"south": {"uv": [0, 0, 0.25, 0.25], "rotation": 180, "texture": "#1"},
				"west": {"uv": [0, 0, 0.8, 0.25], "rotation": 180, "texture": "#1"},
				"up": {"uv": [0, 0, 0.25, 0.8], "rotation": 180, "texture": "#1"},
				"down": {"uv": [0, 0, 0.25, 0.8], "rotation": 180, "texture": "#1"}
			}
		},
		{
			"from": [7.40342, 6.90342, -2.05],
			"to": [7.65342, 7.15342, -1.25],
			"rotation": {"angle": 0, "axis": "y", "origin": [7.27671, 7.04758, -1.3]},
			"faces": {
				"north": {"uv": [0, 0, 0.25, 0.25], "rotation": 90, "texture": "#1"},
				"east": {"uv": [0, 0, 0.25, 0.8], "rotation": 270, "texture": "#1"},
				"south": {"uv": [0, 0, 0.25, 0.25], "rotation": 270, "texture": "#1"},
				"west": {"uv": [0, 0, 0.25, 0.8], "rotation": 270, "texture": "#1"},
				"up": {"uv": [0, 0, 0.8, 0.25], "rotation": 270, "texture": "#1"},
				"down": {"uv": [0, 0, 0.8, 0.25], "rotation": 270, "texture": "#1"}
			}
		},
		{
			"from": [7.49069, 6.73104, -2.05],
			"to": [7.74069, 6.98104, -1.25],
			"rotation": {"angle": -45, "axis": "z", "origin": [7.27671, 7.04758, -1.3]},
			"faces": {
				"north": {"uv": [0, 0, 0.25, 0.25], "rotation": 90, "texture": "#1"},
				"east": {"uv": [0, 0, 0.25, 0.8], "rotation": 270, "texture": "#1"},
				"south": {"uv": [0, 0, 0.25, 0.25], "rotation": 270, "texture": "#1"},
				"west": {"uv": [0, 0, 0.25, 0.8], "rotation": 270, "texture": "#1"},
				"up": {"uv": [0, 0, 0.8, 0.25], "rotation": 270, "texture": "#1"},
				"down": {"uv": [0, 0, 0.8, 0.25], "rotation": 270, "texture": "#1"}
			}
		}
	],
	"display": {
		"thirdperson_righthand": {
			"translation": [0.75, 2.25, 2.25],
			"scale": [0.7, 0.7, 0.7]
		},
		"thirdperson_lefthand": {
			"translation": [-1, 2.5, 2],
			"scale": [0.7, 0.7, 0.7]
		},
		"firstperson_righthand": {
			"translation": [0.25, 5.25, 0]
		},
		"firstperson_lefthand": {
			"translation": [-0.75, 5.5, 0]
		},
		"ground": {
			"rotation": [0, 0, 90],
			"translation": [-4.25, 0, 4.75],
			"scale": [1.17, 1.17, 1.17]
		},
		"gui": {
			"rotation": [23, -90, 0],
			"translation": [-3.25, 3.25, 0]
		},
		"head": {
			"rotation": [-90, 0, 0],
			"translation": [7.75, -27, -2.25]
		},
		"fixed": {
			"rotation": [0, 90, 0],
			"translation": [6.75, 7, 0],
			"scale": [2.02, 2.02, 2.02]
		}
	},
	"groups": [
		{
			"name": "handle",
			"origin": [0, 0, 0],
			"color": 0,
			"children": []
		},
		0,
		1,
		2,
		3,
		4,
		5,
		6,
		7,
		8,
		9,
		10,
		11,
		12,
		13,
		14,
		15,
		16,
		17,
		18,
		19,
		20,
		21,
		22,
		23,
		24,
		25,
		26,
		27,
		28,
		29,
		30,
		31,
		{
			"name": "group",
			"origin": [4.37671, 0.64758, 0.05],
			"color": 0,
			"children": [32, 33, 34, 35, 36, 37, 38, 39, 40, 41, 42, 43, 44, 45, 46, 47]
		}
	]
}