{
	"credit": "Made with Blockbench",
	"texture_size": [32, 32],
	"textures": {
		"0": "item/hotshot",
		"particle": "item/hotshot"
	},
	"elements": [
		{
			"from": [6, 0, 0],
			"to": [10, 4, 4],
			"rotation": {"angle": 0, "axis": "y", "origin": [8, 0, 0]},
			"faces": {
				"north": {"uv": [2.5, 4.5, 4.5, 6.5], "rotation": 90, "texture": "#0"},
				"east": {"uv": [4, 6.5, 2, 8.5], "rotation": 270, "texture": "#0"},
				"south": {"uv": [5, 2, 7, 4], "rotation": 270, "texture": "#0"},
				"west": {"uv": [8.5, 2, 6.5, 0], "rotation": 270, "texture": "#0"},
				"up": {"uv": [4.5, 4.5, 6.5, 6.5], "rotation": 270, "texture": "#0"},
				"down": {"uv": [0, 6.5, 2, 8.5], "rotation": 270, "texture": "#0"}
			}
		},
		{
			"name": "claw",
			"from": [5.75, 4.25, -1],
			"to": [10.25, 4.25, 3],
			"rotation": {"angle": 0, "axis": "y", "origin": [8, 0, 0]},
			"faces": {
				"north": {"uv": [0, 0, 0, 2.25], "rotation": 90, "texture": "#0"},
				"east": {"uv": [0, 0, 0, 2], "rotation": 270, "texture": "#0"},
				"south": {"uv": [0, 0, 0, 2.25], "rotation": 270, "texture": "#0"},
				"west": {"uv": [0, 2, 0, 0], "rotation": 270, "texture": "#0"},
				"up": {"uv": [0, 0, 2, 2.25], "rotation": 270, "texture": "#0"},
				"down": {"uv": [2, 0, 4, 2.25], "rotation": 270, "texture": "#0"}
			}
		},
		{
			"name": "claw",
			"from": [5.75, -0.25, -1],
			"to": [5.75, 4.25, 3],
			"rotation": {"angle": 0, "axis": "y", "origin": [8, 0, 0]},
			"faces": {
				"north": {"uv": [0, 0, 2.25, 0], "rotation": 90, "texture": "#0"},
				"east": {"uv": [4.75, 2.5, 2.5, 4.5], "rotation": 270, "texture": "#0"},
				"south": {"uv": [0, 0, 2.25, 0], "rotation": 270, "texture": "#0"},
				"west": {"uv": [2.25, 4.5, 0, 2.5], "rotation": 270, "texture": "#0"},
				"up": {"uv": [0, 0, 2, 0], "rotation": 270, "texture": "#0"},
				"down": {"uv": [0, 0, 2, 0], "rotation": 270, "texture": "#0"}
			}
		},
		{
			"name": "claw",
			"from": [10.25, -0.25, -1],
			"to": [10.25, 4.25, 3],
			"rotation": {"angle": 0, "axis": "y", "origin": [8, 0, 0]},
			"faces": {
				"north": {"uv": [0, 0, 2.25, 0], "rotation": 90, "texture": "#0"},
				"east": {"uv": [2.25, 4.5, 0, 6.5], "rotation": 270, "texture": "#0"},
				"south": {"uv": [0, 0, 2.25, 0], "rotation": 270, "texture": "#0"},
				"west": {"uv": [6.25, 2, 4, 0], "rotation": 270, "texture": "#0"},
				"up": {"uv": [0, 0, 2, 0], "rotation": 270, "texture": "#0"},
				"down": {"uv": [0, 0, 2, 0], "rotation": 270, "texture": "#0"}
			}
		},
		{
			"from": [5.75, 6.10896, 2.31147],
			"to": [10.25, 6.10896, 3.31147],
			"rotation": {"angle": 22.5, "axis": "x", "origin": [8, 0, 0]},
			"faces": {
				"north": {"uv": [0, 0, 0, 2.25], "rotation": 90, "texture": "#0"},
				"east": {"uv": [0, 0, 0, 0.5], "rotation": 270, "texture": "#0"},
				"south": {"uv": [0, 0, 0, 2.25], "rotation": 270, "texture": "#0"},
				"west": {"uv": [0, 0.5, 0, 0], "rotation": 270, "texture": "#0"},
				"up": {"uv": [8, 6, 8.5, 8.25], "rotation": 270, "texture": "#0"},
				"down": {"uv": [0, 8.5, 0.5, 10.75], "rotation": 270, "texture": "#0"}
			}
		},
		{
			"from": [5.75, 2.60896, 2.31147],
			"to": [5.75, 6.10896, 3.31147],
			"rotation": {"angle": 22.5, "axis": "x", "origin": [8, 0, 0]},
			"faces": {
				"north": {"uv": [0, 0, 1.75, 0], "rotation": 90, "texture": "#0"},
				"east": {"uv": [10.25, 7, 8.5, 7.5], "rotation": 270, "texture": "#0"},
				"south": {"uv": [0, 0, 1.75, 0], "rotation": 270, "texture": "#0"},
				"west": {"uv": [10.25, 7, 8.5, 6.5], "rotation": 270, "texture": "#0"},
				"up": {"uv": [0, 0, 0.5, 0], "rotation": 270, "texture": "#0"},
				"down": {"uv": [0, 0, 0.5, 0], "rotation": 270, "texture": "#0"}
			}
		},
		{
			"from": [10.25, 2.60896, 2.31147],
			"to": [10.25, 6.10896, 3.31147],
			"rotation": {"angle": 22.5, "axis": "x", "origin": [8, 0, 0]},
			"faces": {
				"north": {"uv": [0, 0, 1.75, 0], "rotation": 90, "texture": "#0"},
				"east": {"uv": [10.25, 7.5, 8.5, 8], "rotation": 270, "texture": "#0"},
				"south": {"uv": [0, 0, 1.75, 0], "rotation": 270, "texture": "#0"},
				"west": {"uv": [9.25, 9, 7.5, 8.5], "rotation": 270, "texture": "#0"},
				"up": {"uv": [0, 0, 0.5, 0], "rotation": 270, "texture": "#0"},
				"down": {"uv": [0, 0, 0.5, 0], "rotation": 270, "texture": "#0"}
			}
		},
		{
			"from": [6, 0, 5],
			"to": [10, 4, 6],
			"rotation": {"angle": 0, "axis": "y", "origin": [8, 0, 0]},
			"faces": {
				"north": {"uv": [4, 6.5, 6, 8.5], "rotation": 90, "texture": "#0"},
				"east": {"uv": [5, 8.5, 3, 9], "rotation": 270, "texture": "#0"},
				"south": {"uv": [6.5, 4, 8.5, 6], "rotation": 270, "texture": "#0"},
				"west": {"uv": [3, 9, 1, 8.5], "rotation": 270, "texture": "#0"},
				"up": {"uv": [8.5, 0, 9, 2], "rotation": 270, "texture": "#0"},
				"down": {"uv": [0.5, 8.5, 1, 10.5], "rotation": 270, "texture": "#0"}
			}
		},
		{
			"from": [6.25, 0.25, 4],
			"to": [9.75, 3.75, 5],
			"rotation": {"angle": 0, "axis": "y", "origin": [8, 0, 0]},
			"faces": {
				"north": {"uv": [6, 6.5, 7.75, 8.25], "rotation": 90, "texture": "#0"},
				"east": {"uv": [10.25, 6, 8.5, 6.5], "rotation": 270, "texture": "#0"},
				"south": {"uv": [7, 2, 8.75, 3.75], "rotation": 270, "texture": "#0"},
				"west": {"uv": [7.25, 9, 5.5, 8.5], "rotation": 270, "texture": "#0"},
				"up": {"uv": [8.5, 4, 9, 5.75], "rotation": 270, "texture": "#0"},
				"down": {"uv": [5, 8.5, 5.5, 10.25], "rotation": 270, "texture": "#0"}
			}
		}
	],
	"gui_light": "front",
	"display": {
		"thirdperson_righthand": {
			"rotation": [0, 0, -90],
			"translation": [9, -2, 8.25],
			"scale": [1.5, 1.5, 1.5]
		},
		"thirdperson_lefthand": {
			"rotation": [0, 0, -90],
			"translation": [9, -2, 8.25],
			"scale": [1.5, 1.5, 1.5]
		},
		"firstperson_righthand": {
			"rotation": [60, 30, -75],
			"translation": [52, -13.25, -25],
			"scale": [4, 4, 4]
		},
		"firstperson_lefthand": {
			"rotation": [60, 30, -75],
			"translation": [52, -13.25, -25],
			"scale": [4, 4, 4]
		},
		"ground": {
			"rotation": [33, -0.58, -2.06],
			"translation": [-0.5, 5.25, 11],
			"scale": [1.5, 1.5, 1.5]
		},
		"gui": {
			"rotation": [60, -45, 45],
			"translation": [-12.75, 2.5, 0],
			"scale": [2, 2, 2]
		},
		"head": {
			"rotation": [0, 180, 0],
			"translation": [0, 23.75, -19.5],
			"scale": [4, 4, 4]
		},
		"fixed": {
			"rotation": [90, 45, -90],
			"translation": [17.75, 0, -5.5],
			"scale": [2.5, 2.5, 2.5]
		}
	}
}