{
	"credit": "Made with Blockbench",
	"texture_size": [64, 64],
	"textures": {
		"0": "item/icebullettext",
		"particle": "item/icebullettext"
	},
	"elements": [
		{
			"from": [5.5, 8, 7.5],
			"to": [8.5, 12.5, 10.5],
			"faces": {
				"north": {"uv": [1, 2, 1.75, 3.25], "texture": "#0"},
				"east": {"uv": [2, 1, 2.75, 2.25], "texture": "#0"},
				"south": {"uv": [1.75, 2.25, 2.5, 3.5], "texture": "#0"},
				"west": {"uv": [2.5, 2.25, 3.25, 3.5], "texture": "#0"},
				"up": {"uv": [4, 2.5, 3.25, 1.75], "texture": "#0"},
				"down": {"uv": [4, 2.5, 3.25, 3.25], "texture": "#0"}
			}
		},
		{
			"from": [9, 8.75, 7.5],
			"to": [9.25, 11.75, 10.5],
			"faces": {
				"north": {"uv": [3, 3.5, 3.25, 4.25], "texture": "#0"},
				"east": {"uv": [3.25, 3.25, 4, 4], "texture": "#0"},
				"south": {"uv": [4, 3, 4.25, 3.75], "texture": "#0"},
				"west": {"uv": [1.5, 3.5, 2.25, 4.25], "texture": "#0"},
				"up": {"uv": [3.5, 4.75, 3.25, 4], "texture": "#0"},
				"down": {"uv": [3.75, 4, 3.5, 4.75], "texture": "#0"}
			}
		},
		{
			"from": [4.75, 8.75, 7.5],
			"to": [5, 11.75, 10.5],
			"faces": {
				"north": {"uv": [3.75, 4, 4, 4.75], "texture": "#0"},
				"east": {"uv": [2.25, 3.5, 3, 4.25], "texture": "#0"},
				"south": {"uv": [4, 3.75, 4.25, 4.5], "texture": "#0"},
				"west": {"uv": [4, 0.75, 4.75, 1.5], "texture": "#0"},
				"up": {"uv": [0.25, 5, 0, 4.25], "texture": "#0"},
				"down": {"uv": [4.5, 0, 4.25, 0.75], "texture": "#0"}
			}
		},
		{
			"from": [5.5, 8.75, 6.75],
			"to": [8.5, 11.75, 11.25],
			"faces": {
				"north": {"uv": [4, 1.5, 4.75, 2.25], "texture": "#0"},
				"east": {"uv": [2.75, 1, 4, 1.75], "texture": "#0"},
				"south": {"uv": [4, 2.25, 4.75, 3], "texture": "#0"},
				"west": {"uv": [3, 0, 4.25, 0.75], "texture": "#0"},
				"up": {"uv": [0.75, 4.25, 0, 3], "texture": "#0"},
				"down": {"uv": [1.5, 3.25, 0.75, 4.5], "texture": "#0"}
			}
		},
		{
			"from": [5, 8.25, 7],
			"to": [9, 12.25, 11],
			"faces": {
				"north": {"uv": [0, 0, 1, 1], "texture": "#0"},
				"east": {"uv": [0, 1, 1, 2], "texture": "#0"},
				"south": {"uv": [1, 0, 2, 1], "texture": "#0"},
				"west": {"uv": [1, 1, 2, 2], "texture": "#0"},
				"up": {"uv": [1, 3, 0, 2], "texture": "#0"},
				"down": {"uv": [3, 0, 2, 1], "texture": "#0"}
			}
		}
	],
	"groups": [
		{
			"name": "group",
			"origin": [0, 0, 0],
			"color": 0,
			"children": [0, 1, 2, 3, 4]
		}
	]
}