{
 "parent": "item/handheld",
 "textures": {
  "layer0": "item/iron_axe"
 },

 "overrides": [
  { "predicate": {"custom_model_data": 123456}, "model": "item/asdf"},
  { "predicate": {"custom_model_data": 123457}, "model": "item/GunSword"},
  { "predicate": {"custom_model_data": 123458}, "model": "item/Spear"},
  { "predicate": {"custom_model_data": 123459}, "model": "item/PigheadStick"},
  { "predicate": {"custom_model_data": 123460}, "model": "item/fc95ace8-3db0-4e51-b3a2-3f008208122c"},
  { "predicate": {"custom_model_data": 123461}, "model": "item/Jezail"},
  { "predicate": {"custom_model_data": 123462}, "model": "item/sword2"},
  { "predicate": {"custom_model_data": 123463}, "model": "item/sword1"},
  { "predicate": {"custom_model_data": 123464}, "model": "item/ChainsawManBlade"},
  { "predicate": {"custom_model_data": 123465}, "model": "item/SerpentTrident"},
  { "predicate": {"custom_model_data": 123466}, "model": "item/ElementalBlade"},
  { "predicate": {"custom_model_data": 123467}, "model": "item/ExcaliburBlade"},
  { "predicate": {"custom_model_data": 123468}, "model": "item/WarAxe"},
  { "predicate": {"custom_model_data": 123469}, "model": "item/CatgirlDakimura"},
  { "predicate": {"custom_model_data": 123470}, "model": "item/JettKnife"},
  { "predicate": {"custom_model_data": 123471}, "model": "item/FlashDrive"},
  { "predicate": {"custom_model_data": 123472}, "model": "item/TourdeForce"},
  { "predicate": {"custom_model_data": 123473}, "model": "item/NewcastleShield"},
  { "predicate": {"custom_model_data": 123474}, "model": "item/Rageblade"},
  { "predicate": {"custom_model_data": 123475}, "model": "item/AquaHeartia"},
  { "predicate": {"custom_model_data": 123476}, "model": "item/ErisSword"},
  { "predicate": {"custom_model_data": 123477}, "model": "item/RoxyStaff"},
  { "predicate": {"custom_model_data": 123478}, "model": "item/weathered"},
  { "predicate": {"custom_model_data": 123479}, "model": "item/debateclub"},
  { "predicate": {"custom_model_data": 123480}, "model": "item/Grimoire"},
  { "predicate": {"custom_model_data": 123481}, "model": "item/online1"},
  { "predicate": {"custom_model_data": 123482}, "model": "item/steampunk_hamer"},
  { "predicate": {"custom_model_data": 123483}, "model": "item/shishkebab"},
  { "predicate": {"custom_model_data": 123484}, "model": "item/FGrimoire"},
  { "predicate": {"custom_model_data": 123485}, "model": "item/RocketLauncher"},
  { "predicate": {"custom_model_data": 123486}, "model": "item/Dagger"},
  { "predicate": {"custom_model_data": 123487}, "model": "item/banana"},
  { "predicate": {"custom_model_data": 123488}, "model": "item/banana_bunch"},
  { "predicate": {"custom_model_data": 123489}, "model": "item/glock18"},
  { "predicate": {"custom_model_data": 123490}, "model": "item/DravenAxe"}

 ]

 
}