{
	"credit": "Made with Blockbench",
	"texture_size": [64, 64],
	"textures": {
		"1": "item/lanternlight",
		"2": "item/JaxLantern",
		"particle": "item/JaxLantern"
	},
	"elements": [
		{
			"from": [7, -11, 8],
			"to": [9, 4, 10],
			"rotation": {"angle": 0, "axis": "y", "origin": [0, -8, 0]},
			"faces": {
				"north": {"uv": [3, 5.25, 3.5, 9], "texture": "#2"},
				"east": {"uv": [3.5, 5.25, 4, 9], "texture": "#2"},
				"south": {"uv": [4, 5.25, 4.5, 9], "texture": "#2"},
				"west": {"uv": [4.5, 5.25, 5, 9], "texture": "#2"},
				"up": {"uv": [2, 5.25, 1.5, 4.75], "texture": "#2"},
				"down": {"uv": [2.5, 8, 2, 8.5], "texture": "#2"}
			}
		},
		{
			"from": [7, 6.00627, 7.00419],
			"to": [9, 17.00627, 9.00419],
			"rotation": {"angle": 0, "axis": "y", "origin": [0, -11.99373, -0.99581]},
			"faces": {
				"north": {"uv": [0, 5.75, 0.5, 8.5], "texture": "#2"},
				"east": {"uv": [0.5, 5.75, 1, 8.5], "texture": "#2"},
				"south": {"uv": [1, 5.75, 1.5, 8.5], "texture": "#2"},
				"west": {"uv": [5, 6.25, 5.5, 9], "texture": "#2"},
				"up": {"uv": [3, 8.5, 2.5, 8], "texture": "#2"},
				"down": {"uv": [6, 8, 5.5, 8.5], "texture": "#2"}
			}
		},
		{
			"from": [7, 3.12253, 5.58868],
			"to": [9, 6.12253, 7.58868],
			"rotation": {"angle": -22.5, "axis": "x", "origin": [8, 9.62253, 6.58868]},
			"faces": {
				"north": {"uv": [1.5, 4, 2, 4.75], "texture": "#2"},
				"east": {"uv": [2.5, 6.75, 3, 7.5], "texture": "#2"},
				"south": {"uv": [7.75, 0, 8.25, 0.75], "texture": "#2"},
				"west": {"uv": [1.5, 8, 2, 8.75], "texture": "#2"},
				"up": {"uv": [6.5, 8.5, 6, 8], "texture": "#2"},
				"down": {"uv": [8.75, 0.25, 8.25, 0.75], "texture": "#2"}
			}
		},
		{
			"from": [6, -11.5, 7],
			"to": [10, -11, 11],
			"rotation": {"angle": 0, "axis": "y", "origin": [0, -8, 0]},
			"faces": {
				"north": {"uv": [3.75, 9, 4.75, 9.125], "texture": "#2"},
				"east": {"uv": [9, 4.75, 10, 4.875], "texture": "#2"},
				"south": {"uv": [9, 5, 10, 5.125], "texture": "#2"},
				"west": {"uv": [9, 5.25, 10, 5.375], "texture": "#2"},
				"up": {"uv": [7.5, 2.25, 6.5, 1.25], "texture": "#2"},
				"down": {"uv": [7.5, 2.25, 6.5, 3.25], "texture": "#2"}
			}
		},
		{
			"from": [6.5, -11.5, 11],
			"to": [9.5, -11, 11.5],
			"rotation": {"angle": 0, "axis": "y", "origin": [0, -8, 0]},
			"faces": {
				"north": {"uv": [4.75, 9.25, 5.5, 9.375], "texture": "#2"},
				"east": {"uv": [9.75, 1.5, 9.875, 1.625], "texture": "#2"},
				"south": {"uv": [7, 9.25, 7.75, 9.375], "texture": "#2"},
				"west": {"uv": [9.75, 1.75, 9.875, 1.875], "texture": "#2"},
				"up": {"uv": [10, 7.125, 9.25, 7], "texture": "#2"},
				"down": {"uv": [10, 7.25, 9.25, 7.375], "texture": "#2"}
			}
		},
		{
			"from": [6.5, -11.5, 6.5],
			"to": [9.5, -11, 7],
			"rotation": {"angle": 0, "axis": "y", "origin": [0, -8, 0]},
			"faces": {
				"north": {"uv": [9.25, 7.5, 10, 7.625], "texture": "#2"},
				"east": {"uv": [9.75, 2, 9.875, 2.125], "texture": "#2"},
				"south": {"uv": [7.75, 9.25, 8.5, 9.375], "texture": "#2"},
				"west": {"uv": [2.25, 9.75, 2.375, 9.875], "texture": "#2"},
				"up": {"uv": [10, 7.875, 9.25, 7.75], "texture": "#2"},
				"down": {"uv": [10, 8.25, 9.25, 8.375], "texture": "#2"}
			}
		},
		{
			"from": [5.5, -11.5, 7.5],
			"to": [6, -11, 10.5],
			"rotation": {"angle": 0, "axis": "y", "origin": [0, -8, 0]},
			"faces": {
				"north": {"uv": [9.75, 2.25, 9.875, 2.375], "texture": "#2"},
				"east": {"uv": [8.5, 9.25, 9.25, 9.375], "texture": "#2"},
				"south": {"uv": [2.5, 9.75, 2.625, 9.875], "texture": "#2"},
				"west": {"uv": [9.25, 8.5, 10, 8.625], "texture": "#2"},
				"up": {"uv": [0.625, 10, 0.5, 9.25], "texture": "#2"},
				"down": {"uv": [9.375, 9.25, 9.25, 10], "texture": "#2"}
			}
		},
		{
			"from": [10, -11.5, 7.5],
			"to": [10.5, -11, 10.5],
			"rotation": {"angle": 0, "axis": "y", "origin": [0, -8, 0]},
			"faces": {
				"north": {"uv": [9.75, 2.5, 9.875, 2.625], "texture": "#2"},
				"east": {"uv": [9.25, 8.75, 10, 8.875], "texture": "#2"},
				"south": {"uv": [2.75, 9.75, 2.875, 9.875], "texture": "#2"},
				"west": {"uv": [9.5, 0.25, 10.25, 0.375], "texture": "#2"},
				"up": {"uv": [0.125, 10.25, 0, 9.5], "texture": "#2"},
				"down": {"uv": [0.375, 9.5, 0.25, 10.25], "texture": "#2"}
			}
		},
		{
			"from": [6.25, -12.25, 7.5],
			"to": [9.5, -11.5, 10.5],
			"rotation": {"angle": 0, "axis": "y", "origin": [0, -8, 0]},
			"faces": {
				"north": {"uv": [8.25, 7, 9.125, 7.25], "texture": "#2"},
				"east": {"uv": [7, 8.5, 7.75, 8.75], "texture": "#2"},
				"south": {"uv": [8.25, 7.25, 9.125, 7.5], "texture": "#2"},
				"west": {"uv": [7.75, 8.5, 8.5, 8.75], "texture": "#2"},
				"up": {"uv": [7.375, 6, 6.5, 5.25], "texture": "#2"},
				"down": {"uv": [2.375, 6.75, 1.5, 7.5], "texture": "#2"}
			}
		},
		{
			"from": [6.75, -12.25, 6.75],
			"to": [9.25, -11.5, 7.5],
			"rotation": {"angle": 0, "axis": "y", "origin": [0, -8, 0]},
			"faces": {
				"north": {"uv": [2.25, 8.75, 2.875, 9], "texture": "#2"},
				"east": {"uv": [6.5, 6, 6.75, 6.25], "texture": "#2"},
				"south": {"uv": [8.75, 3.5, 9.375, 3.75], "texture": "#2"},
				"west": {"uv": [6.5, 8, 6.75, 8.25], "texture": "#2"},
				"up": {"uv": [9.375, 4, 8.75, 3.75], "texture": "#2"},
				"down": {"uv": [9.375, 4, 8.75, 4.25], "texture": "#2"}
			}
		},
		{
			"from": [5.75, -12.25, 8],
			"to": [6.25, -11.5, 10],
			"rotation": {"angle": 0, "axis": "y", "origin": [0, -8, 0]},
			"faces": {
				"north": {"uv": [8.5, 9.5, 8.625, 9.75], "texture": "#2"},
				"east": {"uv": [4.75, 9, 5.25, 9.25], "texture": "#2"},
				"south": {"uv": [8.75, 9.5, 8.875, 9.75], "texture": "#2"},
				"west": {"uv": [9, 5.5, 9.5, 5.75], "texture": "#2"},
				"up": {"uv": [9.625, 4.25, 9.5, 3.75], "texture": "#2"},
				"down": {"uv": [9.625, 4.25, 9.5, 4.75], "texture": "#2"}
			}
		},
		{
			"from": [9.5, -12.25, 7.75],
			"to": [10.25, -11.5, 10.25],
			"rotation": {"angle": 0, "axis": "y", "origin": [0, -8, 0]},
			"faces": {
				"north": {"uv": [5.25, 9, 5.5, 9.25], "texture": "#2"},
				"east": {"uv": [8.75, 4.25, 9.375, 4.5], "texture": "#2"},
				"south": {"uv": [4.5, 9.5, 4.75, 9.75], "texture": "#2"},
				"west": {"uv": [8.75, 4.5, 9.375, 4.75], "texture": "#2"},
				"up": {"uv": [9, 5.375, 8.75, 4.75], "texture": "#2"},
				"down": {"uv": [9, 5.5, 8.75, 6.125], "texture": "#2"}
			}
		},
		{
			"from": [6.75, -12.25, 10.5],
			"to": [9.25, -11.5, 11.25],
			"rotation": {"angle": 0, "axis": "y", "origin": [0, -8, 0]},
			"faces": {
				"north": {"uv": [7, 8.75, 7.625, 9], "texture": "#2"},
				"east": {"uv": [4.75, 9.5, 5, 9.75], "texture": "#2"},
				"south": {"uv": [7.75, 8.75, 8.375, 9], "texture": "#2"},
				"west": {"uv": [5, 9.5, 5.25, 9.75], "texture": "#2"},
				"up": {"uv": [9.125, 9, 8.5, 8.75], "texture": "#2"},
				"down": {"uv": [0.625, 9, 0, 9.25], "texture": "#2"}
			}
		},
		{
			"from": [6.75, -13.25, 7.75],
			"to": [9.25, -12.25, 10.25],
			"rotation": {"angle": 0, "axis": "y", "origin": [0, -8, 0]},
			"faces": {
				"north": {"uv": [9, 1.25, 9.625, 1.5], "texture": "#2"},
				"east": {"uv": [9, 1.5, 9.625, 1.75], "texture": "#2"},
				"south": {"uv": [9, 1.75, 9.625, 2], "texture": "#2"},
				"west": {"uv": [9, 2, 9.625, 2.25], "texture": "#2"},
				"up": {"uv": [8.125, 6.375, 7.5, 5.75], "texture": "#2"},
				"down": {"uv": [8.125, 6.5, 7.5, 7.125], "texture": "#2"}
			}
		},
		{
			"from": [7, -14, 8],
			"to": [9, -13.25, 10],
			"rotation": {"angle": 0, "axis": "y", "origin": [0, -8, 0]},
			"faces": {
				"north": {"uv": [9, 5.75, 9.5, 6], "texture": "#2"},
				"east": {"uv": [9, 6, 9.5, 6.25], "texture": "#2"},
				"south": {"uv": [7, 9, 7.5, 9.25], "texture": "#2"},
				"west": {"uv": [7.5, 9, 8, 9.25], "texture": "#2"},
				"up": {"uv": [8.75, 3.25, 8.25, 2.75], "texture": "#2"},
				"down": {"uv": [8.75, 3.25, 8.25, 3.75], "texture": "#2"}
			}
		},
		{
			"from": [6.25, -13.25, 8],
			"to": [6.75, -12.25, 10],
			"rotation": {"angle": 0, "axis": "y", "origin": [0, -8, 0]},
			"faces": {
				"north": {"uv": [9, 9.5, 9.125, 9.75], "texture": "#2"},
				"east": {"uv": [8, 9, 8.5, 9.25], "texture": "#2"},
				"south": {"uv": [9.5, 9, 9.625, 9.25], "texture": "#2"},
				"west": {"uv": [9, 8, 9.5, 8.25], "texture": "#2"},
				"up": {"uv": [5.375, 10, 5.25, 9.5], "texture": "#2"},
				"down": {"uv": [9.625, 5.5, 9.5, 6], "texture": "#2"}
			}
		},
		{
			"from": [7, -13.25, 7.25],
			"to": [9, -12.25, 7.75],
			"rotation": {"angle": 0, "axis": "y", "origin": [0, -8, 0]},
			"faces": {
				"north": {"uv": [8.5, 9, 9, 9.25], "texture": "#2"},
				"east": {"uv": [9.5, 9.25, 9.625, 9.5], "texture": "#2"},
				"south": {"uv": [9, 9, 9.5, 9.25], "texture": "#2"},
				"west": {"uv": [9.5, 9.5, 9.625, 9.75], "texture": "#2"},
				"up": {"uv": [10, 6.125, 9.5, 6], "texture": "#2"},
				"down": {"uv": [7.5, 9.5, 7, 9.625], "texture": "#2"}
			}
		},
		{
			"from": [9.25, -13.25, 8],
			"to": [9.75, -12.25, 10],
			"rotation": {"angle": 0, "axis": "y", "origin": [0, -8, 0]},
			"faces": {
				"north": {"uv": [9.75, 0, 9.875, 0.25], "texture": "#2"},
				"east": {"uv": [0, 9.25, 0.5, 9.5], "texture": "#2"},
				"south": {"uv": [9.75, 0.75, 9.875, 1], "texture": "#2"},
				"west": {"uv": [9.25, 0.75, 9.75, 1], "texture": "#2"},
				"up": {"uv": [7.625, 10, 7.5, 9.5], "texture": "#2"},
				"down": {"uv": [7.875, 9.5, 7.75, 10], "texture": "#2"}
			}
		},
		{
			"from": [7, -13.25, 10.25],
			"to": [9, -12.25, 10.5],
			"rotation": {"angle": 0, "axis": "y", "origin": [0, -8, 0]},
			"faces": {
				"north": {"uv": [9.25, 1, 9.75, 1.25], "texture": "#2"},
				"east": {"uv": [9.75, 1, 9.875, 1.25], "texture": "#2"},
				"south": {"uv": [2.25, 9.25, 2.75, 9.5], "texture": "#2"},
				"west": {"uv": [9.75, 1.25, 9.875, 1.5], "texture": "#2"},
				"up": {"uv": [8.5, 9.625, 8, 9.5], "texture": "#2"},
				"down": {"uv": [10, 8, 9.5, 8.125], "texture": "#2"}
			}
		},
		{
			"from": [6.75, 17, 6.75],
			"to": [9.25, 18, 9.25],
			"rotation": {"angle": 0, "axis": "y", "origin": [0, -3, 0]},
			"faces": {
				"north": {"uv": [2.25, 9, 2.875, 9.25], "texture": "#2"},
				"east": {"uv": [9, 2.25, 9.625, 2.5], "texture": "#2"},
				"south": {"uv": [9, 2.5, 9.625, 2.75], "texture": "#2"},
				"west": {"uv": [3, 9, 3.625, 9.25], "texture": "#2"},
				"up": {"uv": [7.375, 8.125, 6.75, 7.5], "texture": "#2"},
				"down": {"uv": [8.125, 7.25, 7.5, 7.875], "texture": "#2"}
			}
		},
		{
			"from": [6.5, 18, 6.5],
			"to": [9.5, 18.5, 9.5],
			"rotation": {"angle": 0, "axis": "y", "origin": [0, -3, 0]},
			"faces": {
				"north": {"uv": [2.25, 9.5, 3, 9.625], "texture": "#2"},
				"east": {"uv": [3, 9.5, 3.75, 9.625], "texture": "#2"},
				"south": {"uv": [9.5, 3.5, 10.25, 3.625], "texture": "#2"},
				"west": {"uv": [3.75, 9.5, 4.5, 9.625], "texture": "#2"},
				"up": {"uv": [7.5, 6.75, 6.75, 6], "texture": "#2"},
				"down": {"uv": [7.5, 6.75, 6.75, 7.5], "texture": "#2"}
			}
		},
		{
			"from": [6.25, 18.5, 6.25],
			"to": [9.75, 19.5, 9.75],
			"rotation": {"angle": 0, "axis": "y", "origin": [0, -3, 0]},
			"faces": {
				"north": {"uv": [8.25, 7.5, 9.125, 7.75], "texture": "#2"},
				"east": {"uv": [8.25, 7.75, 9.125, 8], "texture": "#2"},
				"south": {"uv": [0, 8.5, 0.875, 8.75], "texture": "#2"},
				"west": {"uv": [2, 8.5, 2.875, 8.75], "texture": "#2"},
				"up": {"uv": [7.375, 4.125, 6.5, 3.25], "texture": "#2"},
				"down": {"uv": [7.375, 4.25, 6.5, 5.125], "texture": "#2"}
			}
		},
		{
			"from": [5, 19.5, 5],
			"to": [11, 20.25, 11],
			"rotation": {"angle": 0, "axis": "y", "origin": [0, -3, 0]},
			"faces": {
				"north": {"uv": [7.75, 0.75, 9.25, 1], "texture": "#2"},
				"east": {"uv": [7.75, 1, 9.25, 1.25], "texture": "#2"},
				"south": {"uv": [7.5, 8, 9, 8.25], "texture": "#2"},
				"west": {"uv": [8.25, 0, 9.75, 0.25], "texture": "#2"},
				"up": {"uv": [6.5, 3.25, 5, 1.75], "texture": "#2"},
				"down": {"uv": [6.5, 3.25, 5, 4.75], "texture": "#2"}
			}
		},
		{
			"from": [5, 27.5, 5],
			"to": [11, 28.75, 11],
			"rotation": {"angle": 0, "axis": "y", "origin": [0, -3, 0]},
			"faces": {
				"north": {"uv": [7.5, 1.25, 9, 1.625], "texture": "#2"},
				"east": {"uv": [1.5, 7.5, 3, 7.875], "texture": "#2"},
				"south": {"uv": [7.5, 1.75, 9, 2.125], "texture": "#2"},
				"west": {"uv": [7.5, 2.25, 9, 2.625], "texture": "#2"},
				"up": {"uv": [6.5, 6.25, 5, 4.75], "texture": "#2"},
				"down": {"uv": [3, 5.25, 1.5, 6.75], "texture": "#2"}
			}
		},
		{
			"from": [5.75, 28.75, 5.75],
			"to": [10.25, 30.25, 10.25],
			"rotation": {"angle": 0, "axis": "y", "origin": [0, -3, 0]},
			"faces": {
				"north": {"uv": [7.5, 4.25, 8.625, 4.625], "texture": "#2"},
				"east": {"uv": [7.5, 4.75, 8.625, 5.125], "texture": "#2"},
				"south": {"uv": [7.5, 5.25, 8.625, 5.625], "texture": "#2"},
				"west": {"uv": [5.5, 7.5, 6.625, 7.875], "texture": "#2"},
				"up": {"uv": [6.625, 7.375, 5.5, 6.25], "texture": "#2"},
				"down": {"uv": [7.625, 0, 6.5, 1.125], "texture": "#2"}
			}
		},
		{
			"from": [6.5, 30.25, 6.5],
			"to": [9.5, 31, 9.5],
			"rotation": {"angle": 0, "axis": "y", "origin": [0, -3, 0]},
			"faces": {
				"north": {"uv": [8.5, 8.25, 9.25, 8.5], "texture": "#2"},
				"east": {"uv": [8.5, 8.5, 9.25, 8.75], "texture": "#2"},
				"south": {"uv": [0, 8.75, 0.75, 9], "texture": "#2"},
				"west": {"uv": [8.75, 0.25, 9.5, 0.5], "texture": "#2"},
				"up": {"uv": [8.25, 3.5, 7.5, 2.75], "texture": "#2"},
				"down": {"uv": [8.25, 3.5, 7.5, 4.25], "texture": "#2"}
			}
		},
		{
			"from": [7, 31, 7],
			"to": [9, 32, 9],
			"rotation": {"angle": 0, "axis": "y", "origin": [0, -3, 0]},
			"faces": {
				"north": {"uv": [2.75, 9.25, 3.25, 9.5], "texture": "#2"},
				"east": {"uv": [3.25, 9.25, 3.75, 9.5], "texture": "#2"},
				"south": {"uv": [3.75, 9.25, 4.25, 9.5], "texture": "#2"},
				"west": {"uv": [4.25, 9.25, 4.75, 9.5], "texture": "#2"},
				"up": {"uv": [8.75, 4.25, 8.25, 3.75], "texture": "#2"},
				"down": {"uv": [8.75, 5.75, 8.25, 6.25], "texture": "#2"}
			}
		},
		{
			"from": [4, 27, 4],
			"to": [12, 27.5, 12],
			"rotation": {"angle": 0, "axis": "y", "origin": [0, -3, 0]},
			"faces": {
				"north": {"uv": [8.25, 6.25, 10.25, 6.375], "texture": "#2"},
				"east": {"uv": [6.5, 8.25, 8.5, 8.375], "texture": "#2"},
				"south": {"uv": [8.25, 6.5, 10.25, 6.625], "texture": "#2"},
				"west": {"uv": [8.25, 6.75, 10.25, 6.875], "texture": "#2"},
				"up": {"uv": [2, 2, 0, 0], "texture": "#2"},
				"down": {"uv": [2, 2, 0, 4], "texture": "#2"}
			}
		},
		{
			"from": [10.5, 20.25, 5.25],
			"to": [10.75, 27.25, 10.75],
			"rotation": {"angle": 0, "axis": "y", "origin": [10.125, 20.25, 8]},
			"faces": {
				"north": {"uv": [1, 8.5, 1.125, 10.25], "texture": "#2"},
				"east": {"uv": [2, 0, 3.375, 1.75], "texture": "#2"},
				"south": {"uv": [1.25, 8.5, 1.375, 10.25], "texture": "#2"},
				"west": {"uv": [2, 1.75, 3.375, 3.5], "texture": "#2"},
				"up": {"uv": [0.875, 10.125, 0.75, 8.75], "texture": "#2"},
				"down": {"uv": [1.625, 8.75, 1.5, 10.125], "texture": "#2"}
			}
		},
		{
			"from": [5.25, 20.25, 5.25],
			"to": [5.5, 27.25, 10.75],
			"rotation": {"angle": 0, "axis": "y", "origin": [5.875, 20.25, 8]},
			"faces": {
				"north": {"uv": [5.5, 8.5, 5.625, 10.25], "texture": "#2"},
				"east": {"uv": [3.5, 0, 4.875, 1.75], "texture": "#2"},
				"south": {"uv": [5.75, 8.5, 5.875, 10.25], "texture": "#2"},
				"west": {"uv": [3.5, 1.75, 4.875, 3.5], "texture": "#2"},
				"up": {"uv": [1.875, 10.125, 1.75, 8.75], "texture": "#2"},
				"down": {"uv": [2.125, 8.75, 2, 10.125], "texture": "#2"}
			}
		},
		{
			"from": [5.25, 20.25, 5.25],
			"to": [10.75, 27.25, 5.5],
			"rotation": {"angle": 0, "axis": "y", "origin": [8, 20.25, 5.875]},
			"faces": {
				"north": {"uv": [2, 3.5, 3.375, 5.25], "texture": "#2"},
				"east": {"uv": [6, 8.5, 6.125, 10.25], "texture": "#2"},
				"south": {"uv": [3.5, 3.5, 4.875, 5.25], "texture": "#2"},
				"west": {"uv": [6.25, 8.5, 6.375, 10.25], "texture": "#2"},
				"up": {"uv": [10.125, 0.625, 8.75, 0.5], "texture": "#2"},
				"down": {"uv": [10.125, 2.75, 8.75, 2.875], "texture": "#2"}
			}
		},
		{
			"from": [5.25, 20.25, 10.5],
			"to": [10.75, 27.25, 10.75],
			"rotation": {"angle": 0, "axis": "y", "origin": [8, 20.25, 10.125]},
			"faces": {
				"north": {"uv": [0, 4, 1.375, 5.75], "texture": "#2"},
				"east": {"uv": [6.5, 8.5, 6.625, 10.25], "texture": "#2"},
				"south": {"uv": [5, 0, 6.375, 1.75], "texture": "#2"},
				"west": {"uv": [6.75, 8.5, 6.875, 10.25], "texture": "#2"},
				"up": {"uv": [10.125, 3.125, 8.75, 3], "texture": "#2"},
				"down": {"uv": [10.125, 3.25, 8.75, 3.375], "texture": "#2"}
			}
		},
		{
			"from": [6, 20, 8],
			"to": [10, 27, 8],
			"faces": {
				"north": {"uv": [4, 0, 8, 7], "texture": "#1"},
				"east": {"uv": [0, 0, 0, 7], "texture": "#1"},
				"south": {"uv": [4, 0, 8, 7], "texture": "#1"},
				"west": {"uv": [0, 0, 0, 7], "texture": "#1"},
				"up": {"uv": [4, 0, 0, 0], "texture": "#1"},
				"down": {"uv": [4, 0, 0, 0], "texture": "#1"}
			}
		},
		{
			"from": [8, 20, 6],
			"to": [8, 27, 10],
			"faces": {
				"north": {"uv": [0, 0, 0, 7], "texture": "#1"},
				"east": {"uv": [4, 0, 8, 7], "texture": "#1"},
				"south": {"uv": [0, 0, 0, 7], "texture": "#1"},
				"west": {"uv": [4, 0, 8, 7], "texture": "#1"},
				"up": {"uv": [0, 4, 0, 0], "texture": "#1"},
				"down": {"uv": [0, 0, 0, 4], "texture": "#1"}
			}
		}
	],
	"display": {
		"thirdperson_righthand": {
			"translation": [0, 3.75, 0.75]
		},
		"thirdperson_lefthand": {
			"translation": [0, 3.75, 0.75]
		},
		"firstperson_righthand": {
			"translation": [7.75, -1, -8]
		},
		"firstperson_lefthand": {
			"translation": [7.5, -1, -8]
		},
		"ground": {
			"translation": [0, 15.5, 0]
		},
		"gui": {
			"rotation": [90, 45, -90]
		},
		"head": {
			"translation": [0, -5.75, -0.25]
		},
		"fixed": {
			"rotation": [-90, 0, 0],
			"translation": [0, -1.75, -75.25],
			"scale": [4, 4, 4]
		}
	},
	"groups": [
		{
			"name": "JaxLantern",
			"origin": [8, 8, 8],
			"color": 0,
			"children": [0, 1, 2, 3, 4, 5, 6, 7, 8, 9, 10, 11, 12, 13, 14, 15, 16, 17, 18, 19, 20, 21, 22, 23, 24, 25, 26, 27, 28, 29, 30, 31]
		},
		32,
		33
	]
}