{
	"credit": "Made with Blockbench",
	"texture_size": [32, 32],
	"textures": {
		"1": "item/JayceHammer2",
		"2": "item/JayceHammer",
		"particle": "item/JayceHammer2"
	},
	"elements": [
		{
			"from": [7.25, 9, 7.25],
			"to": [8.75, 15, 8.75],
			"rotation": {"angle": 0, "axis": "y", "origin": [0, -3, 0]},
			"faces": {
				"north": {"uv": [6.75, 8.75, 7.125, 10.25], "texture": "#2"},
				"east": {"uv": [0, 9, 0.375, 10.5], "texture": "#2"},
				"south": {"uv": [9, 0, 9.375, 1.5], "texture": "#2"},
				"west": {"uv": [9, 1.5, 9.375, 3], "texture": "#2"},
				"up": {"uv": [12.125, 3.875, 11.75, 3.5], "texture": "#2"},
				"down": {"uv": [5.125, 11.75, 4.75, 12.125], "texture": "#2"}
			}
		},
		{
			"from": [7, 15, 7],
			"to": [9, 15.5, 9],
			"rotation": {"angle": 0, "axis": "y", "origin": [0, -3, 0]},
			"faces": {
				"north": {"uv": [10.25, 12.5, 10.75, 12.625], "texture": "#2"},
				"east": {"uv": [2.25, 12.75, 2.75, 12.875], "texture": "#2"},
				"south": {"uv": [3, 12.75, 3.5, 12.875], "texture": "#2"},
				"west": {"uv": [6.75, 12.75, 7.25, 12.875], "texture": "#2"},
				"up": {"uv": [10.5, 3, 10, 2.5], "texture": "#2"},
				"down": {"uv": [3.5, 11, 3, 11.5], "texture": "#2"}
			}
		},
		{
			"from": [6, 15.5, 6],
			"to": [10, 16.5, 10],
			"rotation": {"angle": 0, "axis": "y", "origin": [0, -3, 0]},
			"faces": {
				"north": {"uv": [11, 9, 12, 9.25], "texture": "#2"},
				"east": {"uv": [11, 9.25, 12, 9.5], "texture": "#2"},
				"south": {"uv": [9.5, 11, 10.5, 11.25], "texture": "#2"},
				"west": {"uv": [11, 9.5, 12, 9.75], "texture": "#2"},
				"up": {"uv": [7.75, 1, 6.75, 0], "texture": "#2"},
				"down": {"uv": [1.75, 7, 0.75, 8], "texture": "#2"}
			}
		},
		{
			"from": [6.5, 16.5, 6.5],
			"to": [9.5, 17, 9.5],
			"rotation": {"angle": 0, "axis": "y", "origin": [0, -3, 0]},
			"faces": {
				"north": {"uv": [12, 10.75, 12.75, 10.875], "texture": "#2"},
				"east": {"uv": [12, 11, 12.75, 11.125], "texture": "#2"},
				"south": {"uv": [12, 11.25, 12.75, 11.375], "texture": "#2"},
				"west": {"uv": [12.25, 2, 13, 2.125], "texture": "#2"},
				"up": {"uv": [9.75, 3.75, 9, 3], "texture": "#2"},
				"down": {"uv": [9.75, 3.75, 9, 4.5], "texture": "#2"}
			}
		},
		{
			"from": [6.25, 17, 6.25],
			"to": [9.75, 17.75, 9.75],
			"rotation": {"angle": 0, "axis": "y", "origin": [0, -3, 0]},
			"faces": {
				"north": {"uv": [11.25, 8.25, 12.125, 8.5], "texture": "#2"},
				"east": {"uv": [11, 11.25, 11.875, 11.5], "texture": "#2"},
				"south": {"uv": [11.5, 0, 12.375, 0.25], "texture": "#2"},
				"west": {"uv": [11.5, 0.25, 12.375, 0.5], "texture": "#2"},
				"up": {"uv": [8.125, 4.875, 7.25, 4], "texture": "#2"},
				"down": {"uv": [8.375, 5, 7.5, 5.875], "texture": "#2"}
			}
		},
		{
			"from": [6.5, 17.75, 6.5],
			"to": [9.5, 18.25, 9.5],
			"rotation": {"angle": 0, "axis": "y", "origin": [0, -3, 0]},
			"faces": {
				"north": {"uv": [12.25, 3.5, 13, 3.625], "texture": "#2"},
				"east": {"uv": [12.25, 3.75, 13, 3.875], "texture": "#2"},
				"south": {"uv": [12.25, 4, 13, 4.125], "texture": "#2"},
				"west": {"uv": [4.25, 12.25, 5, 12.375], "texture": "#2"},
				"up": {"uv": [9.75, 8.5, 9, 7.75], "texture": "#2"},
				"down": {"uv": [9.75, 8.5, 9, 9.25], "texture": "#2"}
			}
		},
		{
			"from": [6.5, 19.75, 6.5],
			"to": [9.5, 20, 9.5],
			"rotation": {"angle": 0, "axis": "y", "origin": [0, -3, 0]},
			"faces": {
				"north": {"uv": [12.25, 4.25, 13, 4.375], "texture": "#2"},
				"east": {"uv": [12.25, 4.5, 13, 4.625], "texture": "#2"},
				"south": {"uv": [12.25, 4.75, 13, 4.875], "texture": "#2"},
				"west": {"uv": [5, 12.25, 5.75, 12.375], "texture": "#2"},
				"up": {"uv": [3.5, 10, 2.75, 9.25], "texture": "#2"},
				"down": {"uv": [8, 9.25, 7.25, 10], "texture": "#2"}
			}
		},
		{
			"from": [6.25, 20, 6.25],
			"to": [9.75, 21, 9.75],
			"rotation": {"angle": 0, "axis": "y", "origin": [0, -3, 0]},
			"faces": {
				"north": {"uv": [11.5, 0.5, 12.375, 0.75], "texture": "#2"},
				"east": {"uv": [11.5, 0.75, 12.375, 1], "texture": "#2"},
				"south": {"uv": [11.5, 1, 12.375, 1.25], "texture": "#2"},
				"west": {"uv": [11.5, 1.25, 12.375, 1.5], "texture": "#2"},
				"up": {"uv": [8.375, 6.875, 7.5, 6], "texture": "#2"},
				"down": {"uv": [8.375, 7, 7.5, 7.875], "texture": "#2"}
			}
		},
		{
			"from": [6.25, 21, 7.25],
			"to": [9.75, 22, 8.75],
			"rotation": {"angle": 0, "axis": "y", "origin": [0, -3, 0]},
			"faces": {
				"north": {"uv": [11.5, 1.5, 12.375, 1.75], "texture": "#2"},
				"east": {"uv": [12.25, 5, 12.625, 5.25], "texture": "#2"},
				"south": {"uv": [11.5, 1.75, 12.375, 2], "texture": "#2"},
				"west": {"uv": [12.25, 5.25, 12.625, 5.5], "texture": "#2"},
				"up": {"uv": [11.375, 8.875, 10.5, 8.5], "texture": "#2"},
				"down": {"uv": [8.875, 10.75, 8, 11.125], "texture": "#2"}
			}
		},
		{
			"from": [6.75, 21.25, 5.25],
			"to": [9.25, 26.75, 10.75],
			"rotation": {"angle": 0, "axis": "y", "origin": [0, -3, 0]},
			"faces": {
				"north": {"uv": [5.75, 3.25, 6.375, 4.625], "texture": "#2"},
				"east": {"uv": [4.25, 2, 5.625, 3.375], "texture": "#2"},
				"south": {"uv": [7.25, 1, 7.875, 2.375], "texture": "#2"},
				"west": {"uv": [4.25, 3.5, 5.625, 4.875], "texture": "#2"},
				"up": {"uv": [7.875, 3.875, 7.25, 2.5], "texture": "#2"},
				"down": {"uv": [7.375, 7.25, 6.75, 8.625], "texture": "#2"}
			}
		},
		{
			"from": [6.75, 20.25, 5.75],
			"to": [9.25, 21.26, 10.25],
			"rotation": {"angle": 0, "axis": "y", "origin": [0, -3, 0]},
			"faces": {
				"north": {"uv": [5.75, 4.75, 6.375, 5], "texture": "#2"},
				"east": {"uv": [10.75, 2.25, 11.875, 2.5], "texture": "#2"},
				"south": {"uv": [9, 4.5, 9.625, 4.75], "texture": "#2"},
				"west": {"uv": [11, 4, 12.125, 4.25], "texture": "#2"},
				"up": {"uv": [8.625, 3.375, 8, 2.25], "texture": "#2"},
				"down": {"uv": [3.375, 8, 2.75, 9.125], "texture": "#2"}
			}
		},
		{
			"from": [6.75, 26.74, 5.75],
			"to": [9.25, 27.75, 10.25],
			"rotation": {"angle": 0, "axis": "y", "origin": [0, -3, 0]},
			"faces": {
				"north": {"uv": [11.5, 2, 12.125, 2.25], "texture": "#2"},
				"east": {"uv": [11, 4.25, 12.125, 4.5], "texture": "#2"},
				"south": {"uv": [11.75, 2.5, 12.375, 2.75], "texture": "#2"},
				"west": {"uv": [11, 4.5, 12.125, 4.75], "texture": "#2"},
				"up": {"uv": [8.125, 9.125, 7.5, 8], "texture": "#2"},
				"down": {"uv": [8.875, 3.5, 8.25, 4.625], "texture": "#2"}
			}
		},
		{
			"from": [6.75, 21.75, 4.25],
			"to": [9.25, 26.25, 5.26],
			"rotation": {"angle": 0, "axis": "y", "origin": [0, -3, 0]},
			"faces": {
				"north": {"uv": [4.75, 8.25, 5.375, 9.375], "texture": "#2"},
				"east": {"uv": [8.75, 2.25, 9, 3.375], "texture": "#2"},
				"south": {"uv": [5.5, 8.25, 6.125, 9.375], "texture": "#2"},
				"west": {"uv": [7, 10.25, 7.25, 11.375], "texture": "#2"},
				"up": {"uv": [12.375, 3, 11.75, 2.75], "texture": "#2"},
				"down": {"uv": [12.375, 3, 11.75, 3.25], "texture": "#2"}
			}
		},
		{
			"from": [6.75, 21.75, 10.74],
			"to": [9.25, 26.25, 11.75],
			"rotation": {"angle": 0, "axis": "y", "origin": [0, -3, 0]},
			"faces": {
				"north": {"uv": [8.25, 8, 8.875, 9.125], "texture": "#2"},
				"east": {"uv": [4, 10.5, 4.25, 11.625], "texture": "#2"},
				"south": {"uv": [3.5, 8.5, 4.125, 9.625], "texture": "#2"},
				"west": {"uv": [1, 11, 1.25, 12.125], "texture": "#2"},
				"up": {"uv": [3.875, 12, 3.25, 11.75], "texture": "#2"},
				"down": {"uv": [12.375, 3.25, 11.75, 3.5], "texture": "#2"}
			}
		},
		{
			"from": [6, 20.25, 1.5],
			"to": [10, 27.75, 4.25],
			"rotation": {"angle": 0, "axis": "y", "origin": [0, -3, 0]},
			"faces": {
				"north": {"uv": [0, 5, 1, 6.875], "texture": "#2"},
				"east": {"uv": [5.75, 1.25, 6.5, 3.125], "texture": "#2"},
				"south": {"uv": [1, 5, 2, 6.875], "texture": "#2"},
				"west": {"uv": [3, 6, 3.75, 7.875], "texture": "#2"},
				"up": {"uv": [8.75, 0.75, 7.75, 0], "texture": "#2"},
				"down": {"uv": [1.75, 8, 0.75, 8.75], "texture": "#2"}
			}
		},
		{
			"from": [6, 20.25, 11.75],
			"to": [10, 27.75, 14.5],
			"rotation": {"angle": 0, "axis": "y", "origin": [0, -3, 0]},
			"faces": {
				"north": {"uv": [2, 5, 3, 6.875], "texture": "#2"},
				"east": {"uv": [5.25, 6.25, 6, 8.125], "texture": "#2"},
				"south": {"uv": [4.25, 5, 5.25, 6.875], "texture": "#2"},
				"west": {"uv": [6, 6.25, 6.75, 8.125], "texture": "#2"},
				"up": {"uv": [9, 1.5, 8, 0.75], "texture": "#2"},
				"down": {"uv": [9, 1.5, 8, 2.25], "texture": "#2"}
			}
		},
		{
			"from": [5.75, 20, -0.75],
			"to": [10.25, 28, 1.5],
			"rotation": {"angle": 0, "axis": "y", "origin": [0, -3, 0]},
			"faces": {
				"north": {"uv": [3, 0, 4.125, 2], "texture": "#2"},
				"east": {"uv": [6.5, 1.25, 7.125, 3.25], "texture": "#2"},
				"south": {"uv": [3, 2, 4.125, 4], "texture": "#2"},
				"west": {"uv": [6.5, 3.25, 7.125, 5.25], "texture": "#2"},
				"up": {"uv": [9.625, 5.375, 8.5, 4.75], "texture": "#2"},
				"down": {"uv": [9.625, 5.5, 8.5, 6.125], "texture": "#2"}
			}
		},
		{
			"from": [5.75, 20, 14.5],
			"to": [10.25, 28, 16.75],
			"rotation": {"angle": 0, "axis": "y", "origin": [0, -3, 0]},
			"faces": {
				"north": {"uv": [3, 4, 4.125, 6], "texture": "#2"},
				"east": {"uv": [6.75, 5.25, 7.375, 7.25], "texture": "#2"},
				"south": {"uv": [4.25, 0, 5.375, 2], "texture": "#2"},
				"west": {"uv": [0, 7, 0.625, 9], "texture": "#2"},
				"up": {"uv": [9.625, 6.875, 8.5, 6.25], "texture": "#2"},
				"down": {"uv": [9.625, 7, 8.5, 7.625], "texture": "#2"}
			}
		},
		{
			"from": [5, 19.25, -2],
			"to": [11, 28.75, -0.75],
			"rotation": {"angle": 0, "axis": "y", "origin": [0, -3, 0]},
			"faces": {
				"north": {"uv": [0, 0, 1.5, 2.375], "texture": "#2"},
				"east": {"uv": [3.75, 6, 4.125, 8.375], "texture": "#2"},
				"south": {"uv": [1.5, 0, 3, 2.375], "texture": "#2"},
				"west": {"uv": [1.75, 7, 2.125, 9.375], "texture": "#2"},
				"up": {"uv": [9.5, 9.625, 8, 9.25], "texture": "#2"},
				"down": {"uv": [11, 0, 9.5, 0.375], "texture": "#2"}
			}
		},
		{
			"from": [8.25, 25.25, -2.25],
			"to": [10.75, 28.5, -2],
			"rotation": {"angle": 0, "axis": "y", "origin": [0, -3, 0]},
			"faces": {
				"north": {"uv": [9.75, 6, 10.375, 6.875], "texture": "#2"},
				"east": {"uv": [7.25, 12, 7.375, 12.875], "texture": "#2"},
				"south": {"uv": [9.75, 7, 10.375, 7.875], "texture": "#2"},
				"west": {"uv": [7.75, 12, 7.875, 12.875], "texture": "#2"},
				"up": {"uv": [13.125, 9.375, 12.5, 9.25], "texture": "#2"},
				"down": {"uv": [13.125, 9.5, 12.5, 9.625], "texture": "#2"}
			}
		},
		{
			"from": [8.25, 19.5, -2.25],
			"to": [10.75, 22.75, -2],
			"rotation": {"angle": 0, "axis": "y", "origin": [0, -3, 0]},
			"faces": {
				"north": {"uv": [8, 9.75, 8.625, 10.625], "texture": "#2"},
				"east": {"uv": [11, 12, 11.125, 12.875], "texture": "#2"},
				"south": {"uv": [9.75, 8, 10.375, 8.875], "texture": "#2"},
				"west": {"uv": [11.25, 12, 11.375, 12.875], "texture": "#2"},
				"up": {"uv": [13.125, 9.875, 12.5, 9.75], "texture": "#2"},
				"down": {"uv": [13.125, 10, 12.5, 10.125], "texture": "#2"}
			}
		},
		{
			"from": [8.25, 19.5, 18],
			"to": [10.75, 22.75, 18.25],
			"rotation": {"angle": 0, "axis": "y", "origin": [0, -3, 0]},
			"faces": {
				"north": {"uv": [8.75, 9.75, 9.375, 10.625], "texture": "#2"},
				"east": {"uv": [11.5, 12, 11.625, 12.875], "texture": "#2"},
				"south": {"uv": [0.5, 10, 1.125, 10.875], "texture": "#2"},
				"west": {"uv": [11.75, 12, 11.875, 12.875], "texture": "#2"},
				"up": {"uv": [13.125, 10.375, 12.5, 10.25], "texture": "#2"},
				"down": {"uv": [13.125, 10.5, 12.5, 10.625], "texture": "#2"}
			}
		},
		{
			"from": [8.25, 25.25, 18],
			"to": [10.75, 28.5, 18.25],
			"rotation": {"angle": 0, "axis": "y", "origin": [0, -3, 0]},
			"faces": {
				"north": {"uv": [10, 1.5, 10.625, 2.375], "texture": "#2"},
				"east": {"uv": [12, 12, 12.125, 12.875], "texture": "#2"},
				"south": {"uv": [2.75, 10, 3.375, 10.875], "texture": "#2"},
				"west": {"uv": [0, 12.25, 0.125, 13.125], "texture": "#2"},
				"up": {"uv": [12.875, 12.625, 12.25, 12.5], "texture": "#2"},
				"down": {"uv": [13.375, 0.75, 12.75, 0.875], "texture": "#2"}
			}
		},
		{
			"from": [5.25, 25.25, 18],
			"to": [7.75, 28.5, 18.25],
			"rotation": {"angle": 0, "axis": "y", "origin": [0, -3, 0]},
			"faces": {
				"north": {"uv": [7.25, 10, 7.875, 10.875], "texture": "#2"},
				"east": {"uv": [0.25, 12.25, 0.375, 13.125], "texture": "#2"},
				"south": {"uv": [9.5, 10, 10.125, 10.875], "texture": "#2"},
				"west": {"uv": [0.5, 12.25, 0.625, 13.125], "texture": "#2"},
				"up": {"uv": [13.375, 1.125, 12.75, 1], "texture": "#2"},
				"down": {"uv": [13.375, 2.25, 12.75, 2.375], "texture": "#2"}
			}
		},
		{
			"from": [5.25, 19.5, 18],
			"to": [7.75, 22.75, 18.25],
			"rotation": {"angle": 0, "axis": "y", "origin": [0, -3, 0]},
			"faces": {
				"north": {"uv": [4.75, 10.25, 5.375, 11.125], "texture": "#2"},
				"east": {"uv": [0.75, 12.25, 0.875, 13.125], "texture": "#2"},
				"south": {"uv": [5.5, 10.25, 6.125, 11.125], "texture": "#2"},
				"west": {"uv": [1, 12.25, 1.125, 13.125], "texture": "#2"},
				"up": {"uv": [13.375, 2.625, 12.75, 2.5], "texture": "#2"},
				"down": {"uv": [13.375, 3, 12.75, 3.125], "texture": "#2"}
			}
		},
		{
			"from": [5.25, 19.5, -2.25],
			"to": [7.75, 22.75, -2],
			"rotation": {"angle": 0, "axis": "y", "origin": [0, -3, 0]},
			"faces": {
				"north": {"uv": [6.25, 10.25, 6.875, 11.125], "texture": "#2"},
				"east": {"uv": [1.25, 12.25, 1.375, 13.125], "texture": "#2"},
				"south": {"uv": [10.25, 9, 10.875, 9.875], "texture": "#2"},
				"west": {"uv": [1.5, 12.25, 1.625, 13.125], "texture": "#2"},
				"up": {"uv": [13.375, 3.375, 12.75, 3.25], "texture": "#2"},
				"down": {"uv": [4.375, 12.75, 3.75, 12.875], "texture": "#2"}
			}
		},
		{
			"from": [5.25, 25.25, -2.25],
			"to": [7.75, 28.5, -2],
			"rotation": {"angle": 0, "axis": "y", "origin": [0, -3, 0]},
			"faces": {
				"north": {"uv": [10.25, 10, 10.875, 10.875], "texture": "#2"},
				"east": {"uv": [1.75, 12.25, 1.875, 13.125], "texture": "#2"},
				"south": {"uv": [10.5, 2.5, 11.125, 3.375], "texture": "#2"},
				"west": {"uv": [2, 12.25, 2.125, 13.125], "texture": "#2"},
				"up": {"uv": [13.375, 5.125, 12.75, 5], "texture": "#2"},
				"down": {"uv": [5.875, 12.75, 5.25, 12.875], "texture": "#2"}
			}
		},
		{
			"from": [5, 19.25, 16.75],
			"to": [11, 28.75, 18],
			"rotation": {"angle": 0, "axis": "y", "origin": [0, -3, 0]},
			"faces": {
				"north": {"uv": [0, 2.5, 1.5, 4.875], "texture": "#2"},
				"east": {"uv": [2.25, 7, 2.625, 9.375], "texture": "#2"},
				"south": {"uv": [1.5, 2.5, 3, 4.875], "texture": "#2"},
				"west": {"uv": [4.25, 7, 4.625, 9.375], "texture": "#2"},
				"up": {"uv": [11, 0.875, 9.5, 0.5], "texture": "#2"},
				"down": {"uv": [11, 1, 9.5, 1.375], "texture": "#2"}
			}
		},
		{
			"from": [6.75, 18.25, 6.75],
			"to": [9.25, 19.75, 9.25],
			"rotation": {"angle": 0, "axis": "y", "origin": [0, -3, 0]},
			"faces": {
				"north": {"uv": [11.25, 5.75, 11.875, 6.125], "texture": "#2"},
				"east": {"uv": [6.25, 11.25, 6.875, 11.625], "texture": "#2"},
				"south": {"uv": [11.25, 6.25, 11.875, 6.625], "texture": "#2"},
				"west": {"uv": [11.25, 6.75, 11.875, 7.125], "texture": "#2"},
				"up": {"uv": [11.125, 5.375, 10.5, 4.75], "texture": "#2"},
				"down": {"uv": [11.125, 5.5, 10.5, 6.125], "texture": "#2"}
			}
		},
		{
			"from": [7.25, -5.1, 7.25],
			"to": [8.75, 0.9, 8.75],
			"rotation": {"angle": 0, "axis": "y", "origin": [0, -2.1, 0]},
			"faces": {
				"north": {"uv": [9.5, 1.5, 9.875, 3], "texture": "#2"},
				"east": {"uv": [1.75, 9.5, 2.125, 11], "texture": "#2"},
				"south": {"uv": [2.25, 9.5, 2.625, 11], "texture": "#2"},
				"west": {"uv": [4.25, 9.5, 4.625, 11], "texture": "#2"},
				"up": {"uv": [12.125, 5.125, 11.75, 4.75], "texture": "#2"},
				"down": {"uv": [5.625, 11.75, 5.25, 12.125], "texture": "#2"}
			}
		},
		{
			"from": [8.46339, 7.88128, 7.25],
			"to": [9.21339, 8.88128, 8.75],
			"rotation": {"angle": 45, "axis": "z", "origin": [8.83839, 8.38128, 8]},
			"faces": {
				"north": {"uv": [7.25, 5, 7.5, 5.25], "texture": "#2"},
				"east": {"uv": [12.25, 5.5, 12.625, 5.75], "texture": "#2"},
				"south": {"uv": [7.75, 0.75, 8, 1], "texture": "#2"},
				"west": {"uv": [5.75, 12.25, 6.125, 12.5], "texture": "#2"},
				"up": {"uv": [6.5, 12.625, 6.25, 12.25], "texture": "#2"},
				"down": {"uv": [6.75, 12.25, 6.5, 12.625], "texture": "#2"}
			}
		},
		{
			"from": [7.25, 7.88128, 6.78661],
			"to": [8.75, 8.88128, 7.53661],
			"rotation": {"angle": 45, "axis": "x", "origin": [8, 8.38128, 7.16161]},
			"faces": {
				"north": {"uv": [6.75, 12.25, 7.125, 12.5], "texture": "#2"},
				"east": {"uv": [8.25, 4.75, 8.5, 5], "texture": "#2"},
				"south": {"uv": [8, 12.25, 8.375, 12.5], "texture": "#2"},
				"west": {"uv": [8.75, 11.25, 9, 11.5], "texture": "#2"},
				"up": {"uv": [12.625, 8.5, 12.25, 8.25], "texture": "#2"},
				"down": {"uv": [8.875, 12.25, 8.5, 12.5], "texture": "#2"}
			}
		},
		{
			"from": [6.78661, 7.88128, 7.25],
			"to": [7.53661, 8.88128, 8.75],
			"rotation": {"angle": -45, "axis": "z", "origin": [7.16161, 8.38128, 8]},
			"faces": {
				"north": {"uv": [10.25, 11.25, 10.5, 11.5], "texture": "#2"},
				"east": {"uv": [9, 12.25, 9.375, 12.5], "texture": "#2"},
				"south": {"uv": [3.25, 11.5, 3.5, 11.75], "texture": "#2"},
				"west": {"uv": [9.5, 12.25, 9.875, 12.5], "texture": "#2"},
				"up": {"uv": [7.75, 12.625, 7.5, 12.25], "texture": "#2"},
				"down": {"uv": [10.25, 12.25, 10, 12.625], "texture": "#2"}
			}
		},
		{
			"from": [7.25, 7.88128, 8.46339],
			"to": [8.75, 8.88128, 9.21339],
			"rotation": {"angle": -45, "axis": "x", "origin": [8, 8.38128, 8.83839]},
			"faces": {
				"north": {"uv": [10.25, 12.25, 10.625, 12.5], "texture": "#2"},
				"east": {"uv": [4, 11.75, 4.25, 12], "texture": "#2"},
				"south": {"uv": [12.25, 11.5, 12.625, 11.75], "texture": "#2"},
				"west": {"uv": [6.75, 11.75, 7, 12], "texture": "#2"},
				"up": {"uv": [12.625, 12, 12.25, 11.75], "texture": "#2"},
				"down": {"uv": [12.625, 12, 12.25, 12.25], "texture": "#2"}
			}
		},
		{
			"from": [7.25, 7.01256, 7.07322],
			"to": [8.75, 7.76256, 8.92678],
			"rotation": {"angle": 0, "axis": "y", "origin": [-0.25, -2.23744, 0.07322]},
			"faces": {
				"north": {"uv": [12.25, 12.25, 12.625, 12.5], "texture": "#2"},
				"east": {"uv": [6.75, 1, 7.25, 1.25], "texture": "#2"},
				"south": {"uv": [12.5, 0, 12.875, 0.25], "texture": "#2"},
				"west": {"uv": [8.5, 7.75, 9, 8], "texture": "#2"},
				"up": {"uv": [2.625, 12, 2.25, 11.5], "texture": "#2"},
				"down": {"uv": [3.125, 11.5, 2.75, 12], "texture": "#2"}
			}
		},
		{
			"from": [7.25, 7.76256, 7.07322],
			"to": [8.75, 8.01256, 8.92678],
			"rotation": {"angle": 0, "axis": "y", "origin": [-0.25, -2.23744, 0.07322]},
			"faces": {
				"north": {"uv": [2.75, 13.25, 3.125, 13.375], "texture": "#2"},
				"east": {"uv": [10.25, 12.75, 10.75, 12.875], "texture": "#2"},
				"south": {"uv": [3.25, 13.25, 3.625, 13.375], "texture": "#2"},
				"west": {"uv": [12.75, 10.75, 13.25, 10.875], "texture": "#2"},
				"up": {"uv": [4.625, 12, 4.25, 11.5], "texture": "#2"},
				"down": {"uv": [7.375, 11.5, 7, 12], "texture": "#2"}
			}
		},
		{
			"from": [7.07322, 7.76256, 7.25],
			"to": [8.92678, 8.01256, 8.75],
			"rotation": {"angle": 0, "axis": "y", "origin": [8, 7.88756, 8]},
			"faces": {
				"north": {"uv": [12.75, 11, 13.25, 11.125], "texture": "#2"},
				"east": {"uv": [3.75, 13.25, 4.125, 13.375], "texture": "#2"},
				"south": {"uv": [12.75, 11.25, 13.25, 11.375], "texture": "#2"},
				"west": {"uv": [4.25, 13.25, 4.625, 13.375], "texture": "#2"},
				"up": {"uv": [12, 8.875, 11.5, 8.5], "texture": "#2"},
				"down": {"uv": [9.25, 11.5, 8.75, 11.875], "texture": "#2"}
			}
		},
		{
			"from": [7.07322, 7.01256, 7.25],
			"to": [8.92678, 7.76256, 8.75],
			"rotation": {"angle": 0, "axis": "y", "origin": [-0.25, -2.23744, 0.07322]},
			"faces": {
				"north": {"uv": [9.75, 9, 10.25, 9.25], "texture": "#2"},
				"east": {"uv": [12.5, 0.25, 12.875, 0.5], "texture": "#2"},
				"south": {"uv": [12, 2.25, 12.5, 2.5], "texture": "#2"},
				"west": {"uv": [12.5, 0.5, 12.875, 0.75], "texture": "#2"},
				"up": {"uv": [12, 10.125, 11.5, 9.75], "texture": "#2"},
				"down": {"uv": [10.75, 11.5, 10.25, 11.875], "texture": "#2"}
			}
		},
		{
			"from": [7.25, 6.75, 7.25],
			"to": [8.75, 7, 8.75],
			"rotation": {"angle": 0, "axis": "y", "origin": [0, -3, 0]},
			"faces": {
				"north": {"uv": [5.25, 13.25, 5.625, 13.375], "texture": "#2"},
				"east": {"uv": [13.25, 5.75, 13.625, 5.875], "texture": "#2"},
				"south": {"uv": [6, 13.25, 6.375, 13.375], "texture": "#2"},
				"west": {"uv": [13.25, 6, 13.625, 6.125], "texture": "#2"},
				"up": {"uv": [12.125, 5.625, 11.75, 5.25], "texture": "#2"},
				"down": {"uv": [6.125, 11.75, 5.75, 12.125], "texture": "#2"}
			}
		},
		{
			"from": [6.875, 6.09467, 7.251],
			"to": [7.625, 6.59467, 8.749],
			"rotation": {"angle": -45, "axis": "z", "origin": [7.25, 6.21967, 8]},
			"faces": {
				"north": {"uv": [0, 13.5, 0.25, 13.625], "texture": "#2"},
				"east": {"uv": [6.5, 13.25, 6.875, 13.375], "texture": "#2"},
				"south": {"uv": [13.5, 0, 13.75, 0.125], "texture": "#2"},
				"west": {"uv": [13.25, 7, 13.625, 7.125], "texture": "#2"},
				"up": {"uv": [11, 12.625, 10.75, 12.25], "texture": "#2"},
				"down": {"uv": [12.75, 0.75, 12.5, 1.125], "texture": "#2"}
			}
		},
		{
			"from": [7.251, 6.09467, 6.875],
			"to": [8.749, 6.59467, 7.625],
			"rotation": {"angle": 45, "axis": "x", "origin": [8, 6.21967, 7.25]},
			"faces": {
				"north": {"uv": [13.25, 7.25, 13.625, 7.375], "texture": "#2"},
				"east": {"uv": [0.25, 13.5, 0.5, 13.625], "texture": "#2"},
				"south": {"uv": [13.25, 7.5, 13.625, 7.625], "texture": "#2"},
				"west": {"uv": [13.5, 0.25, 13.75, 0.375], "texture": "#2"},
				"up": {"uv": [12.875, 1.5, 12.5, 1.25], "texture": "#2"},
				"down": {"uv": [12.875, 1.5, 12.5, 1.75], "texture": "#2"}
			}
		},
		{
			"from": [7.251, 6.09467, 8.375],
			"to": [8.749, 6.59467, 9.125],
			"rotation": {"angle": -45, "axis": "x", "origin": [8, 6.21967, 8.75]},
			"faces": {
				"north": {"uv": [13.25, 7.75, 13.625, 7.875], "texture": "#2"},
				"east": {"uv": [0.5, 13.5, 0.75, 13.625], "texture": "#2"},
				"south": {"uv": [8, 13.25, 8.375, 13.375], "texture": "#2"},
				"west": {"uv": [13.5, 0.5, 13.75, 0.625], "texture": "#2"},
				"up": {"uv": [12.875, 2, 12.5, 1.75], "texture": "#2"},
				"down": {"uv": [2.625, 12.5, 2.25, 12.75], "texture": "#2"}
			}
		},
		{
			"from": [8.28661, 6.05806, 7.251],
			"to": [9.03661, 6.55806, 8.749],
			"rotation": {"angle": 45, "axis": "z", "origin": [8.66161, 6.30806, 8]},
			"faces": {
				"north": {"uv": [0.75, 13.5, 1, 13.625], "texture": "#2"},
				"east": {"uv": [8.5, 13.25, 8.875, 13.375], "texture": "#2"},
				"south": {"uv": [13.5, 0.75, 13.75, 0.875], "texture": "#2"},
				"west": {"uv": [9, 13.25, 9.375, 13.375], "texture": "#2"},
				"up": {"uv": [12.75, 2.625, 12.5, 2.25], "texture": "#2"},
				"down": {"uv": [3, 12.5, 2.75, 12.875], "texture": "#2"}
			}
		},
		{
			"from": [7.25, 2, 7.25],
			"to": [8.75, 6.25, 8.75],
			"rotation": {"angle": 0, "axis": "y", "origin": [0, -3, 0]},
			"faces": {
				"north": {"uv": [1.25, 10, 1.625, 11.125], "texture": "#2"},
				"east": {"uv": [0, 10.5, 0.375, 11.625], "texture": "#2"},
				"south": {"uv": [3.5, 10.5, 3.875, 11.625], "texture": "#2"},
				"west": {"uv": [10.5, 3.5, 10.875, 4.625], "texture": "#2"},
				"up": {"uv": [6.625, 12.125, 6.25, 11.75], "texture": "#2"},
				"down": {"uv": [8.375, 11.75, 8, 12.125], "texture": "#2"}
			}
		},
		{
			"from": [7.03011, 1.00545, 7.25],
			"to": [7.78011, 2.00545, 8.75],
			"rotation": {"angle": 22.5, "axis": "z", "origin": [7.40511, 1.50545, 8]},
			"faces": {
				"north": {"uv": [10, 11.75, 10.25, 12], "texture": "#2"},
				"east": {"uv": [12.5, 2.75, 12.875, 3], "texture": "#2"},
				"south": {"uv": [9.75, 12.5, 10, 12.75], "texture": "#2"},
				"west": {"uv": [3, 12.5, 3.375, 12.75], "texture": "#2"},
				"up": {"uv": [12.75, 3.375, 12.5, 3], "texture": "#2"},
				"down": {"uv": [3.75, 12.5, 3.5, 12.875], "texture": "#2"}
			}
		},
		{
			"from": [8.21989, 1.00545, 7.25],
			"to": [8.96989, 2.00545, 8.75],
			"rotation": {"angle": -22.5, "axis": "z", "origin": [8.59489, 1.50545, 8]},
			"faces": {
				"north": {"uv": [4.5, 12.75, 4.75, 13], "texture": "#2"},
				"east": {"uv": [3.75, 12.5, 4.125, 12.75], "texture": "#2"},
				"south": {"uv": [7.5, 12.75, 7.75, 13], "texture": "#2"},
				"west": {"uv": [4.25, 12.5, 4.625, 12.75], "texture": "#2"},
				"up": {"uv": [5, 12.875, 4.75, 12.5], "texture": "#2"},
				"down": {"uv": [5.25, 12.5, 5, 12.875], "texture": "#2"}
			}
		},
		{
			"from": [7.25, 1.00545, 8.21989],
			"to": [8.75, 2.00545, 8.96989],
			"rotation": {"angle": 22.5, "axis": "x", "origin": [8, 1.50545, 8.59489]},
			"faces": {
				"north": {"uv": [5.25, 12.5, 5.625, 12.75], "texture": "#2"},
				"east": {"uv": [10.75, 12.75, 11, 13], "texture": "#2"},
				"south": {"uv": [5.75, 12.5, 6.125, 12.75], "texture": "#2"},
				"west": {"uv": [12.75, 11.5, 13, 11.75], "texture": "#2"},
				"up": {"uv": [12.875, 6, 12.5, 5.75], "texture": "#2"},
				"down": {"uv": [12.875, 6, 12.5, 6.25], "texture": "#2"}
			}
		},
		{
			"from": [7.25, 1.00545, 7.03011],
			"to": [8.75, 2.00545, 7.78011],
			"rotation": {"angle": -22.5, "axis": "x", "origin": [8, 1.50545, 7.40511]},
			"faces": {
				"north": {"uv": [12.5, 6.25, 12.875, 6.5], "texture": "#2"},
				"east": {"uv": [12.75, 11.75, 13, 12], "texture": "#2"},
				"south": {"uv": [12.5, 6.5, 12.875, 6.75], "texture": "#2"},
				"west": {"uv": [12.75, 12, 13, 12.25], "texture": "#2"},
				"up": {"uv": [7.125, 12.75, 6.75, 12.5], "texture": "#2"},
				"down": {"uv": [12.875, 6.75, 12.5, 7], "texture": "#2"}
			}
		},
		{
			"from": [6.86732, 1.82388, 6.86732],
			"to": [9.13268, 2.07388, 9.13268],
			"rotation": {"angle": 0, "axis": "y", "origin": [0.25, -3.17612, 1.86732]},
			"faces": {
				"north": {"uv": [12.75, 5.25, 13.375, 5.375], "texture": "#2"},
				"east": {"uv": [12.75, 5.5, 13.375, 5.625], "texture": "#2"},
				"south": {"uv": [6, 12.75, 6.625, 12.875], "texture": "#2"},
				"west": {"uv": [12.75, 8.25, 13.375, 8.375], "texture": "#2"},
				"up": {"uv": [11.125, 6.875, 10.5, 6.25], "texture": "#2"},
				"down": {"uv": [11.125, 7, 10.5, 7.625], "texture": "#2"}
			}
		},
		{
			"from": [7.25, -5.6, 7.25],
			"to": [8.75, -5.1, 8.75],
			"rotation": {"angle": 0, "axis": "y", "origin": [0, -5.1, 0]},
			"faces": {
				"north": {"uv": [13.25, 9.25, 13.625, 9.375], "texture": "#2"},
				"east": {"uv": [9.5, 13.25, 9.875, 13.375], "texture": "#2"},
				"south": {"uv": [13.25, 9.5, 13.625, 9.625], "texture": "#2"},
				"west": {"uv": [13.25, 9.75, 13.625, 9.875], "texture": "#2"},
				"up": {"uv": [9.875, 12.125, 9.5, 11.75], "texture": "#2"},
				"down": {"uv": [12.125, 11.5, 11.75, 11.875], "texture": "#2"}
			}
		},
		{
			"from": [6.5, -8.35, 6.5],
			"to": [9.5, -5.6, 9.5],
			"rotation": {"angle": 0, "axis": "y", "origin": [3.25, -5.35, -0.25]},
			"faces": {
				"north": {"uv": [4.75, 9.5, 5.5, 10.25], "texture": "#2"},
				"east": {"uv": [5.5, 9.5, 6.25, 10.25], "texture": "#2"},
				"south": {"uv": [9.5, 9.25, 10.25, 10], "texture": "#2"},
				"west": {"uv": [9.75, 3, 10.5, 3.75], "texture": "#2"},
				"up": {"uv": [4.25, 10.5, 3.5, 9.75], "texture": "#2"},
				"down": {"uv": [10.5, 3.75, 9.75, 4.5], "texture": "#2"}
			}
		},
		{
			"from": [6.9, -9.11108, 6.70112],
			"to": [9.1, -8.11108, 7.70112],
			"rotation": {"angle": -22.5, "axis": "x", "origin": [8, -8.73608, 7.20112]},
			"faces": {
				"north": {"uv": [4.25, 12, 4.75, 12.25], "texture": "#2"},
				"east": {"uv": [12.25, 12.75, 12.5, 13], "texture": "#2"},
				"south": {"uv": [12, 5.75, 12.5, 6], "texture": "#2"},
				"west": {"uv": [12.75, 12.25, 13, 12.5], "texture": "#2"},
				"up": {"uv": [12.5, 6.25, 12, 6], "texture": "#2"},
				"down": {"uv": [12.5, 6.25, 12, 6.5], "texture": "#2"}
			}
		},
		{
			"from": [6.9, -9.11108, 8.29888],
			"to": [9.1, -8.11108, 9.29888],
			"rotation": {"angle": 22.5, "axis": "x", "origin": [8, -8.73608, 8.79888]},
			"faces": {
				"north": {"uv": [12, 6.5, 12.5, 6.75], "texture": "#2"},
				"east": {"uv": [12.5, 12.75, 12.75, 13], "texture": "#2"},
				"south": {"uv": [6.75, 12, 7.25, 12.25], "texture": "#2"},
				"west": {"uv": [12.75, 12.75, 13, 13], "texture": "#2"},
				"up": {"uv": [12.5, 7, 12, 6.75], "texture": "#2"},
				"down": {"uv": [12.5, 7, 12, 7.25], "texture": "#2"}
			}
		},
		{
			"from": [6.70112, -9.11108, 6.9],
			"to": [7.70112, -8.11108, 9.1],
			"rotation": {"angle": 22.5, "axis": "z", "origin": [7.20112, -8.73608, 8]},
			"faces": {
				"north": {"uv": [13, 0, 13.25, 0.25], "texture": "#2"},
				"east": {"uv": [12, 7.25, 12.5, 7.5], "texture": "#2"},
				"south": {"uv": [13, 0.25, 13.25, 0.5], "texture": "#2"},
				"west": {"uv": [12, 7.5, 12.5, 7.75], "texture": "#2"},
				"up": {"uv": [3.75, 8.5, 3.5, 8], "texture": "#2"},
				"down": {"uv": [8.25, 3.5, 8, 4], "texture": "#2"}
			}
		},
		{
			"from": [8.29888, -9.11108, 6.9],
			"to": [9.29888, -8.11108, 9.1],
			"rotation": {"angle": -22.5, "axis": "z", "origin": [8.79888, -8.73608, 8]},
			"faces": {
				"north": {"uv": [13, 0.5, 13.25, 0.75], "texture": "#2"},
				"east": {"uv": [12, 7.75, 12.5, 8], "texture": "#2"},
				"south": {"uv": [13, 1.25, 13.25, 1.5], "texture": "#2"},
				"west": {"uv": [12, 8, 12.5, 8.25], "texture": "#2"},
				"up": {"uv": [7.5, 9.25, 7.25, 8.75], "texture": "#2"},
				"down": {"uv": [8.75, 11.75, 8.5, 12.25], "texture": "#2"}
			}
		},
		{
			"from": [6.9, -9.37388, 6.88268],
			"to": [9.1, -9.27388, 9.11732],
			"rotation": {"angle": 0, "axis": "y", "origin": [-0.9, -4.27388, -0.11732]},
			"faces": {
				"north": {"uv": [13, 1.5, 13.5, 1.625], "texture": "#2"},
				"east": {"uv": [13, 1.75, 13.5, 1.875], "texture": "#2"},
				"south": {"uv": [13, 2, 13.5, 2.125], "texture": "#2"},
				"west": {"uv": [2.25, 13, 2.75, 13.125], "texture": "#2"},
				"up": {"uv": [4.75, 11.5, 4.25, 11], "texture": "#2"},
				"down": {"uv": [7.75, 11, 7.25, 11.5], "texture": "#2"}
			}
		},
		{
			"from": [6.88268, -9.37388, 6.9],
			"to": [9.11732, -9.27388, 9.1],
			"rotation": {"angle": 0, "axis": "y", "origin": [-0.9, -4.27388, -0.11732]},
			"faces": {
				"north": {"uv": [2.75, 13, 3.25, 13.125], "texture": "#2"},
				"east": {"uv": [13, 2.75, 13.5, 2.875], "texture": "#2"},
				"south": {"uv": [3.25, 13, 3.75, 13.125], "texture": "#2"},
				"west": {"uv": [13, 3.5, 13.5, 3.625], "texture": "#2"},
				"up": {"uv": [11.5, 10.25, 11, 9.75], "texture": "#2"},
				"down": {"uv": [11.5, 10.25, 11, 10.75], "texture": "#2"}
			}
		},
		{
			"from": [6.88268, -11.62388, 6.88268],
			"to": [9.11732, -9.37388, 9.11732],
			"rotation": {"angle": 0, "axis": "y", "origin": [7.11732, -11.37388, 7.11732]},
			"faces": {
				"north": {"uv": [6.25, 9.5, 6.75, 10.125], "texture": "#2"},
				"east": {"uv": [9, 10.75, 9.5, 11.375], "texture": "#2"},
				"south": {"uv": [11, 0, 11.5, 0.625], "texture": "#2"},
				"west": {"uv": [0.5, 11, 1, 11.625], "texture": "#2"},
				"up": {"uv": [11, 11.5, 10.5, 11], "texture": "#2"},
				"down": {"uv": [11.5, 10.75, 11, 11.25], "texture": "#2"}
			}
		},
		{
			"from": [6.88268, -12.22743, 6.63268],
			"to": [9.11732, -11.72743, 7.13268],
			"rotation": {"angle": -45, "axis": "x", "origin": [8, -11.97743, 6.88268]},
			"faces": {
				"north": {"uv": [3.75, 13, 4.25, 13.125], "texture": "#2"},
				"east": {"uv": [2.5, 13.5, 2.625, 13.625], "texture": "#2"},
				"south": {"uv": [13, 3.75, 13.5, 3.875], "texture": "#2"},
				"west": {"uv": [13.5, 2.5, 13.625, 2.625], "texture": "#2"},
				"up": {"uv": [13.5, 4.125, 13, 4], "texture": "#2"},
				"down": {"uv": [4.75, 13, 4.25, 13.125], "texture": "#2"}
			}
		},
		{
			"from": [8.86732, -12.22743, 6.88268],
			"to": [9.36732, -11.72743, 9.11732],
			"rotation": {"angle": -45, "axis": "z", "origin": [9.11732, -11.97743, 8]},
			"faces": {
				"north": {"uv": [2.75, 13.5, 2.875, 13.625], "texture": "#2"},
				"east": {"uv": [13, 4.25, 13.5, 4.375], "texture": "#2"},
				"south": {"uv": [13.5, 2.75, 13.625, 2.875], "texture": "#2"},
				"west": {"uv": [13, 4.5, 13.5, 4.625], "texture": "#2"},
				"up": {"uv": [4.875, 13.5, 4.75, 13], "texture": "#2"},
				"down": {"uv": [5.125, 13, 5, 13.5], "texture": "#2"}
			}
		},
		{
			"from": [6.63268, -12.22743, 6.88268],
			"to": [7.13268, -11.72743, 9.11732],
			"rotation": {"angle": 45, "axis": "z", "origin": [6.88268, -11.97743, 8]},
			"faces": {
				"north": {"uv": [3, 13.5, 3.125, 13.625], "texture": "#2"},
				"east": {"uv": [13, 4.75, 13.5, 4.875], "texture": "#2"},
				"south": {"uv": [13.5, 3, 13.625, 3.125], "texture": "#2"},
				"west": {"uv": [5.25, 13, 5.75, 13.125], "texture": "#2"},
				"up": {"uv": [5.875, 13.5, 5.75, 13], "texture": "#2"},
				"down": {"uv": [13.125, 5.75, 13, 6.25], "texture": "#2"}
			}
		},
		{
			"from": [6.88268, -12.22743, 8.86732],
			"to": [9.11732, -11.72743, 9.36732],
			"rotation": {"angle": 45, "axis": "x", "origin": [8, -11.97743, 9.11732]},
			"faces": {
				"north": {"uv": [6, 13, 6.5, 13.125], "texture": "#2"},
				"east": {"uv": [3.25, 13.5, 3.375, 13.625], "texture": "#2"},
				"south": {"uv": [13, 6.25, 13.5, 6.375], "texture": "#2"},
				"west": {"uv": [13.5, 3.25, 13.625, 3.375], "texture": "#2"},
				"up": {"uv": [7, 13.125, 6.5, 13], "texture": "#2"},
				"down": {"uv": [13.5, 6.5, 13, 6.625], "texture": "#2"}
			}
		},
		{
			"from": [6.74895, -13.65157, 7.1],
			"to": [6.99895, -12.15157, 8.9],
			"rotation": {"angle": 22.5, "axis": "z", "origin": [7.24895, -12.90157, 7.61732]},
			"faces": {
				"north": {"uv": [10, 13.25, 10.125, 13.625], "texture": "#2"},
				"east": {"uv": [11.5, 10.25, 12, 10.625], "texture": "#2"},
				"south": {"uv": [13.25, 10, 13.375, 10.375], "texture": "#2"},
				"west": {"uv": [10.75, 11.5, 11.25, 11.875], "texture": "#2"},
				"up": {"uv": [7.125, 13.5, 7, 13], "texture": "#2"},
				"down": {"uv": [7.375, 13, 7.25, 13.5], "texture": "#2"}
			}
		},
		{
			"from": [8.61836, -13.57545, 7.1],
			"to": [8.86836, -12.07545, 8.9],
			"rotation": {"angle": -22.5, "axis": "z", "origin": [8.36836, -13.82545, 8.38268]},
			"faces": {
				"north": {"uv": [10.25, 13.25, 10.375, 13.625], "texture": "#2"},
				"east": {"uv": [11.5, 10.75, 12, 11.125], "texture": "#2"},
				"south": {"uv": [10.5, 13.25, 10.625, 13.625], "texture": "#2"},
				"west": {"uv": [11.25, 11.5, 11.75, 11.875], "texture": "#2"},
				"up": {"uv": [7.625, 13.5, 7.5, 13], "texture": "#2"},
				"down": {"uv": [7.875, 13, 7.75, 13.5], "texture": "#2"}
			}
		},
		{
			"from": [7.1, -13.65157, 9.00105],
			"to": [8.9, -12.15157, 9.25105],
			"rotation": {"angle": 22.5, "axis": "x", "origin": [7.61732, -12.90157, 8.75105]},
			"faces": {
				"north": {"uv": [0, 11.75, 0.5, 12.125], "texture": "#2"},
				"east": {"uv": [13.25, 10.5, 13.375, 10.875], "texture": "#2"},
				"south": {"uv": [0.5, 11.75, 1, 12.125], "texture": "#2"},
				"west": {"uv": [10.75, 13.25, 10.875, 13.625], "texture": "#2"},
				"up": {"uv": [13.5, 6.875, 13, 6.75], "texture": "#2"},
				"down": {"uv": [8.5, 13, 8, 13.125], "texture": "#2"}
			}
		},
		{
			"from": [7.1, -13.65157, 6.74895],
			"to": [8.9, -12.15157, 6.99895],
			"rotation": {"angle": -22.5, "axis": "x", "origin": [8.38268, -12.90157, 7.24895]},
			"faces": {
				"north": {"uv": [1.25, 11.75, 1.75, 12.125], "texture": "#2"},
				"east": {"uv": [11, 13.25, 11.125, 13.625], "texture": "#2"},
				"south": {"uv": [1.75, 11.75, 2.25, 12.125], "texture": "#2"},
				"west": {"uv": [13.25, 11, 13.375, 11.375], "texture": "#2"},
				"up": {"uv": [13.5, 8.125, 13, 8], "texture": "#2"},
				"down": {"uv": [9, 13, 8.5, 13.125], "texture": "#2"}
			}
		},
		{
			"from": [6.5, -12.4, 6.5],
			"to": [9.5, -12.3, 9.5],
			"rotation": {"angle": 0, "axis": "y", "origin": [0, -5, 0]},
			"faces": {
				"north": {"uv": [12.5, 7, 13.25, 7.125], "texture": "#2"},
				"east": {"uv": [12.5, 7.25, 13.25, 7.375], "texture": "#2"},
				"south": {"uv": [12.5, 7.5, 13.25, 7.625], "texture": "#2"},
				"west": {"uv": [12.5, 7.75, 13.25, 7.875], "texture": "#2"},
				"up": {"uv": [10.5, 5.25, 9.75, 4.5], "texture": "#2"},
				"down": {"uv": [10.5, 5.25, 9.75, 6], "texture": "#2"}
			}
		},
		{
			"from": [7.1, -12.90433, 6.73097],
			"to": [8.9, -12.30433, 9.26903],
			"rotation": {"angle": 0, "axis": "y", "origin": [6.9, -14.30433, 6.73097]},
			"faces": {
				"north": {"uv": [9, 13, 9.5, 13.125], "texture": "#2"},
				"east": {"uv": [12.75, 8.5, 13.375, 8.625], "texture": "#2"},
				"south": {"uv": [13, 9, 13.5, 9.125], "texture": "#2"},
				"west": {"uv": [8.75, 12.75, 9.375, 12.875], "texture": "#2"},
				"up": {"uv": [11.5, 1.375, 11, 0.75], "texture": "#2"},
				"down": {"uv": [2.25, 11, 1.75, 11.625], "texture": "#2"}
			}
		},
		{
			"from": [7.1, -13.50433, 6.98097],
			"to": [8.9, -12.90433, 9.01903],
			"rotation": {"angle": 0, "axis": "y", "origin": [6.9, -14.15433, 6.73097]},
			"faces": {
				"north": {"uv": [9.5, 13, 10, 13.125], "texture": "#2"},
				"east": {"uv": [10, 13, 10.5, 13.125], "texture": "#2"},
				"south": {"uv": [10.5, 13, 11, 13.125], "texture": "#2"},
				"west": {"uv": [11, 13, 11.5, 13.125], "texture": "#2"},
				"up": {"uv": [1.75, 11.75, 1.25, 11.25], "texture": "#2"},
				"down": {"uv": [11.75, 2.5, 11.25, 3], "texture": "#2"}
			}
		},
		{
			"from": [6.73097, -12.90433, 7.1],
			"to": [9.26903, -12.30433, 8.9],
			"rotation": {"angle": 0, "axis": "y", "origin": [6.9, -14.30433, 6.73097]},
			"faces": {
				"north": {"uv": [12.75, 8.75, 13.375, 8.875], "texture": "#2"},
				"east": {"uv": [11.5, 13, 12, 13.125], "texture": "#2"},
				"south": {"uv": [9.5, 12.75, 10.125, 12.875], "texture": "#2"},
				"west": {"uv": [13, 11.5, 13.5, 11.625], "texture": "#2"},
				"up": {"uv": [2.875, 11.5, 2.25, 11], "texture": "#2"},
				"down": {"uv": [11.625, 3.5, 11, 4], "texture": "#2"}
			}
		},
		{
			"from": [6.98097, -13.50433, 7.1],
			"to": [9.01903, -12.90433, 8.9],
			"rotation": {"angle": 0, "axis": "y", "origin": [6.9, -14.15433, 6.73097]},
			"faces": {
				"north": {"uv": [13, 11.75, 13.5, 11.875], "texture": "#2"},
				"east": {"uv": [12, 13, 12.5, 13.125], "texture": "#2"},
				"south": {"uv": [13, 12, 13.5, 12.125], "texture": "#2"},
				"west": {"uv": [13, 12.25, 13.5, 12.375], "texture": "#2"},
				"up": {"uv": [11.75, 3.5, 11.25, 3], "texture": "#2"},
				"down": {"uv": [5.25, 11.25, 4.75, 11.75], "texture": "#2"}
			}
		},
		{
			"from": [7.07403, -14.58582, 7.07403],
			"to": [8.92597, -13.78582, 8.92597],
			"rotation": {"angle": 0, "axis": "y", "origin": [6.92597, -13.78582, 7.07403]},
			"faces": {
				"north": {"uv": [12, 8.5, 12.5, 8.75], "texture": "#2"},
				"east": {"uv": [8.75, 12, 9.25, 12.25], "texture": "#2"},
				"south": {"uv": [12, 8.75, 12.5, 9], "texture": "#2"},
				"west": {"uv": [12, 9, 12.5, 9.25], "texture": "#2"},
				"up": {"uv": [11.75, 5.25, 11.25, 4.75], "texture": "#2"},
				"down": {"uv": [5.75, 11.25, 5.25, 11.75], "texture": "#2"}
			}
		},
		{
			"from": [7.32403, -15.18582, 7.32403],
			"to": [8.67597, -14.58582, 8.67597],
			"rotation": {"angle": 0, "axis": "y", "origin": [6.92597, -13.68582, 7.07403]},
			"faces": {
				"north": {"uv": [11.25, 13.25, 11.625, 13.375], "texture": "#2"},
				"east": {"uv": [11.75, 13.25, 12.125, 13.375], "texture": "#2"},
				"south": {"uv": [12.25, 13.25, 12.625, 13.375], "texture": "#2"},
				"west": {"uv": [13.25, 12.5, 13.625, 12.625], "texture": "#2"},
				"up": {"uv": [2.625, 12.375, 2.25, 12], "texture": "#2"},
				"down": {"uv": [3.125, 12, 2.75, 12.375], "texture": "#2"}
			}
		},
		{
			"from": [5, 23.625, 7.625],
			"to": [7, 24.375, 8.375],
			"rotation": {"angle": 0, "axis": "y", "origin": [0, -2, 0]},
			"faces": {
				"north": {"uv": [12, 9.25, 12.5, 9.5], "texture": "#2"},
				"east": {"uv": [12.5, 13, 12.75, 13.25], "texture": "#2"},
				"south": {"uv": [12, 9.5, 12.5, 9.75], "texture": "#2"},
				"west": {"uv": [13, 12.5, 13.25, 12.75], "texture": "#2"},
				"up": {"uv": [12.5, 10, 12, 9.75], "texture": "#2"},
				"down": {"uv": [10.5, 12, 10, 12.25], "texture": "#2"}
			}
		},
		{
			"from": [5, 24.375, 7.625],
			"to": [5.75, 25.625, 8.375],
			"rotation": {"angle": 0, "axis": "y", "origin": [0, -2, 0]},
			"faces": {
				"north": {"uv": [8, 12.5, 8.25, 12.875], "texture": "#2"},
				"east": {"uv": [8.25, 12.5, 8.5, 12.875], "texture": "#2"},
				"south": {"uv": [8.5, 12.5, 8.75, 12.875], "texture": "#2"},
				"west": {"uv": [12.5, 8.5, 12.75, 8.875], "texture": "#2"},
				"up": {"uv": [13, 13.25, 12.75, 13], "texture": "#2"},
				"down": {"uv": [13.25, 12.75, 13, 13], "texture": "#2"}
			}
		},
		{
			"from": [4.5, 25.625, 7.125],
			"to": [6.25, 26.625, 8.875],
			"rotation": {"angle": 0, "axis": "y", "origin": [0, -2, 0]},
			"faces": {
				"north": {"uv": [12, 10, 12.5, 10.25], "texture": "#2"},
				"east": {"uv": [12, 10.25, 12.5, 10.5], "texture": "#2"},
				"south": {"uv": [10.5, 12, 11, 12.25], "texture": "#2"},
				"west": {"uv": [12, 10.5, 12.5, 10.75], "texture": "#2"},
				"up": {"uv": [11.75, 5.75, 11.25, 5.25], "texture": "#2"},
				"down": {"uv": [6.25, 11.25, 5.75, 11.75], "texture": "#2"}
			}
		},
		{
			"from": [4.25, 26.625, 6.875],
			"to": [6.5, 28.125, 9.125],
			"rotation": {"angle": 0, "axis": "y", "origin": [0, -2, 0]},
			"faces": {
				"north": {"uv": [11.25, 7.25, 11.875, 7.625], "texture": "#2"},
				"east": {"uv": [11.25, 7.75, 11.875, 8.125], "texture": "#2"},
				"south": {"uv": [8, 11.25, 8.625, 11.625], "texture": "#2"},
				"west": {"uv": [9.5, 11.25, 10.125, 11.625], "texture": "#2"},
				"up": {"uv": [11.125, 8.375, 10.5, 7.75], "texture": "#2"},
				"down": {"uv": [11.375, 1.5, 10.75, 2.125], "texture": "#2"}
			}
		},
		{
			"from": [7.5, 15.5, 4.75],
			"to": [8.75, 16.5, 5.75],
			"rotation": {"angle": 0, "axis": "y", "origin": [0, -2, 0]},
			"faces": {
				"north": {"uv": [12.5, 8, 12.875, 8.25], "texture": "#2"},
				"east": {"uv": [13, 13, 13.25, 13.25], "texture": "#2"},
				"south": {"uv": [8.75, 12.5, 9.125, 12.75], "texture": "#2"},
				"west": {"uv": [0, 13.25, 0.25, 13.5], "texture": "#2"},
				"up": {"uv": [12.875, 9.25, 12.5, 9], "texture": "#2"},
				"down": {"uv": [9.625, 12.5, 9.25, 12.75], "texture": "#2"}
			}
		},
		{
			"from": [7.6, 15.3, 4.85],
			"to": [8.65, 15.5, 5.65],
			"rotation": {"angle": 0, "axis": "y", "origin": [0, -2, 0]},
			"faces": {
				"north": {"uv": [1, 13.5, 1.25, 13.625], "texture": "#2"},
				"east": {"uv": [13.5, 1, 13.75, 1.125], "texture": "#2"},
				"south": {"uv": [1.25, 13.5, 1.5, 13.625], "texture": "#2"},
				"west": {"uv": [13.5, 1.25, 13.75, 1.375], "texture": "#2"},
				"up": {"uv": [13.5, 0.25, 13.25, 0], "texture": "#2"},
				"down": {"uv": [0.5, 13.25, 0.25, 13.5], "texture": "#2"}
			}
		},
		{
			"from": [7.375, 15.1, 4.5],
			"to": [8.875, 15.3, 6],
			"rotation": {"angle": 0, "axis": "y", "origin": [0, -1.7, 0]},
			"faces": {
				"north": {"uv": [12.75, 13.25, 13.125, 13.375], "texture": "#2"},
				"east": {"uv": [13.25, 12.75, 13.625, 12.875], "texture": "#2"},
				"south": {"uv": [13.25, 13, 13.625, 13.125], "texture": "#2"},
				"west": {"uv": [13.25, 13.25, 13.625, 13.375], "texture": "#2"},
				"up": {"uv": [3.625, 12.375, 3.25, 12], "texture": "#2"},
				"down": {"uv": [4.125, 12, 3.75, 12.375], "texture": "#2"}
			}
		},
		{
			"from": [7.725, 11.1, 4.85],
			"to": [8.525, 15.1, 5.65],
			"rotation": {"angle": 0, "axis": "y", "origin": [0, -1.65, 0]},
			"faces": {
				"north": {"uv": [6.5, 5.25, 6.75, 6.25], "texture": "#2"},
				"east": {"uv": [2.75, 7, 3, 8], "texture": "#2"},
				"south": {"uv": [0.5, 9, 0.75, 10], "texture": "#2"},
				"west": {"uv": [7.75, 11, 8, 12], "texture": "#2"},
				"up": {"uv": [13.5, 0.5, 13.25, 0.25], "texture": "#2"},
				"down": {"uv": [0.75, 13.25, 0.5, 13.5], "texture": "#2"}
			}
		},
		{
			"from": [7.725, 9.1477, 4.15335],
			"to": [8.525, 11.3977, 4.95335],
			"rotation": {"angle": 22.5, "axis": "x", "origin": [8.125, 9.4977, 4.55335]},
			"faces": {
				"north": {"uv": [5.5, 1.25, 5.75, 1.875], "texture": "#2"},
				"east": {"uv": [8.75, 0, 9, 0.625], "texture": "#2"},
				"south": {"uv": [7.5, 11.5, 7.75, 12.125], "texture": "#2"},
				"west": {"uv": [9.25, 11.5, 9.5, 12.125], "texture": "#2"},
				"up": {"uv": [13.5, 0.75, 13.25, 0.5], "texture": "#2"},
				"down": {"uv": [1, 13.25, 0.75, 13.5], "texture": "#2"}
			}
		},
		{
			"from": [7.6, 16.5, 4.4],
			"to": [8.65, 17.25, 5.2],
			"rotation": {"angle": 0, "axis": "y", "origin": [0, -2, 0]},
			"faces": {
				"north": {"uv": [1, 13.25, 1.25, 13.5], "texture": "#2"},
				"east": {"uv": [1.25, 13.25, 1.5, 13.5], "texture": "#2"},
				"south": {"uv": [13.25, 1.25, 13.5, 1.5], "texture": "#2"},
				"west": {"uv": [1.5, 13.25, 1.75, 13.5], "texture": "#2"},
				"up": {"uv": [2, 13.5, 1.75, 13.25], "texture": "#2"},
				"down": {"uv": [2.25, 13.25, 2, 13.5], "texture": "#2"}
			}
		},
		{
			"from": [7.6, 17.25, 4.4],
			"to": [8.65, 18.25, 4.95],
			"rotation": {"angle": 0, "axis": "y", "origin": [0, -2, 0]},
			"faces": {
				"north": {"uv": [2.25, 13.25, 2.5, 13.5], "texture": "#2"},
				"east": {"uv": [1.5, 13.5, 1.625, 13.75], "texture": "#2"},
				"south": {"uv": [2.5, 13.25, 2.75, 13.5], "texture": "#2"},
				"west": {"uv": [13.5, 1.5, 13.625, 1.75], "texture": "#2"},
				"up": {"uv": [2, 13.625, 1.75, 13.5], "texture": "#2"},
				"down": {"uv": [13.75, 1.75, 13.5, 1.875], "texture": "#2"}
			}
		},
		{
			"from": [7.75, 15.7, 5.7],
			"to": [8.5, 16.3, 6],
			"rotation": {"angle": 0, "axis": "y", "origin": [0, -2, 0]},
			"faces": {
				"north": {"uv": [2, 13.5, 2.25, 13.625], "texture": "#2"},
				"east": {"uv": [3.5, 13.5, 3.625, 13.625], "texture": "#2"},
				"south": {"uv": [13.5, 2, 13.75, 2.125], "texture": "#2"},
				"west": {"uv": [13.5, 3.5, 13.625, 3.625], "texture": "#2"},
				"up": {"uv": [2.5, 13.625, 2.25, 13.5], "texture": "#2"},
				"down": {"uv": [13.75, 2.25, 13.5, 2.375], "texture": "#2"}
			}
		},
		{
			"from": [7, 21.5, 5.5],
			"to": [9, 26.5, 10.5],
			"rotation": {"angle": 0, "axis": "y", "origin": [0, -2, 0]},
			"faces": {
				"north": {"uv": [4.75, 7, 5.25, 8.25], "texture": "#2"},
				"east": {"uv": [5.25, 5, 6.5, 6.25], "texture": "#2"},
				"south": {"uv": [6.25, 8.25, 6.75, 9.5], "texture": "#2"},
				"west": {"uv": [5.5, 0, 6.75, 1.25], "texture": "#2"},
				"up": {"uv": [1.25, 10, 0.75, 8.75], "texture": "#2"},
				"down": {"uv": [1.75, 8.75, 1.25, 10], "texture": "#2"}
			}
		},
		{
			"from": [8, 16, -5],
			"to": [8, 32, 21],
			"faces": {
				"north": {"uv": [0, 0, 0, 8], "texture": "#1"},
				"east": {"uv": [0, 8, 13, 16], "texture": "#1"},
				"south": {"uv": [0, 0, 0, 8], "texture": "#1"},
				"west": {"uv": [13, 8, 0, 16], "texture": "#1"},
				"up": {"uv": [0, 13, 0, 0], "texture": "#1"},
				"down": {"uv": [0, 0, 0, 13], "texture": "#1"}
			}
		}
	],
	"display": {
		"thirdperson_righthand": {
			"translation": [0, 7, 1.25]
		},
		"thirdperson_lefthand": {
			"translation": [0, 7, 1.25]
		},
		"firstperson_righthand": {
			"translation": [8.25, -1.5, -9.5]
		},
		"firstperson_lefthand": {
			"translation": [8.25, -1.5, -9.5]
		},
		"ground": {
			"translation": [0, 14.75, 0]
		},
		"gui": {
			"rotation": [90, 45, -90],
			"translation": [-3, -3, 0]
		},
		"fixed": {
			"rotation": [-90, 0, 0],
			"translation": [0, 0.5, -19.25]
		}
	},
	"groups": [
		{
			"name": "JayceHammer",
			"origin": [8, 8, 8],
			"color": 0,
			"children": [
				0,
				1,
				2,
				3,
				4,
				5,
				6,
				7,
				8,
				9,
				10,
				11,
				12,
				13,
				14,
				15,
				16,
				17,
				18,
				19,
				20,
				21,
				22,
				23,
				24,
				25,
				26,
				27,
				28,
				29,
				30,
				31,
				32,
				33,
				34,
				35,
				36,
				37,
				38,
				39,
				40,
				41,
				42,
				43,
				44,
				45,
				46,
				47,
				48,
				49,
				50,
				51,
				52,
				53,
				54,
				55,
				56,
				57,
				58,
				59,
				60,
				61,
				62,
				63,
				64,
				65,
				66,
				67,
				68,
				69,
				70,
				71,
				72,
				73,
				74,
				75,
				76,
				77,
				78,
				79,
				80,
				81,
				82,
				83,
				84,
				{
					"name": "InnerEnergy",
					"origin": [0, 0, 0],
					"color": 0,
					"children": [85]
				}
			]
		},
		86
	]
}