{
	"credit": "Made with Blockbench",
	"texture_size": [64, 64],
	"textures": {
		"0": "item/jollybrand",
		"particle": "item/jollybrand"
	},
	"elements": [
		{
			"from": [8, 11, 3],
			"to": [8, 31, 11],
			"faces": {
				"north": {"uv": [0, 0, 0, 5], "texture": "#0"},
				"east": {"uv": [0, 0, 2, 5], "texture": "#0"},
				"south": {"uv": [0, 0, 0, 5], "texture": "#0"},
				"west": {"uv": [2, 0, 4, 5], "texture": "#0"},
				"up": {"uv": [0, 2, 0, 0], "texture": "#0"},
				"down": {"uv": [0, 0, 0, 2], "texture": "#0"}
			}
		},
		{
			"from": [4, 11, 4],
			"to": [12, 15, 4],
			"rotation": {"angle": 22.5, "axis": "x", "origin": [8, 12, 7]},
			"faces": {
				"north": {"uv": [0.5, 6.25, 2.5, 7.25], "texture": "#0"},
				"east": {"uv": [0, 0, 0, 1], "texture": "#0"},
				"south": {"uv": [2.5, 6.25, 4.5, 7.25], "texture": "#0"},
				"west": {"uv": [0, 0, 0, 1], "texture": "#0"},
				"up": {"uv": [2, 0, 0, 0], "texture": "#0"},
				"down": {"uv": [2, 0, 0, 0], "texture": "#0"}
			}
		},
		{
			"from": [4, 11.74374, 6.23901],
			"to": [12, 15.74374, 6.23901],
			"rotation": {"angle": -22.5, "axis": "x", "origin": [8, 18, 6.25]},
			"faces": {
				"north": {"uv": [4.5, 6.25, 6.5, 7.25], "texture": "#0"},
				"east": {"uv": [0, 0, 0, 1], "texture": "#0"},
				"south": {"uv": [6.5, 1.25, 8.5, 2.25], "texture": "#0"},
				"west": {"uv": [0, 0, 0, 1], "texture": "#0"},
				"up": {"uv": [2, 0, 0, 0], "texture": "#0"},
				"down": {"uv": [2, 0, 0, 0], "texture": "#0"}
			}
		},
		{
			"from": [9, 11, 2],
			"to": [9, 16, 10],
			"rotation": {"angle": -22.5, "axis": "z", "origin": [9, 12, 6]},
			"faces": {
				"north": {"uv": [0, 0, 0, 1.25], "texture": "#0"},
				"east": {"uv": [4, 0, 6, 1.25], "texture": "#0"},
				"south": {"uv": [0, 0, 0, 1.25], "texture": "#0"},
				"west": {"uv": [4, 1.25, 6, 2.5], "texture": "#0"},
				"up": {"uv": [0, 2, 0, 0], "texture": "#0"},
				"down": {"uv": [0, 0, 0, 2], "texture": "#0"}
			}
		},
		{
			"from": [9, 9, 2],
			"to": [9, 14, 10],
			"rotation": {"angle": 22.5, "axis": "z", "origin": [9, 12, 6]},
			"faces": {
				"north": {"uv": [0, 0, 0, 1.25], "texture": "#0"},
				"east": {"uv": [4, 2.5, 6, 3.75], "texture": "#0"},
				"south": {"uv": [0, 0, 0, 1.25], "texture": "#0"},
				"west": {"uv": [4, 3.75, 6, 5], "texture": "#0"},
				"up": {"uv": [0, 2, 0, 0], "texture": "#0"},
				"down": {"uv": [0, 0, 0, 2], "texture": "#0"}
			}
		},
		{
			"from": [7, 9, 2],
			"to": [7, 14, 10],
			"rotation": {"angle": -22.5, "axis": "z", "origin": [7, 12, 6]},
			"faces": {
				"north": {"uv": [0, 0, 0, 1.25], "texture": "#0"},
				"east": {"uv": [0, 5, 2, 6.25], "texture": "#0"},
				"south": {"uv": [0, 0, 0, 1.25], "texture": "#0"},
				"west": {"uv": [2, 5, 4, 6.25], "texture": "#0"},
				"up": {"uv": [0, 2, 0, 0], "texture": "#0"},
				"down": {"uv": [0, 0, 0, 2], "texture": "#0"}
			}
		},
		{
			"from": [7, 11, 2],
			"to": [7, 16, 10],
			"rotation": {"angle": 22.5, "axis": "z", "origin": [7, 12, 6]},
			"faces": {
				"north": {"uv": [0, 0, 0, 1.25], "texture": "#0"},
				"east": {"uv": [4, 5, 6, 6.25], "texture": "#0"},
				"south": {"uv": [0, 0, 0, 1.25], "texture": "#0"},
				"west": {"uv": [6, 0, 8, 1.25], "texture": "#0"},
				"up": {"uv": [0, 2, 0, 0], "texture": "#0"},
				"down": {"uv": [0, 0, 0, 2], "texture": "#0"}
			}
		},
		{
			"from": [6.99, 3.5, 5.5],
			"to": [8.97, 23.5, 7],
			"faces": {
				"north": {"uv": [6, 1.25, 6.5, 6.25], "texture": "#0"},
				"east": {"uv": [6.5, 2.25, 6.875, 7.25], "texture": "#0"},
				"south": {"uv": [0, 6.25, 0.5, 11.25], "texture": "#0"},
				"west": {"uv": [7, 2.25, 7.375, 7.25], "texture": "#0"},
				"up": {"uv": [8, 6.125, 7.5, 5.75], "texture": "#0"},
				"down": {"uv": [8, 6.25, 7.5, 6.625], "texture": "#0"}
			}
		},
		{
			"from": [7.01, 2, 2.5],
			"to": [8.99, 3.5, 5.5],
			"faces": {
				"north": {"uv": [7.5, 6.75, 8, 7.125], "texture": "#0"},
				"east": {"uv": [3.5, 7.25, 4.25, 7.625], "texture": "#0"},
				"south": {"uv": [7.5, 7.25, 8, 7.625], "texture": "#0"},
				"west": {"uv": [4.25, 7.25, 5, 7.625], "texture": "#0"},
				"up": {"uv": [3, 8, 2.5, 7.25], "texture": "#0"},
				"down": {"uv": [3.5, 7.25, 3, 8], "texture": "#0"}
			}
		},
		{
			"from": [6.99, 3.5, 1],
			"to": [8.97, 8, 2.5],
			"faces": {
				"north": {"uv": [0.5, 7.25, 1, 8.375], "texture": "#0"},
				"east": {"uv": [1.5, 7.25, 1.875, 8.375], "texture": "#0"},
				"south": {"uv": [1, 7.25, 1.5, 8.375], "texture": "#0"},
				"west": {"uv": [2, 7.25, 2.375, 8.375], "texture": "#0"},
				"up": {"uv": [4, 8.125, 3.5, 7.75], "texture": "#0"},
				"down": {"uv": [4.5, 7.75, 4, 8.125], "texture": "#0"}
			}
		},
		{
			"from": [7, 2.25, 2],
			"to": [9, 4, 4],
			"rotation": {"angle": 45, "axis": "x", "origin": [8, 4, 3]},
			"faces": {
				"north": {"uv": [7.5, 2.75, 8, 3.25], "texture": "#0"},
				"east": {"uv": [7.5, 3.25, 8, 3.75], "texture": "#0"},
				"south": {"uv": [7.5, 3.75, 8, 4.25], "texture": "#0"},
				"west": {"uv": [7.5, 4.25, 8, 4.75], "texture": "#0"},
				"up": {"uv": [8, 5.25, 7.5, 4.75], "texture": "#0"},
				"down": {"uv": [8, 5.25, 7.5, 5.75], "texture": "#0"}
			}
		},
		{
			"from": [7, 1.83579, 3],
			"to": [9, 3.58579, 5],
			"rotation": {"angle": -45, "axis": "x", "origin": [8, 5, 4]},
			"faces": {
				"north": {"uv": [5, 7.25, 5.5, 7.75], "texture": "#0"},
				"east": {"uv": [5.5, 7.25, 6, 7.75], "texture": "#0"},
				"south": {"uv": [6, 7.25, 6.5, 7.75], "texture": "#0"},
				"west": {"uv": [6.5, 7.25, 7, 7.75], "texture": "#0"},
				"up": {"uv": [7.5, 7.75, 7, 7.25], "texture": "#0"},
				"down": {"uv": [8, 2.25, 7.5, 2.75], "texture": "#0"}
			}
		}
	],
	"gui_light": "front",
	"display": {
		"thirdperson_righthand": {
			"translation": [0, -2.25, 3.25]
		},
		"thirdperson_lefthand": {
			"translation": [0, -2.25, 3.25]
		},
		"firstperson_righthand": {
			"rotation": [15, 0, 0],
			"translation": [0, -1.75, 0],
			"scale": [0.7, 0.7, 0.7]
		},
		"firstperson_lefthand": {
			"rotation": [15, 0, 0],
			"translation": [0, -1.75, 0],
			"scale": [0.7, 0.7, 0.7]
		},
		"ground": {
			"rotation": [0, 0, 63],
			"translation": [8, 0, 0.75]
		},
		"gui": {
			"rotation": [-90, -35, -90],
			"translation": [-5.25, -2.5, 0],
			"scale": [0.7, 0.7, 0.7]
		},
		"head": {
			"rotation": [-90, 50, -90],
			"translation": [-9.75, -6.75, 6.25],
			"scale": [2, 2, 2]
		},
		"fixed": {
			"rotation": [-90, 45, 90],
			"translation": [11.5, -6, 0],
			"scale": [1.5, 1.5, 1.5]
		}
	}
}