{
	"credit": "Made with Blockbench",
	"texture_size": [64, 64],
	"textures": {
		"0": "item/KanekiMask",
		"particle": "item/KanekiMask"
	},
	"elements": [
		{
			"from": [1.4, 0.5, 0],
			"to": [15.6, 3, 15],
			"faces": {
				"north": {"uv": [7, 0.75, 10.5, 1.5], "texture": "#0"},
				"east": {"uv": [0, 7, 3.75, 7.75], "texture": "#0"},
				"south": {"uv": [7, 1.5, 10.5, 2.25], "texture": "#0"},
				"west": {"uv": [7, 0, 10.75, 0.75], "texture": "#0"},
				"up": {"uv": [3.5, 3.75, 0, 0], "texture": "#0"},
				"down": {"uv": [7, 0, 3.5, 3.75], "texture": "#0"}
			}
		},
		{
			"from": [0.9, 0.5, 0.5],
			"to": [1.4, 3, 14.5],
			"faces": {
				"north": {"uv": [10.75, 11, 11, 11.75], "texture": "#0"},
				"east": {"uv": [7, 2.25, 10.5, 3], "texture": "#0"},
				"south": {"uv": [11, 11, 11.25, 11.75], "texture": "#0"},
				"west": {"uv": [7, 3, 10.5, 3.75], "texture": "#0"},
				"up": {"uv": [10, 12.75, 9.75, 9.25], "texture": "#0"},
				"down": {"uv": [10.25, 3.75, 10, 7.25], "texture": "#0"}
			}
		},
		{
			"from": [15.6, 0.5, 0.5],
			"to": [16.1, 3, 14.5],
			"faces": {
				"north": {"uv": [11.25, 0, 11.5, 0.75], "texture": "#0"},
				"east": {"uv": [3.75, 7.25, 7.25, 8], "texture": "#0"},
				"south": {"uv": [11.25, 0.75, 11.5, 1.5], "texture": "#0"},
				"west": {"uv": [7.25, 7.25, 10.75, 8], "texture": "#0"},
				"up": {"uv": [6.25, 13.5, 6, 10], "texture": "#0"},
				"down": {"uv": [6.5, 10, 6.25, 13.5], "texture": "#0"}
			}
		},
		{
			"from": [15.6, 3, 0.5],
			"to": [16.1, 5, 7],
			"faces": {
				"north": {"uv": [1.75, 11.75, 2, 12.25], "texture": "#0"},
				"east": {"uv": [9.75, 8.25, 11.5, 8.75], "texture": "#0"},
				"south": {"uv": [11.75, 1.75, 12, 2.25], "texture": "#0"},
				"west": {"uv": [6.5, 10, 8.25, 10.5], "texture": "#0"},
				"up": {"uv": [6, 12, 5.75, 10.25], "texture": "#0"},
				"down": {"uv": [8.25, 10.5, 8, 12.25], "texture": "#0"}
			}
		},
		{
			"from": [0.9, 3, 0.5],
			"to": [1.4, 5, 7],
			"faces": {
				"north": {"uv": [11.75, 2.25, 12, 2.75], "texture": "#0"},
				"east": {"uv": [10, 9.25, 11.75, 9.75], "texture": "#0"},
				"south": {"uv": [11.75, 2.75, 12, 3.25], "texture": "#0"},
				"west": {"uv": [10, 9.75, 11.75, 10.25], "texture": "#0"},
				"up": {"uv": [2.25, 12.5, 2, 10.75], "texture": "#0"},
				"down": {"uv": [2.5, 10.75, 2.25, 12.5], "texture": "#0"}
			}
		},
		{
			"from": [1.4, 3, 0],
			"to": [15.6, 5, 7],
			"faces": {
				"north": {"uv": [3.25, 8.75, 6.75, 9.25], "texture": "#0"},
				"east": {"uv": [0, 10.25, 1.75, 10.75], "texture": "#0"},
				"south": {"uv": [6.75, 8.75, 10.25, 9.25], "texture": "#0"},
				"west": {"uv": [1.75, 10.25, 3.5, 10.75], "texture": "#0"},
				"up": {"uv": [10, 5.5, 6.5, 3.75], "texture": "#0"},
				"down": {"uv": [10, 5.5, 6.5, 7.25], "texture": "#0"}
			}
		},
		{
			"from": [1, 3, 7],
			"to": [16, 4, 8],
			"faces": {
				"north": {"uv": [6, 9.25, 9.75, 9.5], "texture": "#0"},
				"east": {"uv": [11.75, 7.5, 12, 7.75], "texture": "#0"},
				"south": {"uv": [6, 9.5, 9.75, 9.75], "texture": "#0"},
				"west": {"uv": [11.75, 9.25, 12, 9.5], "texture": "#0"},
				"up": {"uv": [9.75, 10, 6, 9.75], "texture": "#0"},
				"down": {"uv": [13.5, 8, 9.75, 8.25], "texture": "#0"}
			}
		},
		{
			"from": [2, -0.5, 1],
			"to": [15, 0.5, 14],
			"faces": {
				"north": {"uv": [10.25, 3.75, 13.5, 4], "texture": "#0"},
				"east": {"uv": [10.25, 4, 13.5, 4.25], "texture": "#0"},
				"south": {"uv": [10.25, 4.25, 13.5, 4.5], "texture": "#0"},
				"west": {"uv": [10.25, 4.5, 13.5, 4.75], "texture": "#0"},
				"up": {"uv": [3.25, 7, 0, 3.75], "texture": "#0"},
				"down": {"uv": [6.5, 3.75, 3.25, 7], "texture": "#0"}
			}
		},
		{
			"from": [10, 5, 0],
			"to": [14, 9, 1],
			"faces": {
				"north": {"uv": [0, 9.25, 1, 10.25], "texture": "#0"},
				"east": {"uv": [5.25, 11, 5.5, 12], "texture": "#0"},
				"south": {"uv": [1, 9.25, 2, 10.25], "texture": "#0"},
				"west": {"uv": [5.5, 11, 5.75, 12], "texture": "#0"},
				"up": {"uv": [4.75, 7.25, 3.75, 7], "texture": "#0"},
				"down": {"uv": [5.75, 7, 4.75, 7.25], "texture": "#0"}
			}
		},
		{
			"from": [9, 6, 0.5],
			"to": [11, 9, 1.5],
			"faces": {
				"north": {"uv": [10.75, 0, 11.25, 0.75], "texture": "#0"},
				"east": {"uv": [11.25, 4.75, 11.5, 5.5], "texture": "#0"},
				"south": {"uv": [2.5, 10.75, 3, 11.5], "texture": "#0"},
				"west": {"uv": [11.25, 5.5, 11.5, 6.25], "texture": "#0"},
				"up": {"uv": [3.75, 8, 3.25, 7.75], "texture": "#0"},
				"down": {"uv": [10.75, 7, 10.25, 7.25], "texture": "#0"}
			}
		},
		{
			"from": [5, 8, 0.5],
			"to": [7, 11, 1.5],
			"faces": {
				"north": {"uv": [3, 10.75, 3.5, 11.5], "texture": "#0"},
				"east": {"uv": [11.25, 6.25, 11.5, 7], "texture": "#0"},
				"south": {"uv": [10.75, 7, 11.25, 7.75], "texture": "#0"},
				"west": {"uv": [11.25, 7, 11.5, 7.75], "texture": "#0"},
				"up": {"uv": [11, 3.75, 10.5, 3.5], "texture": "#0"},
				"down": {"uv": [12.25, 3.25, 11.75, 3.5], "texture": "#0"}
			}
		},
		{
			"from": [3, 8.5, 0.5],
			"to": [5, 11.5, 1.5],
			"faces": {
				"north": {"uv": [10.75, 10.25, 11.25, 11], "texture": "#0"},
				"east": {"uv": [11.25, 10.25, 11.5, 11], "texture": "#0"},
				"south": {"uv": [11, 1.5, 11.5, 2.25], "texture": "#0"},
				"west": {"uv": [11.25, 11, 11.5, 11.75], "texture": "#0"},
				"up": {"uv": [12.25, 3.75, 11.75, 3.5], "texture": "#0"},
				"down": {"uv": [12.25, 4.75, 11.75, 5], "texture": "#0"}
			}
		},
		{
			"from": [1.5, 9, 0.5],
			"to": [3, 12, 1.5],
			"faces": {
				"north": {"uv": [11, 2.25, 11.5, 3], "texture": "#0"},
				"east": {"uv": [11.5, 0, 11.75, 0.75], "texture": "#0"},
				"south": {"uv": [11, 3, 11.5, 3.75], "texture": "#0"},
				"west": {"uv": [11.5, 0.75, 11.75, 1.5], "texture": "#0"},
				"up": {"uv": [12.25, 5.25, 11.75, 5], "texture": "#0"},
				"down": {"uv": [12.25, 5.25, 11.75, 5.5], "texture": "#0"}
			}
		},
		{
			"from": [1.5, 9, 1.5],
			"to": [2.5, 12, 14.5],
			"faces": {
				"north": {"uv": [11.5, 1.5, 11.75, 2.25], "texture": "#0"},
				"east": {"uv": [0, 7.75, 3.25, 8.5], "texture": "#0"},
				"south": {"uv": [11.5, 2.25, 11.75, 3], "texture": "#0"},
				"west": {"uv": [3.25, 8, 6.5, 8.75], "texture": "#0"},
				"up": {"uv": [8.5, 13.25, 8.25, 10], "texture": "#0"},
				"down": {"uv": [8.75, 10, 8.5, 13.25], "texture": "#0"}
			}
		},
		{
			"from": [7, 7.5, 0.5],
			"to": [8, 10.5, 1.5],
			"faces": {
				"north": {"uv": [2.5, 11.5, 2.75, 12.25], "texture": "#0"},
				"east": {"uv": [2.75, 11.5, 3, 12.25], "texture": "#0"},
				"south": {"uv": [3, 11.5, 3.25, 12.25], "texture": "#0"},
				"west": {"uv": [11.5, 3, 11.75, 3.75], "texture": "#0"},
				"up": {"uv": [12, 9.75, 11.75, 9.5], "texture": "#0"},
				"down": {"uv": [12, 9.75, 11.75, 10], "texture": "#0"}
			}
		},
		{
			"from": [8, 7, 0.5],
			"to": [9, 10, 1.5],
			"faces": {
				"north": {"uv": [3.25, 11.5, 3.5, 12.25], "texture": "#0"},
				"east": {"uv": [11.5, 4.75, 11.75, 5.5], "texture": "#0"},
				"south": {"uv": [11.5, 5.5, 11.75, 6.25], "texture": "#0"},
				"west": {"uv": [11.5, 6.25, 11.75, 7], "texture": "#0"},
				"up": {"uv": [12, 10.25, 11.75, 10], "texture": "#0"},
				"down": {"uv": [12, 10.25, 11.75, 10.5], "texture": "#0"}
			}
		},
		{
			"from": [14, 5, 0.5],
			"to": [15.5, 9, 1.5],
			"faces": {
				"north": {"uv": [9.25, 10, 9.75, 11], "texture": "#0"},
				"east": {"uv": [11, 6, 11.25, 7], "texture": "#0"},
				"south": {"uv": [10.5, 1.5, 11, 2.5], "texture": "#0"},
				"west": {"uv": [9.25, 11, 9.5, 12], "texture": "#0"},
				"up": {"uv": [12.25, 5.75, 11.75, 5.5], "texture": "#0"},
				"down": {"uv": [12.25, 5.75, 11.75, 6], "texture": "#0"}
			}
		},
		{
			"from": [14.75, 5.5, 1],
			"to": [15.75, 9, 2],
			"faces": {
				"north": {"uv": [9.5, 11, 9.75, 12], "texture": "#0"},
				"east": {"uv": [10, 11, 10.25, 12], "texture": "#0"},
				"south": {"uv": [10.25, 11, 10.5, 12], "texture": "#0"},
				"west": {"uv": [10.5, 11, 10.75, 12], "texture": "#0"},
				"up": {"uv": [12, 10.75, 11.75, 10.5], "texture": "#0"},
				"down": {"uv": [11, 11.75, 10.75, 12], "texture": "#0"}
			}
		},
		{
			"from": [14.5, 6, 2],
			"to": [15.5, 9, 14.5],
			"faces": {
				"north": {"uv": [6.5, 11.5, 6.75, 12.25], "texture": "#0"},
				"east": {"uv": [6.5, 8, 9.75, 8.75], "texture": "#0"},
				"south": {"uv": [6.75, 11.5, 7, 12.25], "texture": "#0"},
				"west": {"uv": [0, 8.5, 3.25, 9.25], "texture": "#0"},
				"up": {"uv": [9, 13.25, 8.75, 10], "texture": "#0"},
				"down": {"uv": [9.25, 10, 9, 13.25], "texture": "#0"}
			}
		},
		{
			"from": [8.5, 7, 13.5],
			"to": [11.5, 10, 14.5],
			"faces": {
				"north": {"uv": [3.5, 10.25, 4.25, 11], "texture": "#0"},
				"east": {"uv": [7, 11.5, 7.25, 12.25], "texture": "#0"},
				"south": {"uv": [4.25, 10.25, 5, 11], "texture": "#0"},
				"west": {"uv": [11.5, 7, 11.75, 7.75], "texture": "#0"},
				"up": {"uv": [6.5, 7.25, 5.75, 7], "texture": "#0"},
				"down": {"uv": [11.5, 7.75, 10.75, 8], "texture": "#0"}
			}
		},
		{
			"from": [5.5, 8, 13.5],
			"to": [8.5, 11, 14.5],
			"faces": {
				"north": {"uv": [10.25, 4.75, 11, 5.5], "texture": "#0"},
				"east": {"uv": [7.25, 11.5, 7.5, 12.25], "texture": "#0"},
				"south": {"uv": [5, 10.25, 5.75, 11], "texture": "#0"},
				"west": {"uv": [7.5, 11.5, 7.75, 12.25], "texture": "#0"},
				"up": {"uv": [12, 9, 11.25, 8.75], "texture": "#0"},
				"down": {"uv": [12, 9, 11.25, 9.25], "texture": "#0"}
			}
		},
		{
			"from": [2.5, 9, 13.5],
			"to": [5.5, 12, 14.5],
			"faces": {
				"north": {"uv": [10.25, 5.5, 11, 6.25], "texture": "#0"},
				"east": {"uv": [7.75, 11.5, 8, 12.25], "texture": "#0"},
				"south": {"uv": [10.25, 6.25, 11, 7], "texture": "#0"},
				"west": {"uv": [11.5, 10.25, 11.75, 11], "texture": "#0"},
				"up": {"uv": [12.25, 8, 11.5, 7.75], "texture": "#0"},
				"down": {"uv": [12.25, 8.25, 11.5, 8.5], "texture": "#0"}
			}
		},
		{
			"from": [11.5, 6, 13.5],
			"to": [14.5, 9, 14.5],
			"faces": {
				"north": {"uv": [10, 10.25, 10.75, 11], "texture": "#0"},
				"east": {"uv": [11.5, 11, 11.75, 11.75], "texture": "#0"},
				"south": {"uv": [10.5, 0.75, 11.25, 1.5], "texture": "#0"},
				"west": {"uv": [0, 11.75, 0.25, 12.5], "texture": "#0"},
				"up": {"uv": [12.25, 8.75, 11.5, 8.5], "texture": "#0"},
				"down": {"uv": [12.5, 0, 11.75, 0.25], "texture": "#0"}
			}
		},
		{
			"from": [0.5, 0.5, 20],
			"to": [1.5, 3, 21],
			"rotation": {"angle": 45, "axis": "y", "origin": [1, 0, 0]},
			"faces": {
				"north": {"uv": [0.25, 11.75, 0.5, 12.5], "texture": "#0"},
				"east": {"uv": [11.75, 0.25, 12, 1], "texture": "#0"},
				"south": {"uv": [0.5, 11.75, 0.75, 12.5], "texture": "#0"},
				"west": {"uv": [0.75, 11.75, 1, 12.5], "texture": "#0"},
				"up": {"uv": [12, 11, 11.75, 10.75], "texture": "#0"},
				"down": {"uv": [11.25, 11.75, 11, 12], "texture": "#0"}
			}
		},
		{
			"from": [0.5, 0.5, 0.25],
			"to": [1.5, 5, 1.25],
			"rotation": {"angle": 45, "axis": "y", "origin": [1, 0, 0]},
			"faces": {
				"north": {"uv": [3.5, 11, 3.75, 12.25], "texture": "#0"},
				"east": {"uv": [3.75, 11, 4, 12.25], "texture": "#0"},
				"south": {"uv": [4, 11, 4.25, 12.25], "texture": "#0"},
				"west": {"uv": [4.25, 11, 4.5, 12.25], "texture": "#0"},
				"up": {"uv": [12, 11.25, 11.75, 11], "texture": "#0"},
				"down": {"uv": [11.5, 11.75, 11.25, 12], "texture": "#0"}
			}
		},
		{
			"from": [15.5, 0.5, 0.25],
			"to": [16.5, 5, 1.25],
			"rotation": {"angle": -45, "axis": "y", "origin": [16, 0, 0]},
			"faces": {
				"north": {"uv": [4.5, 11, 4.75, 12.25], "texture": "#0"},
				"east": {"uv": [4.75, 11, 5, 12.25], "texture": "#0"},
				"south": {"uv": [11, 4.75, 11.25, 6], "texture": "#0"},
				"west": {"uv": [5, 11, 5.25, 12.25], "texture": "#0"},
				"up": {"uv": [12, 11.5, 11.75, 11.25], "texture": "#0"},
				"down": {"uv": [11.75, 11.75, 11.5, 12], "texture": "#0"}
			}
		},
		{
			"from": [15.5, 0.5, 20],
			"to": [16.5, 3, 21],
			"rotation": {"angle": -45, "axis": "y", "origin": [16, 0, 0]},
			"faces": {
				"north": {"uv": [1, 11.75, 1.25, 12.5], "texture": "#0"},
				"east": {"uv": [11.75, 1, 12, 1.75], "texture": "#0"},
				"south": {"uv": [1.25, 11.75, 1.5, 12.5], "texture": "#0"},
				"west": {"uv": [1.5, 11.75, 1.75, 12.5], "texture": "#0"},
				"up": {"uv": [12, 11.75, 11.75, 11.5], "texture": "#0"},
				"down": {"uv": [12, 11.75, 11.75, 12], "texture": "#0"}
			}
		},
		{
			"from": [-0.5, 0.25, 2],
			"to": [1, 3.75, 5.5],
			"faces": {
				"north": {"uv": [10.5, 2.5, 11, 3.5], "texture": "#0"},
				"east": {"uv": [2, 9.25, 3, 10.25], "texture": "#0"},
				"south": {"uv": [6.5, 10.5, 7, 11.5], "texture": "#0"},
				"west": {"uv": [3, 9.25, 4, 10.25], "texture": "#0"},
				"up": {"uv": [7.5, 11.5, 7, 10.5], "texture": "#0"},
				"down": {"uv": [8, 10.5, 7.5, 11.5], "texture": "#0"}
			}
		},
		{
			"from": [16, 0.25, 2],
			"to": [17.5, 3.75, 5.5],
			"faces": {
				"north": {"uv": [0, 10.75, 0.5, 11.75], "texture": "#0"},
				"east": {"uv": [4, 9.25, 5, 10.25], "texture": "#0"},
				"south": {"uv": [0.5, 10.75, 1, 11.75], "texture": "#0"},
				"west": {"uv": [5, 9.25, 6, 10.25], "texture": "#0"},
				"up": {"uv": [1.5, 11.75, 1, 10.75], "texture": "#0"},
				"down": {"uv": [2, 10.75, 1.5, 11.75], "texture": "#0"}
			}
		},
		{
			"from": [7, 5, 0],
			"to": [9, 6.5, 1],
			"faces": {
				"north": {"uv": [10.25, 8.75, 10.75, 9.25], "texture": "#0"},
				"east": {"uv": [11.75, 6, 12, 6.5], "texture": "#0"},
				"south": {"uv": [10.75, 8.75, 11.25, 9.25], "texture": "#0"},
				"west": {"uv": [11.75, 6.5, 12, 7], "texture": "#0"},
				"up": {"uv": [12.25, 7.25, 11.75, 7], "texture": "#0"},
				"down": {"uv": [12.25, 7.25, 11.75, 7.5], "texture": "#0"}
			}
		},
		{
			"from": [6.5, 5, 0],
			"to": [7, 5.75, 1],
			"faces": {
				"north": {"uv": [12, 0.25, 12.25, 0.5], "texture": "#0"},
				"east": {"uv": [12, 0.5, 12.25, 0.75], "texture": "#0"},
				"south": {"uv": [12, 0.75, 12.25, 1], "texture": "#0"},
				"west": {"uv": [12, 1, 12.25, 1.25], "texture": "#0"},
				"up": {"uv": [12.25, 1.5, 12, 1.25], "texture": "#0"},
				"down": {"uv": [12.25, 1.5, 12, 1.75], "texture": "#0"}
			}
		},
		{
			"from": [9, 5, 0],
			"to": [9.5, 5.75, 1],
			"faces": {
				"north": {"uv": [12, 1.75, 12.25, 2], "texture": "#0"},
				"east": {"uv": [12, 2, 12.25, 2.25], "texture": "#0"},
				"south": {"uv": [12, 2.25, 12.25, 2.5], "texture": "#0"},
				"west": {"uv": [12, 2.5, 12.25, 2.75], "texture": "#0"},
				"up": {"uv": [12.25, 3, 12, 2.75], "texture": "#0"},
				"down": {"uv": [12.25, 3, 12, 3.25], "texture": "#0"}
			}
		},
		{
			"from": [7.5, 6, 0],
			"to": [8.5, 6.75, 1],
			"faces": {
				"north": {"uv": [5.25, 12, 5.5, 12.25], "texture": "#0"},
				"east": {"uv": [5.5, 12, 5.75, 12.25], "texture": "#0"},
				"south": {"uv": [5.75, 12, 6, 12.25], "texture": "#0"},
				"west": {"uv": [12, 6, 12.25, 6.25], "texture": "#0"},
				"up": {"uv": [12.25, 6.5, 12, 6.25], "texture": "#0"},
				"down": {"uv": [12.25, 6.5, 12, 6.75], "texture": "#0"}
			}
		},
		{
			"from": [6, 5, 0],
			"to": [6.5, 5.75, 1],
			"faces": {
				"north": {"uv": [12, 6.75, 12.25, 7], "texture": "#0"},
				"east": {"uv": [12, 7.5, 12.25, 7.75], "texture": "#0"},
				"south": {"uv": [12, 8.75, 12.25, 9], "texture": "#0"},
				"west": {"uv": [12, 9, 12.25, 9.25], "texture": "#0"},
				"up": {"uv": [9.5, 12.25, 9.25, 12], "texture": "#0"},
				"down": {"uv": [12.25, 9.25, 12, 9.5], "texture": "#0"}
			}
		},
		{
			"from": [9.5, 5, 0],
			"to": [10, 5.75, 1],
			"faces": {
				"north": {"uv": [9.5, 12, 9.75, 12.25], "texture": "#0"},
				"east": {"uv": [12, 9.5, 12.25, 9.75], "texture": "#0"},
				"south": {"uv": [12, 9.75, 12.25, 10], "texture": "#0"},
				"west": {"uv": [10, 12, 10.25, 12.25], "texture": "#0"},
				"up": {"uv": [12.25, 10.25, 12, 10], "texture": "#0"},
				"down": {"uv": [10.5, 12, 10.25, 12.25], "texture": "#0"}
			}
		}
	],
	"display": {
		"head": {
			"translation": [-0.5, 0.75, 0.5]
		}
	},
	"groups": [
		{
			"name": "KanekiMask",
			"origin": [8, 8, 8],
			"color": 0,
			"children": [0, 1, 2, 3, 4, 5, 6, 7, 8, 9, 10, 11, 12, 13, 14, 15, 16, 17, 18, 19, 20, 21, 22, 23, 24, 25, 26, 27, 28, 29, 30, 31, 32, 33, 34]
		}
	]
}