{
	"credit": "Made with Blockbench",
	"texture_size": [32, 32],
	"textures": {
		"0": "item/knight_helmet",
		"particle": "item/knight_helmet"
	},
	"elements": [
		{
			"from": [10, 0, 1],
			"to": [10.5, 4, 5],
			"rotation": {"angle": 0, "axis": "y", "origin": [-1, 0, 0]},
			"faces": {
				"north": {"uv": [1.5, 9, 1.75, 11], "texture": "#0"},
				"east": {"uv": [2.5, 4, 4.5, 6], "texture": "#0"},
				"south": {"uv": [6, 9, 6.25, 11], "texture": "#0"},
				"west": {"uv": [4.5, 0, 6.5, 2], "texture": "#0"},
				"up": {"uv": [6.75, 11, 6.5, 9], "texture": "#0"},
				"down": {"uv": [9.75, 0.5, 9.5, 2.5], "texture": "#0"}
			}
		},
		{
			"from": [10.5, 1.25, 2.25],
			"to": [11, 2.75, 3.75],
			"rotation": {"angle": 0, "axis": "y", "origin": [-1, 0, 0]},
			"faces": {
				"north": {"uv": [0, 11, 0.25, 11.75], "texture": "#0"},
				"east": {"uv": [8.5, 4.5, 9.25, 5.25], "texture": "#0"},
				"south": {"uv": [11, 0.5, 11.25, 1.25], "texture": "#0"},
				"west": {"uv": [8.5, 7, 9.25, 7.75], "texture": "#0"},
				"up": {"uv": [1.25, 11.75, 1, 11], "texture": "#0"},
				"down": {"uv": [1.75, 11, 1.5, 11.75], "texture": "#0"}
			}
		},
		{
			"from": [5, 1.25, 2.25],
			"to": [5.5, 2.75, 3.75],
			"rotation": {"angle": 0, "axis": "y", "origin": [17, 0, 0]},
			"faces": {
				"north": {"uv": [11, 1.5, 11.25, 2.25], "texture": "#0"},
				"east": {"uv": [8.5, 8, 9.25, 8.75], "texture": "#0"},
				"south": {"uv": [11, 3.5, 11.25, 4.25], "texture": "#0"},
				"west": {"uv": [0.5, 9, 1.25, 9.75], "texture": "#0"},
				"up": {"uv": [11.25, 6.25, 11, 5.5], "texture": "#0"},
				"down": {"uv": [6.25, 11, 6, 11.75], "texture": "#0"}
			}
		},
		{
			"from": [5.5, 0, 1],
			"to": [6, 4, 5],
			"rotation": {"angle": 0, "axis": "y", "origin": [-1, 0, 0]},
			"faces": {
				"north": {"uv": [2, 9.5, 2.25, 11.5], "texture": "#0"},
				"east": {"uv": [4.5, 2, 6.5, 4], "texture": "#0"},
				"south": {"uv": [2.5, 9.5, 2.75, 11.5], "texture": "#0"},
				"west": {"uv": [4.5, 4, 6.5, 6], "texture": "#0"},
				"up": {"uv": [3.25, 11.5, 3, 9.5], "texture": "#0"},
				"down": {"uv": [3.75, 9.5, 3.5, 11.5], "texture": "#0"}
			}
		},
		{
			"from": [6, 0, 5],
			"to": [10, 4, 5.5],
			"rotation": {"angle": 0, "axis": "y", "origin": [-1, 0, 0]},
			"faces": {
				"north": {"uv": [0, 5, 2, 7], "texture": "#0"},
				"east": {"uv": [4, 9.5, 4.25, 11.5], "texture": "#0"},
				"south": {"uv": [2, 6, 4, 8], "texture": "#0"},
				"west": {"uv": [4.5, 9.5, 4.75, 11.5], "texture": "#0"},
				"up": {"uv": [11.5, 2.75, 9.5, 2.5], "texture": "#0"},
				"down": {"uv": [11.5, 4.5, 9.5, 4.75], "texture": "#0"}
			}
		},
		{
			"from": [6, 0, 0.5],
			"to": [6.5, 4, 1],
			"rotation": {"angle": 0, "axis": "y", "origin": [-1, 0, 0]},
			"faces": {
				"north": {"uv": [9, 9.5, 9.25, 11.5], "texture": "#0"},
				"east": {"uv": [9.5, 9.5, 9.75, 11.5], "texture": "#0"},
				"south": {"uv": [0.5, 10, 0.75, 12], "texture": "#0"},
				"west": {"uv": [10, 0.5, 10.25, 2.5], "texture": "#0"},
				"up": {"uv": [11.25, 9.75, 11, 9.5], "texture": "#0"},
				"down": {"uv": [11.25, 10, 11, 10.25], "texture": "#0"}
			}
		},
		{
			"from": [6.5, 0, 0.5],
			"to": [7, 1.5, 1],
			"rotation": {"angle": 0, "axis": "y", "origin": [-1, 0, 0]},
			"faces": {
				"north": {"uv": [8, 10, 8.25, 10.75], "texture": "#0"},
				"east": {"uv": [10, 9.5, 10.25, 10.25], "texture": "#0"},
				"south": {"uv": [10.5, 0.5, 10.75, 1.25], "texture": "#0"},
				"west": {"uv": [10.5, 1.5, 10.75, 2.25], "texture": "#0"},
				"up": {"uv": [10.75, 11.25, 10.5, 11], "texture": "#0"},
				"down": {"uv": [11.25, 10.5, 11, 10.75], "texture": "#0"}
			}
		},
		{
			"from": [9, 0, 0.5],
			"to": [9.5, 1.5, 1],
			"rotation": {"angle": 0, "axis": "y", "origin": [-1, 0, 0]},
			"faces": {
				"north": {"uv": [7.5, 10.5, 7.75, 11.25], "texture": "#0"},
				"east": {"uv": [10.5, 9, 10.75, 9.75], "texture": "#0"},
				"south": {"uv": [10, 10.5, 10.25, 11.25], "texture": "#0"},
				"west": {"uv": [10.5, 10, 10.75, 10.75], "texture": "#0"},
				"up": {"uv": [11.25, 11.25, 11, 11], "texture": "#0"},
				"down": {"uv": [11.75, 0, 11.5, 0.25], "texture": "#0"}
			}
		},
		{
			"from": [6.5, 3, 0.5],
			"to": [9.5, 4, 1],
			"rotation": {"angle": 0, "axis": "y", "origin": [-1, 0, 0]},
			"faces": {
				"north": {"uv": [0.5, 8.5, 2, 9], "texture": "#0"},
				"east": {"uv": [10.5, 5.5, 10.75, 6], "texture": "#0"},
				"south": {"uv": [8.5, 3, 10, 3.5], "texture": "#0"},
				"west": {"uv": [6.5, 11, 6.75, 11.5], "texture": "#0"},
				"up": {"uv": [11.5, 8.25, 10, 8], "texture": "#0"},
				"down": {"uv": [11.5, 8.5, 10, 8.75], "texture": "#0"}
			}
		},
		{
			"from": [5.25, -1, 0.25],
			"to": [10.75, 1.75, 0.25],
			"rotation": {"angle": -22.5, "axis": "x", "origin": [-1, 0, 0]},
			"faces": {
				"north": {"uv": [6.5, 0, 9.25, 1.375], "texture": "#0"},
				"east": {"uv": [0, 0, 0, 1.375], "texture": "#0"},
				"south": {"uv": [6.5, 1.5, 9.25, 2.875], "texture": "#0"},
				"west": {"uv": [0, 0, 0, 1.375], "texture": "#0"},
				"up": {"uv": [2.75, 0, 0, 0], "texture": "#0"},
				"down": {"uv": [2.75, 0, 0, 0], "texture": "#0"}
			}
		},
		{
			"from": [5.25, -1, 0.25],
			"to": [5.25, 1.75, 3.75],
			"rotation": {"angle": -22.5, "axis": "x", "origin": [-1, 0, 0]},
			"faces": {
				"north": {"uv": [0, 0, 0, 1.375], "texture": "#0"},
				"east": {"uv": [6.5, 3, 8.25, 4.375], "texture": "#0"},
				"south": {"uv": [0, 0, 0, 1.375], "texture": "#0"},
				"west": {"uv": [6.5, 4.5, 8.25, 5.875], "texture": "#0"},
				"up": {"uv": [0, 1.75, 0, 0], "texture": "#0"},
				"down": {"uv": [0, 0, 0, 1.75], "texture": "#0"}
			}
		},
		{
			"from": [10.75, -1, 0.25],
			"to": [10.75, 1.75, 3.75],
			"rotation": {"angle": -22.5, "axis": "x", "origin": [17, 0, 0]},
			"faces": {
				"north": {"uv": [0, 0, 0, 1.375], "texture": "#0"},
				"east": {"uv": [0, 7, 1.75, 8.375], "texture": "#0"},
				"south": {"uv": [0, 0, 0, 1.375], "texture": "#0"},
				"west": {"uv": [2, 8, 3.75, 9.375], "texture": "#0"},
				"up": {"uv": [0, 1.75, 0, 0], "texture": "#0"},
				"down": {"uv": [0, 0, 0, 1.75], "texture": "#0"}
			}
		},
		{
			"from": [9.5, 0, 0.5],
			"to": [10, 4, 1],
			"rotation": {"angle": 0, "axis": "y", "origin": [-1, 0, 0]},
			"faces": {
				"north": {"uv": [5, 9.5, 5.25, 11.5], "texture": "#0"},
				"east": {"uv": [5.5, 9.5, 5.75, 11.5], "texture": "#0"},
				"south": {"uv": [9.5, 7, 9.75, 9], "texture": "#0"},
				"west": {"uv": [8.5, 9.5, 8.75, 11.5], "texture": "#0"},
				"up": {"uv": [8.25, 11.25, 8, 11], "texture": "#0"},
				"down": {"uv": [11.25, 9, 11, 9.25], "texture": "#0"}
			}
		},
		{
			"from": [6, 4, 1],
			"to": [10, 4.5, 5],
			"rotation": {"angle": 0, "axis": "y", "origin": [-1, 0, 0]},
			"faces": {
				"north": {"uv": [9.5, 5, 11.5, 5.25], "texture": "#0"},
				"east": {"uv": [10, 3, 12, 3.25], "texture": "#0"},
				"south": {"uv": [10, 7, 12, 7.25], "texture": "#0"},
				"west": {"uv": [10, 7.5, 12, 7.75], "texture": "#0"},
				"up": {"uv": [6, 8, 4, 6], "texture": "#0"},
				"down": {"uv": [8, 6, 6, 8], "texture": "#0"}
			}
		},
		{
			"from": [7.5, 3, 0],
			"to": [8.5, 4.5, 6],
			"rotation": {"angle": 0, "axis": "y", "origin": [-1, 0, 0]},
			"faces": {
				"north": {"uv": [2, 5, 2.5, 5.75], "texture": "#0"},
				"east": {"uv": [4, 8, 7, 8.75], "texture": "#0"},
				"south": {"uv": [1, 10, 1.5, 10.75], "texture": "#0"},
				"west": {"uv": [8, 6, 11, 6.75], "texture": "#0"},
				"up": {"uv": [7.5, 11, 7, 8], "texture": "#0"},
				"down": {"uv": [8.5, 7, 8, 10], "texture": "#0"}
			}
		},
		{
			"from": [7.5, 4.5, 0.5],
			"to": [8.5, 5, 5.5],
			"rotation": {"angle": 0, "axis": "y", "origin": [-1, 0, 0]},
			"faces": {
				"north": {"uv": [11, 6.5, 11.5, 6.75], "texture": "#0"},
				"east": {"uv": [8.5, 3.5, 11, 3.75], "texture": "#0"},
				"south": {"uv": [7, 11, 7.5, 11.25], "texture": "#0"},
				"west": {"uv": [8.5, 4, 11, 4.25], "texture": "#0"},
				"up": {"uv": [8, 10.5, 7.5, 8], "texture": "#0"},
				"down": {"uv": [0.5, 8.5, 0, 11], "texture": "#0"}
			}
		},
		{
			"from": [8, 5.5, 1.5],
			"to": [8, 10, 6.5],
			"rotation": {"angle": 22.5, "axis": "x", "origin": [-1, 0, 0]},
			"faces": {
				"north": {"uv": [0, 0, 0, 2.25], "texture": "#0"},
				"east": {"uv": [0, 0, 2.5, 2.25], "texture": "#0"},
				"south": {"uv": [0, 0, 0, 2.25], "texture": "#0"},
				"west": {"uv": [0, 2.5, 2.5, 4.75], "texture": "#0"},
				"up": {"uv": [0, 2.5, 0, 0], "texture": "#0"},
				"down": {"uv": [0, 0, 0, 2.5], "texture": "#0"}
			}
		},
		{
			"from": [6, 4, 1],
			"to": [10, 4.5, 5],
			"rotation": {"angle": 0, "axis": "y", "origin": [-1, 0, 0]},
			"faces": {
				"north": {"uv": [8.5, 5.5, 10.5, 5.75], "texture": "#0"},
				"east": {"uv": [4, 9, 6, 9.25], "texture": "#0"},
				"south": {"uv": [8.5, 9, 10.5, 9.25], "texture": "#0"},
				"west": {"uv": [9.5, 0, 11.5, 0.25], "texture": "#0"},
				"up": {"uv": [4.5, 2, 2.5, 0], "texture": "#0"},
				"down": {"uv": [4.5, 2, 2.5, 4], "texture": "#0"}
			}
		}
	],
	"gui_light": "front",
	"display": {
		"thirdperson_righthand": {
			"translation": [0, 7.75, 5.25]
		},
		"thirdperson_lefthand": {
			"translation": [0, 7.25, 5.25]
		},
		"firstperson_righthand": {
			"translation": [18, 11.25, -12],
			"scale": [4, 4, 4]
		},
		"firstperson_lefthand": {
			"translation": [24, 10, -17],
			"scale": [4, 4, 4]
		},
		"ground": {
			"translation": [0, 12, 9.25],
			"scale": [2, 2, 2]
		},
		"gui": {
			"rotation": [180, -54.25, 180],
			"translation": [-7.25, 8.75, 0],
			"scale": [2, 2, 2]
		},
		"head": {
			"translation": [0, 21.5, 17.5],
			"scale": [3.5, 3.5, 3.5]
		},
		"fixed": {
			"translation": [0, 12.75, 6.75],
			"scale": [2.5, 2.5, 2.5]
		}
	}
}