{
	"credit": "Made with Blockbench",
	"texture_size": [32, 32],
	"textures": {
		"0": "item/KsanteHair",
		"particle": "item/KsanteHair"
	},
	"elements": [
		{
			"from": [1, 6.5, 1],
			"to": [15, 9, 6],
			"faces": {
				"north": {"uv": [0, 7, 7, 8.5], "texture": "#0"},
				"east": {"uv": [11, 6.5, 13.5, 8], "texture": "#0"},
				"south": {"uv": [7, 0, 14, 1.5], "texture": "#0"},
				"west": {"uv": [12, 8, 14.5, 9.5], "texture": "#0"},
				"up": {"uv": [7, 2.5, 0, 0], "texture": "#0"},
				"down": {"uv": [7, 2.5, 0, 5], "texture": "#0"}
			}
		},
		{
			"from": [2.5, 4, 1],
			"to": [13.5, 6.5, 5],
			"faces": {
				"north": {"uv": [7, 1.5, 12.5, 3], "texture": "#0"},
				"east": {"uv": [12, 9.5, 14, 11], "texture": "#0"},
				"south": {"uv": [7, 3, 12.5, 4.5], "texture": "#0"},
				"west": {"uv": [12, 11, 14, 12.5], "texture": "#0"},
				"up": {"uv": [5.5, 7, 0, 5], "texture": "#0"},
				"down": {"uv": [11, 5, 5.5, 7], "texture": "#0"}
			}
		},
		{
			"from": [4, 1.5, 1],
			"to": [12, 4, 5],
			"faces": {
				"north": {"uv": [4, 9, 8, 10.5], "texture": "#0"},
				"east": {"uv": [0, 12.5, 2, 14], "texture": "#0"},
				"south": {"uv": [8, 9, 12, 10.5], "texture": "#0"},
				"west": {"uv": [12.5, 1.5, 14.5, 3], "texture": "#0"},
				"up": {"uv": [11, 9, 7, 7], "texture": "#0"},
				"down": {"uv": [4, 8.5, 0, 10.5], "texture": "#0"}
			}
		},
		{
			"from": [5.5, -2, 1],
			"to": [10.5, 1.5, 5],
			"faces": {
				"north": {"uv": [0, 10.5, 2.5, 12.5], "texture": "#0"},
				"east": {"uv": [10, 10.5, 12, 12.5], "texture": "#0"},
				"south": {"uv": [2.5, 10.5, 5, 12.5], "texture": "#0"},
				"west": {"uv": [11, 4.5, 13, 6.5], "texture": "#0"},
				"up": {"uv": [7.5, 12.5, 5, 10.5], "texture": "#0"},
				"down": {"uv": [10, 10.5, 7.5, 12.5], "texture": "#0"}
			}
		}
	],
	"display": {
		"head": {
			"translation": [0, -6, 0]
		}
	},
	"groups": [
		{
			"name": "KsanteHair",
			"origin": [8, 8, 8],
			"color": 0,
			"children": [0, 1, 2, 3]
		}
	]
}