{
	"credit": "Made with Blockbench",
	"texture_size": [32, 32],
	"textures": {
		"0": "block/SRTsword1",
		"1": "block/SRTsword2",
		"2": "block/SRTsword3",
		"3": "block/SRTsword_outline",
		"particle": "SRTsword1"
	},
	"elements": [
		{
			"from": [8, -6.5, 7],
			"to": [9, -6.35, 9.025],
			"rotation": {"angle": 0, "axis": "y", "origin": [0, -15, 0]},
			"faces": {
				"north": {"uv": [12, 11, 13, 11.5], "texture": "#0"},
				"east": {"uv": [10, 5, 12, 5.5], "texture": "#0"},
				"south": {"uv": [0, 13, 1, 13.5], "texture": "#0"},
				"west": {"uv": [10, 6, 12, 6.5], "texture": "#0"},
				"up": {"uv": [3, 8, 2, 6], "texture": "#0"},
				"down": {"uv": [4, 6, 3, 8], "texture": "#0"}
			}
		},
		{
			"from": [7.9, -15, 6.9],
			"to": [9.1, -14, 9],
			"rotation": {"angle": 0, "axis": "y", "origin": [0, -15, 0]},
			"faces": {
				"north": {"uv": [10, 7, 11, 8], "texture": "#0"},
				"east": {"uv": [6, 3, 8, 4], "texture": "#0"},
				"south": {"uv": [10, 8, 11, 9], "texture": "#0"},
				"west": {"uv": [4, 6, 6, 7], "texture": "#0"},
				"up": {"uv": [7, 6, 6, 4], "texture": "#0"},
				"down": {"uv": [7, 6, 6, 8], "texture": "#0"}
			}
		},
		{
			"from": [7.875, -15.65, 6.875],
			"to": [9.125, -14.85, 9.025],
			"rotation": {"angle": 0, "axis": "y", "origin": [0, -15.75, 0]},
			"faces": {
				"north": {"uv": [9, 9, 10.5, 10], "texture": "#0"},
				"east": {"uv": [7, 0, 9, 1], "texture": "#0"},
				"south": {"uv": [10, 0, 11.5, 1], "texture": "#0"},
				"west": {"uv": [7, 1, 9, 2], "texture": "#0"},
				"up": {"uv": [2.5, 6, 1, 4], "texture": "#0"},
				"down": {"uv": [4.5, 4, 3, 6], "texture": "#0"}
			}
		},
		{
			"from": [7.95, -14, 6.95],
			"to": [9.05, -13, 8.9],
			"rotation": {"angle": 0, "axis": "y", "origin": [0, -15, 0]},
			"faces": {
				"north": {"uv": [9, 10, 10, 11], "texture": "#0"},
				"east": {"uv": [7, 2, 9, 3], "texture": "#0"},
				"south": {"uv": [10, 10, 11, 11], "texture": "#0"},
				"west": {"uv": [4, 7, 6, 8], "texture": "#0"},
				"up": {"uv": [8, 6, 7, 4], "texture": "#0"},
				"down": {"uv": [8, 6, 7, 8], "texture": "#0"}
			}
		},
		{
			"from": [7.925, -15, 6.925],
			"to": [9.075, -14.3, 8.925],
			"rotation": {"angle": 0, "axis": "y", "origin": [0, -16, 0]},
			"faces": {
				"north": {"uv": [13, 0, 14, 0.5], "texture": "#0"},
				"east": {"uv": [11, 2, 13, 2.5], "texture": "#0"},
				"south": {"uv": [1, 13, 2, 13.5], "texture": "#0"},
				"west": {"uv": [3, 11, 5, 11.5], "texture": "#0"},
				"up": {"uv": [1, 10, 0, 8], "texture": "#0"},
				"down": {"uv": [3, 8, 2, 10], "texture": "#0"}
			}
		},
		{
			"from": [7.975, -14, 6.975],
			"to": [9.025, -13, 8.8],
			"rotation": {"angle": 0, "axis": "y", "origin": [0, -16, 0]},
			"faces": {
				"north": {"uv": [1, 11, 2, 12], "texture": "#0"},
				"east": {"uv": [3, 8, 5, 9], "texture": "#0"},
				"south": {"uv": [5, 11, 6, 12], "texture": "#0"},
				"west": {"uv": [8, 3, 10, 4], "texture": "#0"},
				"up": {"uv": [9, 6, 8, 4], "texture": "#0"},
				"down": {"uv": [6, 8, 5, 10], "texture": "#0"}
			}
		},
		{
			"from": [8, -13, 7],
			"to": [9, -9.5, 8.7],
			"rotation": {"angle": 0, "axis": "y", "origin": [0, -15, 0]},
			"faces": {
				"north": {"uv": [0, 4, 1, 7.5], "texture": "#0"},
				"east": {"uv": [0, 0, 1.5, 3.5], "texture": "#0"},
				"south": {"uv": [4, 0, 5, 3.5], "texture": "#0"},
				"west": {"uv": [2, 0, 3.5, 3.5], "texture": "#0"},
				"up": {"uv": [1, 11.5, 0, 10], "texture": "#0"},
				"down": {"uv": [3, 10, 2, 11.5], "texture": "#0"}
			}
		},
		{
			"from": [8, -9.5, 6.975],
			"to": [9, -8.5, 8.775],
			"rotation": {"angle": 0, "axis": "y", "origin": [0, -15, 0]},
			"faces": {
				"north": {"uv": [6, 11, 7, 12], "texture": "#0"},
				"east": {"uv": [6, 8, 8, 9], "texture": "#0"},
				"south": {"uv": [7, 11, 8, 12], "texture": "#0"},
				"west": {"uv": [8, 6, 10, 7], "texture": "#0"},
				"up": {"uv": [9, 9, 8, 7], "texture": "#0"},
				"down": {"uv": [10, 0, 9, 2], "texture": "#0"}
			}
		},
		{
			"from": [8.025, -9.40454, 7.07992],
			"to": [8.975, -8.40454, 7.37992],
			"rotation": {"angle": -22.5, "axis": "x", "origin": [8.5, -8.90454, 7.22992]},
			"faces": {
				"north": {"uv": [11, 7, 12, 8], "texture": "#0"},
				"east": {"uv": [13, 1, 13.5, 2], "texture": "#0"},
				"south": {"uv": [8, 11, 9, 12], "texture": "#0"},
				"west": {"uv": [2, 13, 2.5, 14], "texture": "#0"},
				"up": {"uv": [14, 2.5, 13, 2], "texture": "#0"},
				"down": {"uv": [4, 13, 3, 13.5], "texture": "#0"}
			}
		},
		{
			"from": [8.025, -8.65454, 6.97992],
			"to": [8.975, -7.65454, 7.27992],
			"rotation": {"angle": -22.5, "axis": "x", "origin": [8.5, -8.15454, 7.12992]},
			"faces": {
				"north": {"uv": [11, 8, 12, 9], "texture": "#0"},
				"east": {"uv": [13, 3, 13.5, 4], "texture": "#0"},
				"south": {"uv": [9, 11, 10, 12], "texture": "#0"},
				"west": {"uv": [4, 13, 4.5, 14], "texture": "#0"},
				"up": {"uv": [14, 4.5, 13, 4], "texture": "#0"},
				"down": {"uv": [6, 13, 5, 13.5], "texture": "#0"}
			}
		},
		{
			"from": [8.025, -13.09546, 8.32008],
			"to": [8.925, -12.09546, 8.62008],
			"rotation": {"angle": -22.5, "axis": "x", "origin": [8.525, -12.59546, 8.47008]},
			"faces": {
				"north": {"uv": [11, 9, 12, 10], "texture": "#0"},
				"east": {"uv": [13, 5, 13.5, 6], "texture": "#0"},
				"south": {"uv": [10, 11, 11, 12], "texture": "#0"},
				"west": {"uv": [6, 13, 6.5, 14], "texture": "#0"},
				"up": {"uv": [14, 6.5, 13, 6], "texture": "#0"},
				"down": {"uv": [8, 13, 7, 13.5], "texture": "#0"}
			}
		},
		{
			"from": [8.05, -13.09546, 8.42008],
			"to": [8.95, -12.09546, 8.72008],
			"rotation": {"angle": -22.5, "axis": "x", "origin": [8.55, -12.59546, 8.57008]},
			"faces": {
				"north": {"uv": [11, 10, 12, 11], "texture": "#0"},
				"east": {"uv": [13, 7, 13.5, 8], "texture": "#0"},
				"south": {"uv": [11, 11, 12, 12], "texture": "#0"},
				"west": {"uv": [8, 13, 8.5, 14], "texture": "#0"},
				"up": {"uv": [14, 8.5, 13, 8], "texture": "#0"},
				"down": {"uv": [10, 13, 9, 13.5], "texture": "#0"}
			}
		},
		{
			"from": [8.1, -14.09546, 8.52008],
			"to": [9, -13.09546, 8.82008],
			"rotation": {"angle": -22.5, "axis": "x", "origin": [8.6, -13.59546, 8.67008]},
			"faces": {
				"north": {"uv": [0, 12, 1, 13], "texture": "#0"},
				"east": {"uv": [10, 13, 10.5, 14], "texture": "#0"},
				"south": {"uv": [12, 0, 13, 1], "texture": "#0"},
				"west": {"uv": [11, 13, 11.5, 14], "texture": "#0"},
				"up": {"uv": [14, 11.5, 13, 11], "texture": "#0"},
				"down": {"uv": [13, 13, 12, 13.5], "texture": "#0"}
			}
		},
		{
			"from": [8.025, -8.15454, 8.89508],
			"to": [8.975, -7.15454, 9.19508],
			"rotation": {"angle": 22.5, "axis": "x", "origin": [8.5, -7.65454, 9.04508]},
			"faces": {
				"north": {"uv": [1, 12, 2, 13], "texture": "#0"},
				"east": {"uv": [13, 12, 13.5, 13], "texture": "#0"},
				"south": {"uv": [2, 12, 3, 13], "texture": "#0"},
				"west": {"uv": [13, 13, 13.5, 14], "texture": "#0"},
				"up": {"uv": [1, 14.5, 0, 14], "texture": "#0"},
				"down": {"uv": [15, 0, 14, 0.5], "texture": "#0"}
			}
		},
		{
			"from": [8.025, -7.40454, 8.54508],
			"to": [8.975, -6.40454, 8.84508],
			"rotation": {"angle": 22.5, "axis": "x", "origin": [8.5, -6.90454, 8.69508]},
			"faces": {
				"north": {"uv": [3, 12, 4, 13], "texture": "#0"},
				"east": {"uv": [1, 14, 1.5, 15], "texture": "#0"},
				"south": {"uv": [4, 12, 5, 13], "texture": "#0"},
				"west": {"uv": [14, 1, 14.5, 2], "texture": "#0"},
				"up": {"uv": [3, 14.5, 2, 14], "texture": "#0"},
				"down": {"uv": [15, 2, 14, 2.5], "texture": "#0"}
			}
		},
		{
			"from": [8.025, -9.40454, 8.44508],
			"to": [8.975, -8.40454, 8.74508],
			"rotation": {"angle": 22.5, "axis": "x", "origin": [8.5, -8.90454, 8.59508]},
			"faces": {
				"north": {"uv": [5, 12, 6, 13], "texture": "#0"},
				"east": {"uv": [3, 14, 3.5, 15], "texture": "#0"},
				"south": {"uv": [12, 5, 13, 6], "texture": "#0"},
				"west": {"uv": [14, 3, 14.5, 4], "texture": "#0"},
				"up": {"uv": [5, 14.5, 4, 14], "texture": "#0"},
				"down": {"uv": [15, 4, 14, 4.5], "texture": "#0"}
			}
		},
		{
			"from": [8.025, -7.26934, 6.69724],
			"to": [8.975, -7.01934, 6.99724],
			"rotation": {"angle": 22.5, "axis": "x", "origin": [8.5, -7.51934, 6.84724]},
			"faces": {
				"north": {"uv": [5, 14, 6, 14.5], "texture": "#0"},
				"east": {"uv": [15, 0, 15.5, 0.5], "texture": "#0"},
				"south": {"uv": [14, 5, 15, 5.5], "texture": "#0"},
				"west": {"uv": [1, 15, 1.5, 15.5], "texture": "#0"},
				"up": {"uv": [7, 14.5, 6, 14], "texture": "#0"},
				"down": {"uv": [15, 6, 14, 6.5], "texture": "#0"}
			}
		},
		{
			"from": [8.025, -8.65454, 8.69508],
			"to": [8.975, -7.65454, 8.99508],
			"rotation": {"angle": 22.5, "axis": "x", "origin": [8.5, -8.15454, 8.84508]},
			"faces": {
				"north": {"uv": [6, 12, 7, 13], "texture": "#0"},
				"east": {"uv": [7, 14, 7.5, 15], "texture": "#0"},
				"south": {"uv": [12, 6, 13, 7], "texture": "#0"},
				"west": {"uv": [14, 7, 14.5, 8], "texture": "#0"},
				"up": {"uv": [9, 14.5, 8, 14], "texture": "#0"},
				"down": {"uv": [15, 8, 14, 8.5], "texture": "#0"}
			}
		},
		{
			"from": [8.025, -10.40454, 8.29508],
			"to": [8.975, -9.40454, 8.59508],
			"rotation": {"angle": 22.5, "axis": "x", "origin": [8.5, -9.90454, 8.44508]},
			"faces": {
				"north": {"uv": [7, 12, 8, 13], "texture": "#0"},
				"east": {"uv": [9, 14, 9.5, 15], "texture": "#0"},
				"south": {"uv": [12, 7, 13, 8], "texture": "#0"},
				"west": {"uv": [14, 9, 14.5, 10], "texture": "#0"},
				"up": {"uv": [11, 14.5, 10, 14], "texture": "#0"},
				"down": {"uv": [15, 10, 14, 10.5], "texture": "#0"}
			}
		},
		{
			"from": [8, -8.5, 6.9],
			"to": [9, -7.75, 8.925],
			"rotation": {"angle": 0, "axis": "y", "origin": [0, -15, 0]},
			"faces": {
				"north": {"uv": [8, 12, 9, 13], "texture": "#0"},
				"east": {"uv": [9, 2, 11, 3], "texture": "#0"},
				"south": {"uv": [12, 8, 13, 9], "texture": "#0"},
				"west": {"uv": [3, 9, 5, 10], "texture": "#0"},
				"up": {"uv": [2, 11, 1, 9], "texture": "#0"},
				"down": {"uv": [10, 4, 9, 6], "texture": "#0"}
			}
		},
		{
			"from": [8, -7.75, 6.80433],
			"to": [9, -7.23097, 9.175],
			"rotation": {"angle": 0, "axis": "y", "origin": [0, -15, 0]},
			"faces": {
				"north": {"uv": [11, 14, 12, 14.5], "texture": "#0"},
				"east": {"uv": [10, 1, 12.5, 1.5], "texture": "#0"},
				"south": {"uv": [14, 11, 15, 11.5], "texture": "#0"},
				"west": {"uv": [3, 10, 5.5, 10.5], "texture": "#0"},
				"up": {"uv": [6, 2.5, 5, 0], "texture": "#0"},
				"down": {"uv": [6, 3, 5, 5.5], "texture": "#0"}
			}
		},
		{
			"from": [8, -7.25, 6.9],
			"to": [9, -7, 9.375],
			"rotation": {"angle": 0, "axis": "y", "origin": [0, -15, 0]},
			"faces": {
				"north": {"uv": [12, 14, 13, 14.5], "texture": "#0"},
				"east": {"uv": [10, 3, 12.5, 3.5], "texture": "#0"},
				"south": {"uv": [14, 12, 15, 12.5], "texture": "#0"},
				"west": {"uv": [10, 4, 12.5, 4.5], "texture": "#0"},
				"up": {"uv": [7, 2.5, 6, 0], "texture": "#0"},
				"down": {"uv": [2, 6, 1, 8.5], "texture": "#0"}
			}
		},
		{
			"from": [8, -7, 7],
			"to": [9, -6.75, 8.825],
			"rotation": {"angle": 0, "axis": "y", "origin": [0, -15, 0]},
			"faces": {
				"north": {"uv": [13, 14, 14, 14.5], "texture": "#0"},
				"east": {"uv": [9, 12, 11, 12.5], "texture": "#0"},
				"south": {"uv": [14, 13, 15, 13.5], "texture": "#0"},
				"west": {"uv": [12, 9, 14, 9.5], "texture": "#0"},
				"up": {"uv": [7, 11, 6, 9], "texture": "#0"},
				"down": {"uv": [8, 9, 7, 11], "texture": "#0"}
			}
		},
		{
			"from": [8, -6.75, 7],
			"to": [9, -6.5, 8.925],
			"rotation": {"angle": 0, "axis": "y", "origin": [0, -15, 0]},
			"faces": {
				"north": {"uv": [14, 14, 15, 14.5], "texture": "#0"},
				"east": {"uv": [12, 10, 14, 10.5], "texture": "#0"},
				"south": {"uv": [0, 15, 1, 15.5], "texture": "#0"},
				"west": {"uv": [11, 12, 13, 12.5], "texture": "#0"},
				"up": {"uv": [10, 9, 9, 7], "texture": "#0"},
				"down": {"uv": [9, 9, 8, 11], "texture": "#0"}
			}
		},
		{
			"from": [8.25, -6.1, 7.1],
			"to": [8.75, -5.6, 8.6],
			"rotation": {"angle": 0, "axis": "y", "origin": [7.75, -6.1, 7.5]},
			"faces": {
				"north": {"uv": [4, 3, 5, 4], "texture": "#0"},
				"east": {"uv": [0, 0, 2, 1], "texture": "#0"},
				"south": {"uv": [7, 0, 8, 1], "texture": "#0"},
				"west": {"uv": [0, 1, 2, 2], "texture": "#0"},
				"up": {"uv": [1, 4, 0, 2], "texture": "#0"},
				"down": {"uv": [3, 0, 2, 2], "texture": "#0"}
			}
		},
		{
			"from": [7.8, -6.20355, 7.1],
			"to": [8.5, -5.70355, 8.6],
			"rotation": {"angle": 45, "axis": "z", "origin": [8.25, -5.95355, 7.85]},
			"faces": {
				"north": {"uv": [7, 2, 8, 3], "texture": "#0"},
				"east": {"uv": [1, 2, 3, 3], "texture": "#0"},
				"south": {"uv": [3, 7, 4, 8], "texture": "#0"},
				"west": {"uv": [3, 0, 5, 1], "texture": "#0"},
				"up": {"uv": [2, 5, 1, 3], "texture": "#0"},
				"down": {"uv": [4, 1, 3, 3], "texture": "#0"}
			}
		},
		{
			"from": [8.64142, -6.34498, 7.1],
			"to": [9.14142, -5.64498, 8.6],
			"rotation": {"angle": 45, "axis": "z", "origin": [8.89142, -6.09498, 7.85]},
			"faces": {
				"north": {"uv": [7, 3, 8, 4], "texture": "#0"},
				"east": {"uv": [2, 3, 4, 4], "texture": "#0"},
				"south": {"uv": [4, 7, 5, 8], "texture": "#0"},
				"west": {"uv": [4, 1, 6, 2], "texture": "#0"},
				"up": {"uv": [1, 6, 0, 4], "texture": "#0"},
				"down": {"uv": [3, 4, 2, 6], "texture": "#0"}
			}
		},
		{
			"from": [8.25, -6.30711, 8.70355],
			"to": [8.75, -5.55711, 9.20355],
			"rotation": {"angle": -45, "axis": "x", "origin": [8.5, -6.30711, 8.95355]},
			"faces": {
				"north": {"uv": [5, 7, 6, 8], "texture": "#0"},
				"east": {"uv": [7, 6, 8, 7], "texture": "#0"},
				"south": {"uv": [7, 7, 8, 8], "texture": "#0"},
				"west": {"uv": [0, 8, 1, 9], "texture": "#0"},
				"up": {"uv": [9, 1, 8, 0], "texture": "#0"},
				"down": {"uv": [9, 1, 8, 2], "texture": "#0"}
			}
		},
		{
			"from": [8.25, -6.10711, 6.49645],
			"to": [8.75, -5.55711, 7.09645],
			"rotation": {"angle": 45, "axis": "x", "origin": [8.5, -6.30711, 6.74645]},
			"faces": {
				"north": {"uv": [2, 8, 3, 9], "texture": "#0"},
				"east": {"uv": [8, 2, 9, 3], "texture": "#0"},
				"south": {"uv": [3, 8, 4, 9], "texture": "#0"},
				"west": {"uv": [8, 3, 9, 4], "texture": "#0"},
				"up": {"uv": [5, 9, 4, 8], "texture": "#0"},
				"down": {"uv": [9, 4, 8, 5], "texture": "#0"}
			}
		},
		{
			"from": [8.275, -5.6, 7.45],
			"to": [8.725, -5.1, 8.25],
			"rotation": {"angle": 0, "axis": "y", "origin": [7.75, -6.1, 7.5]},
			"faces": {
				"north": {"uv": [5, 8, 6, 9], "texture": "#0"},
				"east": {"uv": [8, 5, 9, 6], "texture": "#0"},
				"south": {"uv": [6, 8, 7, 9], "texture": "#0"},
				"west": {"uv": [8, 6, 9, 7], "texture": "#0"},
				"up": {"uv": [8, 9, 7, 8], "texture": "#0"},
				"down": {"uv": [9, 7, 8, 8], "texture": "#0"}
			}
		},
		{
			"from": [8.275, -5.1, 7.075],
			"to": [8.725, -4.85, 8.75],
			"rotation": {"angle": 0, "axis": "y", "origin": [8.5, -4.975, 7.9125]},
			"faces": {
				"north": {"uv": [8, 8, 9, 9], "texture": "#0"},
				"east": {"uv": [4, 2, 6, 3], "texture": "#0"},
				"south": {"uv": [0, 9, 1, 10], "texture": "#0"},
				"west": {"uv": [3, 4, 5, 5], "texture": "#0"},
				"up": {"uv": [2, 7, 1, 5], "texture": "#0"},
				"down": {"uv": [4, 5, 3, 7], "texture": "#0"}
			}
		},
		{
			"from": [8.3, -6.66341, 7.38598],
			"to": [8.7, -4.98841, 7.78598],
			"rotation": {"angle": -22.5, "axis": "x", "origin": [8.5, -5.82591, 7.51098]},
			"faces": {
				"north": {"uv": [5, 3, 6, 5], "texture": "#0"},
				"east": {"uv": [4, 5, 5, 7], "texture": "#0"},
				"south": {"uv": [5, 5, 6, 7], "texture": "#0"},
				"west": {"uv": [0, 6, 1, 8], "texture": "#0"},
				"up": {"uv": [10, 1, 9, 0], "texture": "#0"},
				"down": {"uv": [2, 9, 1, 10], "texture": "#0"}
			}
		},
		{
			"from": [8.3, -5.72881, 7.23191],
			"to": [8.7, -5.22881, 8.90691],
			"rotation": {"angle": -45, "axis": "x", "origin": [8.5, -5.60381, 8.06941]},
			"faces": {
				"north": {"uv": [9, 1, 10, 2], "texture": "#0"},
				"east": {"uv": [5, 0, 7, 1], "texture": "#0"},
				"south": {"uv": [2, 9, 3, 10], "texture": "#0"},
				"west": {"uv": [6, 1, 8, 2], "texture": "#0"},
				"up": {"uv": [3, 8, 2, 6], "texture": "#0"},
				"down": {"uv": [7, 2, 6, 4], "texture": "#0"}
			}
		},
		{
			"from": [8.3, -4.85, 7.15],
			"to": [8.7, -4.675, 8.675],
			"rotation": {"angle": 0, "axis": "y", "origin": [7.75, -6.1, 7.5]},
			"faces": {
				"north": {"uv": [9, 2, 10, 3], "texture": "#0"},
				"east": {"uv": [6, 4, 8, 5], "texture": "#0"},
				"south": {"uv": [3, 9, 4, 10], "texture": "#0"},
				"west": {"uv": [6, 5, 8, 6], "texture": "#0"},
				"up": {"uv": [7, 8, 6, 6], "texture": "#0"},
				"down": {"uv": [2, 7, 1, 9], "texture": "#0"}
			}
		},
		{
			"from": [8.325, -4.675, 7.175],
			"to": [8.675, -4.475, 8.65],
			"rotation": {"angle": 0, "axis": "y", "origin": [7.75, -6.1, 7.5]},
			"faces": {
				"north": {"uv": [9, 3, 10, 4], "texture": "#0"},
				"east": {"uv": [4, 9, 5, 10], "texture": "#0"},
				"south": {"uv": [9, 4, 10, 5], "texture": "#0"},
				"west": {"uv": [5, 9, 6, 10], "texture": "#0"},
				"up": {"uv": [10, 6, 9, 5], "texture": "#0"},
				"down": {"uv": [7, 9, 6, 10], "texture": "#0"}
			}
		},
		{
			"from": [8.35, -4.475, 6.75],
			"to": [8.65, -1.15, 7.75],
			"rotation": {"angle": 0, "axis": "y", "origin": [7.75, -6.1, 7.5]},
			"faces": {
				"north": {"uv": [5, 1, 5.5, 2.5], "texture": "#2"},
				"east": {"uv": [5, 2.5, 5.5, 4], "texture": "#2"},
				"south": {"uv": [4, 5, 4.5, 6.5], "texture": "#2"},
				"west": {"uv": [5, 4, 5.5, 5.5], "texture": "#2"},
				"up": {"uv": [8, 1.5, 7.5, 1], "texture": "#2"},
				"down": {"uv": [2, 7.5, 1.5, 8], "texture": "#2"}
			}
		},
		{
			"from": [8.35, -4.475, 8.5],
			"to": [8.65, -1.15, 8.75],
			"rotation": {"angle": 0, "axis": "y", "origin": [7.75, -6.1, 9]},
			"faces": {
				"north": {"uv": [4.5, 5, 5, 6.5], "texture": "#2"},
				"east": {"uv": [5.5, 1, 6, 2.5], "texture": "#2"},
				"south": {"uv": [5.5, 2.5, 6, 4], "texture": "#2"},
				"west": {"uv": [3, 5.5, 3.5, 7], "texture": "#2"},
				"up": {"uv": [8, 2, 7.5, 1.5], "texture": "#2"},
				"down": {"uv": [2.5, 7.5, 2, 8], "texture": "#2"}
			}
		},
		{
			"from": [8.35, -1.475, 7.75],
			"to": [8.65, -1.15, 8.5],
			"rotation": {"angle": 0, "axis": "y", "origin": [7.75, -6.1, 8.5]},
			"faces": {
				"north": {"uv": [7.5, 2, 8, 2.5], "texture": "#2"},
				"east": {"uv": [2.5, 7.5, 3, 8], "texture": "#2"},
				"south": {"uv": [7.5, 2.5, 8, 3], "texture": "#2"},
				"west": {"uv": [7.5, 3, 8, 3.5], "texture": "#2"},
				"up": {"uv": [8, 4, 7.5, 3.5], "texture": "#2"},
				"down": {"uv": [4.5, 7.5, 4, 8], "texture": "#2"}
			}
		},
		{
			"from": [8.35, -3.225, 7.75],
			"to": [8.65, -2.225, 8.5],
			"rotation": {"angle": 0, "axis": "y", "origin": [7.75, -7.1, 8.5]},
			"faces": {
				"north": {"uv": [4.5, 7.5, 5, 8], "texture": "#2"},
				"east": {"uv": [7.5, 5, 8, 5.5], "texture": "#2"},
				"south": {"uv": [7.5, 5.5, 8, 6], "texture": "#2"},
				"west": {"uv": [6, 7.5, 6.5, 8], "texture": "#2"},
				"up": {"uv": [8, 6.5, 7.5, 6], "texture": "#2"},
				"down": {"uv": [8, 6.5, 7.5, 7], "texture": "#2"}
			}
		},
		{
			"from": [8.35, -4.475, 7.75],
			"to": [8.65, -3.975, 8.5],
			"rotation": {"angle": 0, "axis": "y", "origin": [7.75, -8.1, 8.5]},
			"faces": {
				"north": {"uv": [7.5, 7, 8, 7.5], "texture": "#2"},
				"east": {"uv": [7.5, 7.5, 8, 8], "texture": "#2"},
				"south": {"uv": [8, 0, 8.5, 0.5], "texture": "#2"},
				"west": {"uv": [0.5, 8, 1, 8.5], "texture": "#2"},
				"up": {"uv": [8.5, 1, 8, 0.5], "texture": "#2"},
				"down": {"uv": [8.5, 1, 8, 1.5], "texture": "#2"}
			}
		},
		{
			"from": [8.35, -1.225, 6.6],
			"to": [8.65, 2.05, 8.6],
			"rotation": {"angle": 0, "axis": "y", "origin": [7.75, -6.1, 7.6]},
			"faces": {
				"north": {"uv": [3.5, 5.5, 4, 7], "texture": "#2"},
				"east": {"uv": [3, 3, 4, 4.5], "texture": "#2"},
				"south": {"uv": [5.5, 4, 6, 5.5], "texture": "#2"},
				"west": {"uv": [0, 3.5, 1, 5], "texture": "#2"},
				"up": {"uv": [1, 7, 0.5, 6], "texture": "#2"},
				"down": {"uv": [6.5, 1.5, 6, 2.5], "texture": "#2"}
			}
		},
		{
			"from": [8.35, 2.025, 6.5],
			"to": [8.65, 9.3, 8.5],
			"rotation": {"angle": 0, "axis": "y", "origin": [7.75, -6.1, 7.65]},
			"faces": {
				"north": {"uv": [2, 3, 2.5, 6.5], "texture": "#2"},
				"east": {"uv": [0, 0, 1, 3.5], "texture": "#2"},
				"south": {"uv": [2.5, 3, 3, 6.5], "texture": "#2"},
				"west": {"uv": [1, 0, 2, 3.5], "texture": "#2"},
				"up": {"uv": [6.5, 3.5, 6, 2.5], "texture": "#2"},
				"down": {"uv": [6.5, 3.5, 6, 4.5], "texture": "#2"}
			}
		},
		{
			"from": [8.35, 9.275, 6.55],
			"to": [8.65, 15.05, 8.55],
			"rotation": {"angle": 0, "axis": "y", "origin": [7.75, -10.1, 7.55]},
			"faces": {
				"north": {"uv": [1, 3.5, 1.5, 6.5], "texture": "#2"},
				"east": {"uv": [2, 0, 3, 3], "texture": "#2"},
				"south": {"uv": [1.5, 3.5, 2, 6.5], "texture": "#2"},
				"west": {"uv": [3, 0, 4, 3], "texture": "#2"},
				"up": {"uv": [6.5, 5.5, 6, 4.5], "texture": "#2"},
				"down": {"uv": [6.5, 5.5, 6, 6.5], "texture": "#2"}
			}
		},
		{
			"from": [8.35, 16.8, 6.8],
			"to": [8.65, 18.125, 8.75],
			"rotation": {"angle": 0, "axis": "y", "origin": [7.75, -10.1, 7.5]},
			"faces": {
				"north": {"uv": [2, 8, 2.5, 8.5], "texture": "#2"},
				"east": {"uv": [6.5, 0, 7.5, 0.5], "texture": "#2"},
				"south": {"uv": [8, 2, 8.5, 2.5], "texture": "#2"},
				"west": {"uv": [6.5, 0.5, 7.5, 1], "texture": "#2"},
				"up": {"uv": [1.5, 7.5, 1, 6.5], "texture": "#2"},
				"down": {"uv": [7, 1, 6.5, 2], "texture": "#2"}
			}
		},
		{
			"from": [8.35, 15.05, 6.6],
			"to": [8.65, 16.85, 8.75],
			"rotation": {"angle": 0, "axis": "y", "origin": [7.75, -10.1, 7.5]},
			"faces": {
				"north": {"uv": [1.5, 6.5, 2, 7.5], "texture": "#2"},
				"east": {"uv": [4, 0, 5, 1], "texture": "#2"},
				"south": {"uv": [2, 6.5, 2.5, 7.5], "texture": "#2"},
				"west": {"uv": [4, 1, 5, 2], "texture": "#2"},
				"up": {"uv": [7, 3, 6.5, 2], "texture": "#2"},
				"down": {"uv": [3, 6.5, 2.5, 7.5], "texture": "#2"}
			}
		},
		{
			"from": [8.35, 18.1, 7.05],
			"to": [8.65, 20.375, 9],
			"rotation": {"angle": 0, "axis": "y", "origin": [7.75, -10.1, 7.5]},
			"faces": {
				"north": {"uv": [6.5, 3, 7, 4], "texture": "#2"},
				"east": {"uv": [4, 2, 5, 3], "texture": "#2"},
				"south": {"uv": [4, 6.5, 4.5, 7.5], "texture": "#2"},
				"west": {"uv": [4, 3, 5, 4], "texture": "#2"},
				"up": {"uv": [7, 5, 6.5, 4], "texture": "#2"},
				"down": {"uv": [5, 6.5, 4.5, 7.5], "texture": "#2"}
			}
		},
		{
			"from": [8.35, 19.1, 7.15],
			"to": [8.65, 21.375, 9],
			"rotation": {"angle": 0, "axis": "y", "origin": [7.75, -9.1, 7.5]},
			"faces": {
				"north": {"uv": [6.5, 5, 7, 6], "texture": "#2"},
				"east": {"uv": [4, 4, 5, 5], "texture": "#2"},
				"south": {"uv": [6, 6.5, 6.5, 7.5], "texture": "#2"},
				"west": {"uv": [3, 4.5, 4, 5.5], "texture": "#2"},
				"up": {"uv": [7, 7, 6.5, 6], "texture": "#2"},
				"down": {"uv": [1, 7, 0.5, 8], "texture": "#2"}
			}
		},
		{
			"from": [8.35, 17.025, 8.75],
			"to": [8.65, 18.1, 8.9],
			"rotation": {"angle": 0, "axis": "y", "origin": [7.75, -10.1, 7.5]},
			"faces": {
				"north": {"uv": [2.5, 8, 3, 8.5], "texture": "#2"},
				"east": {"uv": [8, 2.5, 8.5, 3], "texture": "#2"},
				"south": {"uv": [3, 8, 3.5, 8.5], "texture": "#2"},
				"west": {"uv": [8, 3, 8.5, 3.5], "texture": "#2"},
				"up": {"uv": [4, 8.5, 3.5, 8], "texture": "#2"},
				"down": {"uv": [8.5, 3.5, 8, 4], "texture": "#2"}
			}
		},
		{
			"from": [8.35, 18.1, 6.9],
			"to": [8.65, 19.5, 7.25],
			"rotation": {"angle": 0, "axis": "y", "origin": [7.75, -10.1, 7.5]},
			"faces": {
				"north": {"uv": [4, 8, 4.5, 8.5], "texture": "#2"},
				"east": {"uv": [8, 4, 8.5, 4.5], "texture": "#2"},
				"south": {"uv": [4.5, 8, 5, 8.5], "texture": "#2"},
				"west": {"uv": [8, 4.5, 8.5, 5], "texture": "#2"},
				"up": {"uv": [5.5, 8.5, 5, 8], "texture": "#2"},
				"down": {"uv": [8.5, 5, 8, 5.5], "texture": "#2"}
			}
		},
		{
			"from": [8.35, 20.35, 7.3],
			"to": [8.65, 22.25, 9.25],
			"rotation": {"angle": 0, "axis": "y", "origin": [7.75, -10.1, 7.5]},
			"faces": {
				"north": {"uv": [7, 1, 7.5, 2], "texture": "#2"},
				"east": {"uv": [0, 5, 1, 6], "texture": "#2"},
				"south": {"uv": [7, 2, 7.5, 3], "texture": "#2"},
				"west": {"uv": [5, 0, 6, 1], "texture": "#2"},
				"up": {"uv": [3.5, 8, 3, 7], "texture": "#2"},
				"down": {"uv": [7.5, 3, 7, 4], "texture": "#2"}
			}
		},
		{
			"from": [8.35, 20.375, 7.375],
			"to": [8.65, 21, 7.5],
			"rotation": {"angle": 0, "axis": "y", "origin": [7.75, -10.1, 7.5]},
			"faces": {
				"north": {"uv": [5.5, 8, 6, 8.5], "texture": "#2"},
				"east": {"uv": [8, 5.5, 8.5, 6], "texture": "#2"},
				"south": {"uv": [6, 8, 6.5, 8.5], "texture": "#2"},
				"west": {"uv": [8, 6, 8.5, 6.5], "texture": "#2"},
				"up": {"uv": [7, 8.5, 6.5, 8], "texture": "#2"},
				"down": {"uv": [8.5, 6.5, 8, 7], "texture": "#2"}
			}
		},
		{
			"from": [8.35, 19.5, 9],
			"to": [8.65, 20.35, 9.125],
			"rotation": {"angle": 0, "axis": "y", "origin": [7.75, -10.1, 7.5]},
			"faces": {
				"north": {"uv": [7, 8, 7.5, 8.5], "texture": "#2"},
				"east": {"uv": [8, 7, 8.5, 7.5], "texture": "#2"},
				"south": {"uv": [7.5, 8, 8, 8.5], "texture": "#2"},
				"west": {"uv": [8, 7.5, 8.5, 8], "texture": "#2"},
				"up": {"uv": [8.5, 8.5, 8, 8], "texture": "#2"},
				"down": {"uv": [0.5, 8.5, 0, 9], "texture": "#2"}
			}
		},
		{
			"from": [8.35, 21.25, 9.25],
			"to": [8.65, 22.25, 9.375],
			"rotation": {"angle": 0, "axis": "y", "origin": [7.75, -10.1, 7.5]},
			"faces": {
				"north": {"uv": [8.5, 0, 9, 0.5], "texture": "#2"},
				"east": {"uv": [0.5, 8.5, 1, 9], "texture": "#2"},
				"south": {"uv": [8.5, 0.5, 9, 1], "texture": "#2"},
				"west": {"uv": [1, 8.5, 1.5, 9], "texture": "#2"},
				"up": {"uv": [9, 1.5, 8.5, 1], "texture": "#2"},
				"down": {"uv": [2, 8.5, 1.5, 9], "texture": "#2"}
			}
		},
		{
			"from": [8.35, 22.25, 7.35],
			"to": [8.65, 23.15, 9.5],
			"rotation": {"angle": 0, "axis": "y", "origin": [7.75, -10.1, 7.5]},
			"faces": {
				"north": {"uv": [8.5, 1.5, 9, 2], "texture": "#2"},
				"east": {"uv": [7, 4, 8, 4.5], "texture": "#2"},
				"south": {"uv": [2, 8.5, 2.5, 9], "texture": "#2"},
				"west": {"uv": [7, 4.5, 8, 5], "texture": "#2"},
				"up": {"uv": [4, 8, 3.5, 7], "texture": "#2"},
				"down": {"uv": [5.5, 7, 5, 8], "texture": "#2"}
			}
		},
		{
			"from": [8.35, 23.15, 8.55],
			"to": [8.65, 24.84393, 9.5],
			"rotation": {"angle": 0, "axis": "y", "origin": [8.5, 24.1, 9.175]},
			"faces": {
				"north": {"uv": [7, 5, 7.5, 6], "texture": "#2"},
				"east": {"uv": [5.5, 7, 6, 8], "texture": "#2"},
				"south": {"uv": [7, 6, 7.5, 7], "texture": "#2"},
				"west": {"uv": [6.5, 7, 7, 8], "texture": "#2"},
				"up": {"uv": [9, 2.5, 8.5, 2], "texture": "#2"},
				"down": {"uv": [3, 8.5, 2.5, 9], "texture": "#2"}
			}
		},
		{
			"from": [8.35, 24.74393, 8.97929],
			"to": [8.65, 25.26464, 9.5],
			"rotation": {"angle": 0, "axis": "y", "origin": [8.5, 26.625, 9.175]},
			"faces": {
				"north": {"uv": [8.5, 2.5, 9, 3], "texture": "#2"},
				"east": {"uv": [3, 8.5, 3.5, 9], "texture": "#2"},
				"south": {"uv": [8.5, 3, 9, 3.5], "texture": "#2"},
				"west": {"uv": [3.5, 8.5, 4, 9], "texture": "#2"},
				"up": {"uv": [9, 4, 8.5, 3.5], "texture": "#2"},
				"down": {"uv": [4.5, 8.5, 4, 9], "texture": "#2"}
			}
		},
		{
			"from": [8.35, 23.15, 8.2],
			"to": [8.65, 24.225, 8.85],
			"rotation": {"angle": 0, "axis": "y", "origin": [8.5, 23.225, 9.225]},
			"faces": {
				"north": {"uv": [8.5, 4, 9, 4.5], "texture": "#2"},
				"east": {"uv": [4.5, 8.5, 5, 9], "texture": "#2"},
				"south": {"uv": [8.5, 4.5, 9, 5], "texture": "#2"},
				"west": {"uv": [5, 8.5, 5.5, 9], "texture": "#2"},
				"up": {"uv": [9, 5.5, 8.5, 5], "texture": "#2"},
				"down": {"uv": [6, 8.5, 5.5, 9], "texture": "#2"}
			}
		},
		{
			"from": [8.35, 23.15, 7.525],
			"to": [8.65, 23.8, 8.2],
			"rotation": {"angle": 0, "axis": "y", "origin": [8.5, 23.225, 9.275]},
			"faces": {
				"north": {"uv": [8.5, 5.5, 9, 6], "texture": "#2"},
				"east": {"uv": [6, 8.5, 6.5, 9], "texture": "#2"},
				"south": {"uv": [8.5, 6, 9, 6.5], "texture": "#2"},
				"west": {"uv": [6.5, 8.5, 7, 9], "texture": "#2"},
				"up": {"uv": [9, 7, 8.5, 6.5], "texture": "#2"},
				"down": {"uv": [7.5, 8.5, 7, 9], "texture": "#2"}
			}
		},
		{
			"from": [8.325, 22.02378, 6.33388],
			"to": [8.675, 24.0701, 6.78744],
			"rotation": {"angle": 45, "axis": "x", "origin": [8.5, 21.47409, 9.09853]},
			"faces": {
				"north": {"uv": [7, 7, 7.5, 8], "texture": "#2"},
				"east": {"uv": [0, 7.5, 0.5, 8.5], "texture": "#2"},
				"south": {"uv": [7.5, 0, 8, 1], "texture": "#2"},
				"west": {"uv": [1, 7.5, 1.5, 8.5], "texture": "#2"},
				"up": {"uv": [9, 7.5, 8.5, 7], "texture": "#2"},
				"down": {"uv": [8, 8.5, 7.5, 9], "texture": "#2"}
			}
		},
		{
			"name": "hexadecagon",
			"from": [7.76365, -6.15, 8.7706],
			"to": [8.75821, -5.85, 9.7706],
			"rotation": {"angle": -45, "axis": "y", "origin": [7.5, -6, 7.92388]},
			"faces": {
				"north": {"uv": [6.5, 0, 7, 0.25], "texture": "#1"},
				"east": {"uv": [6.5, 0.5, 7, 0.75], "texture": "#1"},
				"south": {"uv": [1, 6.5, 1.5, 6.75], "texture": "#1"},
				"west": {"uv": [6.5, 1, 7, 1.25], "texture": "#1"},
				"up": {"uv": [2.5, 3.5, 2, 3], "texture": "#1"},
				"down": {"uv": [3.5, 2, 3, 2.5], "texture": "#1"}
			}
		},
		{
			"name": "hexadecagon",
			"from": [7.95573, -6.175, 9.11152],
			"to": [8.95029, -5.825, 10.11152],
			"rotation": {"angle": -22.5, "axis": "y", "origin": [7.5, -6, 7.92388]},
			"faces": {
				"north": {"uv": [1.5, 6.5, 2, 6.75], "texture": "#1"},
				"east": {"uv": [6.5, 1.5, 7, 1.75], "texture": "#1"},
				"south": {"uv": [2, 6.5, 2.5, 6.75], "texture": "#1"},
				"west": {"uv": [6.5, 2, 7, 2.25], "texture": "#1"},
				"up": {"uv": [3, 3.5, 2.5, 3], "texture": "#1"},
				"down": {"uv": [3.5, 2.5, 3, 3], "texture": "#1"}
			}
		},
		{
			"name": "hexadecagon",
			"from": [8.00272, -6.15, 5.75],
			"to": [8.99728, -5.85, 6.5],
			"rotation": {"angle": 0, "axis": "y", "origin": [7.5, -6, 7.92388]},
			"faces": {
				"north": {"uv": [2.5, 6.5, 3, 6.75], "texture": "#1"},
				"east": {"uv": [6.5, 2.5, 7, 2.75], "texture": "#1"},
				"south": {"uv": [3, 6.5, 3.5, 6.75], "texture": "#1"},
				"west": {"uv": [6.5, 3, 7, 3.25], "texture": "#1"},
				"up": {"uv": [3.5, 3.5, 3, 3], "texture": "#1"},
				"down": {"uv": [4, 0, 3.5, 0.5], "texture": "#1"}
			}
		},
		{
			"name": "hexadecagon",
			"from": [7.89747, -6.175, 5.87689],
			"to": [8.89203, -5.825, 6.87689],
			"rotation": {"angle": 22.5, "axis": "y", "origin": [7.5, -6, 7.92388]},
			"faces": {
				"north": {"uv": [3.5, 6.5, 4, 6.75], "texture": "#1"},
				"east": {"uv": [6.5, 3.5, 7, 3.75], "texture": "#1"},
				"south": {"uv": [4, 6.5, 4.5, 6.75], "texture": "#1"},
				"west": {"uv": [4.5, 6.5, 5, 6.75], "texture": "#1"},
				"up": {"uv": [4, 1, 3.5, 0.5], "texture": "#1"},
				"down": {"uv": [4, 1, 3.5, 1.5], "texture": "#1"}
			}
		},
		{
			"name": "hexadecagon",
			"from": [5.76093, -6.15, 6.77332],
			"to": [6.76093, -5.85, 7.76788],
			"rotation": {"angle": -45, "axis": "y", "origin": [7.5, -6, 7.92388]},
			"faces": {
				"north": {"uv": [5, 6.5, 5.5, 6.75], "texture": "#1"},
				"east": {"uv": [5.5, 6.5, 6, 6.75], "texture": "#1"},
				"south": {"uv": [6, 6.5, 6.5, 6.75], "texture": "#1"},
				"west": {"uv": [6.5, 6.5, 7, 6.75], "texture": "#1"},
				"up": {"uv": [4, 2, 3.5, 1.5], "texture": "#1"},
				"down": {"uv": [2.5, 3.5, 2, 4], "texture": "#1"}
			}
		},
		{
			"name": "hexadecagon",
			"from": [5.95301, -6.175, 7.11424],
			"to": [6.95301, -5.825, 8.1088],
			"rotation": {"angle": -22.5, "axis": "y", "origin": [7.5, -6, 7.92388]},
			"faces": {
				"north": {"uv": [0, 7, 0.5, 7.25], "texture": "#1"},
				"east": {"uv": [7, 0, 7.5, 0.25], "texture": "#1"},
				"south": {"uv": [0.5, 7, 1, 7.25], "texture": "#1"},
				"west": {"uv": [7, 0.5, 7.5, 0.75], "texture": "#1"},
				"up": {"uv": [4, 2.5, 3.5, 2], "texture": "#1"},
				"down": {"uv": [3, 3.5, 2.5, 4], "texture": "#1"}
			}
		},
		{
			"name": "hexadecagon",
			"from": [6.25, -6.15, 7.50272],
			"to": [7, -5.85, 8.49728],
			"rotation": {"angle": 0, "axis": "y", "origin": [7.5, -6, 7.92388]},
			"faces": {
				"north": {"uv": [1, 7, 1.5, 7.25], "texture": "#1"},
				"east": {"uv": [7, 1, 7.5, 1.25], "texture": "#1"},
				"south": {"uv": [1.5, 7, 2, 7.25], "texture": "#1"},
				"west": {"uv": [7, 1.5, 7.5, 1.75], "texture": "#1"},
				"up": {"uv": [4, 3, 3.5, 2.5], "texture": "#1"},
				"down": {"uv": [3.5, 3.5, 3, 4], "texture": "#1"}
			}
		},
		{
			"name": "hexadecagon",
			"from": [5.89475, -6.175, 7.87961],
			"to": [6.89475, -5.825, 8.87417],
			"rotation": {"angle": 22.5, "axis": "y", "origin": [7.5, -6, 7.92388]},
			"faces": {
				"north": {"uv": [2, 7, 2.5, 7.25], "texture": "#1"},
				"east": {"uv": [7, 2, 7.5, 2.25], "texture": "#1"},
				"south": {"uv": [2.5, 7, 3, 7.25], "texture": "#1"},
				"west": {"uv": [7, 2.5, 7.5, 2.75], "texture": "#1"},
				"up": {"uv": [4, 3.5, 3.5, 3], "texture": "#1"},
				"down": {"uv": [4, 3.5, 3.5, 4], "texture": "#1"}
			}
		},
		{
			"name": "hexadecagon",
			"from": [7.76365, -5.15, 8.7706],
			"to": [8.75821, -4.85, 9.7706],
			"rotation": {"angle": -45, "axis": "y", "origin": [7.5, -5, 7.92388]},
			"faces": {
				"north": {"uv": [3, 7, 3.5, 7.25], "texture": "#1"},
				"east": {"uv": [7, 3, 7.5, 3.25], "texture": "#1"},
				"south": {"uv": [3.5, 7, 4, 7.25], "texture": "#1"},
				"west": {"uv": [7, 3.5, 7.5, 3.75], "texture": "#1"},
				"up": {"uv": [0.5, 4.5, 0, 4], "texture": "#1"},
				"down": {"uv": [4.5, 0, 4, 0.5], "texture": "#1"}
			}
		},
		{
			"name": "hexadecagon",
			"from": [7.95573, -5.175, 9.11152],
			"to": [8.95029, -4.825, 10.11152],
			"rotation": {"angle": -22.5, "axis": "y", "origin": [7.5, -5, 7.92388]},
			"faces": {
				"north": {"uv": [4, 7, 4.5, 7.25], "texture": "#1"},
				"east": {"uv": [7, 4, 7.5, 4.25], "texture": "#1"},
				"south": {"uv": [4.5, 7, 5, 7.25], "texture": "#1"},
				"west": {"uv": [7, 4.5, 7.5, 4.75], "texture": "#1"},
				"up": {"uv": [1, 4.5, 0.5, 4], "texture": "#1"},
				"down": {"uv": [4.5, 0.5, 4, 1], "texture": "#1"}
			}
		},
		{
			"name": "hexadecagon",
			"from": [8.00272, -6.15, 5.5],
			"to": [8.99728, -4.85, 6.5],
			"rotation": {"angle": 0, "axis": "y", "origin": [7.5, -5, 7.92388]},
			"faces": {
				"north": {"uv": [0, 0, 0.5, 0.75], "texture": "#1"},
				"east": {"uv": [0.5, 0, 1, 0.75], "texture": "#1"},
				"south": {"uv": [0, 1, 0.5, 1.75], "texture": "#1"},
				"west": {"uv": [1, 0, 1.5, 0.75], "texture": "#1"},
				"up": {"uv": [1.5, 4.5, 1, 4], "texture": "#1"},
				"down": {"uv": [4.5, 1, 4, 1.5], "texture": "#1"}
			}
		},
		{
			"name": "hexadecagon",
			"from": [7.89747, -5.175, 5.87689],
			"to": [8.89203, -4.825, 6.87689],
			"rotation": {"angle": 22.5, "axis": "y", "origin": [7.5, -5, 7.92388]},
			"faces": {
				"north": {"uv": [5, 7, 5.5, 7.25], "texture": "#1"},
				"east": {"uv": [7, 5, 7.5, 5.25], "texture": "#1"},
				"south": {"uv": [5.5, 7, 6, 7.25], "texture": "#1"},
				"west": {"uv": [7, 5.5, 7.5, 5.75], "texture": "#1"},
				"up": {"uv": [2, 4.5, 1.5, 4], "texture": "#1"},
				"down": {"uv": [4.5, 1.5, 4, 2], "texture": "#1"}
			}
		},
		{
			"name": "hexadecagon",
			"from": [5.76093, -5.15, 6.77332],
			"to": [6.76093, -4.85, 7.76788],
			"rotation": {"angle": -45, "axis": "y", "origin": [7.5, -5, 7.92388]},
			"faces": {
				"north": {"uv": [6, 7, 6.5, 7.25], "texture": "#1"},
				"east": {"uv": [7, 6, 7.5, 6.25], "texture": "#1"},
				"south": {"uv": [6.5, 7, 7, 7.25], "texture": "#1"},
				"west": {"uv": [7, 6.5, 7.5, 6.75], "texture": "#1"},
				"up": {"uv": [2.5, 4.5, 2, 4], "texture": "#1"},
				"down": {"uv": [4.5, 2, 4, 2.5], "texture": "#1"}
			}
		},
		{
			"name": "hexadecagon",
			"from": [5.95301, -5.175, 7.11424],
			"to": [6.95301, -4.825, 8.1088],
			"rotation": {"angle": -22.5, "axis": "y", "origin": [7.5, -5, 7.92388]},
			"faces": {
				"north": {"uv": [7, 7, 7.5, 7.25], "texture": "#1"},
				"east": {"uv": [0, 7.5, 0.5, 7.75], "texture": "#1"},
				"south": {"uv": [7.5, 0, 8, 0.25], "texture": "#1"},
				"west": {"uv": [0.5, 7.5, 1, 7.75], "texture": "#1"},
				"up": {"uv": [3, 4.5, 2.5, 4], "texture": "#1"},
				"down": {"uv": [4.5, 2.5, 4, 3], "texture": "#1"}
			}
		},
		{
			"name": "hexadecagon",
			"from": [6, -6.15, 7.50272],
			"to": [7, -4.85, 8.49728],
			"rotation": {"angle": 0, "axis": "y", "origin": [7.5, -5, 7.92388]},
			"faces": {
				"north": {"uv": [0.5, 1, 1, 1.75], "texture": "#1"},
				"east": {"uv": [1, 1, 1.5, 1.75], "texture": "#1"},
				"south": {"uv": [1.5, 0, 2, 0.75], "texture": "#1"},
				"west": {"uv": [1.5, 1, 2, 1.75], "texture": "#1"},
				"up": {"uv": [3.5, 4.5, 3, 4], "texture": "#1"},
				"down": {"uv": [4.5, 3, 4, 3.5], "texture": "#1"}
			}
		},
		{
			"name": "hexadecagon",
			"from": [6.1659, -5.25732, 7.52772],
			"to": [6.9659, -4.45732, 8.47228],
			"rotation": {"angle": 45, "axis": "z", "origin": [6.5659, -4.85732, 8]},
			"faces": {
				"north": {"uv": [3.5, 4, 4, 4.5], "texture": "#1"},
				"east": {"uv": [4, 3.5, 4.5, 4], "texture": "#1"},
				"south": {"uv": [4, 4, 4.5, 4.5], "texture": "#1"},
				"west": {"uv": [0, 4.5, 0.5, 5], "texture": "#1"},
				"up": {"uv": [5, 0.5, 4.5, 0], "texture": "#1"},
				"down": {"uv": [1, 4.5, 0.5, 5], "texture": "#1"}
			}
		},
		{
			"name": "hexadecagon",
			"from": [8.01862, -5.25732, 9.525],
			"to": [8.96318, -4.45732, 10.325],
			"rotation": {"angle": 45, "axis": "x", "origin": [8.4909, -4.85732, 9.925]},
			"faces": {
				"north": {"uv": [4.5, 0.5, 5, 1], "texture": "#1"},
				"east": {"uv": [1, 4.5, 1.5, 5], "texture": "#1"},
				"south": {"uv": [4.5, 1, 5, 1.5], "texture": "#1"},
				"west": {"uv": [1.5, 4.5, 2, 5], "texture": "#1"},
				"up": {"uv": [5, 2, 4.5, 1.5], "texture": "#1"},
				"down": {"uv": [2.5, 4.5, 2, 5], "texture": "#1"}
			}
		},
		{
			"name": "hexadecagon",
			"from": [8.01862, -5.25732, 5.675],
			"to": [8.96318, -4.45732, 6.475],
			"rotation": {"angle": 45, "axis": "x", "origin": [8.4909, -4.85732, 6.075]},
			"faces": {
				"north": {"uv": [4.5, 2, 5, 2.5], "texture": "#1"},
				"east": {"uv": [2.5, 4.5, 3, 5], "texture": "#1"},
				"south": {"uv": [4.5, 2.5, 5, 3], "texture": "#1"},
				"west": {"uv": [3, 4.5, 3.5, 5], "texture": "#1"},
				"up": {"uv": [5, 3.5, 4.5, 3], "texture": "#1"},
				"down": {"uv": [4, 4.5, 3.5, 5], "texture": "#1"}
			}
		},
		{
			"name": "hexadecagon",
			"from": [10.1, -5.15, 7.52772],
			"to": [10.9, -4.35, 8.47228],
			"rotation": {"angle": 45, "axis": "z", "origin": [10.6, -4.875, 8]},
			"faces": {
				"north": {"uv": [4.5, 3.5, 5, 4], "texture": "#1"},
				"east": {"uv": [4, 4.5, 4.5, 5], "texture": "#1"},
				"south": {"uv": [4.5, 4, 5, 4.5], "texture": "#1"},
				"west": {"uv": [4.5, 4.5, 5, 5], "texture": "#1"},
				"up": {"uv": [0.5, 5.5, 0, 5], "texture": "#1"},
				"down": {"uv": [5.5, 0, 5, 0.5], "texture": "#1"}
			}
		},
		{
			"name": "hexadecagon",
			"from": [8.01862, -6.50732, 9.525],
			"to": [8.96318, -5.70732, 10.325],
			"rotation": {"angle": 45, "axis": "x", "origin": [8.4909, -6.10732, 9.925]},
			"faces": {
				"north": {"uv": [0.5, 5, 1, 5.5], "texture": "#1"},
				"east": {"uv": [5, 0.5, 5.5, 1], "texture": "#1"},
				"south": {"uv": [1, 5, 1.5, 5.5], "texture": "#1"},
				"west": {"uv": [5, 1, 5.5, 1.5], "texture": "#1"},
				"up": {"uv": [2, 5.5, 1.5, 5], "texture": "#1"},
				"down": {"uv": [5.5, 1.5, 5, 2], "texture": "#1"}
			}
		},
		{
			"name": "hexadecagon",
			"from": [6.1659, -6.50732, 7.52772],
			"to": [6.9659, -5.70732, 8.47228],
			"rotation": {"angle": 45, "axis": "z", "origin": [6.5659, -6.10732, 8]},
			"faces": {
				"north": {"uv": [2, 5, 2.5, 5.5], "texture": "#1"},
				"east": {"uv": [5, 2, 5.5, 2.5], "texture": "#1"},
				"south": {"uv": [2.5, 5, 3, 5.5], "texture": "#1"},
				"west": {"uv": [5, 2.5, 5.5, 3], "texture": "#1"},
				"up": {"uv": [3.5, 5.5, 3, 5], "texture": "#1"},
				"down": {"uv": [5.5, 3, 5, 3.5], "texture": "#1"}
			}
		},
		{
			"name": "hexadecagon",
			"from": [8.01862, -6.50732, 5.675],
			"to": [8.96318, -5.70732, 6.475],
			"rotation": {"angle": 45, "axis": "x", "origin": [8.4909, -6.10732, 6.075]},
			"faces": {
				"north": {"uv": [3.5, 5, 4, 5.5], "texture": "#1"},
				"east": {"uv": [5, 3.5, 5.5, 4], "texture": "#1"},
				"south": {"uv": [4, 5, 4.5, 5.5], "texture": "#1"},
				"west": {"uv": [5, 4, 5.5, 4.5], "texture": "#1"},
				"up": {"uv": [5, 5.5, 4.5, 5], "texture": "#1"},
				"down": {"uv": [5.5, 4.5, 5, 5], "texture": "#1"}
			}
		},
		{
			"name": "hexadecagon",
			"from": [10.125, -6.4, 7.52772],
			"to": [10.925, -5.6, 8.47228],
			"rotation": {"angle": 45, "axis": "z", "origin": [10.625, -6.125, 8]},
			"faces": {
				"north": {"uv": [5, 5, 5.5, 5.5], "texture": "#1"},
				"east": {"uv": [0, 5.5, 0.5, 6], "texture": "#1"},
				"south": {"uv": [5.5, 0, 6, 0.5], "texture": "#1"},
				"west": {"uv": [0.5, 5.5, 1, 6], "texture": "#1"},
				"up": {"uv": [6, 1, 5.5, 0.5], "texture": "#1"},
				"down": {"uv": [1.5, 5.5, 1, 6], "texture": "#1"}
			}
		},
		{
			"name": "hexadecagon",
			"from": [5.89475, -5.175, 7.87961],
			"to": [6.89475, -4.825, 8.87417],
			"rotation": {"angle": 22.5, "axis": "y", "origin": [7.5, -5, 7.92388]},
			"faces": {
				"north": {"uv": [7.5, 0.5, 8, 0.75], "texture": "#1"},
				"east": {"uv": [1, 7.5, 1.5, 7.75], "texture": "#1"},
				"south": {"uv": [7.5, 1, 8, 1.25], "texture": "#1"},
				"west": {"uv": [1.5, 7.5, 2, 7.75], "texture": "#1"},
				"up": {"uv": [6, 1.5, 5.5, 1], "texture": "#1"},
				"down": {"uv": [2, 5.5, 1.5, 6], "texture": "#1"}
			}
		},
		{
			"name": "hexadecagon",
			"from": [8.00272, -6.15, 5.5],
			"to": [8.99728, -5.85, 6.5],
			"rotation": {"angle": -45, "axis": "y", "origin": [8.5, -6, 8]},
			"faces": {
				"north": {"uv": [7.5, 1.5, 8, 1.75], "texture": "#1"},
				"east": {"uv": [2, 7.5, 2.5, 7.75], "texture": "#1"},
				"south": {"uv": [7.5, 2, 8, 2.25], "texture": "#1"},
				"west": {"uv": [2.5, 7.5, 3, 7.75], "texture": "#1"},
				"up": {"uv": [6, 2, 5.5, 1.5], "texture": "#1"},
				"down": {"uv": [2.5, 5.5, 2, 6], "texture": "#1"}
			}
		},
		{
			"name": "hexadecagon",
			"from": [8.00272, -6.175, 5.5],
			"to": [8.99728, -5.825, 6.5],
			"rotation": {"angle": -22.5, "axis": "y", "origin": [8.5, -6, 8]},
			"faces": {
				"north": {"uv": [7.5, 2.5, 8, 2.75], "texture": "#1"},
				"east": {"uv": [3, 7.5, 3.5, 7.75], "texture": "#1"},
				"south": {"uv": [7.5, 3, 8, 3.25], "texture": "#1"},
				"west": {"uv": [3.5, 7.5, 4, 7.75], "texture": "#1"},
				"up": {"uv": [6, 2.5, 5.5, 2], "texture": "#1"},
				"down": {"uv": [3, 5.5, 2.5, 6], "texture": "#1"}
			}
		},
		{
			"name": "hexadecagon",
			"from": [8.00272, -6.15, 9.5],
			"to": [8.99728, -5.85, 10.25],
			"rotation": {"angle": 0, "axis": "y", "origin": [8.5, -6, 8]},
			"faces": {
				"north": {"uv": [7.5, 3.5, 8, 3.75], "texture": "#1"},
				"east": {"uv": [4, 7.5, 4.5, 7.75], "texture": "#1"},
				"south": {"uv": [7.5, 4, 8, 4.25], "texture": "#1"},
				"west": {"uv": [4.5, 7.5, 5, 7.75], "texture": "#1"},
				"up": {"uv": [6, 3, 5.5, 2.5], "texture": "#1"},
				"down": {"uv": [3.5, 5.5, 3, 6], "texture": "#1"}
			}
		},
		{
			"name": "hexadecagon",
			"from": [8.00272, -6.175, 9.5],
			"to": [8.99728, -5.825, 10.5],
			"rotation": {"angle": 22.5, "axis": "y", "origin": [8.5, -6, 8]},
			"faces": {
				"north": {"uv": [7.5, 4.5, 8, 4.75], "texture": "#1"},
				"east": {"uv": [5, 7.5, 5.5, 7.75], "texture": "#1"},
				"south": {"uv": [7.5, 5, 8, 5.25], "texture": "#1"},
				"west": {"uv": [5.5, 7.5, 6, 7.75], "texture": "#1"},
				"up": {"uv": [6, 3.5, 5.5, 3], "texture": "#1"},
				"down": {"uv": [4, 5.5, 3.5, 6], "texture": "#1"}
			}
		},
		{
			"name": "hexadecagon",
			"from": [8.00272, -6.15, 9.5],
			"to": [8.99728, -5.85, 10.5],
			"rotation": {"angle": 45, "axis": "y", "origin": [8.5, -6, 8]},
			"faces": {
				"north": {"uv": [7.5, 5.5, 8, 5.75], "texture": "#1"},
				"east": {"uv": [6, 7.5, 6.5, 7.75], "texture": "#1"},
				"south": {"uv": [7.5, 6, 8, 6.25], "texture": "#1"},
				"west": {"uv": [6.5, 7.5, 7, 7.75], "texture": "#1"},
				"up": {"uv": [6, 4, 5.5, 3.5], "texture": "#1"},
				"down": {"uv": [4.5, 5.5, 4, 6], "texture": "#1"}
			}
		},
		{
			"name": "hexadecagon",
			"from": [10, -6.175, 7.50272],
			"to": [11, -5.825, 8.49728],
			"rotation": {"angle": -22.5, "axis": "y", "origin": [8.5, -6, 8]},
			"faces": {
				"north": {"uv": [7.5, 6.5, 8, 6.75], "texture": "#1"},
				"east": {"uv": [7, 7.5, 7.5, 7.75], "texture": "#1"},
				"south": {"uv": [7.5, 7, 8, 7.25], "texture": "#1"},
				"west": {"uv": [7.5, 7.5, 8, 7.75], "texture": "#1"},
				"up": {"uv": [6, 4.5, 5.5, 4], "texture": "#1"},
				"down": {"uv": [5, 5.5, 4.5, 6], "texture": "#1"}
			}
		},
		{
			"name": "hexadecagon",
			"from": [10, -6.15, 7.50272],
			"to": [10.75, -5.85, 8.49728],
			"rotation": {"angle": 0, "axis": "y", "origin": [8.5, -6, 8]},
			"faces": {
				"north": {"uv": [0, 8, 0.5, 8.25], "texture": "#1"},
				"east": {"uv": [8, 0, 8.5, 0.25], "texture": "#1"},
				"south": {"uv": [0.5, 8, 1, 8.25], "texture": "#1"},
				"west": {"uv": [8, 0.5, 8.5, 0.75], "texture": "#1"},
				"up": {"uv": [6, 5, 5.5, 4.5], "texture": "#1"},
				"down": {"uv": [5.5, 5.5, 5, 6], "texture": "#1"}
			}
		},
		{
			"name": "hexadecagon",
			"from": [10, -6.175, 7.50272],
			"to": [11, -5.825, 8.49728],
			"rotation": {"angle": 22.5, "axis": "y", "origin": [8.5, -6, 8]},
			"faces": {
				"north": {"uv": [1, 8, 1.5, 8.25], "texture": "#1"},
				"east": {"uv": [8, 1, 8.5, 1.25], "texture": "#1"},
				"south": {"uv": [1.5, 8, 2, 8.25], "texture": "#1"},
				"west": {"uv": [8, 1.5, 8.5, 1.75], "texture": "#1"},
				"up": {"uv": [6, 5.5, 5.5, 5], "texture": "#1"},
				"down": {"uv": [6, 5.5, 5.5, 6], "texture": "#1"}
			}
		},
		{
			"name": "hexadecagon",
			"from": [10, -5.175, 7.50272],
			"to": [11, -4.825, 8.49728],
			"rotation": {"angle": 22.5, "axis": "y", "origin": [8.5, -5, 8]},
			"faces": {
				"north": {"uv": [2, 8, 2.5, 8.25], "texture": "#1"},
				"east": {"uv": [8, 2, 8.5, 2.25], "texture": "#1"},
				"south": {"uv": [2.5, 8, 3, 8.25], "texture": "#1"},
				"west": {"uv": [8, 2.5, 8.5, 2.75], "texture": "#1"},
				"up": {"uv": [0.5, 6.5, 0, 6], "texture": "#1"},
				"down": {"uv": [6.5, 0, 6, 0.5], "texture": "#1"}
			}
		},
		{
			"name": "hexadecagon",
			"from": [8.00272, -5.15, 5.5],
			"to": [8.99728, -4.85, 6.5],
			"rotation": {"angle": -45, "axis": "y", "origin": [8.5, -5, 8]},
			"faces": {
				"north": {"uv": [3, 8, 3.5, 8.25], "texture": "#1"},
				"east": {"uv": [8, 3, 8.5, 3.25], "texture": "#1"},
				"south": {"uv": [3.5, 8, 4, 8.25], "texture": "#1"},
				"west": {"uv": [8, 3.5, 8.5, 3.75], "texture": "#1"},
				"up": {"uv": [1, 6.5, 0.5, 6], "texture": "#1"},
				"down": {"uv": [6.5, 0.5, 6, 1], "texture": "#1"}
			}
		},
		{
			"name": "hexadecagon",
			"from": [8.00272, -5.175, 5.5],
			"to": [8.99728, -4.825, 6.5],
			"rotation": {"angle": -22.5, "axis": "y", "origin": [8.5, -5, 8]},
			"faces": {
				"north": {"uv": [4, 8, 4.5, 8.25], "texture": "#1"},
				"east": {"uv": [8, 4, 8.5, 4.25], "texture": "#1"},
				"south": {"uv": [4.5, 8, 5, 8.25], "texture": "#1"},
				"west": {"uv": [8, 4.5, 8.5, 4.75], "texture": "#1"},
				"up": {"uv": [1.5, 6.5, 1, 6], "texture": "#1"},
				"down": {"uv": [6.5, 1, 6, 1.5], "texture": "#1"}
			}
		},
		{
			"name": "hexadecagon",
			"from": [8.00272, -6.15, 9.5],
			"to": [8.99728, -4.85, 10.5],
			"rotation": {"angle": 0, "axis": "y", "origin": [8.5, -5, 8]},
			"faces": {
				"north": {"uv": [0, 2, 0.5, 2.75], "texture": "#1"},
				"east": {"uv": [2, 0, 2.5, 0.75], "texture": "#1"},
				"south": {"uv": [0.5, 2, 1, 2.75], "texture": "#1"},
				"west": {"uv": [1, 2, 1.5, 2.75], "texture": "#1"},
				"up": {"uv": [2, 6.5, 1.5, 6], "texture": "#1"},
				"down": {"uv": [6.5, 1.5, 6, 2], "texture": "#1"}
			}
		},
		{
			"name": "hexadecagon",
			"from": [8.00272, -5.175, 9.5],
			"to": [8.99728, -4.825, 10.5],
			"rotation": {"angle": 22.5, "axis": "y", "origin": [8.5, -5, 8]},
			"faces": {
				"north": {"uv": [5, 8, 5.5, 8.25], "texture": "#1"},
				"east": {"uv": [8, 5, 8.5, 5.25], "texture": "#1"},
				"south": {"uv": [5.5, 8, 6, 8.25], "texture": "#1"},
				"west": {"uv": [8, 5.5, 8.5, 5.75], "texture": "#1"},
				"up": {"uv": [2.5, 6.5, 2, 6], "texture": "#1"},
				"down": {"uv": [6.5, 2, 6, 2.5], "texture": "#1"}
			}
		},
		{
			"name": "hexadecagon",
			"from": [8.00272, -5.15, 9.5],
			"to": [8.99728, -4.85, 10.5],
			"rotation": {"angle": 45, "axis": "y", "origin": [8.5, -5, 8]},
			"faces": {
				"north": {"uv": [6, 8, 6.5, 8.25], "texture": "#1"},
				"east": {"uv": [8, 6, 8.5, 6.25], "texture": "#1"},
				"south": {"uv": [6.5, 8, 7, 8.25], "texture": "#1"},
				"west": {"uv": [8, 6.5, 8.5, 6.75], "texture": "#1"},
				"up": {"uv": [3, 6.5, 2.5, 6], "texture": "#1"},
				"down": {"uv": [6.5, 2.5, 6, 3], "texture": "#1"}
			}
		},
		{
			"name": "hexadecagon",
			"from": [10, -5.175, 7.50272],
			"to": [11, -4.825, 8.49728],
			"rotation": {"angle": -22.5, "axis": "y", "origin": [8.5, -5, 8]},
			"faces": {
				"north": {"uv": [7, 8, 7.5, 8.25], "texture": "#1"},
				"east": {"uv": [8, 7, 8.5, 7.25], "texture": "#1"},
				"south": {"uv": [7.5, 8, 8, 8.25], "texture": "#1"},
				"west": {"uv": [8, 7.5, 8.5, 7.75], "texture": "#1"},
				"up": {"uv": [3.5, 6.5, 3, 6], "texture": "#1"},
				"down": {"uv": [6.5, 3, 6, 3.5], "texture": "#1"}
			}
		},
		{
			"name": "hexadecagon",
			"from": [10, -6.15, 7.50272],
			"to": [11, -4.85, 8.49728],
			"rotation": {"angle": 0, "axis": "y", "origin": [8.5, -5, 8]},
			"faces": {
				"north": {"uv": [2, 1, 2.5, 1.75], "texture": "#1"},
				"east": {"uv": [1.5, 2, 2, 2.75], "texture": "#1"},
				"south": {"uv": [2, 2, 2.5, 2.75], "texture": "#1"},
				"west": {"uv": [2.5, 0, 3, 0.75], "texture": "#1"},
				"up": {"uv": [4, 6.5, 3.5, 6], "texture": "#1"},
				"down": {"uv": [6.5, 3.5, 6, 4], "texture": "#1"}
			}
		},
		{
			"name": "hexadecagon",
			"from": [8.30109, -6.175, 7],
			"to": [8.69891, -5.825, 7.5],
			"rotation": {"angle": -45, "axis": "y", "origin": [8.5, -6, 8]},
			"faces": {
				"north": {"uv": [8.5, 1.5, 8.75, 1.75], "texture": "#1"},
				"east": {"uv": [2, 8.5, 2.25, 8.75], "texture": "#1"},
				"south": {"uv": [8.5, 2, 8.75, 2.25], "texture": "#1"},
				"west": {"uv": [2.5, 8.5, 2.75, 8.75], "texture": "#1"},
				"up": {"uv": [8.75, 2.75, 8.5, 2.5], "texture": "#1"},
				"down": {"uv": [3.25, 8.5, 3, 8.75], "texture": "#1"}
			}
		},
		{
			"name": "hexadecagon",
			"from": [8.30109, -6.15, 7],
			"to": [8.69891, -5.85, 7.5],
			"rotation": {"angle": -22.5, "axis": "y", "origin": [8.5, -6, 8]},
			"faces": {
				"north": {"uv": [8.5, 3, 8.75, 3.25], "texture": "#1"},
				"east": {"uv": [3.5, 8.5, 3.75, 8.75], "texture": "#1"},
				"south": {"uv": [8.5, 3.5, 8.75, 3.75], "texture": "#1"},
				"west": {"uv": [4, 8.5, 4.25, 8.75], "texture": "#1"},
				"up": {"uv": [8.75, 4.25, 8.5, 4], "texture": "#1"},
				"down": {"uv": [4.75, 8.5, 4.5, 8.75], "texture": "#1"}
			}
		},
		{
			"name": "hexadecagon",
			"from": [8.30109, -6.175, 8.5],
			"to": [8.69891, -5.825, 9],
			"rotation": {"angle": 0, "axis": "y", "origin": [8.5, -6, 8]},
			"faces": {
				"north": {"uv": [8.5, 4.5, 8.75, 4.75], "texture": "#1"},
				"east": {"uv": [5, 8.5, 5.25, 8.75], "texture": "#1"},
				"south": {"uv": [8.5, 5, 8.75, 5.25], "texture": "#1"},
				"west": {"uv": [5.5, 8.5, 5.75, 8.75], "texture": "#1"},
				"up": {"uv": [8.75, 5.75, 8.5, 5.5], "texture": "#1"},
				"down": {"uv": [6.25, 8.5, 6, 8.75], "texture": "#1"}
			}
		},
		{
			"name": "hexadecagon",
			"from": [8.30109, -6.15, 8.5],
			"to": [8.69891, -5.85, 9],
			"rotation": {"angle": 22.5, "axis": "y", "origin": [8.5, -6, 8]},
			"faces": {
				"north": {"uv": [8.5, 6, 8.75, 6.25], "texture": "#1"},
				"east": {"uv": [6.5, 8.5, 6.75, 8.75], "texture": "#1"},
				"south": {"uv": [8.5, 6.5, 8.75, 6.75], "texture": "#1"},
				"west": {"uv": [7, 8.5, 7.25, 8.75], "texture": "#1"},
				"up": {"uv": [8.75, 7.25, 8.5, 7], "texture": "#1"},
				"down": {"uv": [7.75, 8.5, 7.5, 8.75], "texture": "#1"}
			}
		},
		{
			"name": "hexadecagon",
			"from": [8.30109, -6.175, 8.5],
			"to": [8.69891, -5.825, 9],
			"rotation": {"angle": 45, "axis": "y", "origin": [8.5, -6, 8]},
			"faces": {
				"north": {"uv": [8.5, 7.5, 8.75, 7.75], "texture": "#1"},
				"east": {"uv": [8, 8.5, 8.25, 8.75], "texture": "#1"},
				"south": {"uv": [8.5, 8, 8.75, 8.25], "texture": "#1"},
				"west": {"uv": [8.5, 8.5, 8.75, 8.75], "texture": "#1"},
				"up": {"uv": [0.25, 9.25, 0, 9], "texture": "#1"},
				"down": {"uv": [9.25, 0, 9, 0.25], "texture": "#1"}
			}
		},
		{
			"name": "hexadecagon",
			"from": [9, -6.15, 7.80109],
			"to": [9.5, -5.85, 8.19891],
			"rotation": {"angle": -22.5, "axis": "y", "origin": [8.5, -6, 8]},
			"faces": {
				"north": {"uv": [0.5, 9, 0.75, 9.25], "texture": "#1"},
				"east": {"uv": [9, 0.5, 9.25, 0.75], "texture": "#1"},
				"south": {"uv": [1, 9, 1.25, 9.25], "texture": "#1"},
				"west": {"uv": [9, 1, 9.25, 1.25], "texture": "#1"},
				"up": {"uv": [1.75, 9.25, 1.5, 9], "texture": "#1"},
				"down": {"uv": [9.25, 1.5, 9, 1.75], "texture": "#1"}
			}
		},
		{
			"name": "hexadecagon",
			"from": [9, -6.175, 7.80109],
			"to": [9.5, -5.825, 8.19891],
			"rotation": {"angle": 0, "axis": "y", "origin": [8.5, -6, 8]},
			"faces": {
				"north": {"uv": [2, 9, 2.25, 9.25], "texture": "#1"},
				"east": {"uv": [9, 2, 9.25, 2.25], "texture": "#1"},
				"south": {"uv": [2.5, 9, 2.75, 9.25], "texture": "#1"},
				"west": {"uv": [9, 2.5, 9.25, 2.75], "texture": "#1"},
				"up": {"uv": [3.25, 9.25, 3, 9], "texture": "#1"},
				"down": {"uv": [9.25, 3, 9, 3.25], "texture": "#1"}
			}
		},
		{
			"name": "hexadecagon",
			"from": [9, -6.15, 7.80109],
			"to": [9.5, -5.85, 8.19891],
			"rotation": {"angle": 22.5, "axis": "y", "origin": [8.5, -6, 8]},
			"faces": {
				"north": {"uv": [3.5, 9, 3.75, 9.25], "texture": "#1"},
				"east": {"uv": [9, 3.5, 9.25, 3.75], "texture": "#1"},
				"south": {"uv": [4, 9, 4.25, 9.25], "texture": "#1"},
				"west": {"uv": [9, 4, 9.25, 4.25], "texture": "#1"},
				"up": {"uv": [4.75, 9.25, 4.5, 9], "texture": "#1"},
				"down": {"uv": [9.25, 4.5, 9, 4.75], "texture": "#1"}
			}
		},
		{
			"name": "hexadecagon",
			"from": [8.30109, -5.175, 7],
			"to": [8.69891, -4.825, 7.5],
			"rotation": {"angle": -45, "axis": "y", "origin": [8.5, -5, 8]},
			"faces": {
				"north": {"uv": [5, 9, 5.25, 9.25], "texture": "#1"},
				"east": {"uv": [9, 5, 9.25, 5.25], "texture": "#1"},
				"south": {"uv": [5.5, 9, 5.75, 9.25], "texture": "#1"},
				"west": {"uv": [9, 5.5, 9.25, 5.75], "texture": "#1"},
				"up": {"uv": [6.25, 9.25, 6, 9], "texture": "#1"},
				"down": {"uv": [9.25, 6, 9, 6.25], "texture": "#1"}
			}
		},
		{
			"name": "hexadecagon",
			"from": [8.30109, -5.15, 7],
			"to": [8.69891, -4.85, 7.5],
			"rotation": {"angle": -22.5, "axis": "y", "origin": [8.5, -5, 8]},
			"faces": {
				"north": {"uv": [6.5, 9, 6.75, 9.25], "texture": "#1"},
				"east": {"uv": [9, 6.5, 9.25, 6.75], "texture": "#1"},
				"south": {"uv": [7, 9, 7.25, 9.25], "texture": "#1"},
				"west": {"uv": [9, 7, 9.25, 7.25], "texture": "#1"},
				"up": {"uv": [7.75, 9.25, 7.5, 9], "texture": "#1"},
				"down": {"uv": [9.25, 7.5, 9, 7.75], "texture": "#1"}
			}
		},
		{
			"name": "hexadecagon",
			"from": [8.30109, -5.175, 8.5],
			"to": [8.69891, -4.825, 9],
			"rotation": {"angle": 0, "axis": "y", "origin": [8.5, -5, 8]},
			"faces": {
				"north": {"uv": [8, 9, 8.25, 9.25], "texture": "#1"},
				"east": {"uv": [9, 8, 9.25, 8.25], "texture": "#1"},
				"south": {"uv": [8.5, 9, 8.75, 9.25], "texture": "#1"},
				"west": {"uv": [9, 8.5, 9.25, 8.75], "texture": "#1"},
				"up": {"uv": [9.25, 9.25, 9, 9], "texture": "#1"},
				"down": {"uv": [0.25, 9.5, 0, 9.75], "texture": "#1"}
			}
		},
		{
			"name": "hexadecagon",
			"from": [8.30109, -5.15, 8.5],
			"to": [8.69891, -4.85, 9],
			"rotation": {"angle": 22.5, "axis": "y", "origin": [8.5, -5, 8]},
			"faces": {
				"north": {"uv": [9.5, 0, 9.75, 0.25], "texture": "#1"},
				"east": {"uv": [0.5, 9.5, 0.75, 9.75], "texture": "#1"},
				"south": {"uv": [9.5, 0.5, 9.75, 0.75], "texture": "#1"},
				"west": {"uv": [1, 9.5, 1.25, 9.75], "texture": "#1"},
				"up": {"uv": [9.75, 1.25, 9.5, 1], "texture": "#1"},
				"down": {"uv": [1.75, 9.5, 1.5, 9.75], "texture": "#1"}
			}
		},
		{
			"name": "hexadecagon",
			"from": [8.30109, -5.175, 8.5],
			"to": [8.69891, -4.825, 9],
			"rotation": {"angle": 45, "axis": "y", "origin": [8.5, -5, 8]},
			"faces": {
				"north": {"uv": [9.5, 1.5, 9.75, 1.75], "texture": "#1"},
				"east": {"uv": [2, 9.5, 2.25, 9.75], "texture": "#1"},
				"south": {"uv": [9.5, 2, 9.75, 2.25], "texture": "#1"},
				"west": {"uv": [2.5, 9.5, 2.75, 9.75], "texture": "#1"},
				"up": {"uv": [9.75, 2.75, 9.5, 2.5], "texture": "#1"},
				"down": {"uv": [3.25, 9.5, 3, 9.75], "texture": "#1"}
			}
		},
		{
			"name": "hexadecagon",
			"from": [9, -5.15, 7.80109],
			"to": [9.5, -4.85, 8.19891],
			"rotation": {"angle": -22.5, "axis": "y", "origin": [8.5, -5, 8]},
			"faces": {
				"north": {"uv": [9.5, 3, 9.75, 3.25], "texture": "#1"},
				"east": {"uv": [3.5, 9.5, 3.75, 9.75], "texture": "#1"},
				"south": {"uv": [9.5, 3.5, 9.75, 3.75], "texture": "#1"},
				"west": {"uv": [4, 9.5, 4.25, 9.75], "texture": "#1"},
				"up": {"uv": [9.75, 4.25, 9.5, 4], "texture": "#1"},
				"down": {"uv": [4.75, 9.5, 4.5, 9.75], "texture": "#1"}
			}
		},
		{
			"name": "hexadecagon",
			"from": [9, -5.175, 7.80109],
			"to": [9.5, -4.825, 8.19891],
			"rotation": {"angle": 0, "axis": "y", "origin": [8.5, -5, 8]},
			"faces": {
				"north": {"uv": [9.5, 4.5, 9.75, 4.75], "texture": "#1"},
				"east": {"uv": [5, 9.5, 5.25, 9.75], "texture": "#1"},
				"south": {"uv": [9.5, 5, 9.75, 5.25], "texture": "#1"},
				"west": {"uv": [5.5, 9.5, 5.75, 9.75], "texture": "#1"},
				"up": {"uv": [9.75, 5.75, 9.5, 5.5], "texture": "#1"},
				"down": {"uv": [6.25, 9.5, 6, 9.75], "texture": "#1"}
			}
		},
		{
			"name": "hexadecagon",
			"from": [9, -5.15, 7.80109],
			"to": [9.5, -4.85, 8.19891],
			"rotation": {"angle": 22.5, "axis": "y", "origin": [8.5, -5, 8]},
			"faces": {
				"north": {"uv": [9.5, 6, 9.75, 6.25], "texture": "#1"},
				"east": {"uv": [6.5, 9.5, 6.75, 9.75], "texture": "#1"},
				"south": {"uv": [9.5, 6.5, 9.75, 6.75], "texture": "#1"},
				"west": {"uv": [7, 9.5, 7.25, 9.75], "texture": "#1"},
				"up": {"uv": [9.75, 7.25, 9.5, 7], "texture": "#1"},
				"down": {"uv": [7.75, 9.5, 7.5, 9.75], "texture": "#1"}
			}
		},
		{
			"name": "hexadecagon",
			"from": [8.21144, -6.175, 8.22647],
			"to": [8.60926, -5.825, 8.72647],
			"rotation": {"angle": -45, "axis": "y", "origin": [8.125, -6, 7.97145]},
			"faces": {
				"north": {"uv": [9.5, 7.5, 9.75, 7.75], "texture": "#1"},
				"east": {"uv": [8, 9.5, 8.25, 9.75], "texture": "#1"},
				"south": {"uv": [9.5, 8, 9.75, 8.25], "texture": "#1"},
				"west": {"uv": [8.5, 9.5, 8.75, 9.75], "texture": "#1"},
				"up": {"uv": [9.75, 8.75, 9.5, 8.5], "texture": "#1"},
				"down": {"uv": [9.25, 9.5, 9, 9.75], "texture": "#1"}
			}
		},
		{
			"name": "hexadecagon",
			"from": [8.28347, -6.15, 8.35432],
			"to": [8.68129, -5.85, 8.85432],
			"rotation": {"angle": -22.5, "axis": "y", "origin": [8.125, -6, 7.97145]},
			"faces": {
				"north": {"uv": [9.5, 9, 9.75, 9.25], "texture": "#1"},
				"east": {"uv": [9.5, 9.5, 9.75, 9.75], "texture": "#1"},
				"south": {"uv": [0, 10, 0.25, 10.25], "texture": "#1"},
				"west": {"uv": [10, 0, 10.25, 0.25], "texture": "#1"},
				"up": {"uv": [0.75, 10.25, 0.5, 10], "texture": "#1"},
				"down": {"uv": [10.25, 0.5, 10, 0.75], "texture": "#1"}
			}
		},
		{
			"name": "hexadecagon",
			"from": [8.30109, -6.175, 7],
			"to": [8.69891, -5.825, 7.5],
			"rotation": {"angle": 0, "axis": "y", "origin": [8.125, -6, 7.97145]},
			"faces": {
				"north": {"uv": [1, 10, 1.25, 10.25], "texture": "#1"},
				"east": {"uv": [10, 1, 10.25, 1.25], "texture": "#1"},
				"south": {"uv": [1.5, 10, 1.75, 10.25], "texture": "#1"},
				"west": {"uv": [10, 1.5, 10.25, 1.75], "texture": "#1"},
				"up": {"uv": [2.25, 10.25, 2, 10], "texture": "#1"},
				"down": {"uv": [10.25, 2, 10, 2.25], "texture": "#1"}
			}
		},
		{
			"name": "hexadecagon",
			"from": [8.26162, -6.15, 7.14133],
			"to": [8.65944, -5.85, 7.64133],
			"rotation": {"angle": 22.5, "axis": "y", "origin": [8.125, -6, 7.97145]},
			"faces": {
				"north": {"uv": [2.5, 10, 2.75, 10.25], "texture": "#1"},
				"east": {"uv": [10, 2.5, 10.25, 2.75], "texture": "#1"},
				"south": {"uv": [3, 10, 3.25, 10.25], "texture": "#1"},
				"west": {"uv": [10, 3, 10.25, 3.25], "texture": "#1"},
				"up": {"uv": [3.75, 10.25, 3.5, 10], "texture": "#1"},
				"down": {"uv": [10.25, 3.5, 10, 3.75], "texture": "#1"}
			}
		},
		{
			"name": "hexadecagon",
			"from": [7.41035, -6.175, 7.52756],
			"to": [7.91035, -5.825, 7.92539],
			"rotation": {"angle": -45, "axis": "y", "origin": [8.125, -6, 7.97145]},
			"faces": {
				"north": {"uv": [4, 10, 4.25, 10.25], "texture": "#1"},
				"east": {"uv": [10, 4, 10.25, 4.25], "texture": "#1"},
				"south": {"uv": [4.5, 10, 4.75, 10.25], "texture": "#1"},
				"west": {"uv": [10, 4.5, 10.25, 4.75], "texture": "#1"},
				"up": {"uv": [5.25, 10.25, 5, 10], "texture": "#1"},
				"down": {"uv": [10.25, 5, 10, 5.25], "texture": "#1"}
			}
		},
		{
			"name": "hexadecagon",
			"from": [7.48238, -6.15, 7.65541],
			"to": [7.98238, -5.85, 8.05323],
			"rotation": {"angle": -22.5, "axis": "y", "origin": [8.125, -6, 7.97145]},
			"faces": {
				"north": {"uv": [5.5, 10, 5.75, 10.25], "texture": "#1"},
				"east": {"uv": [10, 5.5, 10.25, 5.75], "texture": "#1"},
				"south": {"uv": [6, 10, 6.25, 10.25], "texture": "#1"},
				"west": {"uv": [10, 6, 10.25, 6.25], "texture": "#1"},
				"up": {"uv": [6.75, 10.25, 6.5, 10], "texture": "#1"},
				"down": {"uv": [10.25, 6.5, 10, 6.75], "texture": "#1"}
			}
		},
		{
			"name": "hexadecagon",
			"from": [7.5, -6.175, 7.80109],
			"to": [8, -5.825, 8.19891],
			"rotation": {"angle": 0, "axis": "y", "origin": [8.125, -6, 7.97145]},
			"faces": {
				"north": {"uv": [7, 10, 7.25, 10.25], "texture": "#1"},
				"east": {"uv": [10, 7, 10.25, 7.25], "texture": "#1"},
				"south": {"uv": [7.5, 10, 7.75, 10.25], "texture": "#1"},
				"west": {"uv": [10, 7.5, 10.25, 7.75], "texture": "#1"},
				"up": {"uv": [8.25, 10.25, 8, 10], "texture": "#1"},
				"down": {"uv": [10.25, 8, 10, 8.25], "texture": "#1"}
			}
		},
		{
			"name": "hexadecagon",
			"from": [6.75, -6.125, 7.30109],
			"to": [7.85, -5.875, 8.69891],
			"rotation": {"angle": 0, "axis": "y", "origin": [7.625, -6, 7.97145]},
			"faces": {
				"north": {"uv": [8, 8, 8.5, 8.25], "texture": "#1"},
				"east": {"uv": [4, 6, 4.75, 6.25], "texture": "#1"},
				"south": {"uv": [0, 8.5, 0.5, 8.75], "texture": "#1"},
				"west": {"uv": [6, 4, 6.75, 4.25], "texture": "#1"},
				"up": {"uv": [3, 1.75, 2.5, 1], "texture": "#1"},
				"down": {"uv": [3, 2, 2.5, 2.75], "texture": "#1"}
			}
		},
		{
			"name": "hexadecagon",
			"from": [7.25, -6.125, 8.35109],
			"to": [7.85, -5.875, 8.74891],
			"rotation": {"angle": 45, "axis": "y", "origin": [7.625, -6, 9.02145]},
			"faces": {
				"north": {"uv": [8.5, 10, 8.75, 10.25], "texture": "#1"},
				"east": {"uv": [10, 8.5, 10.25, 8.75], "texture": "#1"},
				"south": {"uv": [9, 10, 9.25, 10.25], "texture": "#1"},
				"west": {"uv": [10, 9, 10.25, 9.25], "texture": "#1"},
				"up": {"uv": [9.75, 10.25, 9.5, 10], "texture": "#1"},
				"down": {"uv": [10.25, 9.5, 10, 9.75], "texture": "#1"}
			}
		},
		{
			"name": "hexadecagon",
			"from": [9, -6.125, 8.47609],
			"to": [9.6, -5.875, 8.87391],
			"rotation": {"angle": -45, "axis": "y", "origin": [9.375, -6, 9.14645]},
			"faces": {
				"north": {"uv": [10, 10, 10.25, 10.25], "texture": "#1"},
				"east": {"uv": [0, 10.5, 0.25, 10.75], "texture": "#1"},
				"south": {"uv": [10.5, 0, 10.75, 0.25], "texture": "#1"},
				"west": {"uv": [0.5, 10.5, 0.75, 10.75], "texture": "#1"},
				"up": {"uv": [10.75, 0.75, 10.5, 0.5], "texture": "#1"},
				"down": {"uv": [1.25, 10.5, 1, 10.75], "texture": "#1"}
			}
		},
		{
			"name": "hexadecagon",
			"from": [9.75, -6.125, 6.85109],
			"to": [10.35, -5.875, 7.24891],
			"rotation": {"angle": 45, "axis": "y", "origin": [10.125, -6, 7.52145]},
			"faces": {
				"north": {"uv": [10.5, 1, 10.75, 1.25], "texture": "#1"},
				"east": {"uv": [1.5, 10.5, 1.75, 10.75], "texture": "#1"},
				"south": {"uv": [10.5, 1.5, 10.75, 1.75], "texture": "#1"},
				"west": {"uv": [2, 10.5, 2.25, 10.75], "texture": "#1"},
				"up": {"uv": [10.75, 2.25, 10.5, 2], "texture": "#1"},
				"down": {"uv": [2.75, 10.5, 2.5, 10.75], "texture": "#1"}
			}
		},
		{
			"name": "hexadecagon",
			"from": [9.15, -6.125, 7.30109],
			"to": [10.25, -5.875, 8.69891],
			"rotation": {"angle": 0, "axis": "y", "origin": [10.125, -6, 7.97145]},
			"faces": {
				"north": {"uv": [8.5, 0, 9, 0.25], "texture": "#1"},
				"east": {"uv": [6, 4.5, 6.75, 4.75], "texture": "#1"},
				"south": {"uv": [0.5, 8.5, 1, 8.75], "texture": "#1"},
				"west": {"uv": [5, 6, 5.75, 6.25], "texture": "#1"},
				"up": {"uv": [0.5, 3.75, 0, 3], "texture": "#1"},
				"down": {"uv": [3.5, 0, 3, 0.75], "texture": "#1"}
			}
		},
		{
			"name": "hexadecagon",
			"from": [7.46053, -6.15, 7.94242],
			"to": [7.96053, -5.85, 8.34025],
			"rotation": {"angle": 22.5, "axis": "y", "origin": [8.125, -6, 7.97145]},
			"faces": {
				"north": {"uv": [10.5, 2.5, 10.75, 2.75], "texture": "#1"},
				"east": {"uv": [3, 10.5, 3.25, 10.75], "texture": "#1"},
				"south": {"uv": [10.5, 3, 10.75, 3.25], "texture": "#1"},
				"west": {"uv": [3.5, 10.5, 3.75, 10.75], "texture": "#1"},
				"up": {"uv": [10.75, 3.75, 10.5, 3.5], "texture": "#1"},
				"down": {"uv": [4.25, 10.5, 4, 10.75], "texture": "#1"}
			}
		},
		{
			"name": "hexadecagon",
			"from": [8.21144, -5.175, 8.22647],
			"to": [8.60926, -4.825, 8.72647],
			"rotation": {"angle": -45, "axis": "y", "origin": [8.125, -5, 7.97145]},
			"faces": {
				"north": {"uv": [10.5, 4, 10.75, 4.25], "texture": "#1"},
				"east": {"uv": [4.5, 10.5, 4.75, 10.75], "texture": "#1"},
				"south": {"uv": [10.5, 4.5, 10.75, 4.75], "texture": "#1"},
				"west": {"uv": [5, 10.5, 5.25, 10.75], "texture": "#1"},
				"up": {"uv": [10.75, 5.25, 10.5, 5], "texture": "#1"},
				"down": {"uv": [5.75, 10.5, 5.5, 10.75], "texture": "#1"}
			}
		},
		{
			"name": "hexadecagon",
			"from": [8.28347, -5.15, 8.35432],
			"to": [8.68129, -4.85, 8.85432],
			"rotation": {"angle": -22.5, "axis": "y", "origin": [8.125, -5, 7.97145]},
			"faces": {
				"north": {"uv": [10.5, 5.5, 10.75, 5.75], "texture": "#1"},
				"east": {"uv": [6, 10.5, 6.25, 10.75], "texture": "#1"},
				"south": {"uv": [10.5, 6, 10.75, 6.25], "texture": "#1"},
				"west": {"uv": [6.5, 10.5, 6.75, 10.75], "texture": "#1"},
				"up": {"uv": [10.75, 6.75, 10.5, 6.5], "texture": "#1"},
				"down": {"uv": [7.25, 10.5, 7, 10.75], "texture": "#1"}
			}
		},
		{
			"name": "hexadecagon",
			"from": [8.30109, -5.175, 7],
			"to": [8.69891, -4.825, 7.5],
			"rotation": {"angle": 0, "axis": "y", "origin": [8.125, -5, 7.97145]},
			"faces": {
				"north": {"uv": [10.5, 7, 10.75, 7.25], "texture": "#1"},
				"east": {"uv": [7.5, 10.5, 7.75, 10.75], "texture": "#1"},
				"south": {"uv": [10.5, 7.5, 10.75, 7.75], "texture": "#1"},
				"west": {"uv": [8, 10.5, 8.25, 10.75], "texture": "#1"},
				"up": {"uv": [10.75, 8.25, 10.5, 8], "texture": "#1"},
				"down": {"uv": [8.75, 10.5, 8.5, 10.75], "texture": "#1"}
			}
		},
		{
			"name": "hexadecagon",
			"from": [8.26162, -5.15, 7.14133],
			"to": [8.65944, -4.85, 7.64133],
			"rotation": {"angle": 22.5, "axis": "y", "origin": [8.125, -5, 7.97145]},
			"faces": {
				"north": {"uv": [10.5, 8.5, 10.75, 8.75], "texture": "#1"},
				"east": {"uv": [9, 10.5, 9.25, 10.75], "texture": "#1"},
				"south": {"uv": [10.5, 9, 10.75, 9.25], "texture": "#1"},
				"west": {"uv": [9.5, 10.5, 9.75, 10.75], "texture": "#1"},
				"up": {"uv": [10.75, 9.75, 10.5, 9.5], "texture": "#1"},
				"down": {"uv": [10.25, 10.5, 10, 10.75], "texture": "#1"}
			}
		},
		{
			"name": "hexadecagon",
			"from": [7.41035, -5.175, 7.52756],
			"to": [7.91035, -4.825, 7.92539],
			"rotation": {"angle": -45, "axis": "y", "origin": [8.125, -5, 7.97145]},
			"faces": {
				"north": {"uv": [10.5, 10, 10.75, 10.25], "texture": "#1"},
				"east": {"uv": [10.5, 10.5, 10.75, 10.75], "texture": "#1"},
				"south": {"uv": [0, 11, 0.25, 11.25], "texture": "#1"},
				"west": {"uv": [11, 0, 11.25, 0.25], "texture": "#1"},
				"up": {"uv": [0.75, 11.25, 0.5, 11], "texture": "#1"},
				"down": {"uv": [11.25, 0.5, 11, 0.75], "texture": "#1"}
			}
		},
		{
			"name": "hexadecagon",
			"from": [7.48238, -5.15, 7.65541],
			"to": [7.98238, -4.85, 8.05323],
			"rotation": {"angle": -22.5, "axis": "y", "origin": [8.125, -5, 7.97145]},
			"faces": {
				"north": {"uv": [1, 11, 1.25, 11.25], "texture": "#1"},
				"east": {"uv": [11, 1, 11.25, 1.25], "texture": "#1"},
				"south": {"uv": [1.5, 11, 1.75, 11.25], "texture": "#1"},
				"west": {"uv": [11, 1.5, 11.25, 1.75], "texture": "#1"},
				"up": {"uv": [2.25, 11.25, 2, 11], "texture": "#1"},
				"down": {"uv": [11.25, 2, 11, 2.25], "texture": "#1"}
			}
		},
		{
			"name": "hexadecagon",
			"from": [7.5, -5.175, 7.80109],
			"to": [8, -4.825, 8.19891],
			"rotation": {"angle": 0, "axis": "y", "origin": [8.125, -5, 7.97145]},
			"faces": {
				"north": {"uv": [2.5, 11, 2.75, 11.25], "texture": "#1"},
				"east": {"uv": [11, 2.5, 11.25, 2.75], "texture": "#1"},
				"south": {"uv": [3, 11, 3.25, 11.25], "texture": "#1"},
				"west": {"uv": [11, 3, 11.25, 3.25], "texture": "#1"},
				"up": {"uv": [3.75, 11.25, 3.5, 11], "texture": "#1"},
				"down": {"uv": [11.25, 3.5, 11, 3.75], "texture": "#1"}
			}
		},
		{
			"name": "hexadecagon",
			"from": [6.75, -5.1, 7.30109],
			"to": [7.85, -4.9, 8.69891],
			"rotation": {"angle": 0, "axis": "y", "origin": [7.625, -5, 7.97145]},
			"faces": {
				"north": {"uv": [8.5, 0.5, 9, 0.75], "texture": "#1"},
				"east": {"uv": [6, 5, 6.75, 5.25], "texture": "#1"},
				"south": {"uv": [1, 8.5, 1.5, 8.75], "texture": "#1"},
				"west": {"uv": [6, 5.5, 6.75, 5.75], "texture": "#1"},
				"up": {"uv": [1, 3.75, 0.5, 3], "texture": "#1"},
				"down": {"uv": [1.5, 3, 1, 3.75], "texture": "#1"}
			}
		},
		{
			"name": "hexadecagon",
			"from": [7.25, -5.125, 8.35109],
			"to": [7.85, -4.875, 8.74891],
			"rotation": {"angle": 45, "axis": "y", "origin": [7.625, -5, 9.02145]},
			"faces": {
				"north": {"uv": [4, 11, 4.25, 11.25], "texture": "#1"},
				"east": {"uv": [11, 4, 11.25, 4.25], "texture": "#1"},
				"south": {"uv": [4.5, 11, 4.75, 11.25], "texture": "#1"},
				"west": {"uv": [11, 4.5, 11.25, 4.75], "texture": "#1"},
				"up": {"uv": [5.25, 11.25, 5, 11], "texture": "#1"},
				"down": {"uv": [11.25, 5, 11, 5.25], "texture": "#1"}
			}
		},
		{
			"name": "hexadecagon",
			"from": [9, -5.125, 8.47609],
			"to": [9.6, -4.875, 8.87391],
			"rotation": {"angle": -45, "axis": "y", "origin": [9.375, -5, 9.14645]},
			"faces": {
				"north": {"uv": [5.5, 11, 5.75, 11.25], "texture": "#1"},
				"east": {"uv": [11, 5.5, 11.25, 5.75], "texture": "#1"},
				"south": {"uv": [6, 11, 6.25, 11.25], "texture": "#1"},
				"west": {"uv": [11, 6, 11.25, 6.25], "texture": "#1"},
				"up": {"uv": [6.75, 11.25, 6.5, 11], "texture": "#1"},
				"down": {"uv": [11.25, 6.5, 11, 6.75], "texture": "#1"}
			}
		},
		{
			"name": "hexadecagon",
			"from": [9.75, -5.125, 6.85109],
			"to": [10.35, -4.875, 7.24891],
			"rotation": {"angle": 45, "axis": "y", "origin": [10.125, -5, 7.52145]},
			"faces": {
				"north": {"uv": [7, 11, 7.25, 11.25], "texture": "#1"},
				"east": {"uv": [11, 7, 11.25, 7.25], "texture": "#1"},
				"south": {"uv": [7.5, 11, 7.75, 11.25], "texture": "#1"},
				"west": {"uv": [11, 7.5, 11.25, 7.75], "texture": "#1"},
				"up": {"uv": [8.25, 11.25, 8, 11], "texture": "#1"},
				"down": {"uv": [11.25, 8, 11, 8.25], "texture": "#1"}
			}
		},
		{
			"name": "hexadecagon",
			"from": [9.15, -5.1, 7.30109],
			"to": [10.25, -4.9, 8.69891],
			"rotation": {"angle": 0, "axis": "y", "origin": [10.125, -5, 7.97145]},
			"faces": {
				"north": {"uv": [8.5, 1, 9, 1.25], "texture": "#1"},
				"east": {"uv": [6, 6, 6.75, 6.25], "texture": "#1"},
				"south": {"uv": [1.5, 8.5, 2, 8.75], "texture": "#1"},
				"west": {"uv": [0, 6.5, 0.75, 6.75], "texture": "#1"},
				"up": {"uv": [3.5, 1.75, 3, 1], "texture": "#1"},
				"down": {"uv": [2, 3, 1.5, 3.75], "texture": "#1"}
			}
		},
		{
			"name": "hexadecagon",
			"from": [7.46053, -5.15, 7.94242],
			"to": [7.96053, -4.85, 8.34025],
			"rotation": {"angle": 22.5, "axis": "y", "origin": [8.125, -5, 7.97145]},
			"faces": {
				"north": {"uv": [8.5, 11, 8.75, 11.25], "texture": "#1"},
				"east": {"uv": [11, 8.5, 11.25, 8.75], "texture": "#1"},
				"south": {"uv": [9, 11, 9.25, 11.25], "texture": "#1"},
				"west": {"uv": [11, 9, 11.25, 9.25], "texture": "#1"},
				"up": {"uv": [9.75, 11.25, 9.5, 11], "texture": "#1"},
				"down": {"uv": [11.25, 9.5, 11, 9.75], "texture": "#1"}
			}
		},
		{
			"from": [9, 2.5, 8.9],
			"to": [8, -4.5, 6.4],
			"rotation": {"angle": 0, "axis": "y", "origin": [9, 8.5, 16.4]},
			"faces": {
				"north": {"uv": [4.5, 6, 5, 9.5], "texture": "#3"},
				"east": {"uv": [3, 0, 4.25, 3.5], "texture": "#3"},
				"south": {"uv": [5, 6, 5.5, 9.5], "texture": "#3"},
				"west": {"uv": [3, 3.5, 4.25, 7], "texture": "#3"},
				"up": {"uv": [1, 8.75, 0.5, 7.5], "texture": "#3"},
				"down": {"uv": [1.5, 7.5, 1, 8.75], "texture": "#3"}
			}
		},
		{
			"from": [9, 14.5, 8.75],
			"to": [8, 2.5, 6.25],
			"rotation": {"angle": 0, "axis": "y", "origin": [9, 27.5, 16.25]},
			"faces": {
				"north": {"uv": [4.5, 0, 5, 6], "texture": "#3"},
				"east": {"uv": [0, 0, 1.25, 6], "texture": "#3"},
				"south": {"uv": [5, 0, 5.5, 6], "texture": "#3"},
				"west": {"uv": [1.5, 0, 2.75, 6], "texture": "#3"},
				"up": {"uv": [2, 8.75, 1.5, 7.5], "texture": "#3"},
				"down": {"uv": [8, 1.5, 7.5, 2.75], "texture": "#3"}
			}
		},
		{
			"from": [9, 17.5, 8.9],
			"to": [8, 14.5, 6.4],
			"rotation": {"angle": 0, "axis": "y", "origin": [9, 39.5, 6.4]},
			"faces": {
				"north": {"uv": [3, 7, 3.5, 8.5], "texture": "#3"},
				"east": {"uv": [5.5, 0, 6.75, 1.5], "texture": "#3"},
				"south": {"uv": [3.5, 7, 4, 8.5], "texture": "#3"},
				"west": {"uv": [5.5, 1.5, 6.75, 3], "texture": "#3"},
				"up": {"uv": [2.5, 8.75, 2, 7.5], "texture": "#3"},
				"down": {"uv": [3, 7.5, 2.5, 8.75], "texture": "#3"}
			}
		},
		{
			"from": [9, 20.5, 9.15],
			"to": [8, 17.5, 6.65],
			"rotation": {"angle": 0, "axis": "y", "origin": [9, 58.5, 6.65]},
			"faces": {
				"north": {"uv": [4, 7, 4.5, 8.5], "texture": "#3"},
				"east": {"uv": [5.5, 3, 6.75, 4.5], "texture": "#3"},
				"south": {"uv": [7, 4, 7.5, 5.5], "texture": "#3"},
				"west": {"uv": [5.5, 4.5, 6.75, 6], "texture": "#3"},
				"up": {"uv": [8, 4.25, 7.5, 3], "texture": "#3"},
				"down": {"uv": [8, 4.5, 7.5, 5.75], "texture": "#3"}
			}
		},
		{
			"from": [9, 23.5, 9.45],
			"to": [8, 20.5, 6.95],
			"rotation": {"angle": 0, "axis": "y", "origin": [9, 61.5, 6.95]},
			"faces": {
				"north": {"uv": [0, 7.5, 0.5, 9], "texture": "#3"},
				"east": {"uv": [0, 6, 1.25, 7.5], "texture": "#3"},
				"south": {"uv": [7.5, 0, 8, 1.5], "texture": "#3"},
				"west": {"uv": [1.5, 6, 2.75, 7.5], "texture": "#3"},
				"up": {"uv": [8, 7.25, 7.5, 6], "texture": "#3"},
				"down": {"uv": [8, 7.5, 7.5, 8.75], "texture": "#3"}
			}
		},
		{
			"from": [9, 24.35, 9.95],
			"to": [8, 21.85, 9.45],
			"rotation": {"angle": 0, "axis": "y", "origin": [9, 70.85, 10.45]},
			"faces": {
				"north": {"uv": [8, 0, 8.5, 1.25], "texture": "#3"},
				"east": {"uv": [8, 5, 8.25, 6.25], "texture": "#3"},
				"south": {"uv": [8, 1.5, 8.5, 2.75], "texture": "#3"},
				"west": {"uv": [5.5, 8, 5.75, 9.25], "texture": "#3"},
				"up": {"uv": [7.5, 5.75, 7, 5.5], "texture": "#3"},
				"down": {"uv": [6.5, 8, 6, 8.25], "texture": "#3"}
			}
		},
		{
			"from": [9, 19.95, 11],
			"to": [8, 16.7, 9.5],
			"rotation": {"angle": 45, "axis": "x", "origin": [8.5, 23.2, 16.5]},
			"faces": {
				"north": {"uv": [7, 0, 7.5, 1.75], "texture": "#3"},
				"east": {"uv": [5.5, 6, 6.25, 7.75], "texture": "#3"},
				"south": {"uv": [7, 2, 7.5, 3.75], "texture": "#3"},
				"west": {"uv": [6.5, 6, 7.25, 7.75], "texture": "#3"},
				"up": {"uv": [8.5, 3.75, 8, 3], "texture": "#3"},
				"down": {"uv": [8.5, 4, 8, 4.75], "texture": "#3"}
			}
		}
	],
	"display": {
		"thirdperson_righthand": {
			"translation": [-0.25, 12.25, 1.25],
			"scale": [0.8, 0.8, 0.8]
		},
		"thirdperson_lefthand": {
			"translation": [0.5, 12.75, 1.5],
			"scale": [0.8, 0.8, 0.8]
		},
		"firstperson_righthand": {
			"translation": [2.25, 9.25, -1.5],
			"scale": [0.5, 0.5, 0.5]
		},
		"firstperson_lefthand": {
			"translation": [3.25, 8, -1.5],
			"scale": [0.5, 0.5, 0.5]
		},
		"ground": {
			"rotation": [0, 0, 90],
			"translation": [0, -3, 0],
			"scale": [1.49, 1.49, 1.49]
		},
		"gui": {
			"rotation": [45, 28, -45],
			"translation": [0, 0.5, 0],
			"scale": [0.41, 0.41, 0.41]
		},
		"head": {
			"rotation": [90, 0, 0],
			"translation": [7, -28, 5]
		},
		"fixed": {
			"rotation": [0, 90, 0],
			"scale": [2, 2, 2]
		}
	},
	"groups": [
		{
			"name": "handle",
			"origin": [0, 0, 0],
			"color": 0,
			"children": [0, 1, 2, 3, 4, 5, 6, 7, 8, 9, 10, 11, 12, 13, 14, 15, 16, 17, 18, 19, 20, 21, 22, 23]
		},
		{
			"name": "Blade Connection",
			"origin": [7.75, 4.9, 7.5],
			"color": 0,
			"children": [24, 25, 26, 27, 28, 29, 30, 31, 32, 33, 34]
		},
		{
			"name": "group",
			"origin": [7.75, -6.1, 7.5],
			"color": 0,
			"children": [35, 36, 37, 38, 39, 40, 41, 42, 43, 44, 45, 46, 47, 48, 49, 50, 51, 52, 53, 54, 55, 56, 57, 58]
		},
		{
			"name": "group",
			"origin": [8, 8, 8],
			"color": 0,
			"children": [
				{
					"name": "hexadecagon",
					"origin": [8, 8, 8],
					"color": 0,
					"children": [
						{
							"name": "hexadecagon",
							"origin": [8, 8, 8],
							"color": 0,
							"children": [59, 60, 61, 62, 63, 64, 65, 66, 67, 68, 69, 70, 71, 72, 73, 74, 75, 76, 77, 78, 79, 80, 81, 82]
						},
						83,
						84,
						85,
						86,
						87,
						88,
						89,
						90,
						91,
						92,
						93,
						94,
						95,
						96,
						97,
						98
					]
				},
				{
					"name": "hexadecagon",
					"origin": [8, 8, 8],
					"color": 0,
					"children": [
						{
							"name": "hexadecagon",
							"origin": [8, 8, 8],
							"color": 0,
							"children": [
								99,
								100,
								101,
								102,
								103,
								104,
								105,
								106,
								107,
								108,
								109,
								110,
								111,
								112,
								113,
								114,
								{
									"name": "hexadecagon",
									"origin": [8, 8, 8],
									"color": 0,
									"children": [115, 116, 117, 118, 119, 120, 121, 122, 123, 124, 125, 126, 127, 128, 129, 130, 131, 132, 133, 134, 135, 136, 137, 138, 139, 140]
								}
							]
						}
					]
				}
			]
		},
		{
			"name": "blade_outline",
			"origin": [8, 8, 8],
			"color": 0,
			"children": [141, 142, 143, 144, 145, 146, 147]
		}
	]
}