{"overrides":[{"predicate":{"custom_model_data":1},"model":"modelengine:amongus/body1"},{"predicate":{"custom_model_data":2},"model":"modelengine:amongus/body2"},{"predicate":{"custom_model_data":3},"model":"modelengine:amongus/lleg"},{"predicate":{"custom_model_data":4},"model":"modelengine:amongus/rleg"},{"predicate":{"custom_model_data":5},"model":"modelengine:armoredgoblin/clothes"},{"predicate":{"custom_model_data":6},"model":"modelengine:armoredgoblin/upper"},{"predicate":{"custom_model_data":7},"model":"modelengine:armoredgoblin/lleg"},{"predicate":{"custom_model_data":8},"model":"modelengine:armoredgoblin/rleg"},{"predicate":{"custom_model_data":9},"model":"modelengine:armoredgoblin/head"},{"predicate":{"custom_model_data":10},"model":"modelengine:armoredgoblin/larm"},{"predicate":{"custom_model_data":11},"model":"modelengine:armoredgoblin/rarm"},{"predicate":{"custom_model_data":12},"model":"modelengine:armoredgoblin/llleg"},{"predicate":{"custom_model_data":13},"model":"modelengine:armoredgoblin/rlleg"},{"predicate":{"custom_model_data":14},"model":"modelengine:armoredgoblin/llarm"},{"predicate":{"custom_model_data":15},"model":"modelengine:armoredgoblin/rlarm"},{"predicate":{"custom_model_data":16},"model":"modelengine:armoredgoblin/weapon"},{"predicate":{"custom_model_data":17},"model":"modelengine:azereth/azereth"},{"predicate":{"custom_model_data":18},"model":"modelengine:azereth/body"},{"predicate":{"custom_model_data":19},"model":"modelengine:azereth/lleg"},{"predicate":{"custom_model_data":20},"model":"modelengine:azereth/rleg"},{"predicate":{"custom_model_data":21},"model":"modelengine:azereth/head"},{"predicate":{"custom_model_data":22},"model":"modelengine:azereth/cloak"},{"predicate":{"custom_model_data":23},"model":"modelengine:azereth/llleg"},{"predicate":{"custom_model_data":24},"model":"modelengine:azereth/rlleg"},{"predicate":{"custom_model_data":25},"model":"modelengine:azereth/crown"},{"predicate":{"custom_model_data":26},"model":"modelengine:azereth/flap18"},{"predicate":{"custom_model_data":27},"model":"modelengine:azereth/flap15"},{"predicate":{"custom_model_data":28},"model":"modelengine:azereth/flap14"},{"predicate":{"custom_model_data":29},"model":"modelengine:azereth/flap17"},{"predicate":{"custom_model_data":30},"model":"modelengine:azereth/flap16"},{"predicate":{"custom_model_data":31},"model":"modelengine:azereth/flap11"},{"predicate":{"custom_model_data":32},"model":"modelengine:azereth/flap10"},{"predicate":{"custom_model_data":33},"model":"modelengine:azereth/flap13"},{"predicate":{"custom_model_data":34},"model":"modelengine:azereth/flap12"},{"predicate":{"custom_model_data":35},"model":"modelengine:azereth/flap4"},{"predicate":{"custom_model_data":36},"model":"modelengine:azereth/flap3"},{"predicate":{"custom_model_data":37},"model":"modelengine:azereth/flap2"},{"predicate":{"custom_model_data":38},"model":"modelengine:azereth/flap1"},{"predicate":{"custom_model_data":39},"model":"modelengine:azereth/flap9"},{"predicate":{"custom_model_data":40},"model":"modelengine:azereth/flap8"},{"predicate":{"custom_model_data":41},"model":"modelengine:azereth/flap7"},{"predicate":{"custom_model_data":42},"model":"modelengine:azereth/flap6"},{"predicate":{"custom_model_data":43},"model":"modelengine:azereth/flap5"},{"predicate":{"custom_model_data":44},"model":"modelengine:azereth/larm"},{"predicate":{"custom_model_data":45},"model":"modelengine:azereth/rarm"},{"predicate":{"custom_model_data":46},"model":"modelengine:azereth/llarm"},{"predicate":{"custom_model_data":47},"model":"modelengine:azereth/rlarm"},{"predicate":{"custom_model_data":48},"model":"modelengine:azereth/trident"},{"predicate":{"custom_model_data":49},"model":"modelengine:babyspider/head"},{"predicate":{"custom_model_data":50},"model":"modelengine:babyspider/body"},{"predicate":{"custom_model_data":51},"model":"modelengine:babyspider/rightleg4"},{"predicate":{"custom_model_data":52},"model":"modelengine:babyspider/rightleg3"},{"predicate":{"custom_model_data":53},"model":"modelengine:babyspider/rightleg2"},{"predicate":{"custom_model_data":54},"model":"modelengine:babyspider/rightleg1"},{"predicate":{"custom_model_data":55},"model":"modelengine:babyspider/leftleg4"},{"predicate":{"custom_model_data":56},"model":"modelengine:babyspider/leftleg3"},{"predicate":{"custom_model_data":57},"model":"modelengine:babyspider/leftleg2"},{"predicate":{"custom_model_data":58},"model":"modelengine:babyspider/leftleg1"},{"predicate":{"custom_model_data":59},"model":"modelengine:baggy/lowerbody"},{"predicate":{"custom_model_data":60},"model":"modelengine:baggy/upperupperbody"},{"predicate":{"custom_model_data":61},"model":"modelengine:baggy/upperlowerbody"},{"predicate":{"custom_model_data":62},"model":"modelengine:baggy/head"},{"predicate":{"custom_model_data":63},"model":"modelengine:baggy/lleg"},{"predicate":{"custom_model_data":64},"model":"modelengine:baggy/rleg"},{"predicate":{"custom_model_data":65},"model":"modelengine:baggy/bag"},{"predicate":{"custom_model_data":66},"model":"modelengine:baggy/lip1"},{"predicate":{"custom_model_data":67},"model":"modelengine:baggy/lip2"},{"predicate":{"custom_model_data":68},"model":"modelengine:baggy/larm"},{"predicate":{"custom_model_data":69},"model":"modelengine:baggy/rarm"},{"predicate":{"custom_model_data":70},"model":"modelengine:baggy/llleg"},{"predicate":{"custom_model_data":71},"model":"modelengine:baggy/rlleg"},{"predicate":{"custom_model_data":72},"model":"modelengine:baggy/llarm"},{"predicate":{"custom_model_data":73},"model":"modelengine:baggy/rlarm"},{"predicate":{"custom_model_data":74},"model":"modelengine:baggy/lfoot"},{"predicate":{"custom_model_data":75},"model":"modelengine:baggy/rfoot"},{"predicate":{"custom_model_data":76},"model":"modelengine:baggy/lhand"},{"predicate":{"custom_model_data":77},"model":"modelengine:baggy/rhand"},{"predicate":{"custom_model_data":78},"model":"modelengine:baggy/lindex"},{"predicate":{"custom_model_data":79},"model":"modelengine:baggy/lpinky"},{"predicate":{"custom_model_data":80},"model":"modelengine:baggy/lthumb"},{"predicate":{"custom_model_data":81},"model":"modelengine:baggy/lmiddle"},{"predicate":{"custom_model_data":82},"model":"modelengine:baggy/rindex"},{"predicate":{"custom_model_data":83},"model":"modelengine:baggy/rpinky"},{"predicate":{"custom_model_data":84},"model":"modelengine:baggy/rthumb"},{"predicate":{"custom_model_data":85},"model":"modelengine:baggy/rmiddle"},{"predicate":{"custom_model_data":86},"model":"modelengine:bardnote/bone"},{"predicate":{"custom_model_data":87},"model":"modelengine:bcaafc/body"},{"predicate":{"custom_model_data":88},"model":"modelengine:bcaafc/lleg"},{"predicate":{"custom_model_data":89},"model":"modelengine:bcaafc/rleg"},{"predicate":{"custom_model_data":90},"model":"modelengine:bcaafc/head"},{"predicate":{"custom_model_data":91},"model":"modelengine:bcaafc/larm"},{"predicate":{"custom_model_data":92},"model":"modelengine:bcaafc/rarm"},{"predicate":{"custom_model_data":93},"model":"modelengine:bfb/blimp"},{"predicate":{"custom_model_data":94},"model":"modelengine:bfb/propl2"},{"predicate":{"custom_model_data":95},"model":"modelengine:bfb/propl3"},{"predicate":{"custom_model_data":96},"model":"modelengine:bfb/propl"},{"predicate":{"custom_model_data":97},"model":"modelengine:biggiecheese/lleg"},{"predicate":{"custom_model_data":98},"model":"modelengine:biggiecheese/rleg"},{"predicate":{"custom_model_data":99},"model":"modelengine:biggiecheese/upperbody"},{"predicate":{"custom_model_data":100},"model":"modelengine:biggiecheese/lowerbody"},{"predicate":{"custom_model_data":101},"model":"modelengine:biggiecheese/lowerlleg"},{"predicate":{"custom_model_data":102},"model":"modelengine:biggiecheese/lowerrleg"},{"predicate":{"custom_model_data":103},"model":"modelengine:biggiecheese/head"},{"predicate":{"custom_model_data":104},"model":"modelengine:biggiecheese/larm"},{"predicate":{"custom_model_data":105},"model":"modelengine:biggiecheese/rarms"},{"predicate":{"custom_model_data":106},"model":"modelengine:biggiecheese/lowerlarm"},{"predicate":{"custom_model_data":107},"model":"modelengine:biggiecheese/lowerrarm"},{"predicate":{"custom_model_data":108},"model":"modelengine:chempunkboss/upperbody"},{"predicate":{"custom_model_data":109},"model":"modelengine:chempunkboss/lowerbody"},{"predicate":{"custom_model_data":110},"model":"modelengine:chempunkboss/head"},{"predicate":{"custom_model_data":111},"model":"modelengine:chempunkboss/pipe1"},{"predicate":{"custom_model_data":112},"model":"modelengine:chempunkboss/tank5"},{"predicate":{"custom_model_data":113},"model":"modelengine:chempunkboss/tank6"},{"predicate":{"custom_model_data":114},"model":"modelengine:chempunkboss/tank7"},{"predicate":{"custom_model_data":115},"model":"modelengine:chempunkboss/tank8"},{"predicate":{"custom_model_data":116},"model":"modelengine:chempunkboss/larm"},{"predicate":{"custom_model_data":117},"model":"modelengine:chempunkboss/rarm"},{"predicate":{"custom_model_data":118},"model":"modelengine:chempunkboss/tank1"},{"predicate":{"custom_model_data":119},"model":"modelengine:chempunkboss/tank2"},{"predicate":{"custom_model_data":120},"model":"modelengine:chempunkboss/tank3"},{"predicate":{"custom_model_data":121},"model":"modelengine:chempunkboss/tank4"},{"predicate":{"custom_model_data":122},"model":"modelengine:chempunkboss/lleg"},{"predicate":{"custom_model_data":123},"model":"modelengine:chempunkboss/rleg"},{"predicate":{"custom_model_data":124},"model":"modelengine:chempunkboss/llarm"},{"predicate":{"custom_model_data":125},"model":"modelengine:chempunkboss/rlarm"},{"predicate":{"custom_model_data":126},"model":"modelengine:chempunkboss/llleg"},{"predicate":{"custom_model_data":127},"model":"modelengine:chempunkboss/rlleg"},{"predicate":{"custom_model_data":128},"model":"modelengine:crystal/crystal"},{"predicate":{"custom_model_data":129},"model":"modelengine:crystal/base"},{"predicate":{"custom_model_data":130},"model":"modelengine:demoneye/eye"},{"predicate":{"custom_model_data":131},"model":"modelengine:demoneye/bone"},{"predicate":{"custom_model_data":132},"model":"modelengine:demoneye/bone5"},{"predicate":{"custom_model_data":133},"model":"modelengine:demoneye/bone4"},{"predicate":{"custom_model_data":134},"model":"modelengine:demoneye/bone7"},{"predicate":{"custom_model_data":135},"model":"modelengine:demoneye/bone6"},{"predicate":{"custom_model_data":136},"model":"modelengine:demoneye/bone8"},{"predicate":{"custom_model_data":137},"model":"modelengine:demoneye/bone11"},{"predicate":{"custom_model_data":138},"model":"modelengine:demoneye/bone12"},{"predicate":{"custom_model_data":139},"model":"modelengine:demoneye/bone9"},{"predicate":{"custom_model_data":140},"model":"modelengine:demoneye/bone10"},{"predicate":{"custom_model_data":141},"model":"modelengine:demoneye/bone13"},{"predicate":{"custom_model_data":142},"model":"modelengine:demonface/head"},{"predicate":{"custom_model_data":143},"model":"modelengine:demonface/leyebrow"},{"predicate":{"custom_model_data":144},"model":"modelengine:demonface/reyebrow"},{"predicate":{"custom_model_data":145},"model":"modelengine:demonface/bottom"},{"predicate":{"custom_model_data":146},"model":"modelengine:demonface/lowerjaw"},{"predicate":{"custom_model_data":147},"model":"modelengine:dirtpillar/bone"},{"predicate":{"custom_model_data":148},"model":"modelengine:dummy_teemo_blue/bone"},{"predicate":{"custom_model_data":149},"model":"modelengine:dummy_teemo_blue/bone2"},{"predicate":{"custom_model_data":150},"model":"modelengine:dummy_teemo_blue/bone3"},{"predicate":{"custom_model_data":151},"model":"modelengine:dummy_teemo_blue/bone4"},{"predicate":{"custom_model_data":152},"model":"modelengine:dummy_teemo_blue/bone5"},{"predicate":{"custom_model_data":153},"model":"modelengine:dummy_teemo_blue/bone6"},{"predicate":{"custom_model_data":154},"model":"modelengine:dummy_teemo_red/bone"},{"predicate":{"custom_model_data":155},"model":"modelengine:dummy_teemo_red/bone2"},{"predicate":{"custom_model_data":156},"model":"modelengine:dummy_teemo_red/bone3"},{"predicate":{"custom_model_data":157},"model":"modelengine:dummy_teemo_red/bone4"},{"predicate":{"custom_model_data":158},"model":"modelengine:dummy_teemo_red/bone5"},{"predicate":{"custom_model_data":159},"model":"modelengine:dummy_teemo_red/bone6"},{"predicate":{"custom_model_data":160},"model":"modelengine:flashdrivemob/flashdrivemob"},{"predicate":{"custom_model_data":161},"model":"modelengine:floatingbook/group2"},{"predicate":{"custom_model_data":162},"model":"modelengine:floatingbook/lower"},{"predicate":{"custom_model_data":163},"model":"modelengine:floatingbook/upper"},{"predicate":{"custom_model_data":164},"model":"modelengine:floatingbook/rim"},{"predicate":{"custom_model_data":165},"model":"modelengine:floatingbook/cover"},{"predicate":{"custom_model_data":166},"model":"modelengine:floatingbook/spine"},{"predicate":{"custom_model_data":167},"model":"modelengine:frostfiremage/body"},{"predicate":{"custom_model_data":168},"model":"modelengine:frostfiremage/head"},{"predicate":{"custom_model_data":169},"model":"modelengine:frostfiremage/lleg"},{"predicate":{"custom_model_data":170},"model":"modelengine:frostfiremage/rleg"},{"predicate":{"custom_model_data":171},"model":"modelengine:frostfiremage/larm"},{"predicate":{"custom_model_data":172},"model":"modelengine:frostfiremage/rarm"},{"predicate":{"custom_model_data":173},"model":"modelengine:fungun/hat"},{"predicate":{"custom_model_data":174},"model":"modelengine:fungun/body"},{"predicate":{"custom_model_data":175},"model":"modelengine:fungun/lleg"},{"predicate":{"custom_model_data":176},"model":"modelengine:fungun/rleg"},{"predicate":{"custom_model_data":177},"model":"modelengine:gatsbycar/gatsbycar"},{"predicate":{"custom_model_data":178},"model":"modelengine:gatsbycar/wheel4"},{"predicate":{"custom_model_data":179},"model":"modelengine:gatsbycar/wheel3"},{"predicate":{"custom_model_data":180},"model":"modelengine:gatsbycar/wheel2"},{"predicate":{"custom_model_data":181},"model":"modelengine:gatsbycar/wheel1"},{"predicate":{"custom_model_data":182},"model":"modelengine:goblin/clothes"},{"predicate":{"custom_model_data":183},"model":"modelengine:goblin/upper"},{"predicate":{"custom_model_data":184},"model":"modelengine:goblin/lleg"},{"predicate":{"custom_model_data":185},"model":"modelengine:goblin/rleg"},{"predicate":{"custom_model_data":186},"model":"modelengine:goblin/head"},{"predicate":{"custom_model_data":187},"model":"modelengine:goblin/larm"},{"predicate":{"custom_model_data":188},"model":"modelengine:goblin/rarm"},{"predicate":{"custom_model_data":189},"model":"modelengine:goblin/llleg"},{"predicate":{"custom_model_data":190},"model":"modelengine:goblin/rlleg"},{"predicate":{"custom_model_data":191},"model":"modelengine:goblin/llarm"},{"predicate":{"custom_model_data":192},"model":"modelengine:goblin/rlarm"},{"predicate":{"custom_model_data":193},"model":"modelengine:goblin/weapon"},{"predicate":{"custom_model_data":194},"model":"modelengine:gof/floatingthing"},{"predicate":{"custom_model_data":195},"model":"modelengine:gof/upperbody"},{"predicate":{"custom_model_data":196},"model":"modelengine:gof/lowerbody"},{"predicate":{"custom_model_data":197},"model":"modelengine:gof/bone17"},{"predicate":{"custom_model_data":198},"model":"modelengine:gof/bone5"},{"predicate":{"custom_model_data":199},"model":"modelengine:gof/bone4"},{"predicate":{"custom_model_data":200},"model":"modelengine:gof/bone10"},{"predicate":{"custom_model_data":201},"model":"modelengine:gof/bone"},{"predicate":{"custom_model_data":202},"model":"modelengine:gof/bone7"},{"predicate":{"custom_model_data":203},"model":"modelengine:gof/bone6"},{"predicate":{"custom_model_data":204},"model":"modelengine:gof/bone9"},{"predicate":{"custom_model_data":205},"model":"modelengine:gof/bone8"},{"predicate":{"custom_model_data":206},"model":"modelengine:gof/bone11"},{"predicate":{"custom_model_data":207},"model":"modelengine:gof/bone12"},{"predicate":{"custom_model_data":208},"model":"modelengine:gof/spinningicicles"},{"predicate":{"custom_model_data":209},"model":"modelengine:gof/bone3"},{"predicate":{"custom_model_data":210},"model":"modelengine:gof/bone2"},{"predicate":{"custom_model_data":211},"model":"modelengine:gof/head"},{"predicate":{"custom_model_data":212},"model":"modelengine:gof/bone18"},{"predicate":{"custom_model_data":213},"model":"modelengine:gof/bone19"},{"predicate":{"custom_model_data":214},"model":"modelengine:gof/bone20"},{"predicate":{"custom_model_data":215},"model":"modelengine:gof/bone21"},{"predicate":{"custom_model_data":216},"model":"modelengine:gof/icicles10"},{"predicate":{"custom_model_data":217},"model":"modelengine:gof/icicles12"},{"predicate":{"custom_model_data":218},"model":"modelengine:gof/icicles11"},{"predicate":{"custom_model_data":219},"model":"modelengine:gof/icicles8"},{"predicate":{"custom_model_data":220},"model":"modelengine:gof/icicles9"},{"predicate":{"custom_model_data":221},"model":"modelengine:gof/icicles6"},{"predicate":{"custom_model_data":222},"model":"modelengine:gof/icicles7"},{"predicate":{"custom_model_data":223},"model":"modelengine:gof/icicles18"},{"predicate":{"custom_model_data":224},"model":"modelengine:gof/icicles17"},{"predicate":{"custom_model_data":225},"model":"modelengine:gof/icicles19"},{"predicate":{"custom_model_data":226},"model":"modelengine:gof/icicles14"},{"predicate":{"custom_model_data":227},"model":"modelengine:gof/icicles13"},{"predicate":{"custom_model_data":228},"model":"modelengine:gof/icicles16"},{"predicate":{"custom_model_data":229},"model":"modelengine:gof/icicles15"},{"predicate":{"custom_model_data":230},"model":"modelengine:gof/icicles"},{"predicate":{"custom_model_data":231},"model":"modelengine:gof/icicles4"},{"predicate":{"custom_model_data":232},"model":"modelengine:gof/icicles5"},{"predicate":{"custom_model_data":233},"model":"modelengine:gof/icicles2"},{"predicate":{"custom_model_data":234},"model":"modelengine:gof/icicles3"},{"predicate":{"custom_model_data":235},"model":"modelengine:gof/larm"},{"predicate":{"custom_model_data":236},"model":"modelengine:gof/rarm"},{"predicate":{"custom_model_data":237},"model":"modelengine:gof/llarm"},{"predicate":{"custom_model_data":238},"model":"modelengine:gof/rlarm"},{"predicate":{"custom_model_data":239},"model":"modelengine:gunsword/gunsword"},{"predicate":{"custom_model_data":240},"model":"modelengine:highresteemo/head"},{"predicate":{"custom_model_data":241},"model":"modelengine:highresteemo/torsoupper"},{"predicate":{"custom_model_data":242},"model":"modelengine:highresteemo/right_eye"},{"predicate":{"custom_model_data":243},"model":"modelengine:highresteemo/right_eyebrow"},{"predicate":{"custom_model_data":244},"model":"modelengine:highresteemo/left_eye"},{"predicate":{"custom_model_data":245},"model":"modelengine:highresteemo/wood"},{"predicate":{"custom_model_data":246},"model":"modelengine:highresteemo/right_ear"},{"predicate":{"custom_model_data":247},"model":"modelengine:highresteemo/left_eyebrow"},{"predicate":{"custom_model_data":248},"model":"modelengine:highresteemo/left_ear"},{"predicate":{"custom_model_data":249},"model":"modelengine:highresteemo/right_arm"},{"predicate":{"custom_model_data":250},"model":"modelengine:highresteemo/left_arm"},{"predicate":{"custom_model_data":251},"model":"modelengine:highresteemo/torsomiddle"},{"predicate":{"custom_model_data":252},"model":"modelengine:highresteemo/back_leaf"},{"predicate":{"custom_model_data":253},"model":"modelengine:highresteemo/right_lowerarm"},{"predicate":{"custom_model_data":254},"model":"modelengine:highresteemo/left_lowerarm"},{"predicate":{"custom_model_data":255},"model":"modelengine:highresteemo/torsobottom"},{"predicate":{"custom_model_data":256},"model":"modelengine:highresteemo/left_hand"},{"predicate":{"custom_model_data":257},"model":"modelengine:highresteemo/left_leg"},{"predicate":{"custom_model_data":258},"model":"modelengine:highresteemo/right_leg"},{"predicate":{"custom_model_data":259},"model":"modelengine:highresteemo/bamboo"},{"predicate":{"custom_model_data":260},"model":"modelengine:highresteemo/left_lowerleg"},{"predicate":{"custom_model_data":261},"model":"modelengine:highresteemo/right_lowerleg"},{"predicate":{"custom_model_data":262},"model":"modelengine:highresteemo/left_foot"},{"predicate":{"custom_model_data":263},"model":"modelengine:highresteemo/right_foot"},{"predicate":{"custom_model_data":264},"model":"modelengine:icebullet/bone"},{"predicate":{"custom_model_data":265},"model":"modelengine:idk/head"},{"predicate":{"custom_model_data":266},"model":"modelengine:idk/arms"},{"predicate":{"custom_model_data":267},"model":"modelengine:idk/equip"},{"predicate":{"custom_model_data":268},"model":"modelengine:idk/body"},{"predicate":{"custom_model_data":269},"model":"modelengine:idk/legs"},{"predicate":{"custom_model_data":270},"model":"modelengine:kronii/kronii"},{"predicate":{"custom_model_data":271},"model":"modelengine:kronii/hip"},{"predicate":{"custom_model_data":272},"model":"modelengine:kronii/waist"},{"predicate":{"custom_model_data":273},"model":"modelengine:kronii/chest"},{"predicate":{"custom_model_data":274},"model":"modelengine:kronii/up"},{"predicate":{"custom_model_data":275},"model":"modelengine:kronii/thighs2"},{"predicate":{"custom_model_data":276},"model":"modelengine:kronii/calves"},{"predicate":{"custom_model_data":277},"model":"modelengine:kronii/thighs"},{"predicate":{"custom_model_data":278},"model":"modelengine:kronii/calf"},{"predicate":{"custom_model_data":279},"model":"modelengine:kronii/cape"},{"predicate":{"custom_model_data":280},"model":"modelengine:kronii/upperlshoulder"},{"predicate":{"custom_model_data":281},"model":"modelengine:kronii/lowerlarm"},{"predicate":{"custom_model_data":282},"model":"modelengine:kronii/rightb"},{"predicate":{"custom_model_data":283},"model":"modelengine:kronii/ribbon"},{"predicate":{"custom_model_data":284},"model":"modelengine:kronii/leftb"},{"predicate":{"custom_model_data":285},"model":"modelengine:kronii/head"},{"predicate":{"custom_model_data":286},"model":"modelengine:kronii/lowerrarm"},{"predicate":{"custom_model_data":287},"model":"modelengine:kronii/upperrshoulder"},{"predicate":{"custom_model_data":288},"model":"modelengine:kronii/shoes2"},{"predicate":{"custom_model_data":289},"model":"modelengine:kronii/shoes"},{"predicate":{"custom_model_data":290},"model":"modelengine:kronii/sword2"},{"predicate":{"custom_model_data":291},"model":"modelengine:kronii/whitehat"},{"predicate":{"custom_model_data":292},"model":"modelengine:kronii/righttwintail"},{"predicate":{"custom_model_data":293},"model":"modelengine:kronii/whitehat2"},{"predicate":{"custom_model_data":294},"model":"modelengine:kronii/lefttwintail"},{"predicate":{"custom_model_data":295},"model":"modelengine:kronii/sword1"},{"predicate":{"custom_model_data":296},"model":"modelengine:moab/blimp"},{"predicate":{"custom_model_data":297},"model":"modelengine:moab/propl"},{"predicate":{"custom_model_data":298},"model":"modelengine:motherspider/head"},{"predicate":{"custom_model_data":299},"model":"modelengine:motherspider/leg1"},{"predicate":{"custom_model_data":300},"model":"modelengine:motherspider/leg4"},{"predicate":{"custom_model_data":301},"model":"modelengine:motherspider/leg5"},{"predicate":{"custom_model_data":302},"model":"modelengine:motherspider/leg2"},{"predicate":{"custom_model_data":303},"model":"modelengine:motherspider/leg3"},{"predicate":{"custom_model_data":304},"model":"modelengine:motherspider/leg8"},{"predicate":{"custom_model_data":305},"model":"modelengine:motherspider/leg6"},{"predicate":{"custom_model_data":306},"model":"modelengine:motherspider/leg7"},{"predicate":{"custom_model_data":307},"model":"modelengine:motherspider/body"},{"predicate":{"custom_model_data":308},"model":"modelengine:motherspider/bone2"},{"predicate":{"custom_model_data":309},"model":"modelengine:motherspider/bone"},{"predicate":{"custom_model_data":310},"model":"modelengine:motherspider/bone3"},{"predicate":{"custom_model_data":311},"model":"modelengine:motherspider/bone12"},{"predicate":{"custom_model_data":312},"model":"modelengine:motherspider/bone15"},{"predicate":{"custom_model_data":313},"model":"modelengine:motherspider/bone6"},{"predicate":{"custom_model_data":314},"model":"modelengine:motherspider/bone9"},{"predicate":{"custom_model_data":315},"model":"modelengine:motherspider/bone24"},{"predicate":{"custom_model_data":316},"model":"modelengine:motherspider/bone18"},{"predicate":{"custom_model_data":317},"model":"modelengine:motherspider/bone21"},{"predicate":{"custom_model_data":318},"model":"modelengine:motherspider/bone4"},{"predicate":{"custom_model_data":319},"model":"modelengine:motherspider/bone13"},{"predicate":{"custom_model_data":320},"model":"modelengine:motherspider/bone16"},{"predicate":{"custom_model_data":321},"model":"modelengine:motherspider/bone7"},{"predicate":{"custom_model_data":322},"model":"modelengine:motherspider/bone10"},{"predicate":{"custom_model_data":323},"model":"modelengine:motherspider/bone25"},{"predicate":{"custom_model_data":324},"model":"modelengine:motherspider/bone19"},{"predicate":{"custom_model_data":325},"model":"modelengine:motherspider/bone22"},{"predicate":{"custom_model_data":326},"model":"modelengine:motherspider/bone5"},{"predicate":{"custom_model_data":327},"model":"modelengine:motherspider/bone14"},{"predicate":{"custom_model_data":328},"model":"modelengine:motherspider/bone17"},{"predicate":{"custom_model_data":329},"model":"modelengine:motherspider/bone8"},{"predicate":{"custom_model_data":330},"model":"modelengine:motherspider/bone11"},{"predicate":{"custom_model_data":331},"model":"modelengine:motherspider/bone26"},{"predicate":{"custom_model_data":332},"model":"modelengine:motherspider/bone20"},{"predicate":{"custom_model_data":333},"model":"modelengine:motherspider/bone23"},{"predicate":{"custom_model_data":334},"model":"modelengine:mushroom1/rightleg"},{"predicate":{"custom_model_data":335},"model":"modelengine:mushroom1/leftleg"},{"predicate":{"custom_model_data":336},"model":"modelengine:mushroom1/body"},{"predicate":{"custom_model_data":337},"model":"modelengine:mushroom2/rightleg"},{"predicate":{"custom_model_data":338},"model":"modelengine:mushroom2/leftleg"},{"predicate":{"custom_model_data":339},"model":"modelengine:mushroom2/body"},{"predicate":{"custom_model_data":340},"model":"modelengine:mushroom3/rightleg"},{"predicate":{"custom_model_data":341},"model":"modelengine:mushroom3/leftleg"},{"predicate":{"custom_model_data":342},"model":"modelengine:mushroom3/body"},{"predicate":{"custom_model_data":343},"model":"modelengine:mushroom4/rightleg"},{"predicate":{"custom_model_data":344},"model":"modelengine:mushroom4/leftleg"},{"predicate":{"custom_model_data":345},"model":"modelengine:mushroom4/body"},{"predicate":{"custom_model_data":346},"model":"modelengine:mushroom5/rightleg"},{"predicate":{"custom_model_data":347},"model":"modelengine:mushroom5/leftleg"},{"predicate":{"custom_model_data":348},"model":"modelengine:mushroom5/body"},{"predicate":{"custom_model_data":349},"model":"modelengine:mushroom6/rightleg"},{"predicate":{"custom_model_data":350},"model":"modelengine:mushroom6/leftleg"},{"predicate":{"custom_model_data":351},"model":"modelengine:mushroom6/body"},{"predicate":{"custom_model_data":352},"model":"modelengine:mushroom7/rightleg"},{"predicate":{"custom_model_data":353},"model":"modelengine:mushroom7/leftleg"},{"predicate":{"custom_model_data":354},"model":"modelengine:mushroom7/body"},{"predicate":{"custom_model_data":355},"model":"modelengine:mushroom8/rightleg"},{"predicate":{"custom_model_data":356},"model":"modelengine:mushroom8/leftleg"},{"predicate":{"custom_model_data":357},"model":"modelengine:mushroom8/body"},{"predicate":{"custom_model_data":358},"model":"modelengine:oceanmonster/bone"},{"predicate":{"custom_model_data":359},"model":"modelengine:oceanmonster/bone3"},{"predicate":{"custom_model_data":360},"model":"modelengine:oceanmonster/bone2"},{"predicate":{"custom_model_data":361},"model":"modelengine:oceanmonster/bone5"},{"predicate":{"custom_model_data":362},"model":"modelengine:oceanmonster/bone4"},{"predicate":{"custom_model_data":363},"model":"modelengine:oceanmonster/bone6"},{"predicate":{"custom_model_data":364},"model":"modelengine:oceanmonster/bone8"},{"predicate":{"custom_model_data":365},"model":"modelengine:ogre/upperbody"},{"predicate":{"custom_model_data":366},"model":"modelengine:ogre/lowerbody"},{"predicate":{"custom_model_data":367},"model":"modelengine:ogre/head"},{"predicate":{"custom_model_data":368},"model":"modelengine:ogre/jaw"},{"predicate":{"custom_model_data":369},"model":"modelengine:ogre/larm"},{"predicate":{"custom_model_data":370},"model":"modelengine:ogre/rarm"},{"predicate":{"custom_model_data":371},"model":"modelengine:ogre/lleg"},{"predicate":{"custom_model_data":372},"model":"modelengine:ogre/rleg"},{"predicate":{"custom_model_data":373},"model":"modelengine:ogre/llarm"},{"predicate":{"custom_model_data":374},"model":"modelengine:ogre/rlarm"},{"predicate":{"custom_model_data":375},"model":"modelengine:ogre/llleg"},{"predicate":{"custom_model_data":376},"model":"modelengine:ogre/rlleg"},{"predicate":{"custom_model_data":377},"model":"modelengine:peashooter/head"},{"predicate":{"custom_model_data":378},"model":"modelengine:peashooter/stem"},{"predicate":{"custom_model_data":379},"model":"modelengine:peashooter/mouth"},{"predicate":{"custom_model_data":380},"model":"modelengine:potatomine/ball"},{"predicate":{"custom_model_data":381},"model":"modelengine:potatomine/layer1"},{"predicate":{"custom_model_data":382},"model":"modelengine:potatomine/stick"},{"predicate":{"custom_model_data":383},"model":"modelengine:potatomine/layer2"},{"predicate":{"custom_model_data":384},"model":"modelengine:rainbow/bone"},{"predicate":{"custom_model_data":385},"model":"modelengine:redstonegolem/head"},{"predicate":{"custom_model_data":386},"model":"modelengine:redstonegolem/core"},{"predicate":{"custom_model_data":387},"model":"modelengine:redstonegolem/upperbody"},{"predicate":{"custom_model_data":388},"model":"modelengine:redstonegolem/lowerbody"},{"predicate":{"custom_model_data":389},"model":"modelengine:redstonegolem/lkneebelow"},{"predicate":{"custom_model_data":390},"model":"modelengine:redstonegolem/lkneeup"},{"predicate":{"custom_model_data":391},"model":"modelengine:redstonegolem/rkneeup"},{"predicate":{"custom_model_data":392},"model":"modelengine:redstonegolem/rkneebelow"},{"predicate":{"custom_model_data":393},"model":"modelengine:redstonegolem/llowerarm"},{"predicate":{"custom_model_data":394},"model":"modelengine:redstonegolem/lupperarm"},{"predicate":{"custom_model_data":395},"model":"modelengine:redstonegolem/rupperarm"},{"predicate":{"custom_model_data":396},"model":"modelengine:redstonegolem/rlowerarm"},{"predicate":{"custom_model_data":397},"model":"modelengine:rockbullet/bone"},{"predicate":{"custom_model_data":398},"model":"modelengine:rockgolem/body"},{"predicate":{"custom_model_data":399},"model":"modelengine:rockgolem/lleg"},{"predicate":{"custom_model_data":400},"model":"modelengine:rockgolem/rleg"},{"predicate":{"custom_model_data":401},"model":"modelengine:rockgolem/upperbody"},{"predicate":{"custom_model_data":402},"model":"modelengine:rockgolem/llleg"},{"predicate":{"custom_model_data":403},"model":"modelengine:rockgolem/lrleg"},{"predicate":{"custom_model_data":404},"model":"modelengine:rockgolem/head"},{"predicate":{"custom_model_data":405},"model":"modelengine:rockgolem/rarm"},{"predicate":{"custom_model_data":406},"model":"modelengine:rockgolem/lankle"},{"predicate":{"custom_model_data":407},"model":"modelengine:rockgolem/rankle"},{"predicate":{"custom_model_data":408},"model":"modelengine:rockgolem/jaw"},{"predicate":{"custom_model_data":409},"model":"modelengine:rockgolem/emergencywork"},{"predicate":{"custom_model_data":410},"model":"modelengine:rockgolem/lrarm"},{"predicate":{"custom_model_data":411},"model":"modelengine:rockgolem/llarm"},{"predicate":{"custom_model_data":412},"model":"modelengine:rockgolem/rhand"},{"predicate":{"custom_model_data":413},"model":"modelengine:pixieslime/pixieslime"},{"predicate":{"custom_model_data":414},"model":"modelengine:sans/cutmark"},{"predicate":{"custom_model_data":415},"model":"modelengine:sans/upperbody"},{"predicate":{"custom_model_data":416},"model":"modelengine:sans/lowerbody"},{"predicate":{"custom_model_data":417},"model":"modelengine:sans/head"},{"predicate":{"custom_model_data":418},"model":"modelengine:sans/larm"},{"predicate":{"custom_model_data":419},"model":"modelengine:sans/rarm"},{"predicate":{"custom_model_data":420},"model":"modelengine:sans/lleg"},{"predicate":{"custom_model_data":421},"model":"modelengine:sans/rleg"},{"predicate":{"custom_model_data":422},"model":"modelengine:sans/llowerarm"},{"predicate":{"custom_model_data":423},"model":"modelengine:sans/rlowerarm"},{"predicate":{"custom_model_data":424},"model":"modelengine:sans/llowerleg"},{"predicate":{"custom_model_data":425},"model":"modelengine:sans/rlowerleg"},{"predicate":{"custom_model_data":426},"model":"modelengine:saunasprite/tub"},{"predicate":{"custom_model_data":427},"model":"modelengine:saunasprite/sprite"},{"predicate":{"custom_model_data":428},"model":"modelengine:saunasprite/1"},{"predicate":{"custom_model_data":429},"model":"modelengine:saunasprite/2"},{"predicate":{"custom_model_data":430},"model":"modelengine:saunasprite/3"},{"predicate":{"custom_model_data":431},"model":"modelengine:saunasprite/4"},{"predicate":{"custom_model_data":432},"model":"modelengine:saunasprite/5"},{"predicate":{"custom_model_data":433},"model":"modelengine:saunasprite/6"},{"predicate":{"custom_model_data":434},"model":"modelengine:saunasprite/7"},{"predicate":{"custom_model_data":435},"model":"modelengine:saunasprite/8"},{"predicate":{"custom_model_data":436},"model":"modelengine:saunasprite/towel"},{"predicate":{"custom_model_data":437},"model":"modelengine:saunasprite/larm"},{"predicate":{"custom_model_data":438},"model":"modelengine:saunasprite/rarm"},{"predicate":{"custom_model_data":439},"model":"modelengine:shroom/shroom"},{"predicate":{"custom_model_data":440},"model":"modelengine:shroominvis/shroom"},{"predicate":{"custom_model_data":441},"model":"modelengine:snail2/bone"},{"predicate":{"custom_model_data":442},"model":"modelengine:snail2/bone3"},{"predicate":{"custom_model_data":443},"model":"modelengine:snail2/bone2"},{"predicate":{"custom_model_data":444},"model":"modelengine:spiderqueen/abdomen"},{"predicate":{"custom_model_data":445},"model":"modelengine:spiderqueen/cephalothorax"},{"predicate":{"custom_model_data":446},"model":"modelengine:spiderqueen/leg1"},{"predicate":{"custom_model_data":447},"model":"modelengine:spiderqueen/leg4"},{"predicate":{"custom_model_data":448},"model":"modelengine:spiderqueen/leg5"},{"predicate":{"custom_model_data":449},"model":"modelengine:spiderqueen/leg2"},{"predicate":{"custom_model_data":450},"model":"modelengine:spiderqueen/leg3"},{"predicate":{"custom_model_data":451},"model":"modelengine:spiderqueen/leg6"},{"predicate":{"custom_model_data":452},"model":"modelengine:spiderqueen/body"},{"predicate":{"custom_model_data":453},"model":"modelengine:spiderqueen/leg12"},{"predicate":{"custom_model_data":454},"model":"modelengine:spiderqueen/leg42"},{"predicate":{"custom_model_data":455},"model":"modelengine:spiderqueen/leg52"},{"predicate":{"custom_model_data":456},"model":"modelengine:spiderqueen/leg22"},{"predicate":{"custom_model_data":457},"model":"modelengine:spiderqueen/leg32"},{"predicate":{"custom_model_data":458},"model":"modelengine:spiderqueen/leg62"},{"predicate":{"custom_model_data":459},"model":"modelengine:spiderqueen/head"},{"predicate":{"custom_model_data":460},"model":"modelengine:spiderqueen/chest"},{"predicate":{"custom_model_data":461},"model":"modelengine:spiderqueen/fangs"},{"predicate":{"custom_model_data":462},"model":"modelengine:spiderqueen/leg13"},{"predicate":{"custom_model_data":463},"model":"modelengine:spiderqueen/leg43"},{"predicate":{"custom_model_data":464},"model":"modelengine:spiderqueen/leg53"},{"predicate":{"custom_model_data":465},"model":"modelengine:spiderqueen/leg23"},{"predicate":{"custom_model_data":466},"model":"modelengine:spiderqueen/leg33"},{"predicate":{"custom_model_data":467},"model":"modelengine:spiderqueen/leg63"},{"predicate":{"custom_model_data":468},"model":"modelengine:spiderqueen/lowerfangs"},{"predicate":{"custom_model_data":469},"model":"modelengine:spiderqueen/larm"},{"predicate":{"custom_model_data":470},"model":"modelengine:spiderqueen/rarm"},{"predicate":{"custom_model_data":471},"model":"modelengine:teemo/head"},{"predicate":{"custom_model_data":472},"model":"modelengine:teemo/torsoupper"},{"predicate":{"custom_model_data":473},"model":"modelengine:teemo/right_eyebrow"},{"predicate":{"custom_model_data":474},"model":"modelengine:teemo/wood"},{"predicate":{"custom_model_data":475},"model":"modelengine:teemo/right_ear"},{"predicate":{"custom_model_data":476},"model":"modelengine:teemo/left_eyebrow"},{"predicate":{"custom_model_data":477},"model":"modelengine:teemo/left_ear"},{"predicate":{"custom_model_data":478},"model":"modelengine:teemo/right_arm"},{"predicate":{"custom_model_data":479},"model":"modelengine:teemo/left_arm"},{"predicate":{"custom_model_data":480},"model":"modelengine:teemo/torsomiddle"},{"predicate":{"custom_model_data":481},"model":"modelengine:teemo/right_lowerarm"},{"predicate":{"custom_model_data":482},"model":"modelengine:teemo/left_lowerarm"},{"predicate":{"custom_model_data":483},"model":"modelengine:teemo/torsobottom"},{"predicate":{"custom_model_data":484},"model":"modelengine:teemo/left_hand"},{"predicate":{"custom_model_data":485},"model":"modelengine:teemo/left_leg"},{"predicate":{"custom_model_data":486},"model":"modelengine:teemo/right_leg"},{"predicate":{"custom_model_data":487},"model":"modelengine:teemo/bamboo"},{"predicate":{"custom_model_data":488},"model":"modelengine:teemo/left_lowerleg"},{"predicate":{"custom_model_data":489},"model":"modelengine:teemo/right_lowerleg"},{"predicate":{"custom_model_data":490},"model":"modelengine:teemo/left_foot"},{"predicate":{"custom_model_data":491},"model":"modelengine:teemo/right_foot"},{"predicate":{"custom_model_data":492},"model":"modelengine:testbigblock/testbigblock"},{"predicate":{"custom_model_data":493},"model":"modelengine:toyrobot/head"},{"predicate":{"custom_model_data":494},"model":"modelengine:toyrobot/rightleg"},{"predicate":{"custom_model_data":495},"model":"modelengine:toyrobot/rightarm"},{"predicate":{"custom_model_data":496},"model":"modelengine:toyrobot/leftleg"},{"predicate":{"custom_model_data":497},"model":"modelengine:toyrobot/leftarm"},{"predicate":{"custom_model_data":498},"model":"modelengine:toyrobot/body"},{"predicate":{"custom_model_data":499},"model":"modelengine:rockgolem/p_seat"},{"predicate":{"custom_model_data":500},"model":"modelengine:teletubbies/upperbody"},{"predicate":{"custom_model_data":501},"model":"modelengine:teletubbies/head"},{"predicate":{"custom_model_data":502},"model":"modelengine:teletubbies/corner1"},{"predicate":{"custom_model_data":503},"model":"modelengine:teletubbies/corner2"},{"predicate":{"custom_model_data":504},"model":"modelengine:teletubbies/corner3"},{"predicate":{"custom_model_data":505},"model":"modelengine:teletubbies/corner4"},{"predicate":{"custom_model_data":506},"model":"modelengine:teletubbies/lleg"},{"predicate":{"custom_model_data":507},"model":"modelengine:teletubbies/rleg"},{"predicate":{"custom_model_data":508},"model":"modelengine:teletubbies/cover"},{"predicate":{"custom_model_data":509},"model":"modelengine:teletubbies/face"},{"predicate":{"custom_model_data":510},"model":"modelengine:teletubbies/larm"},{"predicate":{"custom_model_data":511},"model":"modelengine:teletubbies/rarm"},{"predicate":{"custom_model_data":512},"model":"modelengine:teletubbies/llleg"},{"predicate":{"custom_model_data":513},"model":"modelengine:teletubbies/rlleg"},{"predicate":{"custom_model_data":514},"model":"modelengine:teletubbies/llarm"},{"predicate":{"custom_model_data":515},"model":"modelengine:teletubbies/rlarm"},{"predicate":{"custom_model_data":516},"model":"modelengine:teslacoil/teslacoil"},{"predicate":{"custom_model_data":517},"model":"modelengine:teslacoil/ball"},{"predicate":{"custom_model_data":518},"model":"modelengine:teslacoil/eastf"},{"predicate":{"custom_model_data":519},"model":"modelengine:teslacoil/southb"},{"predicate":{"custom_model_data":520},"model":"modelengine:teslacoil/northf"},{"predicate":{"custom_model_data":521},"model":"modelengine:teslacoil/eastb"},{"predicate":{"custom_model_data":522},"model":"modelengine:teslacoil/southf"},{"predicate":{"custom_model_data":523},"model":"modelengine:teslacoil/northb"},{"predicate":{"custom_model_data":524},"model":"modelengine:teslacoil/westf"},{"predicate":{"custom_model_data":525},"model":"modelengine:teslacoil/westb"},{"predicate":{"custom_model_data":526},"model":"modelengine:dustfairy/dustfairy"},{"predicate":{"custom_model_data":527},"model":"modelengine:dustfairy/head"},{"predicate":{"custom_model_data":528},"model":"modelengine:smallpixieslime/smallpixieslime"},{"predicate":{"custom_model_data":529},"model":"modelengine:breeze/breeze"},{"predicate":{"custom_model_data":530},"model":"modelengine:breeze/head"},{"predicate":{"custom_model_data":531},"model":"modelengine:breeze/small"},{"predicate":{"custom_model_data":532},"model":"modelengine:breeze/large"},{"predicate":{"custom_model_data":533},"model":"modelengine:breeze/medium"},{"predicate":{"custom_model_data":534},"model":"modelengine:cloudspirit/cloudspirit"},{"predicate":{"custom_model_data":535},"model":"modelengine:whirlwindcreeper/whirlwindcreeper"},{"predicate":{"custom_model_data":536},"model":"modelengine:whirlwindcreeper/head"},{"predicate":{"custom_model_data":537},"model":"modelengine:whirlwindcreeper/legs"},{"predicate":{"custom_model_data":538},"model":"modelengine:windboss/upper"},{"predicate":{"custom_model_data":539},"model":"modelengine:windboss/head"},{"predicate":{"custom_model_data":540},"model":"modelengine:windboss/hat"},{"predicate":{"custom_model_data":541},"model":"modelengine:windboss/ura"},{"predicate":{"custom_model_data":542},"model":"modelengine:windboss/ula"},{"predicate":{"custom_model_data":543},"model":"modelengine:windboss/ull"},{"predicate":{"custom_model_data":544},"model":"modelengine:windboss/url"},{"predicate":{"custom_model_data":545},"model":"modelengine:windboss/lra"},{"predicate":{"custom_model_data":546},"model":"modelengine:windboss/lla"},{"predicate":{"custom_model_data":547},"model":"modelengine:windboss/lll"},{"predicate":{"custom_model_data":548},"model":"modelengine:windboss/lrl"},{"predicate":{"custom_model_data":549},"model":"modelengine:windboss/weapon"},{"predicate":{"custom_model_data":550},"model":"modelengine:airdragonfly/airdragonfly"},{"predicate":{"custom_model_data":551},"model":"modelengine:airdragonfly/head"},{"predicate":{"custom_model_data":552},"model":"modelengine:airdragonfly/rwing"},{"predicate":{"custom_model_data":553},"model":"modelengine:airdragonfly/lwing"},{"predicate":{"custom_model_data":554},"model":"modelengine:airgolem/upper"},{"predicate":{"custom_model_data":555},"model":"modelengine:airgolem/lower"},{"predicate":{"custom_model_data":556},"model":"modelengine:airgolem/head"},{"predicate":{"custom_model_data":557},"model":"modelengine:airgolem/ura"},{"predicate":{"custom_model_data":558},"model":"modelengine:airgolem/ula"},{"predicate":{"custom_model_data":559},"model":"modelengine:airgolem/ull"},{"predicate":{"custom_model_data":560},"model":"modelengine:airgolem/url"},{"predicate":{"custom_model_data":561},"model":"modelengine:airgolem/lra"},{"predicate":{"custom_model_data":562},"model":"modelengine:airgolem/lla"},{"predicate":{"custom_model_data":563},"model":"modelengine:airgolem/lll"},{"predicate":{"custom_model_data":564},"model":"modelengine:airgolem/lrl"},{"predicate":{"custom_model_data":565},"model":"modelengine:boxingcrab/leg1"},{"predicate":{"custom_model_data":566},"model":"modelengine:shark/jaw"},{"predicate":{"custom_model_data":567},"model":"modelengine:shark/top"},{"predicate":{"custom_model_data":568},"model":"modelengine:shark/2"},{"predicate":{"custom_model_data":569},"model":"modelengine:shark/tfin"},{"predicate":{"custom_model_data":570},"model":"modelengine:shark/3"},{"predicate":{"custom_model_data":571},"model":"modelengine:shark/rfin"},{"predicate":{"custom_model_data":572},"model":"modelengine:shark/lfin"},{"predicate":{"custom_model_data":573},"model":"modelengine:shark/4"},{"predicate":{"custom_model_data":574},"model":"modelengine:shark/5"},{"predicate":{"custom_model_data":575},"model":"modelengine:shark/tail"},{"predicate":{"custom_model_data":576},"model":"modelengine:shark/1"},{"predicate":{"custom_model_data":577},"model":"modelengine:deer/deer"},{"predicate":{"custom_model_data":578},"model":"modelengine:deer/frl"},{"predicate":{"custom_model_data":579},"model":"modelengine:deer/bll"},{"predicate":{"custom_model_data":580},"model":"modelengine:deer/tail"},{"predicate":{"custom_model_data":581},"model":"modelengine:deer/fll"},{"predicate":{"custom_model_data":582},"model":"modelengine:deer/neck"},{"predicate":{"custom_model_data":583},"model":"modelengine:deer/brl"},{"predicate":{"custom_model_data":584},"model":"modelengine:boxingcrab/leg4"},{"predicate":{"custom_model_data":585},"model":"modelengine:boxingcrab/leg5"},{"predicate":{"custom_model_data":586},"model":"modelengine:boxingcrab/leg2"},{"predicate":{"custom_model_data":587},"model":"modelengine:boxingcrab/leg3"},{"predicate":{"custom_model_data":588},"model":"modelengine:boxingcrab/leg6"},{"predicate":{"custom_model_data":589},"model":"modelengine:boxingcrab/body"},{"predicate":{"custom_model_data":590},"model":"modelengine:boxingcrab/upper3"},{"predicate":{"custom_model_data":591},"model":"modelengine:boxingcrab/upper2"},{"predicate":{"custom_model_data":592},"model":"modelengine:boxingcrab/upper"},{"predicate":{"custom_model_data":593},"model":"modelengine:monkey/monkey"},{"predicate":{"custom_model_data":594},"model":"modelengine:screamgull/screamgull"},{"predicate":{"custom_model_data":595},"model":"modelengine:screamgull/head"},{"predicate":{"custom_model_data":596},"model":"modelengine:screamgull/rwing"},{"predicate":{"custom_model_data":597},"model":"modelengine:screamgull/rfoot"},{"predicate":{"custom_model_data":598},"model":"modelengine:screamgull/lfoot"},{"predicate":{"custom_model_data":599},"model":"modelengine:screamgull/lwing"},{"predicate":{"custom_model_data":600},"model":"modelengine:screamgull/b"},{"predicate":{"custom_model_data":601},"model":"modelengine:screamgull/t"},{"predicate":{"custom_model_data":602},"model":"modelengine:tidestrider/ll"},{"predicate":{"custom_model_data":603},"model":"modelengine:tidestrider/head"},{"predicate":{"custom_model_data":604},"model":"modelengine:tidestrider/surfboard"},{"predicate":{"custom_model_data":605},"model":"modelengine:tidestrider/rl"},{"predicate":{"custom_model_data":606},"model":"modelengine:tidestrider/1"},{"predicate":{"custom_model_data":607},"model":"modelengine:tidestrider/2"},{"predicate":{"custom_model_data":608},"model":"modelengine:tidestrider/3"},{"predicate":{"custom_model_data":609},"model":"modelengine:tidestrider/4"},{"predicate":{"custom_model_data":610},"model":"modelengine:tidestrider/5"},{"predicate":{"custom_model_data":611},"model":"modelengine:tidestrider/6"},{"predicate":{"custom_model_data":612},"model":"modelengine:piranha/body"},{"predicate":{"custom_model_data":613},"model":"modelengine:piranha/mouth"},{"predicate":{"custom_model_data":614},"model":"modelengine:piranha/tail"},{"predicate":{"custom_model_data":615},"model":"modelengine:piranha/fin3"},{"predicate":{"custom_model_data":616},"model":"modelengine:piranha/fin2"},{"predicate":{"custom_model_data":617},"model":"modelengine:piranha/fin"},{"predicate":{"custom_model_data":618},"model":"modelengine:waterboss/upper"},{"predicate":{"custom_model_data":619},"model":"modelengine:waterboss/head"},{"predicate":{"custom_model_data":620},"model":"modelengine:waterboss/ull"},{"predicate":{"custom_model_data":621},"model":"modelengine:waterboss/url"},{"predicate":{"custom_model_data":622},"model":"modelengine:waterboss/hat"},{"predicate":{"custom_model_data":623},"model":"modelengine:waterboss/ura"},{"predicate":{"custom_model_data":624},"model":"modelengine:waterboss/ula"},{"predicate":{"custom_model_data":625},"model":"modelengine:waterboss/lll"},{"predicate":{"custom_model_data":626},"model":"modelengine:waterboss/lrl"},{"predicate":{"custom_model_data":627},"model":"modelengine:waterboss/lra"},{"predicate":{"custom_model_data":628},"model":"modelengine:waterboss/lla"},{"predicate":{"custom_model_data":629},"model":"modelengine:waterboss/sword"},{"predicate":{"custom_model_data":630},"model":"modelengine:waterboss/flintlock"},{"predicate":{"custom_model_data":631},"model":"modelengine:waterboss/rope"},{"predicate":{"custom_model_data":632},"model":"modelengine:gunpirate/head"},{"predicate":{"custom_model_data":633},"model":"modelengine:gunpirate/rightleg"},{"predicate":{"custom_model_data":634},"model":"modelengine:gunpirate/rightarm"},{"predicate":{"custom_model_data":635},"model":"modelengine:gunpirate/leftleg"},{"predicate":{"custom_model_data":636},"model":"modelengine:gunpirate/leftarm"},{"predicate":{"custom_model_data":637},"model":"modelengine:gunpirate/body"},{"predicate":{"custom_model_data":638},"model":"modelengine:gunpirate/gun"},{"predicate":{"custom_model_data":639},"model":"modelengine:swordpirate/head"},{"predicate":{"custom_model_data":640},"model":"modelengine:swordpirate/rightleg"},{"predicate":{"custom_model_data":641},"model":"modelengine:swordpirate/rightarm"},{"predicate":{"custom_model_data":642},"model":"modelengine:swordpirate/leftleg"},{"predicate":{"custom_model_data":643},"model":"modelengine:swordpirate/leftarm"},{"predicate":{"custom_model_data":644},"model":"modelengine:swordpirate/body"},{"predicate":{"custom_model_data":645},"model":"modelengine:swordpirate/sword"},{"predicate":{"custom_model_data":646},"model":"modelengine:martinmodel/uppertorso"},{"predicate":{"custom_model_data":647},"model":"modelengine:martinmodel/lowertorso"},{"predicate":{"custom_model_data":648},"model":"modelengine:martinmodel/head"},{"predicate":{"custom_model_data":649},"model":"modelengine:martinmodel/larm"},{"predicate":{"custom_model_data":650},"model":"modelengine:martinmodel/rarm"},{"predicate":{"custom_model_data":651},"model":"modelengine:martinmodel/lthighs"},{"predicate":{"custom_model_data":652},"model":"modelengine:martinmodel/lknees"},{"predicate":{"custom_model_data":653},"model":"modelengine:martinmodel/lowleftfootcon"},{"predicate":{"custom_model_data":654},"model":"modelengine:martinmodel/lfoot"},{"predicate":{"custom_model_data":655},"model":"modelengine:martinmodel/rknees"},{"predicate":{"custom_model_data":656},"model":"modelengine:martinmodel/rfoot"},{"predicate":{"custom_model_data":657},"model":"modelengine:martinmodel/lowrightfootcon"},{"predicate":{"custom_model_data":658},"model":"modelengine:martinmodel/rthighs"},{"predicate":{"custom_model_data":659},"model":"modelengine:tier1boss/tier1boss"},{"predicate":{"custom_model_data":660},"model":"modelengine:windslime/windslime"},{"predicate":{"custom_model_data":661},"model":"modelengine:windcrawler/lower"},{"predicate":{"custom_model_data":662},"model":"modelengine:windcrawler/upper"},{"predicate":{"custom_model_data":663},"model":"modelengine:windcrawler/lrl"},{"predicate":{"custom_model_data":664},"model":"modelengine:windcrawler/lll"},{"predicate":{"custom_model_data":665},"model":"modelengine:windcrawler/head"},{"predicate":{"custom_model_data":666},"model":"modelengine:windcrawler/ull"},{"predicate":{"custom_model_data":667},"model":"modelengine:windcrawler/url"},{"predicate":{"custom_model_data":668},"model":"modelengine:windcrawler/lrl2"},{"predicate":{"custom_model_data":669},"model":"modelengine:windcrawler/lll2"},{"predicate":{"custom_model_data":670},"model":"modelengine:windcrawler/ull2"},{"predicate":{"custom_model_data":671},"model":"modelengine:windcrawler/url2"},{"predicate":{"custom_model_data":672},"model":"modelengine:mummy/mummy"},{"predicate":{"custom_model_data":673},"model":"modelengine:mummy/ll"},{"predicate":{"custom_model_data":674},"model":"modelengine:mummy/head"},{"predicate":{"custom_model_data":675},"model":"modelengine:mummy/rl"},{"predicate":{"custom_model_data":676},"model":"modelengine:giantlizard/head"},{"predicate":{"custom_model_data":677},"model":"modelengine:giantlizard/1"},{"predicate":{"custom_model_data":678},"model":"modelengine:giantlizard/jaw"},{"predicate":{"custom_model_data":679},"model":"modelengine:giantlizard/2"},{"predicate":{"custom_model_data":680},"model":"modelengine:giantlizard/22"},{"predicate":{"custom_model_data":681},"model":"modelengine:giantlizard/frl"},{"predicate":{"custom_model_data":682},"model":"modelengine:giantlizard/fll"},{"predicate":{"custom_model_data":683},"model":"modelengine:giantlizard/3"},{"predicate":{"custom_model_data":684},"model":"modelengine:giantlizard/bll"},{"predicate":{"custom_model_data":685},"model":"modelengine:giantlizard/brl"},{"predicate":{"custom_model_data":686},"model":"modelengine:giantlizard/4"},{"predicate":{"custom_model_data":687},"model":"modelengine:giantlizard/5"},{"predicate":{"custom_model_data":688},"model":"modelengine:giantlizard/6"},{"predicate":{"custom_model_data":689},"model":"modelengine:giantlizard/7"},{"predicate":{"custom_model_data":690},"model":"modelengine:giantlizard/8"},{"predicate":{"custom_model_data":691},"model":"modelengine:battalionbanner/battalionbanner"},{"predicate":{"custom_model_data":692},"model":"modelengine:condor/lower"},{"predicate":{"custom_model_data":693},"model":"modelengine:condor/ll"},{"predicate":{"custom_model_data":694},"model":"modelengine:condor/upper"},{"predicate":{"custom_model_data":695},"model":"modelengine:condor/rl"},{"predicate":{"custom_model_data":696},"model":"modelengine:condor/head"},{"predicate":{"custom_model_data":697},"model":"modelengine:condor/rw"},{"predicate":{"custom_model_data":698},"model":"modelengine:condor/lw"},{"predicate":{"custom_model_data":699},"model":"modelengine:lostspirit/head"},{"predicate":{"custom_model_data":700},"model":"modelengine:spindriftsnail/spindriftsnail"},{"predicate":{"custom_model_data":701},"model":"modelengine:spindriftsnail/upper"},{"predicate":{"custom_model_data":702},"model":"modelengine:spindriftsnail/head"},{"predicate":{"custom_model_data":703},"model":"modelengine:fallenangel/fallenangel"},{"predicate":{"custom_model_data":704},"model":"modelengine:fallenangel/upper"},{"predicate":{"custom_model_data":705},"model":"modelengine:fallenangel/head"},{"predicate":{"custom_model_data":706},"model":"modelengine:fallenangel/larm"},{"predicate":{"custom_model_data":707},"model":"modelengine:fallenangel/rwing"},{"predicate":{"custom_model_data":708},"model":"modelengine:fallenangel/lwing"},{"predicate":{"custom_model_data":709},"model":"modelengine:fallenangel/rarm"},{"predicate":{"custom_model_data":710},"model":"modelengine:fallenangel/llarm"},{"predicate":{"custom_model_data":711},"model":"modelengine:fallenangel/lrarm"},{"predicate":{"custom_model_data":712},"model":"modelengine:diceking/ll"},{"predicate":{"custom_model_data":713},"model":"modelengine:diceking/upper"},{"predicate":{"custom_model_data":714},"model":"modelengine:diceking/rl"},{"predicate":{"custom_model_data":715},"model":"modelengine:diceking/lll"},{"predicate":{"custom_model_data":716},"model":"modelengine:diceking/head"},{"predicate":{"custom_model_data":717},"model":"modelengine:diceking/la"},{"predicate":{"custom_model_data":718},"model":"modelengine:diceking/ra"},{"predicate":{"custom_model_data":719},"model":"modelengine:diceking/lrl"},{"predicate":{"custom_model_data":720},"model":"modelengine:diceking/smile"},{"predicate":{"custom_model_data":721},"model":"modelengine:diceking/lla"},{"predicate":{"custom_model_data":722},"model":"modelengine:diceking/lra"},{"predicate":{"custom_model_data":723},"model":"modelengine:diceking/lh"},{"predicate":{"custom_model_data":724},"model":"modelengine:diceking/rh"},{"predicate":{"custom_model_data":725},"model":"modelengine:diceking/lt"},{"predicate":{"custom_model_data":726},"model":"modelengine:diceking/lf"},{"predicate":{"custom_model_data":727},"model":"modelengine:diceking/rt"},{"predicate":{"custom_model_data":728},"model":"modelengine:diceking/rf"},{"predicate":{"custom_model_data":729},"model":"modelengine:fakestrider/upper"},{"predicate":{"custom_model_data":730},"model":"modelengine:fakestrider/lower"},{"predicate":{"custom_model_data":731},"model":"modelengine:fakestrider/head"},{"predicate":{"custom_model_data":732},"model":"modelengine:fakestrider/larm"},{"predicate":{"custom_model_data":733},"model":"modelengine:fakestrider/rarm"},{"predicate":{"custom_model_data":734},"model":"modelengine:fakestrider/lleg"},{"predicate":{"custom_model_data":735},"model":"modelengine:fakestrider/rleg"},{"predicate":{"custom_model_data":736},"model":"modelengine:fakestrider/llarm"},{"predicate":{"custom_model_data":737},"model":"modelengine:fakestrider/lrarm"},{"predicate":{"custom_model_data":738},"model":"modelengine:fakestrider/llleg"},{"predicate":{"custom_model_data":739},"model":"modelengine:fakestrider/lrleg"},{"predicate":{"custom_model_data":740},"model":"modelengine:sandworm/sandworm"},{"predicate":{"custom_model_data":741},"model":"modelengine:bluebuff/ubody"},{"predicate":{"custom_model_data":742},"model":"modelengine:bluebuff/lbody"},{"predicate":{"custom_model_data":743},"model":"modelengine:bluebuff/head"},{"predicate":{"custom_model_data":744},"model":"modelengine:bluebuff/larm"},{"predicate":{"custom_model_data":745},"model":"modelengine:bluebuff/rarm"},{"predicate":{"custom_model_data":746},"model":"modelengine:bluebuff/lleg"},{"predicate":{"custom_model_data":747},"model":"modelengine:bluebuff/rleg"},{"predicate":{"custom_model_data":748},"model":"modelengine:bluebuff/llarm"},{"predicate":{"custom_model_data":749},"model":"modelengine:bluebuff/lrarm"},{"predicate":{"custom_model_data":750},"model":"modelengine:bluebuff/llleg"},{"predicate":{"custom_model_data":751},"model":"modelengine:bluebuff/lrleg"}],"parent":"minecraft:item/generated","textures":{"layer0":"minecraft:item/leather_horse_armor"}}