{
	"credit": "Made with Blockbench",
	"texture_size": [32, 32],
	"textures": {
		"0": "block/LuxStaff",
		"particle": "block/LuxStaff"
	},
	"elements": [
		{
			"from": [7.25, 0, 7.25],
			"to": [8.75, 17, 8.75],
			"faces": {
				"north": {"uv": [0, 0, 0.75, 8.5], "texture": "#0"},
				"east": {"uv": [1, 0, 1.75, 8.5], "texture": "#0"},
				"south": {"uv": [2, 0, 2.75, 8.5], "texture": "#0"},
				"west": {"uv": [3, 0, 3.75, 8.5], "texture": "#0"},
				"up": {"uv": [8.75, 8.75, 8, 8], "texture": "#0"},
				"down": {"uv": [0.75, 8.5, 0, 9.25], "texture": "#0"}
			}
		},
		{
			"from": [7.5, 17.5, 8],
			"to": [8.5, 19.5, 9.25],
			"rotation": {"angle": 22.5, "axis": "x", "origin": [8, 18.5, 8.75]},
			"faces": {
				"north": {"uv": [1, 8.5, 1.5, 9.5], "texture": "#0"},
				"east": {"uv": [6, 2, 6.75, 3], "texture": "#0"},
				"south": {"uv": [1.5, 8.5, 2, 9.5], "texture": "#0"},
				"west": {"uv": [6, 3, 6.75, 4], "texture": "#0"},
				"up": {"uv": [10, 3.75, 9.5, 3], "texture": "#0"},
				"down": {"uv": [4, 9.5, 3.5, 10.25], "texture": "#0"}
			}
		},
		{
			"from": [7.5, 17.5, 6.75],
			"to": [8.5, 19.5, 7.75],
			"rotation": {"angle": -22.5, "axis": "x", "origin": [8, 18.5, 7.25]},
			"faces": {
				"north": {"uv": [2, 8.5, 2.5, 9.5], "texture": "#0"},
				"east": {"uv": [2.5, 8.5, 3, 9.5], "texture": "#0"},
				"south": {"uv": [3, 8.5, 3.5, 9.5], "texture": "#0"},
				"west": {"uv": [3.5, 8.5, 4, 9.5], "texture": "#0"},
				"up": {"uv": [10, 10.5, 9.5, 10], "texture": "#0"},
				"down": {"uv": [10.5, 9.5, 10, 10], "texture": "#0"}
			}
		},
		{
			"from": [8, 17.5, 7.5],
			"to": [9.25, 19.5, 8.5],
			"rotation": {"angle": -22.5, "axis": "z", "origin": [8.75, 18.5, 8]},
			"faces": {
				"north": {"uv": [4, 6, 4.75, 7], "texture": "#0"},
				"east": {"uv": [9, 0, 9.5, 1], "texture": "#0"},
				"south": {"uv": [6, 4, 6.75, 5], "texture": "#0"},
				"west": {"uv": [9, 1, 9.5, 2], "texture": "#0"},
				"up": {"uv": [10.25, 4.5, 9.5, 4], "texture": "#0"},
				"down": {"uv": [10.25, 4.5, 9.5, 5], "texture": "#0"}
			}
		},
		{
			"from": [6.75, 17.5, 7.5],
			"to": [7.75, 19.5, 8.5],
			"rotation": {"angle": 22.5, "axis": "z", "origin": [7.25, 18.5, 8]},
			"faces": {
				"north": {"uv": [9, 2, 9.5, 3], "texture": "#0"},
				"east": {"uv": [9, 3, 9.5, 4], "texture": "#0"},
				"south": {"uv": [4, 9, 4.5, 10], "texture": "#0"},
				"west": {"uv": [9, 4, 9.5, 5], "texture": "#0"},
				"up": {"uv": [10.5, 10.5, 10, 10], "texture": "#0"},
				"down": {"uv": [0.5, 10.5, 0, 11], "texture": "#0"}
			}
		},
		{
			"from": [8.34462, 19.23254, 7.5],
			"to": [9.59462, 21.23254, 8.5],
			"rotation": {"angle": 0, "axis": "y", "origin": [8.96962, 20.23254, 8]},
			"faces": {
				"north": {"uv": [5, 6, 5.75, 7], "texture": "#0"},
				"east": {"uv": [4.5, 9, 5, 10], "texture": "#0"},
				"south": {"uv": [6, 5, 6.75, 6], "texture": "#0"},
				"west": {"uv": [5, 9, 5.5, 10], "texture": "#0"},
				"up": {"uv": [10.25, 5.5, 9.5, 5], "texture": "#0"},
				"down": {"uv": [10.25, 5.5, 9.5, 6], "texture": "#0"}
			}
		},
		{
			"from": [7.5, 19.23254, 8.34462],
			"to": [8.5, 21.23254, 9.59462],
			"rotation": {"angle": 0, "axis": "y", "origin": [8, 20.23254, 9.09462]},
			"faces": {
				"north": {"uv": [9, 5, 9.5, 6], "texture": "#0"},
				"east": {"uv": [6, 6, 6.75, 7], "texture": "#0"},
				"south": {"uv": [5.5, 9, 6, 10], "texture": "#0"},
				"west": {"uv": [7, 2, 7.75, 3], "texture": "#0"},
				"up": {"uv": [10, 6.75, 9.5, 6], "texture": "#0"},
				"down": {"uv": [10, 7, 9.5, 7.75], "texture": "#0"}
			}
		},
		{
			"from": [6.40538, 19.23254, 7.5],
			"to": [7.65538, 21.23254, 8.5],
			"rotation": {"angle": 0, "axis": "y", "origin": [6.90538, 20.23254, 8]},
			"faces": {
				"north": {"uv": [7, 3, 7.75, 4], "texture": "#0"},
				"east": {"uv": [6, 9, 6.5, 10], "texture": "#0"},
				"south": {"uv": [4, 7, 4.75, 8], "texture": "#0"},
				"west": {"uv": [9, 6, 9.5, 7], "texture": "#0"},
				"up": {"uv": [10.25, 8.5, 9.5, 8], "texture": "#0"},
				"down": {"uv": [10.25, 8.5, 9.5, 9], "texture": "#0"}
			}
		},
		{
			"from": [7.5, 19.23254, 6.40538],
			"to": [8.5, 21.23254, 7.65538],
			"rotation": {"angle": 0, "axis": "y", "origin": [8, 20.23254, 7.03038]},
			"faces": {
				"north": {"uv": [6.5, 9, 7, 10], "texture": "#0"},
				"east": {"uv": [7, 4, 7.75, 5], "texture": "#0"},
				"south": {"uv": [7, 9, 7.5, 10], "texture": "#0"},
				"west": {"uv": [5, 7, 5.75, 8], "texture": "#0"},
				"up": {"uv": [10, 9.75, 9.5, 9], "texture": "#0"},
				"down": {"uv": [10.5, 0, 10, 0.75], "texture": "#0"}
			}
		},
		{
			"from": [7.5, 21.11732, 8.76537],
			"to": [8.5, 23.11732, 10.01537],
			"rotation": {"angle": -22.5, "axis": "x", "origin": [8, 20.11732, 9.51537]},
			"faces": {
				"north": {"uv": [9, 7, 9.5, 8], "texture": "#0"},
				"east": {"uv": [7, 5, 7.75, 6], "texture": "#0"},
				"south": {"uv": [7.5, 9, 8, 10], "texture": "#0"},
				"west": {"uv": [6, 7, 6.75, 8], "texture": "#0"},
				"up": {"uv": [10.5, 1.75, 10, 1], "texture": "#0"},
				"down": {"uv": [10.5, 2, 10, 2.75], "texture": "#0"}
			}
		},
		{
			"from": [6.75, 20.96508, 7.5],
			"to": [8, 22.96508, 8.5],
			"rotation": {"angle": -22.5, "axis": "z", "origin": [7.25, 21.96508, 8]},
			"faces": {
				"north": {"uv": [7, 6, 7.75, 7], "texture": "#0"},
				"east": {"uv": [8, 9, 8.5, 10], "texture": "#0"},
				"south": {"uv": [7, 7, 7.75, 8], "texture": "#0"},
				"west": {"uv": [9, 8, 9.5, 9], "texture": "#0"},
				"up": {"uv": [10.75, 3.5, 10, 3], "texture": "#0"},
				"down": {"uv": [10.75, 3.5, 10, 4], "texture": "#0"}
			}
		},
		{
			"from": [7.5, 20.96508, 6.75],
			"to": [8.5, 22.96508, 8],
			"rotation": {"angle": 22.5, "axis": "x", "origin": [8, 21.96508, 7.25]},
			"faces": {
				"north": {"uv": [8.5, 9, 9, 10], "texture": "#0"},
				"east": {"uv": [8, 0, 8.75, 1], "texture": "#0"},
				"south": {"uv": [9, 9, 9.5, 10], "texture": "#0"},
				"west": {"uv": [8, 1, 8.75, 2], "texture": "#0"},
				"up": {"uv": [4.5, 10.75, 4, 10], "texture": "#0"},
				"down": {"uv": [5, 10, 4.5, 10.75], "texture": "#0"}
			}
		},
		{
			"from": [8, 20.96508, 7.5],
			"to": [9.25, 22.96508, 8.5],
			"rotation": {"angle": 22.5, "axis": "z", "origin": [8.75, 21.96508, 8]},
			"faces": {
				"north": {"uv": [8, 2, 8.75, 3], "texture": "#0"},
				"east": {"uv": [0, 9.5, 0.5, 10.5], "texture": "#0"},
				"south": {"uv": [8, 3, 8.75, 4], "texture": "#0"},
				"west": {"uv": [9.5, 0, 10, 1], "texture": "#0"},
				"up": {"uv": [5.75, 10.5, 5, 10], "texture": "#0"},
				"down": {"uv": [6.75, 10, 6, 10.5], "texture": "#0"}
			}
		},
		{
			"from": [6.63208, 19.23254, 7.95269],
			"to": [7.7267, 21.23254, 9.50072],
			"rotation": {"angle": 45, "axis": "y", "origin": [7.17939, 20.23254, 8.5]},
			"faces": {
				"north": {"uv": [0.5, 9.5, 1, 10.5], "texture": "#0"},
				"east": {"uv": [4, 8, 4.75, 9], "texture": "#0"},
				"south": {"uv": [1, 9.5, 1.5, 10.5], "texture": "#0"},
				"west": {"uv": [8, 4, 8.75, 5], "texture": "#0"},
				"up": {"uv": [10.5, 6.75, 10, 6], "texture": "#0"},
				"down": {"uv": [7.5, 10, 7, 10.75], "texture": "#0"}
			}
		},
		{
			"from": [7.95269, 19.23254, 8.2733],
			"to": [9.50072, 21.23254, 9.36792],
			"rotation": {"angle": 45, "axis": "y", "origin": [8.5, 20.23254, 8.82061]},
			"faces": {
				"north": {"uv": [5, 8, 5.75, 9], "texture": "#0"},
				"east": {"uv": [9.5, 1, 10, 2], "texture": "#0"},
				"south": {"uv": [8, 5, 8.75, 6], "texture": "#0"},
				"west": {"uv": [1.5, 9.5, 2, 10.5], "texture": "#0"},
				"up": {"uv": [10.75, 7.5, 10, 7], "texture": "#0"},
				"down": {"uv": [8.25, 10, 7.5, 10.5], "texture": "#0"}
			}
		},
		{
			"from": [8.2733, 19.23254, 6.49928],
			"to": [9.36792, 21.23254, 8.04731],
			"rotation": {"angle": 45, "axis": "y", "origin": [8.82061, 20.23254, 7.5]},
			"faces": {
				"north": {"uv": [2, 9.5, 2.5, 10.5], "texture": "#0"},
				"east": {"uv": [6, 8, 6.75, 9], "texture": "#0"},
				"south": {"uv": [9.5, 2, 10, 3], "texture": "#0"},
				"west": {"uv": [8, 6, 8.75, 7], "texture": "#0"},
				"up": {"uv": [9, 10.75, 8.5, 10], "texture": "#0"},
				"down": {"uv": [9.5, 10, 9, 10.75], "texture": "#0"}
			}
		},
		{
			"from": [6.49928, 19.23254, 6.63208],
			"to": [8.04731, 21.23254, 7.7267],
			"rotation": {"angle": 45, "axis": "y", "origin": [7.5, 20.23254, 7.17939]},
			"faces": {
				"north": {"uv": [7, 8, 7.75, 9], "texture": "#0"},
				"east": {"uv": [2.5, 9.5, 3, 10.5], "texture": "#0"},
				"south": {"uv": [8, 7, 8.75, 8], "texture": "#0"},
				"west": {"uv": [3, 9.5, 3.5, 10.5], "texture": "#0"},
				"up": {"uv": [10.75, 8, 10, 7.5], "texture": "#0"},
				"down": {"uv": [10.75, 9, 10, 9.5], "texture": "#0"}
			}
		},
		{
			"from": [6, 16.5, 6],
			"to": [10, 18.5, 10],
			"faces": {
				"north": {"uv": [4, 4, 6, 5], "texture": "#0"},
				"east": {"uv": [4, 5, 6, 6], "texture": "#0"},
				"south": {"uv": [6, 0, 8, 1], "texture": "#0"},
				"west": {"uv": [6, 1, 8, 2], "texture": "#0"},
				"up": {"uv": [6, 2, 4, 0], "texture": "#0"},
				"down": {"uv": [6, 2, 4, 4], "texture": "#0"}
			}
		}
	],
	"display": {
		"thirdperson_righthand": {
			"translation": [0, -1.5, 1.25]
		},
		"thirdperson_lefthand": {
			"translation": [0, -1.5, 1.25]
		},
		"firstperson_righthand": {
			"rotation": [0, 45, 0],
			"translation": [0, -0.5, 0]
		},
		"firstperson_lefthand": {
			"rotation": [0, 45, 0],
			"translation": [0, -0.5, 0]
		},
		"ground": {
			"rotation": [55.22, 30.9, 55.66]
		},
		"gui": {
			"rotation": [0, 0, -45],
			"translation": [-2.25, -2.25, 0]
		}
	},
	"groups": [
		{
			"name": "LuxStaff",
			"origin": [8, 8, 8],
			"color": 0,
			"children": [0, 1, 2, 3, 4, 5, 6, 7, 8, 9, 10, 11, 12, 13, 14, 15, 16, 17]
		}
	]
}