{
	"credit": "Made with Blockbench",
	"texture_size": [32, 32],
	"textures": {
		"0": "item/MaeveDagger",
		"particle": "item/MaeveDagger"
	},
	"elements": [
		{
			"from": [7.25, 3.75, 6.95],
			"to": [8.75, 4.5, 8.7],
			"faces": {
				"north": {"uv": [2, 4.5, 2.75, 5], "texture": "#0"},
				"east": {"uv": [1, 4, 2, 4.5], "texture": "#0"},
				"south": {"uv": [4.5, 2, 5.25, 2.5], "texture": "#0"},
				"west": {"uv": [4, 1, 5, 1.5], "texture": "#0"},
				"up": {"uv": [0.75, 1, 0, 0], "texture": "#0"},
				"down": {"uv": [0.75, 1, 0, 2], "texture": "#0"}
			}
		},
		{
			"from": [7.25, 4.5, 7.25],
			"to": [8.75, 5.25, 9],
			"faces": {
				"north": {"uv": [4.5, 2.5, 5.25, 3], "texture": "#0"},
				"east": {"uv": [4, 1.5, 5, 2], "texture": "#0"},
				"south": {"uv": [3, 4.5, 3.75, 5], "texture": "#0"},
				"west": {"uv": [2, 4, 3, 4.5], "texture": "#0"},
				"up": {"uv": [1.75, 1, 1, 0], "texture": "#0"},
				"down": {"uv": [1.75, 1, 1, 2], "texture": "#0"}
			}
		},
		{
			"from": [7.25, 5.25, 7.35],
			"to": [8.75, 6, 9.1],
			"faces": {
				"north": {"uv": [4, 4.5, 4.75, 5], "texture": "#0"},
				"east": {"uv": [4, 3, 5, 3.5], "texture": "#0"},
				"south": {"uv": [0, 5, 0.75, 5.5], "texture": "#0"},
				"west": {"uv": [4, 3.5, 5, 4], "texture": "#0"},
				"up": {"uv": [0.75, 3, 0, 2], "texture": "#0"},
				"down": {"uv": [2.75, 0, 2, 1], "texture": "#0"}
			}
		},
		{
			"from": [7.25, 6, 7.45],
			"to": [8.75, 7.5, 9.2],
			"faces": {
				"north": {"uv": [0, 4, 0.75, 4.75], "texture": "#0"},
				"east": {"uv": [1, 2, 2, 2.75], "texture": "#0"},
				"south": {"uv": [4, 0, 4.75, 0.75], "texture": "#0"},
				"west": {"uv": [2, 1, 3, 1.75], "texture": "#0"},
				"up": {"uv": [2.75, 3, 2, 2], "texture": "#0"},
				"down": {"uv": [0.75, 3, 0, 4], "texture": "#0"}
			}
		},
		{
			"from": [7.25, 7.5, 7.25],
			"to": [8.75, 8, 9],
			"faces": {
				"north": {"uv": [3.5, 6, 4.25, 6.25], "texture": "#0"},
				"east": {"uv": [4.5, 5, 5.5, 5.25], "texture": "#0"},
				"south": {"uv": [6, 3.5, 6.75, 3.75], "texture": "#0"},
				"west": {"uv": [5, 4.5, 6, 4.75], "texture": "#0"},
				"up": {"uv": [3.75, 1, 3, 0], "texture": "#0"},
				"down": {"uv": [1.75, 3, 1, 4], "texture": "#0"}
			}
		},
		{
			"from": [7.5, 3.32322, 8.08033],
			"to": [8.5, 4.07322, 8.58033],
			"rotation": {"angle": -45, "axis": "x", "origin": [8, 3.57322, 8.33033]},
			"faces": {
				"north": {"uv": [0, 5.5, 0.5, 6], "texture": "#0"},
				"east": {"uv": [6.5, 4, 6.75, 4.5], "texture": "#0"},
				"south": {"uv": [0.5, 5.5, 1, 6], "texture": "#0"},
				"west": {"uv": [6.5, 4.5, 6.75, 5], "texture": "#0"},
				"up": {"uv": [7, 5.25, 6.5, 5], "texture": "#0"},
				"down": {"uv": [6, 6.5, 5.5, 6.75], "texture": "#0"}
			}
		},
		{
			"from": [7.5, 3.32322, 7.01967],
			"to": [8.5, 4.07322, 7.51967],
			"rotation": {"angle": 45, "axis": "x", "origin": [8, 3.57322, 7.26967]},
			"faces": {
				"north": {"uv": [5.5, 1, 6, 1.5], "texture": "#0"},
				"east": {"uv": [6.5, 5.5, 6.75, 6], "texture": "#0"},
				"south": {"uv": [1.5, 5.5, 2, 6], "texture": "#0"},
				"west": {"uv": [6, 6.5, 6.25, 7], "texture": "#0"},
				"up": {"uv": [7, 6.25, 6.5, 6], "texture": "#0"},
				"down": {"uv": [7, 6.5, 6.5, 6.75], "texture": "#0"}
			}
		},
		{
			"from": [7.5, 2.36612, 7.01967],
			"to": [8.5, 3.11612, 7.51967],
			"rotation": {"angle": -45, "axis": "x", "origin": [8.125, 2.86612, 7.26967]},
			"faces": {
				"north": {"uv": [5.5, 1.5, 6, 2], "texture": "#0"},
				"east": {"uv": [0, 7, 0.25, 7.5], "texture": "#0"},
				"south": {"uv": [2, 5.5, 2.5, 6], "texture": "#0"},
				"west": {"uv": [0.5, 7, 0.75, 7.5], "texture": "#0"},
				"up": {"uv": [7.5, 0.75, 7, 0.5], "texture": "#0"},
				"down": {"uv": [7.5, 1, 7, 1.25], "texture": "#0"}
			}
		},
		{
			"from": [7.5, 2.84467, 8.38211],
			"to": [8.5, 3.34467, 8.88211],
			"rotation": {"angle": -45, "axis": "x", "origin": [8.125, 3.21967, 8.50711]},
			"faces": {
				"north": {"uv": [7, 1.5, 7.5, 1.75], "texture": "#0"},
				"east": {"uv": [8.5, 6.5, 8.75, 6.75], "texture": "#0"},
				"south": {"uv": [7, 2, 7.5, 2.25], "texture": "#0"},
				"west": {"uv": [7, 8.5, 7.25, 8.75], "texture": "#0"},
				"up": {"uv": [7.5, 2.75, 7, 2.5], "texture": "#0"},
				"down": {"uv": [3.5, 7, 3, 7.25], "texture": "#0"}
			}
		},
		{
			"from": [7.5, 2.36612, 8.08033],
			"to": [8.5, 3.11612, 8.58033],
			"rotation": {"angle": 45, "axis": "x", "origin": [8.125, 2.86612, 8.33033]},
			"faces": {
				"north": {"uv": [5.5, 2, 6, 2.5], "texture": "#0"},
				"east": {"uv": [7, 3.5, 7.25, 4], "texture": "#0"},
				"south": {"uv": [2.5, 5.5, 3, 6], "texture": "#0"},
				"west": {"uv": [7, 4, 7.25, 4.5], "texture": "#0"},
				"up": {"uv": [5, 7.25, 4.5, 7], "texture": "#0"},
				"down": {"uv": [7.5, 4.5, 7, 4.75], "texture": "#0"}
			}
		},
		{
			"from": [7.5, 3.72855, 7.49822],
			"to": [8.5, 4.22855, 7.99822],
			"rotation": {"angle": -45, "axis": "x", "origin": [8.125, 4.10355, 7.62322]},
			"faces": {
				"north": {"uv": [5, 7, 5.5, 7.25], "texture": "#0"},
				"east": {"uv": [8.5, 7, 8.75, 7.25], "texture": "#0"},
				"south": {"uv": [7, 5, 7.5, 5.25], "texture": "#0"},
				"west": {"uv": [7.5, 8.5, 7.75, 8.75], "texture": "#0"},
				"up": {"uv": [6, 7.25, 5.5, 7], "texture": "#0"},
				"down": {"uv": [7.5, 5.5, 7, 5.75], "texture": "#0"}
			}
		},
		{
			"from": [7.5, 1.96079, 7.49822],
			"to": [8.5, 2.46079, 7.99822],
			"rotation": {"angle": -45, "axis": "x", "origin": [8.125, 2.33579, 7.62322]},
			"faces": {
				"north": {"uv": [6, 7, 6.5, 7.25], "texture": "#0"},
				"east": {"uv": [8.5, 7.5, 8.75, 7.75], "texture": "#0"},
				"south": {"uv": [7, 6, 7.5, 6.25], "texture": "#0"},
				"west": {"uv": [8, 8.5, 8.25, 8.75], "texture": "#0"},
				"up": {"uv": [7, 7.25, 6.5, 7], "texture": "#0"},
				"down": {"uv": [7.5, 6.5, 7, 6.75], "texture": "#0"}
			}
		},
		{
			"from": [7.5, 2.84467, 6.61434],
			"to": [8.5, 3.34467, 7.11434],
			"rotation": {"angle": -45, "axis": "x", "origin": [8.125, 3.21967, 6.73934]},
			"faces": {
				"north": {"uv": [7, 7, 7.5, 7.25], "texture": "#0"},
				"east": {"uv": [8.5, 8, 8.75, 8.25], "texture": "#0"},
				"south": {"uv": [0, 7.5, 0.5, 7.75], "texture": "#0"},
				"west": {"uv": [8.5, 8.5, 8.75, 8.75], "texture": "#0"},
				"up": {"uv": [8, 0.25, 7.5, 0], "texture": "#0"},
				"down": {"uv": [1, 7.5, 0.5, 7.75], "texture": "#0"}
			}
		},
		{
			"from": [7.4, 1.75, 7.43],
			"to": [8.6, 2.75, 8.18],
			"faces": {
				"north": {"uv": [5.5, 2.5, 6, 3], "texture": "#0"},
				"east": {"uv": [3, 5.5, 3.5, 6], "texture": "#0"},
				"south": {"uv": [3.5, 5.5, 4, 6], "texture": "#0"},
				"west": {"uv": [4, 5.5, 4.5, 6], "texture": "#0"},
				"up": {"uv": [5, 6, 4.5, 5.5], "texture": "#0"},
				"down": {"uv": [5.5, 5.5, 5, 6], "texture": "#0"}
			}
		},
		{
			"from": [7.875, 1, 7.43],
			"to": [8.125, 1.75, 8.18],
			"rotation": {"angle": 0, "axis": "y", "origin": [0.475, 0.25, 0.13]},
			"faces": {
				"north": {"uv": [7.5, 0.5, 7.75, 1], "texture": "#0"},
				"east": {"uv": [5.5, 5, 6, 5.5], "texture": "#0"},
				"south": {"uv": [1, 7.5, 1.25, 8], "texture": "#0"},
				"west": {"uv": [5.5, 5.5, 6, 6], "texture": "#0"},
				"up": {"uv": [7.75, 1.5, 7.5, 1], "texture": "#0"},
				"down": {"uv": [1.75, 7.5, 1.5, 8], "texture": "#0"}
			}
		},
		{
			"from": [7.875, -0.61864, 8.45288],
			"to": [8.125, 0.13136, 9.70288],
			"rotation": {"angle": 0, "axis": "y", "origin": [0.475, 0.63136, 0.15288]},
			"faces": {
				"north": {"uv": [7.5, 1.5, 7.75, 2], "texture": "#0"},
				"east": {"uv": [5, 0, 5.75, 0.5], "texture": "#0"},
				"south": {"uv": [2, 7.5, 2.25, 8], "texture": "#0"},
				"west": {"uv": [5, 0.5, 5.75, 1], "texture": "#0"},
				"up": {"uv": [6.25, 4.75, 6, 4], "texture": "#0"},
				"down": {"uv": [4.75, 6, 4.5, 6.75], "texture": "#0"}
			}
		},
		{
			"from": [7.875, -0.52271, 8.18516],
			"to": [8.125, 0.72729, 8.93516],
			"rotation": {"angle": -22.5, "axis": "x", "origin": [8, 0.10229, 8.56016]},
			"faces": {
				"north": {"uv": [5, 6, 5.25, 6.75], "texture": "#0"},
				"east": {"uv": [1, 5, 1.5, 5.75], "texture": "#0"},
				"south": {"uv": [6, 5, 6.25, 5.75], "texture": "#0"},
				"west": {"uv": [5, 1, 5.5, 1.75], "texture": "#0"},
				"up": {"uv": [7.75, 2.5, 7.5, 2], "texture": "#0"},
				"down": {"uv": [2.75, 7.5, 2.5, 8], "texture": "#0"}
			}
		},
		{
			"from": [7.875, 0.41161, 7.67372],
			"to": [8.125, 1.41161, 8.42372],
			"rotation": {"angle": -45, "axis": "x", "origin": [8, 0.91161, 8.04872]},
			"faces": {
				"north": {"uv": [7.5, 2.5, 7.75, 3], "texture": "#0"},
				"east": {"uv": [0, 6, 0.5, 6.5], "texture": "#0"},
				"south": {"uv": [3, 7.5, 3.25, 8], "texture": "#0"},
				"west": {"uv": [6, 0, 6.5, 0.5], "texture": "#0"},
				"up": {"uv": [7.75, 3.5, 7.5, 3], "texture": "#0"},
				"down": {"uv": [3.75, 7.5, 3.5, 8], "texture": "#0"}
			}
		},
		{
			"from": [7.25, 8, 7],
			"to": [8.75, 8.5, 9],
			"faces": {
				"north": {"uv": [5.5, 6, 6.25, 6.25], "texture": "#0"},
				"east": {"uv": [0.5, 6, 1.5, 6.25], "texture": "#0"},
				"south": {"uv": [0, 6.5, 0.75, 6.75], "texture": "#0"},
				"west": {"uv": [6, 0.5, 7, 0.75], "texture": "#0"},
				"up": {"uv": [3.75, 2, 3, 1], "texture": "#0"},
				"down": {"uv": [2.75, 3, 2, 4], "texture": "#0"}
			}
		},
		{
			"from": [7.5, 8.5, 6.5],
			"to": [8.5, 9.25, 8.75],
			"faces": {
				"north": {"uv": [6, 1, 6.5, 1.5], "texture": "#0"},
				"east": {"uv": [3, 2, 4.25, 2.5], "texture": "#0"},
				"south": {"uv": [1.5, 6, 2, 6.5], "texture": "#0"},
				"west": {"uv": [3, 2.5, 4.25, 3], "texture": "#0"},
				"up": {"uv": [3.5, 4.25, 3, 3], "texture": "#0"},
				"down": {"uv": [4, 3, 3.5, 4.25], "texture": "#0"}
			}
		},
		{
			"from": [7.5, 8.38504, 5.97914],
			"to": [8.5, 9.13504, 6.67205],
			"rotation": {"angle": -22.5, "axis": "x", "origin": [8, 8.76004, 6.29705]},
			"faces": {
				"north": {"uv": [6, 1.5, 6.5, 2], "texture": "#0"},
				"east": {"uv": [7.5, 3.5, 7.75, 4], "texture": "#0"},
				"south": {"uv": [2, 6, 2.5, 6.5], "texture": "#0"},
				"west": {"uv": [4, 7.5, 4.25, 8], "texture": "#0"},
				"up": {"uv": [8, 4.25, 7.5, 4], "texture": "#0"},
				"down": {"uv": [5, 7.5, 4.5, 7.75], "texture": "#0"}
			}
		},
		{
			"from": [7.5, 9.25, 8],
			"to": [8.5, 9.95, 8.5],
			"faces": {
				"north": {"uv": [7.5, 4.5, 8, 4.75], "texture": "#0"},
				"east": {"uv": [0, 9, 0.25, 9.25], "texture": "#0"},
				"south": {"uv": [5, 7.5, 5.5, 7.75], "texture": "#0"},
				"west": {"uv": [9, 0, 9.25, 0.25], "texture": "#0"},
				"up": {"uv": [8, 5.25, 7.5, 5], "texture": "#0"},
				"down": {"uv": [6, 7.5, 5.5, 7.75], "texture": "#0"}
			}
		},
		{
			"from": [7.6, 9.25, 7.5],
			"to": [8.4, 9.95, 8],
			"faces": {
				"north": {"uv": [7.5, 5.5, 8, 5.75], "texture": "#0"},
				"east": {"uv": [0.5, 9, 0.75, 9.25], "texture": "#0"},
				"south": {"uv": [6, 7.5, 6.5, 7.75], "texture": "#0"},
				"west": {"uv": [9, 0.5, 9.25, 0.75], "texture": "#0"},
				"up": {"uv": [8, 6.25, 7.5, 6], "texture": "#0"},
				"down": {"uv": [7, 7.5, 6.5, 7.75], "texture": "#0"}
			}
		},
		{
			"from": [7.7, 9.25, 7],
			"to": [8.3, 9.95, 7.5],
			"faces": {
				"north": {"uv": [1, 9, 1.25, 9.25], "texture": "#0"},
				"east": {"uv": [9, 1, 9.25, 1.25], "texture": "#0"},
				"south": {"uv": [1.5, 9, 1.75, 9.25], "texture": "#0"},
				"west": {"uv": [9, 1.5, 9.25, 1.75], "texture": "#0"},
				"up": {"uv": [2.25, 9.25, 2, 9], "texture": "#0"},
				"down": {"uv": [9.25, 2, 9, 2.25], "texture": "#0"}
			}
		},
		{
			"from": [7.8, 9.25, 6.5],
			"to": [8.2, 9.95, 7],
			"faces": {
				"north": {"uv": [2.5, 9, 2.75, 9.25], "texture": "#0"},
				"east": {"uv": [9, 2.5, 9.25, 2.75], "texture": "#0"},
				"south": {"uv": [3, 9, 3.25, 9.25], "texture": "#0"},
				"west": {"uv": [9, 3, 9.25, 3.25], "texture": "#0"},
				"up": {"uv": [3.75, 9.25, 3.5, 9], "texture": "#0"},
				"down": {"uv": [9.25, 3.5, 9, 3.75], "texture": "#0"}
			}
		},
		{
			"from": [7.9, 9.25, 6],
			"to": [8.1, 9.95, 6.5],
			"faces": {
				"north": {"uv": [4, 9, 4.25, 9.25], "texture": "#0"},
				"east": {"uv": [9, 4, 9.25, 4.25], "texture": "#0"},
				"south": {"uv": [4.5, 9, 4.75, 9.25], "texture": "#0"},
				"west": {"uv": [9, 4.5, 9.25, 4.75], "texture": "#0"},
				"up": {"uv": [5.25, 9.25, 5, 9], "texture": "#0"},
				"down": {"uv": [9.25, 5, 9, 5.25], "texture": "#0"}
			}
		},
		{
			"from": [7.9, 9.17231, 6.11491],
			"to": [8.1, 9.37231, 6.61491],
			"rotation": {"angle": -22.5, "axis": "x", "origin": [8, 9.02231, 6.36491]},
			"faces": {
				"north": {"uv": [5.5, 9, 5.75, 9.25], "texture": "#0"},
				"east": {"uv": [9, 5.5, 9.25, 5.75], "texture": "#0"},
				"south": {"uv": [6, 9, 6.25, 9.25], "texture": "#0"},
				"west": {"uv": [9, 6, 9.25, 6.25], "texture": "#0"},
				"up": {"uv": [6.75, 9.25, 6.5, 9], "texture": "#0"},
				"down": {"uv": [9.25, 6.5, 9, 6.75], "texture": "#0"}
			}
		},
		{
			"from": [7.95, 9.25, 5.75],
			"to": [8.05, 9.95, 6],
			"faces": {
				"north": {"uv": [7, 9, 7.25, 9.25], "texture": "#0"},
				"east": {"uv": [9, 7, 9.25, 7.25], "texture": "#0"},
				"south": {"uv": [7.5, 9, 7.75, 9.25], "texture": "#0"},
				"west": {"uv": [9, 7.5, 9.25, 7.75], "texture": "#0"},
				"up": {"uv": [8.25, 9.25, 8, 9], "texture": "#0"},
				"down": {"uv": [9.25, 8, 9, 8.25], "texture": "#0"}
			}
		},
		{
			"from": [7.95, 9.95, 5.8],
			"to": [8.05, 10.65, 6.05],
			"rotation": {"angle": 0, "axis": "y", "origin": [0.05, -0.05, 0.3]},
			"faces": {
				"north": {"uv": [8.5, 9, 8.75, 9.25], "texture": "#0"},
				"east": {"uv": [9, 8.5, 9.25, 8.75], "texture": "#0"},
				"south": {"uv": [9, 9, 9.25, 9.25], "texture": "#0"},
				"west": {"uv": [0, 9.5, 0.25, 9.75], "texture": "#0"},
				"up": {"uv": [9.75, 0.25, 9.5, 0], "texture": "#0"},
				"down": {"uv": [0.75, 9.5, 0.5, 9.75], "texture": "#0"}
			}
		},
		{
			"from": [7.95, 10.65, 5.8],
			"to": [8.05, 11.4, 6.05],
			"rotation": {"angle": 0, "axis": "y", "origin": [0.05, -0.3, 0.3]},
			"faces": {
				"north": {"uv": [7.5, 6.5, 7.75, 7], "texture": "#0"},
				"east": {"uv": [7, 7.5, 7.25, 8], "texture": "#0"},
				"south": {"uv": [7.5, 7, 7.75, 7.5], "texture": "#0"},
				"west": {"uv": [7.5, 7.5, 7.75, 8], "texture": "#0"},
				"up": {"uv": [9.75, 0.75, 9.5, 0.5], "texture": "#0"},
				"down": {"uv": [1.25, 9.5, 1, 9.75], "texture": "#0"}
			}
		},
		{
			"from": [7.95, 11.4, 5.9],
			"to": [8.05, 12.15, 6.15],
			"rotation": {"angle": 0, "axis": "y", "origin": [0.05, -0.3, 0.3]},
			"faces": {
				"north": {"uv": [0, 8, 0.25, 8.5], "texture": "#0"},
				"east": {"uv": [8, 0, 8.25, 0.5], "texture": "#0"},
				"south": {"uv": [0.5, 8, 0.75, 8.5], "texture": "#0"},
				"west": {"uv": [8, 0.5, 8.25, 1], "texture": "#0"},
				"up": {"uv": [9.75, 1.25, 9.5, 1], "texture": "#0"},
				"down": {"uv": [1.75, 9.5, 1.5, 9.75], "texture": "#0"}
			}
		},
		{
			"from": [7.95, 12.15, 6.1],
			"to": [8.05, 12.9, 6.35],
			"rotation": {"angle": 0, "axis": "y", "origin": [0.05, -0.3, 0.3]},
			"faces": {
				"north": {"uv": [1, 8, 1.25, 8.5], "texture": "#0"},
				"east": {"uv": [8, 1, 8.25, 1.5], "texture": "#0"},
				"south": {"uv": [1.5, 8, 1.75, 8.5], "texture": "#0"},
				"west": {"uv": [8, 1.5, 8.25, 2], "texture": "#0"},
				"up": {"uv": [9.75, 1.75, 9.5, 1.5], "texture": "#0"},
				"down": {"uv": [2.25, 9.5, 2, 9.75], "texture": "#0"}
			}
		},
		{
			"from": [7.95, 12.9, 6.3],
			"to": [8.05, 13.9, 6.55],
			"rotation": {"angle": 0, "axis": "y", "origin": [0.05, -0.3, 0.3]},
			"faces": {
				"north": {"uv": [2, 8, 2.25, 8.5], "texture": "#0"},
				"east": {"uv": [8, 2, 8.25, 2.5], "texture": "#0"},
				"south": {"uv": [2.5, 8, 2.75, 8.5], "texture": "#0"},
				"west": {"uv": [8, 2.5, 8.25, 3], "texture": "#0"},
				"up": {"uv": [9.75, 2.25, 9.5, 2], "texture": "#0"},
				"down": {"uv": [2.75, 9.5, 2.5, 9.75], "texture": "#0"}
			}
		},
		{
			"from": [7.95, 13.9, 6.5],
			"to": [8.05, 14.65, 6.75],
			"rotation": {"angle": 0, "axis": "y", "origin": [0.05, -0.3, 0.3]},
			"faces": {
				"north": {"uv": [3, 8, 3.25, 8.5], "texture": "#0"},
				"east": {"uv": [8, 3, 8.25, 3.5], "texture": "#0"},
				"south": {"uv": [3.5, 8, 3.75, 8.5], "texture": "#0"},
				"west": {"uv": [8, 3.5, 8.25, 4], "texture": "#0"},
				"up": {"uv": [9.75, 2.75, 9.5, 2.5], "texture": "#0"},
				"down": {"uv": [3.25, 9.5, 3, 9.75], "texture": "#0"}
			}
		},
		{
			"from": [7.95, 8.97552, 5.72073],
			"to": [8.05, 9.27119, 5.9517],
			"rotation": {"angle": -22.5, "axis": "x", "origin": [8.45, 9.33418, 5.78864]},
			"faces": {
				"north": {"uv": [9.5, 3, 9.75, 3.25], "texture": "#0"},
				"east": {"uv": [3.5, 9.5, 3.75, 9.75], "texture": "#0"},
				"south": {"uv": [9.5, 3.5, 9.75, 3.75], "texture": "#0"},
				"west": {"uv": [4, 9.5, 4.25, 9.75], "texture": "#0"},
				"up": {"uv": [9.75, 4.25, 9.5, 4], "texture": "#0"},
				"down": {"uv": [4.75, 9.5, 4.5, 9.75], "texture": "#0"}
			}
		},
		{
			"from": [7.6, 9.95, 7.7375],
			"to": [8.4, 10.65, 8.3],
			"rotation": {"angle": 0, "axis": "y", "origin": [0, -0.05, 0]},
			"faces": {
				"north": {"uv": [4, 8, 4.5, 8.25], "texture": "#0"},
				"east": {"uv": [9.5, 4.5, 9.75, 4.75], "texture": "#0"},
				"south": {"uv": [8, 4, 8.5, 4.25], "texture": "#0"},
				"west": {"uv": [5, 9.5, 5.25, 9.75], "texture": "#0"},
				"up": {"uv": [5, 8.25, 4.5, 8], "texture": "#0"},
				"down": {"uv": [8.5, 4.5, 8, 4.75], "texture": "#0"}
			}
		},
		{
			"from": [7.7, 9.95, 7.175],
			"to": [8.3, 10.65, 7.7375],
			"rotation": {"angle": 0, "axis": "y", "origin": [0.1, -0.05, 0.125]},
			"faces": {
				"north": {"uv": [9.5, 5, 9.75, 5.25], "texture": "#0"},
				"east": {"uv": [5.5, 9.5, 5.75, 9.75], "texture": "#0"},
				"south": {"uv": [9.5, 5.5, 9.75, 5.75], "texture": "#0"},
				"west": {"uv": [6, 9.5, 6.25, 9.75], "texture": "#0"},
				"up": {"uv": [9.75, 6.25, 9.5, 6], "texture": "#0"},
				"down": {"uv": [6.75, 9.5, 6.5, 9.75], "texture": "#0"}
			}
		},
		{
			"from": [7.8, 9.95, 6.6125],
			"to": [8.2, 10.65, 7.175],
			"rotation": {"angle": 0, "axis": "y", "origin": [0.1, -0.05, 0.0625]},
			"faces": {
				"north": {"uv": [9.5, 6.5, 9.75, 6.75], "texture": "#0"},
				"east": {"uv": [7, 9.5, 7.25, 9.75], "texture": "#0"},
				"south": {"uv": [9.5, 7, 9.75, 7.25], "texture": "#0"},
				"west": {"uv": [7.5, 9.5, 7.75, 9.75], "texture": "#0"},
				"up": {"uv": [9.75, 7.75, 9.5, 7.5], "texture": "#0"},
				"down": {"uv": [8.25, 9.5, 8, 9.75], "texture": "#0"}
			}
		},
		{
			"from": [7.9, 9.95, 6.05],
			"to": [8.1, 10.65, 6.6125],
			"rotation": {"angle": 0, "axis": "y", "origin": [0, -0.05, 0]},
			"faces": {
				"north": {"uv": [9.5, 8, 9.75, 8.25], "texture": "#0"},
				"east": {"uv": [8.5, 9.5, 8.75, 9.75], "texture": "#0"},
				"south": {"uv": [9.5, 8.5, 9.75, 8.75], "texture": "#0"},
				"west": {"uv": [9, 9.5, 9.25, 9.75], "texture": "#0"},
				"up": {"uv": [9.75, 9.25, 9.5, 9], "texture": "#0"},
				"down": {"uv": [9.75, 9.5, 9.5, 9.75], "texture": "#0"}
			}
		},
		{
			"from": [7.7, 10.65, 7.417],
			"to": [8.3, 11.4, 8.1],
			"rotation": {"angle": 0, "axis": "y", "origin": [0, -0.35, 0]},
			"faces": {
				"north": {"uv": [5, 8, 5.25, 8.5], "texture": "#0"},
				"east": {"uv": [8, 5, 8.25, 5.5], "texture": "#0"},
				"south": {"uv": [5.5, 8, 5.75, 8.5], "texture": "#0"},
				"west": {"uv": [8, 5.5, 8.25, 6], "texture": "#0"},
				"up": {"uv": [0.25, 10.25, 0, 10], "texture": "#0"},
				"down": {"uv": [10.25, 0, 10, 0.25], "texture": "#0"}
			}
		},
		{
			"from": [7.8, 10.65, 6.734],
			"to": [8.2, 11.4, 7.417],
			"rotation": {"angle": 0, "axis": "y", "origin": [0.1, -0.35, -0.116]},
			"faces": {
				"north": {"uv": [6, 8, 6.25, 8.5], "texture": "#0"},
				"east": {"uv": [8, 6, 8.25, 6.5], "texture": "#0"},
				"south": {"uv": [6.5, 8, 6.75, 8.5], "texture": "#0"},
				"west": {"uv": [8, 6.5, 8.25, 7], "texture": "#0"},
				"up": {"uv": [0.75, 10.25, 0.5, 10], "texture": "#0"},
				"down": {"uv": [10.25, 0.5, 10, 0.75], "texture": "#0"}
			}
		},
		{
			"from": [7.9, 10.65, 6.051],
			"to": [8.1, 11.4, 6.734],
			"rotation": {"angle": 0, "axis": "y", "origin": [0.1, -0.35, -0.049]},
			"faces": {
				"north": {"uv": [7, 8, 7.25, 8.5], "texture": "#0"},
				"east": {"uv": [8, 7, 8.25, 7.5], "texture": "#0"},
				"south": {"uv": [7.5, 8, 7.75, 8.5], "texture": "#0"},
				"west": {"uv": [8, 7.5, 8.25, 8], "texture": "#0"},
				"up": {"uv": [1.25, 10.25, 1, 10], "texture": "#0"},
				"down": {"uv": [10.25, 1, 10, 1.25], "texture": "#0"}
			}
		},
		{
			"from": [7.7, 11.4, 7.3833],
			"to": [8.3, 12.15, 8],
			"rotation": {"angle": 0, "axis": "y", "origin": [0, -0.35, 0]},
			"faces": {
				"north": {"uv": [8, 8, 8.25, 8.5], "texture": "#0"},
				"east": {"uv": [0, 8.5, 0.25, 9], "texture": "#0"},
				"south": {"uv": [8.5, 0, 8.75, 0.5], "texture": "#0"},
				"west": {"uv": [0.5, 8.5, 0.75, 9], "texture": "#0"},
				"up": {"uv": [1.75, 10.25, 1.5, 10], "texture": "#0"},
				"down": {"uv": [10.25, 1.5, 10, 1.75], "texture": "#0"}
			}
		},
		{
			"from": [7.8, 11.4, 6.7666],
			"to": [8.2, 12.15, 7.3833],
			"rotation": {"angle": 0, "axis": "y", "origin": [0.1, -0.35, 0.0166]},
			"faces": {
				"north": {"uv": [8.5, 0.5, 8.75, 1], "texture": "#0"},
				"east": {"uv": [1, 8.5, 1.25, 9], "texture": "#0"},
				"south": {"uv": [8.5, 1, 8.75, 1.5], "texture": "#0"},
				"west": {"uv": [1.5, 8.5, 1.75, 9], "texture": "#0"},
				"up": {"uv": [2.25, 10.25, 2, 10], "texture": "#0"},
				"down": {"uv": [10.25, 2, 10, 2.25], "texture": "#0"}
			}
		},
		{
			"from": [7.9, 11.4, 6.1499],
			"to": [8.1, 12.15, 6.7666],
			"rotation": {"angle": 0, "axis": "y", "origin": [0.1, -0.35, -0.1001]},
			"faces": {
				"north": {"uv": [8.5, 1.5, 8.75, 2], "texture": "#0"},
				"east": {"uv": [2, 8.5, 2.25, 9], "texture": "#0"},
				"south": {"uv": [8.5, 2, 8.75, 2.5], "texture": "#0"},
				"west": {"uv": [2.5, 8.5, 2.75, 9], "texture": "#0"},
				"up": {"uv": [2.75, 10.25, 2.5, 10], "texture": "#0"},
				"down": {"uv": [10.25, 2.5, 10, 2.75], "texture": "#0"}
			}
		},
		{
			"from": [7.8, 12.15, 7.6],
			"to": [8.2, 12.9, 8.1],
			"rotation": {"angle": 0, "axis": "y", "origin": [0, -0.85, 0]},
			"faces": {
				"north": {"uv": [8.5, 2.5, 8.75, 3], "texture": "#0"},
				"east": {"uv": [3, 8.5, 3.25, 9], "texture": "#0"},
				"south": {"uv": [8.5, 3, 8.75, 3.5], "texture": "#0"},
				"west": {"uv": [3.5, 8.5, 3.75, 9], "texture": "#0"},
				"up": {"uv": [3.25, 10.25, 3, 10], "texture": "#0"},
				"down": {"uv": [10.25, 3, 10, 3.25], "texture": "#0"}
			}
		},
		{
			"from": [7.9, 12.15, 6.35],
			"to": [8.1, 12.9, 7.6],
			"rotation": {"angle": 0, "axis": "y", "origin": [0, -0.85, 0]},
			"faces": {
				"north": {"uv": [8.5, 3.5, 8.75, 4], "texture": "#0"},
				"east": {"uv": [6, 2, 6.5, 2.5], "texture": "#0"},
				"south": {"uv": [4, 8.5, 4.25, 9], "texture": "#0"},
				"west": {"uv": [2.5, 6, 3, 6.5], "texture": "#0"},
				"up": {"uv": [8.75, 4.5, 8.5, 4], "texture": "#0"},
				"down": {"uv": [4.75, 8.5, 4.5, 9], "texture": "#0"}
			}
		},
		{
			"from": [7.9, 12.9, 6.55],
			"to": [8.1, 13.9, 8.2],
			"rotation": {"angle": 0, "axis": "y", "origin": [0, -1.1, 0]},
			"faces": {
				"north": {"uv": [8.5, 4.5, 8.75, 5], "texture": "#0"},
				"east": {"uv": [1.5, 5, 2.25, 5.5], "texture": "#0"},
				"south": {"uv": [5, 8.5, 5.25, 9], "texture": "#0"},
				"west": {"uv": [2.5, 5, 3.25, 5.5], "texture": "#0"},
				"up": {"uv": [1.25, 7.25, 1, 6.5], "texture": "#0"},
				"down": {"uv": [6.75, 1, 6.5, 1.75], "texture": "#0"}
			}
		},
		{
			"from": [7.9, 13.9, 6.75],
			"to": [8.1, 14.65, 8.3],
			"rotation": {"angle": 0, "axis": "y", "origin": [0, -1.1, 0]},
			"faces": {
				"north": {"uv": [8.5, 5, 8.75, 5.5], "texture": "#0"},
				"east": {"uv": [5, 3, 5.75, 3.5], "texture": "#0"},
				"south": {"uv": [5.5, 8.5, 5.75, 9], "texture": "#0"},
				"west": {"uv": [3.5, 5, 4.25, 5.5], "texture": "#0"},
				"up": {"uv": [1.75, 7.25, 1.5, 6.5], "texture": "#0"},
				"down": {"uv": [2.25, 6.5, 2, 7.25], "texture": "#0"}
			}
		},
		{
			"from": [7.95, 14.65, 6.75],
			"to": [8.05, 15.4, 8.5],
			"rotation": {"angle": 0, "axis": "y", "origin": [0, -1.1, 0]},
			"faces": {
				"north": {"uv": [8.5, 5.5, 8.75, 6], "texture": "#0"},
				"east": {"uv": [4, 4, 5, 4.5], "texture": "#0"},
				"south": {"uv": [6, 8.5, 6.25, 9], "texture": "#0"},
				"west": {"uv": [1, 4.5, 2, 5], "texture": "#0"},
				"up": {"uv": [6.25, 3.5, 6, 2.5], "texture": "#0"},
				"down": {"uv": [3.25, 6, 3, 7], "texture": "#0"}
			}
		},
		{
			"from": [7.95, 15.4, 7.2],
			"to": [8.05, 16.15, 8.7],
			"rotation": {"angle": 0, "axis": "y", "origin": [0, -1.1, 0]},
			"faces": {
				"north": {"uv": [8.5, 6, 8.75, 6.5], "texture": "#0"},
				"east": {"uv": [5, 3.5, 5.75, 4], "texture": "#0"},
				"south": {"uv": [6.5, 8.5, 6.75, 9], "texture": "#0"},
				"west": {"uv": [5, 4, 5.75, 4.5], "texture": "#0"},
				"up": {"uv": [6.75, 2.75, 6.5, 2], "texture": "#0"},
				"down": {"uv": [2.75, 6.5, 2.5, 7.25], "texture": "#0"}
			}
		},
		{
			"from": [7.95, 16.15, 7.75],
			"to": [8.05, 16.8, 9],
			"rotation": {"angle": 0, "axis": "y", "origin": [0, -1.1, 0]},
			"faces": {
				"north": {"uv": [3.5, 10, 3.75, 10.25], "texture": "#0"},
				"east": {"uv": [6.5, 0, 7.25, 0.25], "texture": "#0"},
				"south": {"uv": [10, 3.5, 10.25, 3.75], "texture": "#0"},
				"west": {"uv": [6.5, 3, 7.25, 3.25], "texture": "#0"},
				"up": {"uv": [3.75, 7.25, 3.5, 6.5], "texture": "#0"},
				"down": {"uv": [4.25, 6.5, 4, 7.25], "texture": "#0"}
			}
		}
	],
	"display": {
		"thirdperson_righthand": {
			"translation": [0, -0.25, 1.25],
			"scale": [0.9, 0.9, 0.9]
		},
		"thirdperson_lefthand": {
			"rotation": [-180, 0, 0],
			"translation": [0, -3.75, 1.25],
			"scale": [0.9, 0.9, 0.9]
		},
		"firstperson_righthand": {
			"rotation": [-49.83, -9.62, -171.96],
			"translation": [-0.75, 5, 2],
			"scale": [0.8, 0.8, 0.8]
		},
		"firstperson_lefthand": {
			"rotation": [0, -10, -100],
			"translation": [1.75, 1, -3.5],
			"scale": [0.8, 0.8, 0.8]
		},
		"ground": {
			"translation": [0, 19, 0],
			"scale": [4, 4, 4]
		},
		"gui": {
			"rotation": [90, 41.25, -90]
		},
		"head": {
			"rotation": [84.5, 0, 0],
			"translation": [0, 0, -14]
		},
		"fixed": {
			"rotation": [108.25, 0, 0],
			"translation": [0, 0, -5.75]
		}
	},
	"groups": [
		{
			"name": "MaeveDagger",
			"origin": [8, 8, 8],
			"color": 0,
			"children": [
				0,
				1,
				2,
				3,
				4,
				5,
				6,
				7,
				8,
				9,
				10,
				11,
				12,
				13,
				14,
				15,
				16,
				17,
				18,
				19,
				20,
				21,
				22,
				23,
				24,
				25,
				26,
				27,
				28,
				29,
				30,
				31,
				32,
				33,
				34,
				35,
				36,
				37,
				38,
				39,
				40,
				41,
				42,
				43,
				44,
				45,
				46,
				47,
				48,
				49,
				50,
				51
			]
		}
	]
}