{
	"credit": "Made with Blockbench",
	"texture_size": [32, 32],
	"textures": {
		"0": "item/melodia",
		"particle": "item/melodia"
	},
	"elements": [
		{
			"from": [7, 0, 0],
			"to": [9, 2, 0.5],
			"faces": {
				"north": {"uv": [4, 10, 5, 11], "texture": "#0"},
				"east": {"uv": [11, 12, 11.25, 13], "texture": "#0"},
				"south": {"uv": [8.5, 10.5, 9.5, 11.5], "texture": "#0"},
				"west": {"uv": [11.5, 12, 11.75, 13], "texture": "#0"},
				"up": {"uv": [13, 11.75, 12, 11.5], "texture": "#0"},
				"down": {"uv": [13, 12, 12, 12.25], "texture": "#0"}
			}
		},
		{
			"from": [6, 0, 0.5],
			"to": [10, 2, 1],
			"faces": {
				"north": {"uv": [9, 9, 11, 10], "texture": "#0"},
				"east": {"uv": [0, 12.5, 0.25, 13.5], "texture": "#0"},
				"south": {"uv": [9.5, 0, 11.5, 1], "texture": "#0"},
				"west": {"uv": [0.5, 12.5, 0.75, 13.5], "texture": "#0"},
				"up": {"uv": [13.5, 10.75, 11.5, 10.5], "texture": "#0"},
				"down": {"uv": [13.5, 11, 11.5, 11.25], "texture": "#0"}
			}
		},
		{
			"from": [5, 0, 1],
			"to": [11, 2, 1.5],
			"faces": {
				"north": {"uv": [2, 6, 5, 7], "texture": "#0"},
				"east": {"uv": [12.5, 1, 12.75, 2], "texture": "#0"},
				"south": {"uv": [6, 2, 9, 3], "texture": "#0"},
				"west": {"uv": [1.5, 12.5, 1.75, 13.5], "texture": "#0"},
				"up": {"uv": [13.5, 8.75, 10.5, 8.5], "texture": "#0"},
				"down": {"uv": [3, 11, 0, 11.25], "texture": "#0"}
			}
		},
		{
			"from": [4.5, 0, 1.5],
			"to": [11.5, 2, 3],
			"faces": {
				"north": {"uv": [2, 5, 5.5, 6], "texture": "#0"},
				"east": {"uv": [3, 11, 3.75, 12], "texture": "#0"},
				"south": {"uv": [5.5, 5, 9, 6], "texture": "#0"},
				"west": {"uv": [4, 11, 4.75, 12], "texture": "#0"},
				"up": {"uv": [8.5, 6.75, 5, 6], "texture": "#0"},
				"down": {"uv": [5.5, 7, 2, 7.75], "texture": "#0"}
			}
		},
		{
			"from": [6.875, 2, 2.5],
			"to": [9.125, 2.5, 3],
			"rotation": {"angle": 0, "axis": "y", "origin": [-0.125, 0, 0]},
			"faces": {
				"north": {"uv": [12, 7, 13.125, 7.25], "texture": "#0"},
				"east": {"uv": [12.5, 12.5, 12.75, 12.75], "texture": "#0"},
				"south": {"uv": [12, 7.5, 13.125, 7.75], "texture": "#0"},
				"west": {"uv": [13, 0, 13.25, 0.25], "texture": "#0"},
				"up": {"uv": [9.125, 12.25, 8, 12], "texture": "#0"},
				"down": {"uv": [10.625, 12, 9.5, 12.25], "texture": "#0"}
			}
		},
		{
			"from": [4.5, 0, 5.5],
			"to": [11.5, 2, 7],
			"faces": {
				"north": {"uv": [6, 0, 9.5, 1], "texture": "#0"},
				"east": {"uv": [6, 11, 6.75, 12], "texture": "#0"},
				"south": {"uv": [6, 1, 9.5, 2], "texture": "#0"},
				"west": {"uv": [11, 6, 11.75, 7], "texture": "#0"},
				"up": {"uv": [9, 7.75, 5.5, 7], "texture": "#0"},
				"down": {"uv": [5.5, 8, 2, 8.75], "texture": "#0"}
			}
		},
		{
			"from": [7, 1, 11.5],
			"to": [9, 2, 16],
			"faces": {
				"north": {"uv": [9, 5.5, 10, 6], "texture": "#0"},
				"east": {"uv": [6, 10.5, 8.25, 11], "texture": "#0"},
				"south": {"uv": [5, 11.5, 6, 12], "texture": "#0"},
				"west": {"uv": [10.5, 8, 12.75, 8.5], "texture": "#0"},
				"up": {"uv": [10, 5.25, 9, 3], "texture": "#0"},
				"down": {"uv": [6, 9, 5, 11.25], "texture": "#0"}
			}
		},
		{
			"from": [6.75, 1, 17],
			"to": [9.25, 2, 18],
			"faces": {
				"north": {"uv": [11.5, 2, 12.75, 2.5], "texture": "#0"},
				"east": {"uv": [1.5, 8.5, 2, 9], "texture": "#0"},
				"south": {"uv": [11.5, 2.5, 12.75, 3], "texture": "#0"},
				"west": {"uv": [2.5, 11.5, 3, 12], "texture": "#0"},
				"up": {"uv": [12.75, 4.5, 11.5, 4], "texture": "#0"},
				"down": {"uv": [12.75, 4.5, 11.5, 5], "texture": "#0"}
			}
		},
		{
			"from": [6.5, 1, 18],
			"to": [9.5, 2, 19],
			"faces": {
				"north": {"uv": [0, 8.5, 1.5, 9], "texture": "#0"},
				"east": {"uv": [5, 12.5, 5.5, 13], "texture": "#0"},
				"south": {"uv": [7, 11, 8.5, 11.5], "texture": "#0"},
				"west": {"uv": [6, 12.5, 6.5, 13], "texture": "#0"},
				"up": {"uv": [12.5, 9.5, 11, 9], "texture": "#0"},
				"down": {"uv": [12.5, 9.5, 11, 10], "texture": "#0"}
			}
		},
		{
			"from": [6.5, 1, 16],
			"to": [9.5, 2, 17],
			"faces": {
				"north": {"uv": [11, 10, 12.5, 10.5], "texture": "#0"},
				"east": {"uv": [6.5, 12.5, 7, 13], "texture": "#0"},
				"south": {"uv": [0, 11.5, 1.5, 12], "texture": "#0"},
				"west": {"uv": [7, 12.5, 7.5, 13], "texture": "#0"},
				"up": {"uv": [13, 0.5, 11.5, 0], "texture": "#0"},
				"down": {"uv": [13, 0.5, 11.5, 1], "texture": "#0"}
			}
		},
		{
			"from": [7, 1, 19],
			"to": [9, 2, 19.75],
			"faces": {
				"north": {"uv": [0, 12, 1, 12.5], "texture": "#0"},
				"east": {"uv": [12.5, 10, 12.875, 10.5], "texture": "#0"},
				"south": {"uv": [2.5, 12, 3.5, 12.5], "texture": "#0"},
				"west": {"uv": [12, 12.5, 12.375, 13], "texture": "#0"},
				"up": {"uv": [13, 6.375, 12, 6], "texture": "#0"},
				"down": {"uv": [13, 6.5, 12, 6.875], "texture": "#0"}
			}
		},
		{
			"from": [7.125, 2.25, 3],
			"to": [8.875, 2.25, 19.75],
			"faces": {
				"north": {"uv": [0, 0, 0.875, 0], "texture": "#0"},
				"east": {"uv": [0, 0, 8.375, 0], "texture": "#0"},
				"south": {"uv": [0, 0, 0.875, 0], "texture": "#0"},
				"west": {"uv": [0, 0, 8.375, 0], "texture": "#0"},
				"up": {"uv": [0.875, 8.375, 0, 0], "texture": "#0"},
				"down": {"uv": [1.875, 0, 1, 8.375], "texture": "#0"}
			}
		},
		{
			"from": [6, 0, 7.5],
			"to": [10, 2, 8],
			"faces": {
				"north": {"uv": [9.5, 1, 11.5, 2], "texture": "#0"},
				"east": {"uv": [7.5, 12.5, 7.75, 13.5], "texture": "#0"},
				"south": {"uv": [0, 10, 2, 11], "texture": "#0"},
				"west": {"uv": [8, 12.5, 8.25, 13.5], "texture": "#0"},
				"up": {"uv": [14, 3.25, 12, 3], "texture": "#0"},
				"down": {"uv": [5.5, 12, 3.5, 12.25], "texture": "#0"}
			}
		},
		{
			"from": [5.5, 0, 10],
			"to": [10.5, 2, 11],
			"faces": {
				"north": {"uv": [5.5, 8, 8, 9], "texture": "#0"},
				"east": {"uv": [1, 12, 1.5, 13], "texture": "#0"},
				"south": {"uv": [8, 8, 10.5, 9], "texture": "#0"},
				"west": {"uv": [5.5, 12, 6, 13], "texture": "#0"},
				"up": {"uv": [8.5, 10.5, 6, 10], "texture": "#0"},
				"down": {"uv": [11, 10, 8.5, 10.5], "texture": "#0"}
			}
		},
		{
			"from": [6, 0, 11],
			"to": [10, 2, 11.5],
			"faces": {
				"north": {"uv": [2, 10, 4, 11], "texture": "#0"},
				"east": {"uv": [8.5, 12.5, 8.75, 13.5], "texture": "#0"},
				"south": {"uv": [10, 3, 12, 4], "texture": "#0"},
				"west": {"uv": [9, 12.5, 9.25, 13.5], "texture": "#0"},
				"up": {"uv": [14, 3.75, 12, 3.5], "texture": "#0"},
				"down": {"uv": [8, 12, 6, 12.25], "texture": "#0"}
			}
		},
		{
			"from": [5, 0, 8.5],
			"to": [11, 2, 10],
			"faces": {
				"north": {"uv": [6, 3, 9, 4], "texture": "#0"},
				"east": {"uv": [11.5, 1, 12.25, 2], "texture": "#0"},
				"south": {"uv": [6, 4, 9, 5], "texture": "#0"},
				"west": {"uv": [1.5, 11.5, 2.25, 12.5], "texture": "#0"},
				"up": {"uv": [9, 9.75, 6, 9], "texture": "#0"},
				"down": {"uv": [12, 7, 9, 7.75], "texture": "#0"}
			}
		},
		{
			"from": [5.5, 0, 8],
			"to": [10.5, 2, 8.5],
			"faces": {
				"north": {"uv": [8.5, 6, 11, 7], "texture": "#0"},
				"east": {"uv": [12.5, 9, 12.75, 10], "texture": "#0"},
				"south": {"uv": [0, 9, 2.5, 10], "texture": "#0"},
				"west": {"uv": [9.5, 12.5, 9.75, 13.5], "texture": "#0"},
				"up": {"uv": [14, 5.25, 11.5, 5], "texture": "#0"},
				"down": {"uv": [14, 5.5, 11.5, 5.75], "texture": "#0"}
			}
		},
		{
			"from": [5.5, 0, 7],
			"to": [10.5, 2, 7.5],
			"faces": {
				"north": {"uv": [9, 2, 11.5, 3], "texture": "#0"},
				"east": {"uv": [10, 12.5, 10.25, 13.5], "texture": "#0"},
				"south": {"uv": [2.5, 9, 5, 10], "texture": "#0"},
				"west": {"uv": [10.5, 12.5, 10.75, 13.5], "texture": "#0"},
				"up": {"uv": [9.5, 11.75, 7, 11.5], "texture": "#0"},
				"down": {"uv": [12, 11.5, 9.5, 11.75], "texture": "#0"}
			}
		},
		{
			"from": [4, 0, 3],
			"to": [12, 2, 5.5],
			"faces": {
				"north": {"uv": [2, 3, 6, 4], "texture": "#0"},
				"east": {"uv": [10, 4, 11.25, 5], "texture": "#0"},
				"south": {"uv": [2, 4, 6, 5], "texture": "#0"},
				"west": {"uv": [10, 5, 11.25, 6], "texture": "#0"},
				"up": {"uv": [6, 1.25, 2, 0], "texture": "#0"},
				"down": {"uv": [6, 1.5, 2, 2.75], "texture": "#0"}
			}
		}
	],
	"gui_light": "front",
	"display": {
		"thirdperson_righthand": {
			"rotation": [-90, 0, 90],
			"translation": [-9.75, -9.75, 2],
			"scale": [1.5, 1.5, 1.5]
		},
		"thirdperson_lefthand": {
			"rotation": [-90, 0, 90],
			"translation": [-9.75, -9.75, 2],
			"scale": [1.5, 1.5, 1.5]
		},
		"firstperson_righthand": {
			"rotation": [-90, 15, 90],
			"translation": [-4.5, -0.25, -5.75],
			"scale": [1.5, 1.5, 1.5]
		},
		"firstperson_lefthand": {
			"rotation": [-90, 15, 90],
			"translation": [-4.5, -0.25, -5.75],
			"scale": [1.5, 1.5, 1.5]
		},
		"ground": {
			"rotation": [-60, 0, 0],
			"translation": [0, 18.75, -11.75],
			"scale": [2, 2, 2]
		},
		"gui": {
			"rotation": [-90, 45, 180],
			"translation": [-1, -1, 0]
		},
		"fixed": {
			"rotation": [-90, -33.75, 0],
			"translation": [1.5, -1.75, -11.75],
			"scale": [1.5, 1.5, 1.5]
		}
	}
}