{
	"credit": "Made with Blockbench",
	"texture_size": [32, 32],
	"textures": {
		"0": "block/Molotov",
		"particle": "block/Molotov"
	},
	"elements": [
		{
			"from": [6.75, 0, 6.75],
			"to": [9.25, 6, 9.25],
			"rotation": {"angle": 0, "axis": "y", "origin": [7, 0, 7]},
			"faces": {
				"north": {"uv": [0, 0, 1.25, 3], "texture": "#0"},
				"east": {"uv": [1.5, 0, 2.75, 3], "texture": "#0"},
				"south": {"uv": [0, 3, 1.25, 6], "texture": "#0"},
				"west": {"uv": [3, 0, 4.25, 3], "texture": "#0"},
				"up": {"uv": [2.75, 4.25, 1.5, 3], "texture": "#0"},
				"down": {"uv": [4.25, 3, 3, 4.25], "texture": "#0"}
			}
		},
		{
			"from": [7.36941, 5.42702, 7.25],
			"to": [8.36941, 6.72702, 8.75],
			"rotation": {"angle": 22.5, "axis": "z", "origin": [7.36941, 7.92702, 7]},
			"faces": {
				"north": {"uv": [6.5, 2, 7, 2.625], "texture": "#0"},
				"east": {"uv": [5.5, 0, 6.25, 0.625], "texture": "#0"},
				"south": {"uv": [6.5, 3, 7, 3.625], "texture": "#0"},
				"west": {"uv": [5.5, 1, 6.25, 1.625], "texture": "#0"},
				"up": {"uv": [1.5, 6.75, 1, 6], "texture": "#0"},
				"down": {"uv": [2, 6, 1.5, 6.75], "texture": "#0"}
			}
		},
		{
			"from": [7.63059, 5.42702, 7.25],
			"to": [8.63059, 6.72702, 8.75],
			"rotation": {"angle": -22.5, "axis": "z", "origin": [8.63059, 7.92702, 7]},
			"faces": {
				"north": {"uv": [3.5, 6.5, 4, 7.125], "texture": "#0"},
				"east": {"uv": [5.5, 2, 6.25, 2.625], "texture": "#0"},
				"south": {"uv": [4, 6.5, 4.5, 7.125], "texture": "#0"},
				"west": {"uv": [5.5, 3, 6.25, 3.625], "texture": "#0"},
				"up": {"uv": [2.5, 6.75, 2, 6], "texture": "#0"},
				"down": {"uv": [3, 6, 2.5, 6.75], "texture": "#0"}
			}
		},
		{
			"from": [7.25, 1.42111, 13.23034],
			"to": [8.75, 2.72111, 14.23034],
			"rotation": {"angle": 22.5, "axis": "x", "origin": [22, 20, 21.5]},
			"faces": {
				"north": {"uv": [3.5, 5.5, 4.25, 6.125], "texture": "#0"},
				"east": {"uv": [6.5, 4, 7, 4.625], "texture": "#0"},
				"south": {"uv": [5.5, 4, 6.25, 4.625], "texture": "#0"},
				"west": {"uv": [4.5, 6.5, 5, 7.125], "texture": "#0"},
				"up": {"uv": [5.25, 6.5, 4.5, 6], "texture": "#0"},
				"down": {"uv": [6.25, 6, 5.5, 6.5], "texture": "#0"}
			}
		},
		{
			"from": [7.25, 1.42111, 1.76966],
			"to": [8.75, 2.72111, 2.76966],
			"rotation": {"angle": -22.5, "axis": "x", "origin": [22, 20, -5.5]},
			"faces": {
				"north": {"uv": [5.5, 5, 6.25, 5.625], "texture": "#0"},
				"east": {"uv": [5, 6.5, 5.5, 7.125], "texture": "#0"},
				"south": {"uv": [0, 6, 0.75, 6.625], "texture": "#0"},
				"west": {"uv": [6.5, 5, 7, 5.625], "texture": "#0"},
				"up": {"uv": [7.25, 0.5, 6.5, 0], "texture": "#0"},
				"down": {"uv": [7.25, 0.5, 6.5, 1], "texture": "#0"}
			}
		},
		{
			"from": [7.24749, 7.20104, 7.24749],
			"to": [8.75, 9.95104, 8.75],
			"rotation": {"angle": 0, "axis": "y", "origin": [6.75, 7.20104, 7.24749]},
			"faces": {
				"north": {"uv": [4.5, 0, 5.25, 1.375], "texture": "#0"},
				"east": {"uv": [1.5, 4.5, 2.25, 5.875], "texture": "#0"},
				"south": {"uv": [4.5, 1.5, 5.25, 2.875], "texture": "#0"},
				"west": {"uv": [2.5, 4.5, 3.25, 5.875], "texture": "#0"},
				"up": {"uv": [5.25, 4.75, 4.5, 4], "texture": "#0"},
				"down": {"uv": [5.25, 5, 4.5, 5.75], "texture": "#0"}
			}
		},
		{
			"from": [7.14749, 9.95104, 7.14749],
			"to": [8.85, 10.45104, 8.85],
			"rotation": {"angle": 0, "axis": "y", "origin": [6.75, 9.70104, 7.24749]},
			"faces": {
				"north": {"uv": [7, 3, 7.875, 3.25], "texture": "#0"},
				"east": {"uv": [7, 3.5, 7.875, 3.75], "texture": "#0"},
				"south": {"uv": [7, 4, 7.875, 4.25], "texture": "#0"},
				"west": {"uv": [7, 4.5, 7.875, 4.75], "texture": "#0"},
				"up": {"uv": [5.375, 3.875, 4.5, 3], "texture": "#0"},
				"down": {"uv": [4.375, 4.5, 3.5, 5.375], "texture": "#0"}
			}
		},
		{
			"from": [7.94749, 10.45104, 7.44749],
			"to": [8.05, 11.70104, 8.55],
			"rotation": {"angle": 0, "axis": "y", "origin": [6.75, 10.45104, 7.24749]},
			"faces": {
				"north": {"uv": [3.5, 7.5, 3.625, 8.125], "texture": "#0"},
				"east": {"uv": [5.5, 6.5, 6, 7.125], "texture": "#0"},
				"south": {"uv": [4, 7.5, 4.125, 8.125], "texture": "#0"},
				"west": {"uv": [6, 6.5, 6.5, 7.125], "texture": "#0"},
				"up": {"uv": [8.125, 0.5, 8, 0], "texture": "#0"},
				"down": {"uv": [0.625, 8, 0.5, 8.5], "texture": "#0"}
			}
		},
		{
			"from": [7.94749, 11.70104, 7.69749],
			"to": [8.05, 11.95104, 8.3],
			"rotation": {"angle": 0, "axis": "y", "origin": [6.75, 11.70104, 7.24749]},
			"faces": {
				"north": {"uv": [8.5, 4.5, 8.625, 4.625], "texture": "#0"},
				"east": {"uv": [8.5, 2, 8.75, 2.125], "texture": "#0"},
				"south": {"uv": [5, 8.5, 5.125, 8.625], "texture": "#0"},
				"west": {"uv": [2.5, 8.5, 2.75, 8.625], "texture": "#0"},
				"up": {"uv": [8.625, 2.75, 8.5, 2.5], "texture": "#0"},
				"down": {"uv": [3.125, 8.5, 3, 8.75], "texture": "#0"}
			}
		},
		{
			"from": [7.94749, 10.45104, 7.44749],
			"to": [8.05, 11.70104, 8.55],
			"rotation": {"angle": -22.5, "axis": "y", "origin": [7.99874, 11.32604, 7.99874]},
			"faces": {
				"north": {"uv": [4.5, 7.5, 4.625, 8.125], "texture": "#0"},
				"east": {"uv": [6.5, 6, 7, 6.625], "texture": "#0"},
				"south": {"uv": [5, 7.5, 5.125, 8.125], "texture": "#0"},
				"west": {"uv": [0, 7, 0.5, 7.625], "texture": "#0"},
				"up": {"uv": [8.125, 1, 8, 0.5], "texture": "#0"},
				"down": {"uv": [1.125, 8, 1, 8.5], "texture": "#0"}
			}
		},
		{
			"from": [7.94749, 12.20104, 7.84749],
			"to": [8.05, 13.20104, 8.15],
			"rotation": {"angle": -22.5, "axis": "y", "origin": [7.99874, 13.07604, 7.99874]},
			"faces": {
				"north": {"uv": [8, 1, 8.125, 1.5], "texture": "#0"},
				"east": {"uv": [1.5, 8, 1.625, 8.5], "texture": "#0"},
				"south": {"uv": [8, 1.5, 8.125, 2], "texture": "#0"},
				"west": {"uv": [2, 8, 2.125, 8.5], "texture": "#0"},
				"up": {"uv": [8.625, 5.125, 8.5, 5], "texture": "#0"},
				"down": {"uv": [5.625, 8.5, 5.5, 8.625], "texture": "#0"}
			}
		},
		{
			"from": [7.94749, 10.45104, 7.44749],
			"to": [8.05, 11.70104, 8.55],
			"rotation": {"angle": -45, "axis": "y", "origin": [7.99874, 11.32604, 7.99874]},
			"faces": {
				"north": {"uv": [7.5, 5, 7.625, 5.625], "texture": "#0"},
				"east": {"uv": [0.5, 7, 1, 7.625], "texture": "#0"},
				"south": {"uv": [5.5, 7.5, 5.625, 8.125], "texture": "#0"},
				"west": {"uv": [1, 7, 1.5, 7.625], "texture": "#0"},
				"up": {"uv": [8.125, 2.5, 8, 2], "texture": "#0"},
				"down": {"uv": [2.625, 8, 2.5, 8.5], "texture": "#0"}
			}
		},
		{
			"from": [7.94749, 11.70104, 7.64749],
			"to": [8.05, 11.95104, 8.35],
			"rotation": {"angle": -45, "axis": "y", "origin": [7.99874, 12.57604, 7.99874]},
			"faces": {
				"north": {"uv": [8.5, 5.5, 8.625, 5.625], "texture": "#0"},
				"east": {"uv": [8, 7.5, 8.375, 7.625], "texture": "#0"},
				"south": {"uv": [6, 8.5, 6.125, 8.625], "texture": "#0"},
				"west": {"uv": [8, 8, 8.375, 8.125], "texture": "#0"},
				"up": {"uv": [8.625, 0.375, 8.5, 0], "texture": "#0"},
				"down": {"uv": [0.625, 8.5, 0.5, 8.875], "texture": "#0"}
			}
		},
		{
			"from": [8.09749, 10.45104, 7.44749],
			"to": [8.2, 11.70104, 8.55],
			"rotation": {"angle": 45, "axis": "y", "origin": [8.14874, 11.32604, 7.99874]},
			"faces": {
				"north": {"uv": [6, 7.5, 6.125, 8.125], "texture": "#0"},
				"east": {"uv": [7, 1, 7.5, 1.625], "texture": "#0"},
				"south": {"uv": [7.5, 6, 7.625, 6.625], "texture": "#0"},
				"west": {"uv": [1.5, 7, 2, 7.625], "texture": "#0"},
				"up": {"uv": [8.125, 3, 8, 2.5], "texture": "#0"},
				"down": {"uv": [3.125, 8, 3, 8.5], "texture": "#0"}
			}
		},
		{
			"from": [8.09749, 11.70104, 7.44749],
			"to": [8.2, 12.70104, 8.3],
			"rotation": {"angle": 45, "axis": "y", "origin": [8.14874, 12.57604, 7.99874]},
			"faces": {
				"north": {"uv": [8, 3, 8.125, 3.5], "texture": "#0"},
				"east": {"uv": [7, 5, 7.375, 5.5], "texture": "#0"},
				"south": {"uv": [8, 3.5, 8.125, 4], "texture": "#0"},
				"west": {"uv": [7, 5.5, 7.375, 6], "texture": "#0"},
				"up": {"uv": [8.625, 0.875, 8.5, 0.5], "texture": "#0"},
				"down": {"uv": [1.125, 8.5, 1, 8.875], "texture": "#0"}
			}
		},
		{
			"from": [7.74749, 10.45104, 7.34749],
			"to": [7.85, 11.70104, 8.45],
			"rotation": {"angle": 45, "axis": "y", "origin": [7.79874, 11.32604, 7.89874]},
			"faces": {
				"north": {"uv": [6.5, 7.5, 6.625, 8.125], "texture": "#0"},
				"east": {"uv": [2, 7, 2.5, 7.625], "texture": "#0"},
				"south": {"uv": [7, 7.5, 7.125, 8.125], "texture": "#0"},
				"west": {"uv": [7, 2, 7.5, 2.625], "texture": "#0"},
				"up": {"uv": [8.125, 4.5, 8, 4], "texture": "#0"},
				"down": {"uv": [8.125, 4.5, 8, 5], "texture": "#0"}
			}
		},
		{
			"from": [7.74749, 11.70104, 7.59749],
			"to": [7.85, 12.45104, 8.2],
			"rotation": {"angle": 45, "axis": "y", "origin": [7.79874, 12.57604, 7.89874]},
			"faces": {
				"north": {"uv": [8.5, 1, 8.625, 1.375], "texture": "#0"},
				"east": {"uv": [7, 6.5, 7.25, 6.875], "texture": "#0"},
				"south": {"uv": [1.5, 8.5, 1.625, 8.875], "texture": "#0"},
				"west": {"uv": [7, 7, 7.25, 7.375], "texture": "#0"},
				"up": {"uv": [8.625, 3.25, 8.5, 3], "texture": "#0"},
				"down": {"uv": [3.625, 8.5, 3.5, 8.75], "texture": "#0"}
			}
		},
		{
			"from": [7.34749, 10.45104, 7.94749],
			"to": [8.45, 11.70104, 8.05],
			"rotation": {"angle": 22.5, "axis": "y", "origin": [7.89874, 11.32604, 7.99874]},
			"faces": {
				"north": {"uv": [2.5, 7, 3, 7.625], "texture": "#0"},
				"east": {"uv": [7.5, 7, 7.625, 7.625], "texture": "#0"},
				"south": {"uv": [3, 7, 3.5, 7.625], "texture": "#0"},
				"west": {"uv": [0, 8, 0.125, 8.625], "texture": "#0"},
				"up": {"uv": [8.5, 5.125, 8, 5], "texture": "#0"},
				"down": {"uv": [8.5, 5.5, 8, 5.625], "texture": "#0"}
			}
		},
		{
			"from": [7.59749, 11.70104, 7.94749],
			"to": [8.2, 12.45104, 8.05],
			"rotation": {"angle": 22.5, "axis": "y", "origin": [7.89874, 12.57604, 7.99874]},
			"faces": {
				"north": {"uv": [7.5, 0, 7.75, 0.375], "texture": "#0"},
				"east": {"uv": [8.5, 1.5, 8.625, 1.875], "texture": "#0"},
				"south": {"uv": [7.5, 0.5, 7.75, 0.875], "texture": "#0"},
				"west": {"uv": [2, 8.5, 2.125, 8.875], "texture": "#0"},
				"up": {"uv": [8.75, 3.625, 8.5, 3.5], "texture": "#0"},
				"down": {"uv": [4.25, 8.5, 4, 8.625], "texture": "#0"}
			}
		},
		{
			"from": [7.94749, 10.45104, 7.44749],
			"to": [8.05, 11.95104, 8.55],
			"rotation": {"angle": 22.5, "axis": "y", "origin": [7.99874, 11.32604, 7.99874]},
			"faces": {
				"north": {"uv": [7.5, 1, 7.625, 1.75], "texture": "#0"},
				"east": {"uv": [3, 6, 3.5, 6.75], "texture": "#0"},
				"south": {"uv": [7.5, 2, 7.625, 2.75], "texture": "#0"},
				"west": {"uv": [6.5, 1, 7, 1.75], "texture": "#0"},
				"up": {"uv": [8.125, 6.5, 8, 6], "texture": "#0"},
				"down": {"uv": [8.125, 6.5, 8, 7], "texture": "#0"}
			}
		},
		{
			"from": [7.94749, 11.95104, 7.69749],
			"to": [8.05, 12.95104, 8.3],
			"rotation": {"angle": 22.5, "axis": "y", "origin": [7.99874, 12.82604, 7.99874]},
			"faces": {
				"north": {"uv": [8, 7, 8.125, 7.5], "texture": "#0"},
				"east": {"uv": [7, 6, 7.25, 6.5], "texture": "#0"},
				"south": {"uv": [7.5, 8, 7.625, 8.5], "texture": "#0"},
				"west": {"uv": [6.5, 7, 6.75, 7.5], "texture": "#0"},
				"up": {"uv": [8.625, 4.25, 8.5, 4], "texture": "#0"},
				"down": {"uv": [4.625, 8.5, 4.5, 8.75], "texture": "#0"}
			}
		}
	],
	"display": {
		"thirdperson_righthand": {
			"translation": [0, 3.5, 1],
			"scale": [0.85, 1, 0.85]
		},
		"thirdperson_lefthand": {
			"translation": [0, 3.5, 1],
			"scale": [0.85, 1, 0.85]
		},
		"firstperson_righthand": {
			"rotation": [0, 90, 0],
			"translation": [5, 3.5, -4]
		},
		"firstperson_lefthand": {
			"rotation": [0, -90, 0],
			"translation": [5, 3.5, -4]
		},
		"gui": {
			"translation": [0, 1, 0]
		}
	},
	"groups": [
		{
			"name": "Molotov",
			"origin": [8, 8, 8],
			"color": 0,
			"children": [0, 1, 2, 3, 4, 5, 6, 7, 8, 9, 10, 11, 12, 13, 14, 15, 16, 17, 18, 19, 20]
		}
	]
}