{
	"credit": "Made with Blockbench",
	"textures": {
		"0": "block/neuris_st",
		"1": "block/neuris_an",
		"particle": "block/neuris_st"
	},
	"elements": [
		{
			"from": [7.5, 3, -0.25],
			"to": [8.5, 5, 1.75],
			"rotation": {"angle": 45, "axis": "x", "origin": [8, 4.25, 0.5]},
			"faces": {
				"north": {"uv": [4, 11, 5, 13], "texture": "#0"},
				"east": {"uv": [4, 0, 6, 2], "texture": "#0"},
				"south": {"uv": [11, 4, 12, 6], "texture": "#0"},
				"west": {"uv": [4, 2, 6, 4], "texture": "#0"},
				"up": {"uv": [6, 13, 5, 11], "texture": "#0"},
				"down": {"uv": [7, 11, 6, 13], "texture": "#0"}
			}
		},
		{
			"from": [7.5, 1, 0.25],
			"to": [8.5, 2.5, 1.75],
			"rotation": {"angle": 45, "axis": "x", "origin": [8, 2.25, 0.5]},
			"faces": {
				"north": {"uv": [12, 6, 13, 7.5], "texture": "#0"},
				"east": {"uv": [9, 4, 10.5, 5.5], "texture": "#0"},
				"south": {"uv": [8, 12, 9, 13.5], "texture": "#0"},
				"west": {"uv": [6, 9, 7.5, 10.5], "texture": "#0"},
				"up": {"uv": [13, 9.5, 12, 8], "texture": "#0"},
				"down": {"uv": [10, 12, 9, 13.5], "texture": "#0"}
			}
		},
		{
			"from": [7.51, 5.25, 0],
			"to": [8.49, 18.75, 1],
			"rotation": {"angle": 0, "axis": "y", "origin": [8, 3.75, 0.5]},
			"faces": {
				"north": {"uv": [0, 0, 1, 13.5], "texture": "#0"},
				"east": {"uv": [1, 0, 2, 13.5], "texture": "#0"},
				"south": {"uv": [2, 0, 3, 13.5], "texture": "#0"},
				"west": {"uv": [3, 0, 4, 13.5], "texture": "#0"},
				"up": {"uv": [7, 14, 6, 13], "texture": "#0"},
				"down": {"uv": [14, 6, 13, 7], "texture": "#0"}
			}
		},
		{
			"from": [7.52, 17.75, 0],
			"to": [8.48, 21.25, 1],
			"rotation": {"angle": 22.5, "axis": "x", "origin": [8, 18.75, 0.5]},
			"faces": {
				"north": {"uv": [4, 4, 5, 7.5], "texture": "#0"},
				"east": {"uv": [5, 4, 6, 7.5], "texture": "#0"},
				"south": {"uv": [6, 0, 7, 3.5], "texture": "#0"},
				"west": {"uv": [6, 4, 7, 7.5], "texture": "#0"},
				"up": {"uv": [8, 14, 7, 13], "texture": "#0"},
				"down": {"uv": [14, 7, 13, 8], "texture": "#0"}
			}
		},
		{
			"from": [7.5, 20.22754, 1.41523],
			"to": [8.5, 21.27754, 3.91523],
			"rotation": {"angle": -45, "axis": "x", "origin": [8, 20.75, 1.25]},
			"faces": {
				"north": {"uv": [13, 8, 14, 9], "texture": "#0"},
				"east": {"uv": [8, 3, 10.5, 4], "texture": "#0"},
				"south": {"uv": [13, 9, 14, 10], "texture": "#0"},
				"west": {"uv": [4, 8, 6.5, 9], "texture": "#0"},
				"up": {"uv": [9, 6.5, 8, 4], "texture": "#0"},
				"down": {"uv": [9, 7, 8, 9.5], "texture": "#0"}
			}
		},
		{
			"from": [7.5, 21.22754, 2.91523],
			"to": [8.5, 24.27754, 3.91523],
			"rotation": {"angle": -45, "axis": "x", "origin": [8, 20.75, 1.25]},
			"faces": {
				"north": {"uv": [7, 0, 8, 3], "texture": "#0"},
				"east": {"uv": [7, 3, 8, 6], "texture": "#0"},
				"south": {"uv": [7, 6, 8, 9], "texture": "#0"},
				"west": {"uv": [8, 0, 9, 3], "texture": "#0"},
				"up": {"uv": [11, 14, 10, 13], "texture": "#0"},
				"down": {"uv": [12, 13, 11, 14], "texture": "#0"}
			}
		},
		{
			"from": [7.52, 11.65, -1.7],
			"to": [8.48, 12.65, -0.675],
			"rotation": {"angle": -22.5, "axis": "x", "origin": [8, 18.75, -14.5]},
			"faces": {
				"north": {"uv": [12, 13, 13, 14], "texture": "#0"},
				"east": {"uv": [13, 13, 14, 14], "texture": "#0"},
				"south": {"uv": [0, 14, 1, 15], "texture": "#0"},
				"west": {"uv": [1, 14, 2, 15], "texture": "#0"},
				"up": {"uv": [3, 15, 2, 14], "texture": "#0"},
				"down": {"uv": [4, 14, 3, 15], "texture": "#0"}
			}
		},
		{
			"from": [7.26, 4.75, -0.25],
			"to": [8.74, 5.5, 1.25],
			"rotation": {"angle": 0, "axis": "y", "origin": [8, 5.75, 0.5]},
			"faces": {
				"north": {"uv": [9, 2, 10.5, 3], "texture": "#0"},
				"east": {"uv": [10, 12, 11.5, 13], "texture": "#0"},
				"south": {"uv": [12, 10, 13.5, 11], "texture": "#0"},
				"west": {"uv": [12, 11, 13.5, 12], "texture": "#0"},
				"up": {"uv": [10.5, 7.5, 9, 6], "texture": "#0"},
				"down": {"uv": [10.5, 8, 9, 9.5], "texture": "#0"}
			}
		},
		{
			"from": [7.26, 16.5, -0.25],
			"to": [8.74, 17.25, 1.25],
			"rotation": {"angle": 0, "axis": "y", "origin": [8, 5.75, 0.5]},
			"faces": {
				"north": {"uv": [12, 12, 13.5, 13], "texture": "#0"},
				"east": {"uv": [13, 0, 14.5, 1], "texture": "#0"},
				"south": {"uv": [13, 1, 14.5, 2], "texture": "#0"},
				"west": {"uv": [13, 2, 14.5, 3], "texture": "#0"},
				"up": {"uv": [9.5, 11.5, 8, 10], "texture": "#0"},
				"down": {"uv": [11.5, 10, 10, 11.5], "texture": "#0"}
			}
		},
		{
			"from": [7.26, 2.25, -0.25],
			"to": [8.74, 3, 1.25],
			"rotation": {"angle": 0, "axis": "y", "origin": [8, 5.75, 0.5]},
			"faces": {
				"north": {"uv": [13, 3, 14.5, 4], "texture": "#0"},
				"east": {"uv": [4, 13, 5.5, 14], "texture": "#0"},
				"south": {"uv": [13, 4, 14.5, 5], "texture": "#0"},
				"west": {"uv": [13, 5, 14.5, 6], "texture": "#0"},
				"up": {"uv": [12.5, 1.5, 11, 0], "texture": "#0"},
				"down": {"uv": [12.5, 2, 11, 3.5], "texture": "#0"}
			}
		},
		{
			"from": [7.5, 21.65, 0],
			"to": [8.5, 23.15, 1.5],
			"rotation": {"angle": 45, "axis": "x", "origin": [8, 22.65, 0.5]},
			"faces": {
				"north": {"uv": [11, 6, 12, 7.5], "texture": "#0"},
				"east": {"uv": [9, 0, 10.5, 1.5], "texture": "#0"},
				"south": {"uv": [7, 11, 8, 12.5], "texture": "#0"},
				"west": {"uv": [4, 9, 5.5, 10.5], "texture": "#0"},
				"up": {"uv": [12, 9.5, 11, 8], "texture": "#0"},
				"down": {"uv": [13, 4, 12, 5.5], "texture": "#0"}
			}
		},
		{
			"from": [8, 14.4, -7.25],
			"to": [8, 30.4, 8.75],
			"rotation": {"angle": 45, "axis": "x", "origin": [8, 22.65, 0.5]},
			"faces": {
				"north": {"uv": [0, 0, 0, 8], "texture": "#1"},
				"east": {"uv": [0, 0, 8, 8], "texture": "#1"},
				"south": {"uv": [0, 0, 0, 8], "texture": "#1"},
				"west": {"uv": [0, 8, 8, 16], "texture": "#1"},
				"up": {"uv": [0, 8, 0, 0], "texture": "#1"},
				"down": {"uv": [0, 0, 0, 8], "texture": "#1"}
			}
		}
	],
	"gui_light": "front",
	"display": {
		"thirdperson_righthand": {
			"translation": [0, -2, 12],
			"scale": [1.5, 1.5, 1.5]
		},
		"thirdperson_lefthand": {
			"translation": [0, -2, 12],
			"scale": [1.5, 1.5, 1.5]
		},
		"firstperson_righthand": {
			"rotation": [-15, 0, 0],
			"translation": [8.25, -1.75, 5],
			"scale": [1.2, 1.2, 1.2]
		},
		"firstperson_lefthand": {
			"rotation": [-15, 0, 0],
			"translation": [8.25, -1.75, 5],
			"scale": [1.2, 1.2, 1.2]
		},
		"ground": {
			"rotation": [-28.44, -35.14, 79.99],
			"translation": [0.5, 2.75, 8.75],
			"scale": [1.2, 1.2, 1.2]
		},
		"gui": {
			"rotation": [-90, -45, -90],
			"translation": [-7.75, 1.5, 0],
			"scale": [0.9, 0.9, 0.9]
		},
		"fixed": {
			"rotation": [-90, 45, 90],
			"translation": [16.75, 2, -1],
			"scale": [2, 2, 2]
		}
	}
}