{
	"credit": "Made with Blockbench",
	"texture_size": [64, 64],
	"textures": {
		"0": "item/NewcastleShield",
		"particle": "item/NewcastleShield"
	},
	"elements": [
		{
			"from": [0.5, 7, 7.5],
			"to": [15.5, 17, 9],
			"faces": {
				"north": {"uv": [0, 0, 3.75, 2.5], "texture": "#0"},
				"east": {"uv": [1.5, 5, 1.875, 7.5], "texture": "#0"},
				"south": {"uv": [0, 2.5, 3.75, 5], "texture": "#0"},
				"west": {"uv": [2, 5, 2.375, 7.5], "texture": "#0"},
				"up": {"uv": [7.5, 3.375, 3.75, 3], "texture": "#0"},
				"down": {"uv": [7.5, 3.5, 3.75, 3.875], "texture": "#0"}
			}
		},
		{
			"from": [2.5, 4, 8],
			"to": [13.5, 7, 9],
			"faces": {
				"north": {"uv": [3.75, 0, 6.5, 0.75], "texture": "#0"},
				"east": {"uv": [4.5, 7.25, 4.75, 8], "texture": "#0"},
				"south": {"uv": [3.75, 0.75, 6.5, 1.5], "texture": "#0"},
				"west": {"uv": [4.75, 7.25, 5, 8], "texture": "#0"},
				"up": {"uv": [5.25, 6, 2.5, 5.75], "texture": "#0"},
				"down": {"uv": [5.25, 6, 2.5, 6.25], "texture": "#0"}
			}
		},
		{
			"from": [2.5, 17, 8],
			"to": [13.5, 20, 9],
			"faces": {
				"north": {"uv": [3.75, 1.5, 6.5, 2.25], "texture": "#0"},
				"east": {"uv": [5, 7.25, 5.25, 8], "texture": "#0"},
				"south": {"uv": [3.75, 2.25, 6.5, 3], "texture": "#0"},
				"west": {"uv": [7.25, 7, 7.5, 7.75], "texture": "#0"},
				"up": {"uv": [8, 6.25, 5.25, 6], "texture": "#0"},
				"down": {"uv": [5.25, 6.25, 2.5, 6.5], "texture": "#0"}
			}
		},
		{
			"from": [4.5, 20, 8],
			"to": [11.5, 22, 9],
			"faces": {
				"north": {"uv": [5.25, 4, 7, 4.5], "texture": "#0"},
				"east": {"uv": [7, 1.25, 7.25, 1.75], "texture": "#0"},
				"south": {"uv": [5.25, 4.5, 7, 5], "texture": "#0"},
				"west": {"uv": [1.75, 7.5, 2, 8], "texture": "#0"},
				"up": {"uv": [8.25, 2.75, 6.5, 2.5], "texture": "#0"},
				"down": {"uv": [8.25, 2.75, 6.5, 3], "texture": "#0"}
			}
		},
		{
			"from": [6.75, 17, 7.5],
			"to": [9.25, 23.5, 9],
			"faces": {
				"north": {"uv": [3.75, 4, 4.375, 5.625], "texture": "#0"},
				"east": {"uv": [5.25, 6.25, 5.625, 7.875], "texture": "#0"},
				"south": {"uv": [4.5, 4, 5.125, 5.625], "texture": "#0"},
				"west": {"uv": [5.75, 6.25, 6.125, 7.875], "texture": "#0"},
				"up": {"uv": [7.625, 5.875, 7, 5.5], "texture": "#0"},
				"down": {"uv": [7.875, 2, 7.25, 2.375], "texture": "#0"}
			}
		},
		{
			"from": [1, 15, 7],
			"to": [4, 17.25, 7.5],
			"faces": {
				"north": {"uv": [2.5, 5, 3.25, 5.625], "texture": "#0"},
				"east": {"uv": [7.75, 1.25, 7.875, 1.875], "texture": "#0"},
				"south": {"uv": [6.5, 1.75, 7.25, 2.375], "texture": "#0"},
				"west": {"uv": [2, 7.75, 2.125, 8.375], "texture": "#0"},
				"up": {"uv": [8.25, 6.625, 7.5, 6.5], "texture": "#0"},
				"down": {"uv": [8.25, 6.75, 7.5, 6.875], "texture": "#0"}
			}
		},
		{
			"from": [12, 15, 7],
			"to": [15, 17.25, 7.5],
			"faces": {
				"north": {"uv": [2.5, 6.5, 3.25, 7.125], "texture": "#0"},
				"east": {"uv": [2.25, 7.75, 2.375, 8.375], "texture": "#0"},
				"south": {"uv": [3.25, 6.5, 4, 7.125], "texture": "#0"},
				"west": {"uv": [3, 7.75, 3.125, 8.375], "texture": "#0"},
				"up": {"uv": [8.25, 7.125, 7.5, 7], "texture": "#0"},
				"down": {"uv": [8.25, 7.25, 7.5, 7.375], "texture": "#0"}
			}
		},
		{
			"from": [12, 6.75, 7],
			"to": [15, 9, 7.5],
			"faces": {
				"north": {"uv": [4, 6.5, 4.75, 7.125], "texture": "#0"},
				"east": {"uv": [3.25, 7.75, 3.375, 8.375], "texture": "#0"},
				"south": {"uv": [0, 6.75, 0.75, 7.375], "texture": "#0"},
				"west": {"uv": [3.5, 7.75, 3.625, 8.375], "texture": "#0"},
				"up": {"uv": [8.25, 7.625, 7.5, 7.5], "texture": "#0"},
				"down": {"uv": [8.5, 0.5, 7.75, 0.625], "texture": "#0"}
			}
		},
		{
			"from": [1, 6.75, 7],
			"to": [4, 9, 7.5],
			"faces": {
				"north": {"uv": [0.75, 6.75, 1.5, 7.375], "texture": "#0"},
				"east": {"uv": [3.75, 7.75, 3.875, 8.375], "texture": "#0"},
				"south": {"uv": [6.75, 6.25, 7.5, 6.875], "texture": "#0"},
				"west": {"uv": [7.75, 3.75, 7.875, 4.375], "texture": "#0"},
				"up": {"uv": [8.5, 0.875, 7.75, 0.75], "texture": "#0"},
				"down": {"uv": [8.5, 1, 7.75, 1.125], "texture": "#0"}
			}
		},
		{
			"from": [6.75, 0.5, 7.5],
			"to": [9.25, 7, 9],
			"faces": {
				"north": {"uv": [0, 5, 0.625, 6.625], "texture": "#0"},
				"east": {"uv": [6.25, 6.25, 6.625, 7.875], "texture": "#0"},
				"south": {"uv": [0.75, 5, 1.375, 6.625], "texture": "#0"},
				"west": {"uv": [6.5, 0, 6.875, 1.625], "texture": "#0"},
				"up": {"uv": [3.625, 7.625, 3, 7.25], "texture": "#0"},
				"down": {"uv": [4.375, 7.25, 3.75, 7.625], "texture": "#0"}
			}
		},
		{
			"from": [11, 18.9, 8],
			"to": [13, 21.9, 9],
			"rotation": {"angle": 45, "axis": "z", "origin": [12, 20, 8.5]},
			"faces": {
				"north": {"uv": [3.25, 5, 3.75, 5.75], "texture": "#0"},
				"east": {"uv": [0, 7.5, 0.25, 8.25], "texture": "#0"},
				"south": {"uv": [4.75, 6.5, 5.25, 7.25], "texture": "#0"},
				"west": {"uv": [0.25, 7.5, 0.5, 8.25], "texture": "#0"},
				"up": {"uv": [2.5, 7.75, 2, 7.5], "texture": "#0"},
				"down": {"uv": [8, 3, 7.5, 3.25], "texture": "#0"}
			}
		},
		{
			"from": [3, 18.9, 8],
			"to": [5, 21.9, 9],
			"rotation": {"angle": -45, "axis": "z", "origin": [4, 20, 8.5]},
			"faces": {
				"north": {"uv": [7, 0.5, 7.5, 1.25], "texture": "#0"},
				"east": {"uv": [0.5, 7.5, 0.75, 8.25], "texture": "#0"},
				"south": {"uv": [7, 4, 7.5, 4.75], "texture": "#0"},
				"west": {"uv": [7.5, 0.5, 7.75, 1.25], "texture": "#0"},
				"up": {"uv": [8, 3.5, 7.5, 3.25], "texture": "#0"},
				"down": {"uv": [8, 3.5, 7.5, 3.75], "texture": "#0"}
			}
		},
		{
			"from": [4.5, 2, 8],
			"to": [11.5, 4, 9],
			"faces": {
				"north": {"uv": [5.25, 5, 7, 5.5], "texture": "#0"},
				"east": {"uv": [7.5, 3.75, 7.75, 4.25], "texture": "#0"},
				"south": {"uv": [5.25, 5.5, 7, 6], "texture": "#0"},
				"west": {"uv": [7.5, 4.25, 7.75, 4.75], "texture": "#0"},
				"up": {"uv": [8.75, 0.25, 7, 0], "texture": "#0"},
				"down": {"uv": [8.75, 0.25, 7, 0.5], "texture": "#0"}
			}
		},
		{
			"from": [11, 2.1, 8],
			"to": [13, 5.1, 9],
			"rotation": {"angle": -45, "axis": "z", "origin": [12, 3.9, 8.5]},
			"faces": {
				"north": {"uv": [7, 4.75, 7.5, 5.5], "texture": "#0"},
				"east": {"uv": [0.75, 7.5, 1, 8.25], "texture": "#0"},
				"south": {"uv": [6.75, 7, 7.25, 7.75], "texture": "#0"},
				"west": {"uv": [1, 7.5, 1.25, 8.25], "texture": "#0"},
				"up": {"uv": [8, 5, 7.5, 4.75], "texture": "#0"},
				"down": {"uv": [8, 5, 7.5, 5.25], "texture": "#0"}
			}
		},
		{
			"from": [3, 2.1, 8],
			"to": [5, 5.1, 9],
			"rotation": {"angle": 45, "axis": "z", "origin": [4, 3.9, 8.5]},
			"faces": {
				"north": {"uv": [7.25, 1.25, 7.75, 2], "texture": "#0"},
				"east": {"uv": [1.25, 7.5, 1.5, 8.25], "texture": "#0"},
				"south": {"uv": [2.5, 7.25, 3, 8], "texture": "#0"},
				"west": {"uv": [1.5, 7.5, 1.75, 8.25], "texture": "#0"},
				"up": {"uv": [8, 5.5, 7.5, 5.25], "texture": "#0"},
				"down": {"uv": [8, 6.25, 7.5, 6.5], "texture": "#0"}
			}
		}
	],
	"display": {
		"thirdperson_righthand": {
			"rotation": [68, 0, 0],
			"translation": [-1.75, -1.25, -3.5]
		},
		"thirdperson_lefthand": {
			"rotation": [68, 0, 0],
			"translation": [-1.75, -1.25, -3.75]
		},
		"firstperson_righthand": {
			"translation": [1.75, -4.75, -3]
		},
		"firstperson_lefthand": {
			"translation": [1.75, -4.75, -3]
		},
		"gui": {
			"translation": [0, -4, 0]
		},
		"fixed": {
			"translation": [0, -4, 0]
		}
	},
	"groups": [
		{
			"name": "NewcastleShield",
			"origin": [8, 8, 8],
			"color": 0,
			"children": [0, 1, 2, 3, 4, 5, 6, 7, 8, 9, 10, 11, 12, 13, 14]
		}
	]
}