{
	"credit": "Made with Blockbench",
	"textures": {
		"0": "item/ntofo",
		"1": "item/lion",
		"particle": "item/ntofo"
	},
	"elements": [
		{
			"from": [7, 8, 2],
			"to": [9, 13, 4],
			"faces": {
				"north": {"uv": [2.5, 5.75, 3, 7], "texture": "#0"},
				"east": {"uv": [6, 0, 6.5, 1.25], "texture": "#0"},
				"south": {"uv": [6, 1.25, 6.5, 2.5], "texture": "#0"},
				"west": {"uv": [6, 2.5, 6.5, 3.75], "texture": "#0"},
				"up": {"uv": [1.25, 4.5, 0.75, 4], "texture": "#0"},
				"down": {"uv": [2.5, 6.5, 2, 7], "texture": "#0"}
			}
		},
		{
			"from": [6.5, 13, 1.5],
			"to": [9.5, 14, 4.5],
			"faces": {
				"north": {"uv": [6, 3.75, 6.75, 4], "texture": "#0"},
				"east": {"uv": [2.5, 8.5, 3.25, 8.75], "texture": "#0"},
				"south": {"uv": [8.75, 6.25, 9.5, 6.5], "texture": "#0"},
				"west": {"uv": [8.75, 6.5, 9.5, 6.75], "texture": "#0"},
				"up": {"uv": [6.5, 5.5, 5.75, 4.75], "texture": "#0"},
				"down": {"uv": [3.75, 6.25, 3, 7], "texture": "#0"}
			}
		},
		{
			"from": [6.5, 2.5, 4],
			"to": [9.5, 8.5, 13],
			"faces": {
				"north": {"uv": [3, 1, 3.75, 2.5], "texture": "#0"},
				"east": {"uv": [0, 0, 2.25, 1.5], "texture": "#0"},
				"south": {"uv": [1.25, 3, 2, 4.5], "texture": "#0"},
				"west": {"uv": [0, 1.5, 2.25, 3], "texture": "#0"},
				"up": {"uv": [3, 2.25, 2.25, 0], "texture": "#0"},
				"down": {"uv": [3, 2.25, 2.25, 4.5], "texture": "#0"}
			}
		},
		{
			"from": [6.5, 4, 13],
			"to": [9.5, 7, 16],
			"faces": {
				"north": {"uv": [5, 6.25, 5.75, 7], "texture": "#0"},
				"east": {"uv": [6.25, 5.5, 7, 6.25], "texture": "#0"},
				"south": {"uv": [5.75, 6.25, 6.5, 7], "texture": "#0"},
				"west": {"uv": [6.5, 0, 7.25, 0.75], "texture": "#0"},
				"up": {"uv": [1.25, 7.25, 0.5, 6.5], "texture": "#0"},
				"down": {"uv": [7.25, 0.75, 6.5, 1.5], "texture": "#0"}
			}
		},
		{
			"from": [6.5, 7, 17],
			"to": [9.5, 8.5, 22],
			"faces": {
				"north": {"uv": [6, 8, 6.75, 8.375], "texture": "#0"},
				"east": {"uv": [7.25, 0, 8.5, 0.375], "texture": "#0"},
				"south": {"uv": [8, 7, 8.75, 7.375], "texture": "#0"},
				"west": {"uv": [0.5, 7.25, 1.75, 7.625], "texture": "#0"},
				"up": {"uv": [5.25, 1.25, 4.5, 0], "texture": "#0"},
				"down": {"uv": [1.5, 4.5, 0.75, 5.75], "texture": "#0"}
			}
		},
		{
			"from": [6.5, 4, 16],
			"to": [9.5, 7, 22],
			"faces": {
				"north": {"uv": [1.25, 6.5, 2, 7.25], "texture": "#0"},
				"east": {"uv": [3, 2.5, 4.5, 3.25], "texture": "#0"},
				"south": {"uv": [6.5, 1.5, 7.25, 2.25], "texture": "#0"},
				"west": {"uv": [3, 3.25, 4.5, 4], "texture": "#0"},
				"up": {"uv": [4.5, 2.5, 3.75, 1], "texture": "#0"},
				"down": {"uv": [0.75, 4, 0, 5.5], "texture": "#0"}
			}
		},
		{
			"from": [6.5, 2.5, 17],
			"to": [9.5, 4, 22],
			"faces": {
				"north": {"uv": [8, 7.5, 8.75, 7.875], "texture": "#0"},
				"east": {"uv": [7.25, 0.5, 8.5, 0.875], "texture": "#0"},
				"south": {"uv": [8, 8, 8.75, 8.375], "texture": "#0"},
				"west": {"uv": [7.25, 1, 8.5, 1.375], "texture": "#0"},
				"up": {"uv": [5.25, 2.5, 4.5, 1.25], "texture": "#0"},
				"down": {"uv": [2.25, 4.5, 1.5, 5.75], "texture": "#0"}
			}
		},
		{
			"from": [6.5, 3.5, 22],
			"to": [9.5, 7.5, 23],
			"faces": {
				"north": {"uv": [4.5, 3.75, 5.25, 4.75], "texture": "#0"},
				"east": {"uv": [2, 3, 2.25, 4], "texture": "#0"},
				"south": {"uv": [4.5, 4.75, 5.25, 5.75], "texture": "#0"},
				"west": {"uv": [4.25, 0, 4.5, 1], "texture": "#0"},
				"up": {"uv": [9.5, 7, 8.75, 6.75], "texture": "#0"},
				"down": {"uv": [7.75, 8.75, 7, 9], "texture": "#0"}
			}
		},
		{
			"from": [6.501, 7.29289, 21.5],
			"to": [9.499, 8.29289, 22.91421],
			"rotation": {"angle": 45, "axis": "x", "origin": [8, 7.79289, 22]},
			"faces": {
				"north": {"uv": [8.75, 7, 9.5, 7.25], "texture": "#0"},
				"east": {"uv": [7, 6, 7.375, 6.25], "texture": "#0"},
				"south": {"uv": [8.75, 7.25, 9.5, 7.5], "texture": "#0"},
				"west": {"uv": [7.25, 3.5, 7.625, 3.75], "texture": "#0"},
				"up": {"uv": [1.75, 8.625, 1, 8.25], "texture": "#0"},
				"down": {"uv": [9, 1.5, 8.25, 1.875], "texture": "#0"}
			}
		},
		{
			"from": [6.501, 2.70711, 21.5],
			"to": [9.499, 3.70711, 22.91421],
			"rotation": {"angle": -45, "axis": "x", "origin": [8, 3.20711, 22]},
			"faces": {
				"north": {"uv": [8.75, 7.5, 9.5, 7.75], "texture": "#0"},
				"east": {"uv": [2.5, 7.75, 2.875, 8], "texture": "#0"},
				"south": {"uv": [7.75, 8.75, 8.5, 9], "texture": "#0"},
				"west": {"uv": [5, 7.75, 5.375, 8], "texture": "#0"},
				"up": {"uv": [2.5, 8.625, 1.75, 8.25], "texture": "#0"},
				"down": {"uv": [9, 2, 8.25, 2.375], "texture": "#0"}
			}
		},
		{
			"from": [7, 7, 13],
			"to": [9, 8.5, 17],
			"faces": {
				"north": {"uv": [0, 8.75, 0.5, 9.125], "texture": "#0"},
				"east": {"uv": [7.25, 1.5, 8.25, 1.875], "texture": "#0"},
				"south": {"uv": [8.75, 7.75, 9.25, 8.125], "texture": "#0"},
				"west": {"uv": [7.25, 2, 8.25, 2.375], "texture": "#0"},
				"up": {"uv": [0.5, 8, 0, 7], "texture": "#0"},
				"down": {"uv": [3.5, 7, 3, 8], "texture": "#0"}
			}
		},
		{
			"from": [7, 2.5, 13],
			"to": [9, 4, 17],
			"faces": {
				"north": {"uv": [8.75, 8.25, 9.25, 8.625], "texture": "#0"},
				"east": {"uv": [7.25, 2.5, 8.25, 2.875], "texture": "#0"},
				"south": {"uv": [8.5, 8.75, 9, 9.125], "texture": "#0"},
				"west": {"uv": [7.25, 3, 8.25, 3.375], "texture": "#0"},
				"up": {"uv": [6, 8, 5.5, 7], "texture": "#0"},
				"down": {"uv": [6.5, 7, 6, 8], "texture": "#0"}
			}
		},
		{
			"from": [6.5, 2.65224, -3.23463],
			"to": [9.5, 6.5, 2],
			"faces": {
				"north": {"uv": [5.25, 0, 6, 1], "texture": "#0"},
				"east": {"uv": [0, 3, 1.25, 4], "texture": "#0"},
				"south": {"uv": [5.25, 1, 6, 2], "texture": "#0"},
				"west": {"uv": [3, 0, 4.25, 1], "texture": "#0"},
				"up": {"uv": [3, 5.75, 2.25, 4.5], "texture": "#0"},
				"down": {"uv": [5.25, 2.5, 4.5, 3.75], "texture": "#0"}
			}
		},
		{
			"from": [6.5, 6.5, -2.15224],
			"to": [9.5, 8.26537, 2],
			"rotation": {"angle": 0, "axis": "y", "origin": [0, -0.15224, 0]},
			"faces": {
				"north": {"uv": [3.5, 7.25, 4.25, 7.75], "texture": "#0"},
				"east": {"uv": [7, 5.5, 8, 6], "texture": "#0"},
				"south": {"uv": [7.25, 4.5, 8, 5], "texture": "#0"},
				"west": {"uv": [6.5, 7, 7.5, 7.5], "texture": "#0"},
				"up": {"uv": [6, 3, 5.25, 2], "texture": "#0"},
				"down": {"uv": [6, 3, 5.25, 4], "texture": "#0"}
			}
		},
		{
			"from": [6.501, 2.9588, -3.69344],
			"to": [9.499, 4.9588, -1.69344],
			"rotation": {"angle": -22.5, "axis": "x", "origin": [8, 3.9588, -2.69344]},
			"faces": {
				"north": {"uv": [7.25, 5, 8, 5.5], "texture": "#0"},
				"east": {"uv": [4.5, 6.5, 5, 7], "texture": "#0"},
				"south": {"uv": [7.5, 6, 8.25, 6.5], "texture": "#0"},
				"west": {"uv": [8.25, 2.5, 8.75, 3], "texture": "#0"},
				"up": {"uv": [7.25, 8, 6.5, 7.5], "texture": "#0"},
				"down": {"uv": [8.25, 6.5, 7.5, 7], "texture": "#0"}
			}
		},
		{
			"from": [6.501, 4.5, -4],
			"to": [9.499, 7.5, -2],
			"faces": {
				"north": {"uv": [6.5, 2.25, 7.25, 3], "texture": "#0"},
				"east": {"uv": [7.5, 7, 8, 7.75], "texture": "#0"},
				"south": {"uv": [6.5, 3, 7.25, 3.75], "texture": "#0"},
				"west": {"uv": [0.5, 7.75, 1, 8.5], "texture": "#0"},
				"up": {"uv": [1.75, 8.25, 1, 7.75], "texture": "#0"},
				"down": {"uv": [2.5, 7.75, 1.75, 8.25], "texture": "#0"}
			}
		},
		{
			"from": [6.5, 2.5, 2],
			"to": [9.5, 8, 4],
			"faces": {
				"north": {"uv": [3, 4, 3.75, 5.375], "texture": "#0"},
				"east": {"uv": [5.25, 4, 5.75, 5.375], "texture": "#0"},
				"south": {"uv": [3.75, 4, 4.5, 5.375], "texture": "#0"},
				"west": {"uv": [0, 5.5, 0.5, 6.875], "texture": "#0"},
				"up": {"uv": [4.25, 8.25, 3.5, 7.75], "texture": "#0"},
				"down": {"uv": [8.5, 3.5, 7.75, 4], "texture": "#0"}
			}
		},
		{
			"from": [6.501, 5.9588, -3.69344],
			"to": [9.499, 7.9588, -1.69344],
			"rotation": {"angle": -22.5, "axis": "x", "origin": [8, 6.9588, -2.69344]},
			"faces": {
				"north": {"uv": [7.75, 4, 8.5, 4.5], "texture": "#0"},
				"east": {"uv": [8.25, 3, 8.75, 3.5], "texture": "#0"},
				"south": {"uv": [4.25, 7.75, 5, 8.25], "texture": "#0"},
				"west": {"uv": [3.25, 8.25, 3.75, 8.75], "texture": "#0"},
				"up": {"uv": [8, 8.25, 7.25, 7.75], "texture": "#0"},
				"down": {"uv": [3.25, 8, 2.5, 8.5], "texture": "#0"}
			}
		},
		{
			"from": [7.001, 7.3, -2.4],
			"to": [8.999, 9.3, -1.4],
			"rotation": {"angle": -45, "axis": "x", "origin": [8, 9, -1]},
			"faces": {
				"north": {"uv": [3.75, 8.25, 4.25, 8.75], "texture": "#0"},
				"east": {"uv": [2, 4, 2.25, 4.5], "texture": "#0"},
				"south": {"uv": [4.25, 8.25, 4.75, 8.75], "texture": "#0"},
				"west": {"uv": [5, 5.75, 5.25, 6.25], "texture": "#0"},
				"up": {"uv": [4.5, 5.75, 4, 5.5], "texture": "#0"},
				"down": {"uv": [7.25, 4.5, 6.75, 4.75], "texture": "#0"}
			}
		},
		{
			"from": [7, 7.38809, -1.18841],
			"to": [9, 9.38809, 0.81159],
			"rotation": {"angle": -22.5, "axis": "x", "origin": [8, 8.38809, -0.18841]},
			"faces": {
				"north": {"uv": [8.25, 6, 8.75, 6.5], "texture": "#0"},
				"east": {"uv": [8.25, 6.5, 8.75, 7], "texture": "#0"},
				"south": {"uv": [7.25, 8.25, 7.75, 8.75], "texture": "#0"},
				"west": {"uv": [8.5, 0, 9, 0.5], "texture": "#0"},
				"up": {"uv": [1, 9, 0.5, 8.5], "texture": "#0"},
				"down": {"uv": [9, 0.5, 8.5, 1], "texture": "#0"}
			}
		},
		{
			"from": [6.25, 3.95, -2.5],
			"to": [9.75, 6.95, 0.5],
			"rotation": {"angle": 45, "axis": "x", "origin": [8, 5.45, -1]},
			"faces": {
				"north": {"uv": [3, 5.5, 3.875, 6.25], "texture": "#0"},
				"east": {"uv": [3.75, 6.5, 4.5, 7.25], "texture": "#0"},
				"south": {"uv": [5.25, 5.5, 6.125, 6.25], "texture": "#0"},
				"west": {"uv": [6.5, 4.75, 7.25, 5.5], "texture": "#0"},
				"up": {"uv": [1.375, 6.5, 0.5, 5.75], "texture": "#0"},
				"down": {"uv": [2.375, 5.75, 1.5, 6.5], "texture": "#0"}
			}
		},
		{
			"from": [6.25, 5, 16.25],
			"to": [9.75, 6, 16.75],
			"faces": {
				"north": {"uv": [8.5, 1, 9.375, 1.25], "texture": "#0"},
				"east": {"uv": [4.25, 7.25, 4.375, 7.5], "texture": "#0"},
				"south": {"uv": [8.5, 1.25, 9.375, 1.5], "texture": "#0"},
				"west": {"uv": [1.75, 7.5, 1.875, 7.75], "texture": "#0"},
				"up": {"uv": [2.375, 9.125, 1.5, 9], "texture": "#0"},
				"down": {"uv": [9.875, 1.5, 9, 1.625], "texture": "#0"}
			}
		},
		{
			"from": [6.375, 5, 17.1],
			"to": [9.625, 5.1, 17.5],
			"rotation": {"angle": 0, "axis": "y", "origin": [0, 0, 0.75]},
			"faces": {
				"north": {"uv": [8.5, 1, 9.375, 1.25], "texture": "#0"},
				"east": {"uv": [4.25, 7.25, 4.375, 7.5], "texture": "#0"},
				"south": {"uv": [8.5, 1.25, 9.375, 1.5], "texture": "#0"},
				"west": {"uv": [1.75, 7.5, 1.875, 7.75], "texture": "#0"},
				"up": {"uv": [2.375, 9.125, 1.5, 9], "texture": "#0"},
				"down": {"uv": [9.875, 1.5, 9, 1.625], "texture": "#0"}
			}
		},
		{
			"from": [6.375, 5.9, 17.1],
			"to": [9.625, 6, 17.5],
			"rotation": {"angle": 0, "axis": "y", "origin": [0, 0.9, 0.75]},
			"faces": {
				"north": {"uv": [8.5, 1, 9.375, 1.25], "texture": "#0"},
				"east": {"uv": [4.25, 7.25, 4.375, 7.5], "texture": "#0"},
				"south": {"uv": [8.5, 1.25, 9.375, 1.5], "texture": "#0"},
				"west": {"uv": [1.75, 7.5, 1.875, 7.75], "texture": "#0"},
				"up": {"uv": [2.375, 9.125, 1.5, 9], "texture": "#0"},
				"down": {"uv": [9.875, 1.5, 9, 1.625], "texture": "#0"}
			}
		},
		{
			"from": [6.375, 5.1, 16.75],
			"to": [9.625, 5.2, 17],
			"faces": {
				"north": {"uv": [8.5, 1, 9.375, 1.25], "texture": "#0"},
				"east": {"uv": [4.25, 7.25, 4.375, 7.5], "texture": "#0"},
				"south": {"uv": [8.5, 1.25, 9.375, 1.5], "texture": "#0"},
				"west": {"uv": [1.75, 7.5, 1.875, 7.75], "texture": "#0"},
				"up": {"uv": [2.375, 9.125, 1.5, 9], "texture": "#0"},
				"down": {"uv": [9.875, 1.5, 9, 1.625], "texture": "#0"}
			}
		},
		{
			"from": [6.375, 5.8, 16.75],
			"to": [9.625, 5.9, 17],
			"rotation": {"angle": 0, "axis": "y", "origin": [0, -0.05, 0]},
			"faces": {
				"north": {"uv": [8.5, 1, 9.375, 1.25], "texture": "#0"},
				"east": {"uv": [4.25, 7.25, 4.375, 7.5], "texture": "#0"},
				"south": {"uv": [8.5, 1.25, 9.375, 1.5], "texture": "#0"},
				"west": {"uv": [1.75, 7.5, 1.875, 7.75], "texture": "#0"},
				"up": {"uv": [2.375, 9.125, 1.5, 9], "texture": "#0"},
				"down": {"uv": [9.875, 1.5, 9, 1.625], "texture": "#0"}
			}
		},
		{
			"from": [6.25, 3.3, 17.6],
			"to": [9.75, 5.8, 18.6],
			"rotation": {"angle": -45, "axis": "x", "origin": [8, 5.5, 18.5]},
			"faces": {
				"north": {"uv": [6.5, 6.25, 7.375, 6.875], "texture": "#0"},
				"east": {"uv": [9, 0, 9.25, 0.625], "texture": "#0"},
				"south": {"uv": [6.75, 3.75, 7.625, 4.375], "texture": "#0"},
				"west": {"uv": [0.5, 9, 0.75, 9.625], "texture": "#0"},
				"up": {"uv": [9.375, 3.75, 8.5, 3.5], "texture": "#0"},
				"down": {"uv": [9.375, 3.75, 8.5, 4], "texture": "#0"}
			}
		},
		{
			"from": [6.25, 5.7, 17.5],
			"to": [9.75, 6.7, 20],
			"rotation": {"angle": -45, "axis": "x", "origin": [8, 6.5, 18.5]},
			"faces": {
				"north": {"uv": [8.5, 4, 9.375, 4.25], "texture": "#0"},
				"east": {"uv": [0.75, 9, 1.375, 9.25], "texture": "#0"},
				"south": {"uv": [8.5, 4.25, 9.375, 4.5], "texture": "#0"},
				"west": {"uv": [9, 0.75, 9.625, 1], "texture": "#0"},
				"up": {"uv": [2.875, 7.625, 2, 7], "texture": "#0"},
				"down": {"uv": [5.375, 7, 4.5, 7.625], "texture": "#0"}
			}
		},
		{
			"from": [6.25, 4, 19],
			"to": [9.75, 7, 20.5],
			"faces": {
				"north": {"uv": [4, 5.75, 4.875, 6.5], "texture": "#0"},
				"east": {"uv": [0, 8, 0.375, 8.75], "texture": "#0"},
				"south": {"uv": [5.75, 4, 6.625, 4.75], "texture": "#0"},
				"west": {"uv": [6.75, 8, 7.125, 8.75], "texture": "#0"},
				"up": {"uv": [8.875, 4.875, 8, 4.5], "texture": "#0"},
				"down": {"uv": [5.875, 8, 5, 8.375], "texture": "#0"}
			}
		},
		{
			"from": [6.25, 5, 17.5],
			"to": [9.75, 6, 19],
			"faces": {
				"north": {"uv": [4.75, 8.5, 5.625, 8.75], "texture": "#0"},
				"east": {"uv": [3.5, 9, 3.875, 9.25], "texture": "#0"},
				"south": {"uv": [5.75, 8.5, 6.625, 8.75], "texture": "#0"},
				"west": {"uv": [4, 9, 4.375, 9.25], "texture": "#0"},
				"up": {"uv": [8.875, 5.375, 8, 5], "texture": "#0"},
				"down": {"uv": [8.875, 5.5, 8, 5.875], "texture": "#0"}
			}
		},
		{
			"from": [6.25, 3, 19.5],
			"to": [9.75, 4, 20],
			"rotation": {"angle": -22.5, "axis": "x", "origin": [8, 5.5, 19.75]},
			"faces": {
				"north": {"uv": [7.75, 8.5, 8.625, 8.75], "texture": "#0"},
				"east": {"uv": [4.25, 7.5, 4.375, 7.75], "texture": "#0"},
				"south": {"uv": [1, 8.75, 1.875, 9], "texture": "#0"},
				"west": {"uv": [7.25, 7.5, 7.375, 7.75], "texture": "#0"},
				"up": {"uv": [9.875, 1.875, 9, 1.75], "texture": "#0"},
				"down": {"uv": [9.875, 2, 9, 2.125], "texture": "#0"}
			}
		},
		{
			"from": [6.25, 7.15, 19.85],
			"to": [9.75, 8.15, 20.35],
			"rotation": {"angle": 22.5, "axis": "x", "origin": [8, 6.5, 19.5]},
			"faces": {
				"north": {"uv": [2, 8.75, 2.875, 9], "texture": "#0"},
				"east": {"uv": [3.25, 8, 3.375, 8.25], "texture": "#0"},
				"south": {"uv": [8.75, 2.5, 9.625, 2.75], "texture": "#0"},
				"west": {"uv": [4.75, 8.25, 4.875, 8.5], "texture": "#0"},
				"up": {"uv": [9.875, 2.375, 9, 2.25], "texture": "#0"},
				"down": {"uv": [3.375, 9, 2.5, 9.125], "texture": "#0"}
			}
		},
		{
			"from": [6.25, 5.65, 20],
			"to": [9.75, 6.65, 21],
			"rotation": {"angle": -45, "axis": "x", "origin": [8, 6.15, 20.5]},
			"faces": {
				"north": {"uv": [8.75, 2.75, 9.625, 3], "texture": "#0"},
				"east": {"uv": [0.5, 5.5, 0.75, 5.75], "texture": "#0"},
				"south": {"uv": [3, 8.75, 3.875, 9], "texture": "#0"},
				"west": {"uv": [3.75, 6.25, 4, 6.5], "texture": "#0"},
				"up": {"uv": [9.625, 3.25, 8.75, 3], "texture": "#0"},
				"down": {"uv": [9.625, 3.25, 8.75, 3.5], "texture": "#0"}
			}
		},
		{
			"from": [6.25, 4.35, 20],
			"to": [9.75, 5.35, 21],
			"rotation": {"angle": 45, "axis": "x", "origin": [8, 4.85, 20.5]},
			"faces": {
				"north": {"uv": [4, 8.75, 4.875, 9], "texture": "#0"},
				"east": {"uv": [3.5, 7, 3.75, 7.25], "texture": "#0"},
				"south": {"uv": [5, 8.75, 5.875, 9], "texture": "#0"},
				"west": {"uv": [1.75, 7.25, 2, 7.5], "texture": "#0"},
				"up": {"uv": [6.875, 9, 6, 8.75], "texture": "#0"},
				"down": {"uv": [9.625, 6, 8.75, 6.25], "texture": "#0"}
			}
		},
		{
			"from": [6.125, 5, 18],
			"to": [9.875, 6, 18.5],
			"faces": {
				"north": {"uv": [5, 2, 9, 3], "texture": "#1"},
				"east": {"uv": [9, 5, 9.5, 6], "texture": "#1"},
				"south": {"uv": [5, 3, 9, 4], "texture": "#1"},
				"west": {"uv": [1, 10, 1.5, 11], "texture": "#1"},
				"up": {"uv": [12, 6.5, 8, 6], "texture": "#1"},
				"down": {"uv": [4, 9, 0, 9.5], "texture": "#1"}
			}
		},
		{
			"from": [6, 5, 18.5],
			"to": [10, 6, 19],
			"faces": {
				"north": {"uv": [5, 4, 9, 5], "texture": "#1"},
				"east": {"uv": [2, 10, 2.5, 11], "texture": "#1"},
				"south": {"uv": [5, 5, 9, 6], "texture": "#1"},
				"west": {"uv": [3, 10, 3.5, 11], "texture": "#1"},
				"up": {"uv": [13, 2.5, 9, 2], "texture": "#1"},
				"down": {"uv": [13, 3, 9, 3.5], "texture": "#1"}
			}
		},
		{
			"from": [5.865, 4.5, 19.75],
			"to": [10.115, 6.5, 20],
			"faces": {
				"north": {"uv": [5, 4, 9, 5], "texture": "#1"},
				"east": {"uv": [2, 10, 2.5, 11], "texture": "#1"},
				"south": {"uv": [5, 5, 9, 6], "texture": "#1"},
				"west": {"uv": [3, 10, 3.5, 11], "texture": "#1"},
				"up": {"uv": [13, 2.5, 9, 2], "texture": "#1"},
				"down": {"uv": [13, 3, 9, 3.5], "texture": "#1"}
			}
		},
		{
			"from": [5.865, 4.75, 19],
			"to": [10.115, 6.25, 19.25],
			"faces": {
				"north": {"uv": [5, 4, 9, 5], "texture": "#1"},
				"east": {"uv": [2, 10, 2.5, 11], "texture": "#1"},
				"south": {"uv": [5, 5, 9, 6], "texture": "#1"},
				"west": {"uv": [3, 10, 3.5, 11], "texture": "#1"},
				"up": {"uv": [13, 2.5, 9, 2], "texture": "#1"},
				"down": {"uv": [13, 3, 9, 3.5], "texture": "#1"}
			}
		},
		{
			"from": [6, 5, 20],
			"to": [10, 6, 20.5],
			"faces": {
				"north": {"uv": [0, 6, 4, 7], "texture": "#1"},
				"east": {"uv": [4, 10, 4.5, 11], "texture": "#1"},
				"south": {"uv": [4, 6, 8, 7], "texture": "#1"},
				"west": {"uv": [5, 10, 5.5, 11], "texture": "#1"},
				"up": {"uv": [8, 9.5, 4, 9], "texture": "#1"},
				"down": {"uv": [13, 4, 9, 4.5], "texture": "#1"}
			}
		},
		{
			"from": [5.865, 4.5, 19.5],
			"to": [10.115, 6.5, 19.75],
			"faces": {
				"north": {"uv": [0, 0, 4.5, 2], "texture": "#1"},
				"east": {"uv": [8, 9, 8.5, 11], "texture": "#1"},
				"south": {"uv": [0, 2, 4.5, 4], "texture": "#1"},
				"west": {"uv": [9, 9, 9.5, 11], "texture": "#1"},
				"up": {"uv": [4.5, 7.5, 0, 7], "texture": "#1"},
				"down": {"uv": [9.5, 7, 5, 7.5], "texture": "#1"}
			}
		},
		{
			"from": [5.865, 4.75, 19.25],
			"to": [10.115, 6.25, 19.5],
			"faces": {
				"north": {"uv": [0, 4, 4.5, 5.5], "texture": "#1"},
				"east": {"uv": [0, 10, 0.5, 11.5], "texture": "#1"},
				"south": {"uv": [5, 0, 9.5, 1.5], "texture": "#1"},
				"west": {"uv": [10, 0, 10.5, 1.5], "texture": "#1"},
				"up": {"uv": [4.5, 8.5, 0, 8], "texture": "#1"},
				"down": {"uv": [9.5, 8, 5, 8.5], "texture": "#1"}
			}
		}
	],
	"display": {
		"thirdperson_righthand": {
			"translation": [0, -4.75, 6.5]
		},
		"thirdperson_lefthand": {
			"translation": [0, -4.75, 6.5]
		},
		"firstperson_righthand": {
			"rotation": [0, 0, 90],
			"translation": [4, 1, 0.5]
		},
		"firstperson_lefthand": {
			"rotation": [0, 0, 90],
			"translation": [4, 1, 0.5]
		},
		"gui": {
			"rotation": [0, 90, 0]
		},
		"fixed": {
			"rotation": [0, 90, 0]
		}
	},
	"groups": [
		{
			"name": "Ntofo",
			"origin": [8, 8, 8],
			"color": 0,
			"children": [0, 1, 2, 3, 4, 5, 6, 7, 8, 9, 10, 11, 12, 13, 14, 15, 16, 17, 18, 19, 20, 21, 22, 23, 24, 25, 26, 27, 28, 29, 30, 31, 32, 33]
		},
		{
			"name": "lion",
			"origin": [8, 8, 8],
			"color": 0,
			"children": [34, 35, 36, 37, 38, 39, 40]
		}
	]
}