{
	"credit": "Made with Blockbench",
	"texture_size": [32, 32],
	"textures": {
		"0": "item/OctaneStim",
		"particle": "item/OctaneStim"
	},
	"elements": [
		{
			"from": [6.9, 0, 6.9],
			"to": [9.1, 1, 9.1],
			"faces": {
				"north": {"uv": [5.5, 6.5, 6.625, 7], "texture": "#0"},
				"east": {"uv": [6.5, 5.5, 7.625, 6], "texture": "#0"},
				"south": {"uv": [6.5, 6, 7.625, 6.5], "texture": "#0"},
				"west": {"uv": [0, 7, 1.125, 7.5], "texture": "#0"},
				"up": {"uv": [5.125, 1.125, 4, 0], "texture": "#0"},
				"down": {"uv": [5.125, 1.5, 4, 2.625], "texture": "#0"}
			}
		},
		{
			"from": [6.95, 1.25, 6.95],
			"to": [9.05, 1.75, 9.05],
			"faces": {
				"north": {"uv": [6.5, 7.5, 7.5625, 7.75], "texture": "#0"},
				"east": {"uv": [0, 8, 1.0625, 8.25], "texture": "#0"},
				"south": {"uv": [8, 0, 9.0625, 0.25], "texture": "#0"},
				"west": {"uv": [8, 0.5, 9.0625, 0.75], "texture": "#0"},
				"up": {"uv": [5.0625, 4.0625, 4, 3], "texture": "#0"},
				"down": {"uv": [5.0625, 4.5, 4, 5.5625], "texture": "#0"}
			}
		},
		{
			"from": [6.95, 7, 6.95],
			"to": [9.05, 8, 9.05],
			"faces": {
				"north": {"uv": [7, 1, 8.0625, 1.5], "texture": "#0"},
				"east": {"uv": [6.5, 7, 7.5625, 7.5], "texture": "#0"},
				"south": {"uv": [7, 6.5, 8.0625, 7], "texture": "#0"},
				"west": {"uv": [0, 7.5, 1.0625, 8], "texture": "#0"},
				"up": {"uv": [6.5625, 1.0625, 5.5, 0], "texture": "#0"},
				"down": {"uv": [2.0625, 5.5, 1, 6.5625], "texture": "#0"}
			}
		},
		{
			"from": [6.95, 8, 6.95],
			"to": [7.46, 9, 9.05],
			"faces": {
				"north": {"uv": [2.5, 5.5, 2.75, 6], "texture": "#0"},
				"east": {"uv": [7.5, 1.5, 8.5625, 2], "texture": "#0"},
				"south": {"uv": [5.5, 8, 5.75, 8.5], "texture": "#0"},
				"west": {"uv": [7.5, 2, 8.5625, 2.5], "texture": "#0"},
				"up": {"uv": [1.75, 9.0625, 1.5, 8], "texture": "#0"},
				"down": {"uv": [2.25, 8, 2, 9.0625], "texture": "#0"}
			}
		},
		{
			"from": [8.54, 8, 6.95],
			"to": [9.05, 9, 9.05],
			"faces": {
				"north": {"uv": [8, 5.5, 8.25, 6], "texture": "#0"},
				"east": {"uv": [7.5, 2.5, 8.5625, 3], "texture": "#0"},
				"south": {"uv": [6, 8, 6.25, 8.5], "texture": "#0"},
				"west": {"uv": [7.5, 3, 8.5625, 3.5], "texture": "#0"},
				"up": {"uv": [2.75, 9.0625, 2.5, 8], "texture": "#0"},
				"down": {"uv": [3.25, 8, 3, 9.0625], "texture": "#0"}
			}
		},
		{
			"from": [7, 1, 7],
			"to": [9, 7, 9],
			"faces": {
				"north": {"uv": [0, 0, 1, 3], "texture": "#0"},
				"east": {"uv": [1, 0, 2, 3], "texture": "#0"},
				"south": {"uv": [2, 0, 3, 3], "texture": "#0"},
				"west": {"uv": [0, 3, 1, 6], "texture": "#0"},
				"up": {"uv": [4, 6, 3, 5], "texture": "#0"},
				"down": {"uv": [6.5, 1.5, 5.5, 2.5], "texture": "#0"}
			}
		},
		{
			"from": [7.125, 2, 7.125],
			"to": [8.875, 7, 8.875],
			"faces": {
				"north": {"uv": [3, 0, 3.875, 2.5], "texture": "#0"},
				"east": {"uv": [1, 3, 1.875, 5.5], "texture": "#0"},
				"south": {"uv": [2, 3, 2.875, 5.5], "texture": "#0"},
				"west": {"uv": [3, 2.5, 3.875, 5], "texture": "#0"},
				"up": {"uv": [0.875, 6.875, 0, 6], "texture": "#0"},
				"down": {"uv": [3.375, 6, 2.5, 6.875], "texture": "#0"}
			}
		},
		{
			"from": [7, 8, 7],
			"to": [9, 9.1, 9],
			"faces": {
				"north": {"uv": [7, 0, 8, 0.5625], "texture": "#0"},
				"east": {"uv": [1.5, 7, 2.5, 7.5625], "texture": "#0"},
				"south": {"uv": [2.5, 7, 3.5, 7.5625], "texture": "#0"},
				"west": {"uv": [3.5, 7, 4.5, 7.5625], "texture": "#0"},
				"up": {"uv": [6.5, 3.5, 5.5, 2.5], "texture": "#0"},
				"down": {"uv": [6.5, 3.5, 5.5, 4.5], "texture": "#0"}
			}
		},
		{
			"from": [7.05, 9.1, 7.05],
			"to": [8.95, 9.35, 8.95],
			"faces": {
				"north": {"uv": [8, 6, 8.9375, 6.125], "texture": "#0"},
				"east": {"uv": [6.5, 8, 7.4375, 8.125], "texture": "#0"},
				"south": {"uv": [8, 7, 8.9375, 7.125], "texture": "#0"},
				"west": {"uv": [7.5, 8, 8.4375, 8.125], "texture": "#0"},
				"up": {"uv": [6.4375, 5.4375, 5.5, 4.5], "texture": "#0"},
				"down": {"uv": [6.4375, 5.5, 5.5, 6.4375], "texture": "#0"}
			}
		},
		{
			"from": [7.1, 9.35, 7.1],
			"to": [8.9, 9.6, 8.9],
			"faces": {
				"north": {"uv": [8, 7.5, 8.875, 7.625], "texture": "#0"},
				"east": {"uv": [0, 8.5, 0.875, 8.625], "texture": "#0"},
				"south": {"uv": [8.5, 1, 9.375, 1.125], "texture": "#0"},
				"west": {"uv": [8.5, 3.5, 9.375, 3.625], "texture": "#0"},
				"up": {"uv": [4.375, 6.875, 3.5, 6], "texture": "#0"},
				"down": {"uv": [5.375, 6, 4.5, 6.875], "texture": "#0"}
			}
		},
		{
			"from": [7.15, 9.6, 7.15],
			"to": [8.85, 9.85, 8.85],
			"faces": {
				"north": {"uv": [8.5, 4, 9.375, 4.125], "texture": "#0"},
				"east": {"uv": [8.5, 4.5, 9.375, 4.625], "texture": "#0"},
				"south": {"uv": [8.5, 5, 9.375, 5.125], "texture": "#0"},
				"west": {"uv": [5.5, 8.5, 6.375, 8.625], "texture": "#0"},
				"up": {"uv": [7.375, 2.375, 6.5, 1.5], "texture": "#0"},
				"down": {"uv": [7.375, 2.5, 6.5, 3.375], "texture": "#0"}
			}
		},
		{
			"from": [7.2, 9.85, 7.2],
			"to": [8.8, 10.1, 8.8],
			"faces": {
				"north": {"uv": [8.5, 5.5, 9.3125, 5.625], "texture": "#0"},
				"east": {"uv": [6.5, 8.5, 7.3125, 8.625], "texture": "#0"},
				"south": {"uv": [8.5, 6.5, 9.3125, 6.625], "texture": "#0"},
				"west": {"uv": [7.5, 8.5, 8.3125, 8.625], "texture": "#0"},
				"up": {"uv": [7.3125, 4.3125, 6.5, 3.5], "texture": "#0"},
				"down": {"uv": [7.3125, 4.5, 6.5, 5.3125], "texture": "#0"}
			}
		},
		{
			"from": [7.25, 10.1, 7.25],
			"to": [8.75, 10.35, 8.75],
			"faces": {
				"north": {"uv": [8.5, 8, 9.25, 8.125], "texture": "#0"},
				"east": {"uv": [8.5, 8.5, 9.25, 8.625], "texture": "#0"},
				"south": {"uv": [0, 9, 0.75, 9.125], "texture": "#0"},
				"west": {"uv": [9, 1.5, 9.75, 1.625], "texture": "#0"},
				"up": {"uv": [5.25, 7.75, 4.5, 7], "texture": "#0"},
				"down": {"uv": [6.25, 7, 5.5, 7.75], "texture": "#0"}
			}
		},
		{
			"from": [7.3, 10.35, 7.3],
			"to": [8.7, 10.6, 8.7],
			"faces": {
				"north": {"uv": [9, 2, 9.6875, 2.125], "texture": "#0"},
				"east": {"uv": [9, 2.5, 9.6875, 2.625], "texture": "#0"},
				"south": {"uv": [9, 3, 9.6875, 3.125], "texture": "#0"},
				"west": {"uv": [5.5, 9, 6.1875, 9.125], "texture": "#0"},
				"up": {"uv": [8.1875, 4.1875, 7.5, 3.5], "texture": "#0"},
				"down": {"uv": [8.1875, 4.5, 7.5, 5.1875], "texture": "#0"}
			}
		},
		{
			"from": [7.875, 10.6, 7.875],
			"to": [8.125, 13.35, 8.125],
			"faces": {
				"north": {"uv": [3.5, 8, 3.625, 9.375], "texture": "#0"},
				"east": {"uv": [4, 8, 4.125, 9.375], "texture": "#0"},
				"south": {"uv": [4.5, 8, 4.625, 9.375], "texture": "#0"},
				"west": {"uv": [5, 8, 5.125, 9.375], "texture": "#0"},
				"up": {"uv": [1.125, 8.625, 1, 8.5], "texture": "#0"},
				"down": {"uv": [1.125, 9, 1, 9.125], "texture": "#0"}
			}
		}
	],
	"display": {
		"thirdperson_righthand": {
			"translation": [0, 1.75, 1],
			"scale": [0.4, 0.4, 0.4]
		},
		"thirdperson_lefthand": {
			"translation": [0, 1.75, 1],
			"scale": [0.4, 0.4, 0.4]
		},
		"firstperson_righthand": {
			"translation": [4.5, 0, -4]
		},
		"firstperson_lefthand": {
			"translation": [4.5, 0, -4]
		},
		"ground": {
			"scale": [0.5, 0.5, 0.5]
		},
		"gui": {
			"rotation": [0, 0, -45],
			"translation": [0.75, 0.75, 0]
		},
		"head": {
			"rotation": [106, 0, 0],
			"translation": [0, 4, -8.5],
			"scale": [0.65, 0.65, 0.65]
		}
	},
	"groups": [
		{
			"name": "OctaneStim",
			"origin": [8, 8, 8],
			"color": 0,
			"children": [0, 1, 2, 3, 4, 5, 6, 7, 8, 9, 10, 11, 12, 13, 14]
		}
	]
}