{
	"credit": "Made with Blockbench",
	"texture_size": [32, 32],
	"textures": {
		"0": "item/paladin_helm",
		"particle": "item/paladin_helm"
	},
	"elements": [
		{
			"from": [5.75, 1, 1],
			"to": [10.25, 3, 1.75],
			"faces": {
				"north": {"uv": [6, 2, 8.25, 3], "texture": "#0"},
				"east": {"uv": [7.5, 8.5, 7.875, 9.5], "texture": "#0"},
				"south": {"uv": [6, 3, 8.25, 4], "texture": "#0"},
				"west": {"uv": [8, 8.5, 8.375, 9.5], "texture": "#0"},
				"up": {"uv": [9.75, 1.375, 7.5, 1], "texture": "#0"},
				"down": {"uv": [9.75, 1.5, 7.5, 1.875], "texture": "#0"}
			}
		},
		{
			"from": [6.5, 0.5, 1],
			"to": [9.5, 1, 1.75],
			"faces": {
				"north": {"uv": [8.5, 3.5, 10, 3.75], "texture": "#0"},
				"east": {"uv": [6, 5.5, 6.375, 5.75], "texture": "#0"},
				"south": {"uv": [9, 4, 10.5, 4.25], "texture": "#0"},
				"west": {"uv": [9.5, 0.5, 9.875, 0.75], "texture": "#0"},
				"up": {"uv": [9, 4.375, 7.5, 4], "texture": "#0"},
				"down": {"uv": [6, 7.5, 4.5, 7.875], "texture": "#0"}
			}
		},
		{
			"from": [6, 4, 2],
			"to": [10, 4.5, 6],
			"faces": {
				"north": {"uv": [7.5, 4.5, 9.5, 4.75], "texture": "#0"},
				"east": {"uv": [7.5, 5, 9.5, 5.25], "texture": "#0"},
				"south": {"uv": [1.5, 8, 3.5, 8.25], "texture": "#0"},
				"west": {"uv": [8, 5.5, 10, 5.75], "texture": "#0"},
				"up": {"uv": [4, 2, 2, 0], "texture": "#0"},
				"down": {"uv": [4, 2, 2, 4], "texture": "#0"}
			}
		},
		{
			"from": [6.5, 4.5, 2],
			"to": [9.5, 5, 6],
			"faces": {
				"north": {"uv": [9, 7, 10.5, 7.25], "texture": "#0"},
				"east": {"uv": [8, 6, 10, 6.25], "texture": "#0"},
				"south": {"uv": [9, 7.5, 10.5, 7.75], "texture": "#0"},
				"west": {"uv": [6.5, 8, 8.5, 8.25], "texture": "#0"},
				"up": {"uv": [7.5, 2, 6, 0], "texture": "#0"},
				"down": {"uv": [3.5, 6, 2, 8], "texture": "#0"}
			}
		},
		{
			"from": [7.5, 5.5, 0.5],
			"to": [8.5, 7.5, 4.5],
			"rotation": {"angle": 22.5, "axis": "x", "origin": [0, 0, 0]},
			"faces": {
				"north": {"uv": [4.5, 8, 5, 9], "texture": "#0"},
				"east": {"uv": [6.5, 7, 8.5, 8], "texture": "#0"},
				"south": {"uv": [5, 8, 5.5, 9], "texture": "#0"},
				"west": {"uv": [7.5, 0, 9.5, 1], "texture": "#0"},
				"up": {"uv": [4, 9.5, 3.5, 7.5], "texture": "#0"},
				"down": {"uv": [4.5, 7.5, 4, 9.5], "texture": "#0"}
			}
		},
		{
			"from": [10.25, -1.75, 4],
			"to": [13.25, 1.25, 4.25],
			"rotation": {"angle": 22.5, "axis": "z", "origin": [0, 0, 0]},
			"faces": {
				"north": {"uv": [3.5, 6, 5, 7.5], "texture": "#0"},
				"east": {"uv": [4.5, 9, 4.625, 10.5], "texture": "#0"},
				"south": {"uv": [6, 4, 7.5, 5.5], "texture": "#0"},
				"west": {"uv": [5, 9, 5.125, 10.5], "texture": "#0"},
				"up": {"uv": [10.5, 8.125, 9, 8], "texture": "#0"},
				"down": {"uv": [10, 9, 8.5, 9.125], "texture": "#0"}
			}
		},
		{
			"from": [2.75, -1.75, 4],
			"to": [5.75, 1.25, 4.25],
			"rotation": {"angle": -22.5, "axis": "z", "origin": [16, 0, 0]},
			"faces": {
				"north": {"uv": [5, 6, 6.5, 7.5], "texture": "#0"},
				"east": {"uv": [3.5, 9.5, 3.625, 11], "texture": "#0"},
				"south": {"uv": [6.5, 5.5, 8, 7], "texture": "#0"},
				"west": {"uv": [4, 9.5, 4.125, 11], "texture": "#0"},
				"up": {"uv": [10.5, 8.625, 9, 8.5], "texture": "#0"},
				"down": {"uv": [11, 0, 9.5, 0.125], "texture": "#0"}
			}
		},
		{
			"from": [6, 0, 1.5],
			"to": [10, 4, 2],
			"faces": {
				"north": {"uv": [0, 4, 2, 6], "texture": "#0"},
				"east": {"uv": [5.5, 8, 5.75, 10], "texture": "#0"},
				"south": {"uv": [4, 0, 6, 2], "texture": "#0"},
				"west": {"uv": [1.5, 8.5, 1.75, 10.5], "texture": "#0"},
				"up": {"uv": [10, 6.75, 8, 6.5], "texture": "#0"},
				"down": {"uv": [10.5, 2, 8.5, 2.25], "texture": "#0"}
			}
		},
		{
			"from": [6, 0, 6],
			"to": [10, 4, 6.5],
			"faces": {
				"north": {"uv": [2, 4, 4, 6], "texture": "#0"},
				"east": {"uv": [2, 8.5, 2.25, 10.5], "texture": "#0"},
				"south": {"uv": [4, 2, 6, 4], "texture": "#0"},
				"west": {"uv": [2.5, 8.5, 2.75, 10.5], "texture": "#0"},
				"up": {"uv": [10.5, 2.75, 8.5, 2.5], "texture": "#0"},
				"down": {"uv": [10.5, 3, 8.5, 3.25], "texture": "#0"}
			}
		},
		{
			"from": [10, 0, 2],
			"to": [10.5, 4, 6],
			"faces": {
				"north": {"uv": [3, 8.5, 3.25, 10.5], "texture": "#0"},
				"east": {"uv": [4, 4, 6, 6], "texture": "#0"},
				"south": {"uv": [6.5, 8.5, 6.75, 10.5], "texture": "#0"},
				"west": {"uv": [0, 6, 2, 8], "texture": "#0"},
				"up": {"uv": [7.25, 10.5, 7, 8.5], "texture": "#0"},
				"down": {"uv": [8.75, 7, 8.5, 9], "texture": "#0"}
			}
		},
		{
			"from": [5.5, 0, 2],
			"to": [6, 4, 6],
			"faces": {
				"north": {"uv": [6, 7.5, 6.25, 9.5], "texture": "#0"},
				"east": {"uv": [0, 0, 2, 2], "texture": "#0"},
				"south": {"uv": [0, 8, 0.25, 10], "texture": "#0"},
				"west": {"uv": [0, 2, 2, 4], "texture": "#0"},
				"up": {"uv": [0.75, 10, 0.5, 8], "texture": "#0"},
				"down": {"uv": [1.25, 8, 1, 10], "texture": "#0"}
			}
		}
	],
	"display": {
		"thirdperson_righthand": {
			"translation": [0, 7.75, 5.25]
		},
		"thirdperson_lefthand": {
			"translation": [0, 7.5, 6.75]
		},
		"firstperson_righthand": {
			"translation": [28.5, 9, -16.25],
			"scale": [4, 4, 4]
		},
		"firstperson_lefthand": {
			"translation": [25.25, 12.5, -12.75],
			"scale": [4, 4, 4]
		},
		"ground": {
			"translation": [0, 14.25, 8],
			"scale": [2, 2, 2]
		},
		"gui": {
			"rotation": [0, -153, 0],
			"translation": [-3.5, 10, 0],
			"scale": [2, 2, 2]
		},
		"head": {
			"translation": [0, 21.5, 14],
			"scale": [3.5, 3.5, 3.5]
		},
		"fixed": {
			"translation": [0, 12.75, 6.75],
			"scale": [2.5, 2.5, 2.5]
		}
	}
}