{
	"credit": "Made with Blockbench",
	"texture_size": [32, 32],
	"textures": {
		"0": "block/paletteer_beret",
		"particle": "block/paletteer_beret"
	},
	"elements": [
		{
			"from": [5, 0, 1],
			"to": [11, 0.5, 7],
			"rotation": {"angle": 0, "axis": "y", "origin": [5, 0, 1]},
			"faces": {
				"north": {"uv": [10, 1.5, 13, 1.75], "texture": "#0"},
				"east": {"uv": [10, 8.5, 13, 8.75], "texture": "#0"},
				"south": {"uv": [7, 11, 10, 11.25], "texture": "#0"},
				"west": {"uv": [10, 11, 13, 11.25], "texture": "#0"},
				"up": {"uv": [6.5, 3, 3.5, 0], "texture": "#0"},
				"down": {"uv": [6.5, 3, 3.5, 6], "texture": "#0"}
			}
		},
		{
			"from": [4.5, 0.5, 0.5],
			"to": [11.5, 2, 7.5],
			"rotation": {"angle": 0, "axis": "y", "origin": [5, 0.5, 1]},
			"faces": {
				"north": {"uv": [8, 9, 11.5, 9.75], "texture": "#0"},
				"east": {"uv": [2, 9.5, 5.5, 10.25], "texture": "#0"},
				"south": {"uv": [9.5, 2, 13, 2.75], "texture": "#0"},
				"west": {"uv": [9.5, 3, 13, 3.75], "texture": "#0"},
				"up": {"uv": [3.5, 3.5, 0, 0], "texture": "#0"},
				"down": {"uv": [3.5, 3.5, 0, 7], "texture": "#0"}
			}
		},
		{
			"from": [5.25, 3.25, 0.5],
			"to": [10.75, 3.75, 4.5],
			"rotation": {"angle": 0, "axis": "x", "origin": [8, 2, 0.5]},
			"faces": {
				"north": {"uv": [11, 10, 13.75, 10.25], "texture": "#0"},
				"east": {"uv": [11.5, 0.5, 13.5, 0.75], "texture": "#0"},
				"south": {"uv": [11, 10.5, 13.75, 10.75], "texture": "#0"},
				"west": {"uv": [11.5, 1, 13.5, 1.25], "texture": "#0"},
				"up": {"uv": [9.25, 4, 6.5, 2], "texture": "#0"},
				"down": {"uv": [9.25, 4, 6.5, 6], "texture": "#0"}
			}
		},
		{
			"from": [6, 3.75, 0.5],
			"to": [10, 4, 4.5],
			"rotation": {"angle": 0, "axis": "x", "origin": [8, 2.5, 0.5]},
			"faces": {
				"north": {"uv": [3, 11.5, 5, 11.75], "texture": "#0"},
				"east": {"uv": [11.5, 6, 13.5, 6.25], "texture": "#0"},
				"south": {"uv": [11.5, 6.5, 13.5, 6.75], "texture": "#0"},
				"west": {"uv": [7, 11.5, 9, 11.75], "texture": "#0"},
				"up": {"uv": [2, 10.5, 0, 8.5], "texture": "#0"},
				"down": {"uv": [8, 9, 6, 11], "texture": "#0"}
			}
		},
		{
			"from": [4.75, 2, 0.5],
			"to": [11.25, 3.25, 4.5],
			"rotation": {"angle": 0, "axis": "x", "origin": [8, 2, 0.5]},
			"faces": {
				"north": {"uv": [9.5, 4, 12.75, 4.75], "texture": "#0"},
				"east": {"uv": [0, 10.5, 2, 11.25], "texture": "#0"},
				"south": {"uv": [9.5, 5, 12.75, 5.75], "texture": "#0"},
				"west": {"uv": [2, 10.5, 4, 11.25], "texture": "#0"},
				"up": {"uv": [6.75, 8, 3.5, 6], "texture": "#0"},
				"down": {"uv": [9.75, 0, 6.5, 2], "texture": "#0"}
			}
		},
		{
			"from": [5.25, 3.25, 4.5],
			"to": [10.75, 3.5, 7.5],
			"rotation": {"angle": 0, "axis": "x", "origin": [8, 2, 3.5]},
			"faces": {
				"north": {"uv": [0, 11.5, 2.75, 11.75], "texture": "#0"},
				"east": {"uv": [11.5, 7, 13, 7.25], "texture": "#0"},
				"south": {"uv": [11.5, 0, 14.25, 0.25], "texture": "#0"},
				"west": {"uv": [9, 11.5, 10.5, 11.75], "texture": "#0"},
				"up": {"uv": [9.75, 9, 7, 7.5], "texture": "#0"},
				"down": {"uv": [5.75, 8, 3, 9.5], "texture": "#0"}
			}
		},
		{
			"from": [5, 2, 4.5],
			"to": [11, 3.25, 7.5],
			"rotation": {"angle": 0, "axis": "x", "origin": [8, 2, 3.5]},
			"faces": {
				"north": {"uv": [10, 7.5, 13, 8.25], "texture": "#0"},
				"east": {"uv": [4, 10.5, 5.5, 11.25], "texture": "#0"},
				"south": {"uv": [8, 10, 11, 10.75], "texture": "#0"},
				"west": {"uv": [5.5, 11, 7, 11.75], "texture": "#0"},
				"up": {"uv": [3, 8.5, 0, 7], "texture": "#0"},
				"down": {"uv": [10, 6, 7, 7.5], "texture": "#0"}
			}
		},
		{
			"from": [4, -0.75, 0],
			"to": [8, 3.25, 0],
			"rotation": {"angle": -22.5, "axis": "z", "origin": [6.5, 1.75, 0.5]},
			"faces": {
				"north": {"uv": [10, 0, 11.5, 1.5], "texture": "#0"},
				"east": {"uv": [0, 0, 0, 1.5], "texture": "#0"},
				"south": {"uv": [10, 6, 11.5, 7.5], "texture": "#0"},
				"west": {"uv": [0, 0, 0, 1.5], "texture": "#0"},
				"up": {"uv": [1.5, 0, 0, 0], "texture": "#0"},
				"down": {"uv": [1.5, 0, 0, 0], "texture": "#0"}
			}
		}
	],
	"gui_light": "front",
	"display": {
		"thirdperson_righthand": {
			"translation": [0, 7.75, 4.75]
		},
		"thirdperson_lefthand": {
			"translation": [0, 7.75, 4.75]
		},
		"firstperson_righthand": {
			"translation": [6, 9, 0],
			"scale": [2, 2, 2]
		},
		"firstperson_lefthand": {
			"translation": [6, 9, 0],
			"scale": [2, 2, 2]
		},
		"ground": {
			"translation": [0, 8, 6.5],
			"scale": [1.5, 1.5, 1.5]
		},
		"gui": {
			"rotation": [180, -45.75, 180],
			"translation": [-5, 8.5, 0],
			"scale": [1.5, 1.5, 1.5]
		},
		"head": {
			"rotation": [2.5, 0, 0],
			"translation": [0, 18.5, 11],
			"scale": [2.41, 2.4, 2.5]
		},
		"fixed": {
			"translation": [0, 10.5, 5.5],
			"scale": [2, 2, 2]
		}
	}
}