{
	"credit": "Made with Blockbench",
	"texture_size": [64, 64],
	"textures": {
		"0": "item/PigHeadStick",
		"particle": "item/PigHeadStick"
	},
	"elements": [
		{
			"from": [7, 0, 8],
			"to": [8, 32, 9],
			"faces": {
				"north": {"uv": [2, 4, 2.25, 10.25], "texture": "#0"},
				"east": {"uv": [4, 2, 4.25, 8.25], "texture": "#0"},
				"south": {"uv": [2.25, 4, 2.5, 10.25], "texture": "#0"},
				"west": {"uv": [2.5, 4, 2.75, 10.25], "texture": "#0"},
				"up": {"uv": [5, 5.5, 4.75, 5.25], "texture": "#0"},
				"down": {"uv": [5.25, 5.25, 5, 5.5], "texture": "#0"}
			}
		},
		{
			"from": [6, 1, 8],
			"to": [7, 14, 9],
			"faces": {
				"north": {"uv": [3.75, 4, 4, 7.25], "texture": "#0"},
				"east": {"uv": [4.25, 2, 4.5, 5.25], "texture": "#0"},
				"south": {"uv": [4.5, 2, 4.75, 5.25], "texture": "#0"},
				"west": {"uv": [4.75, 2, 5, 5.25], "texture": "#0"},
				"up": {"uv": [5.5, 5.5, 5.25, 5.25], "texture": "#0"},
				"down": {"uv": [5.75, 2, 5.5, 2.25], "texture": "#0"}
			}
		},
		{
			"from": [6.5, 3, 8.5],
			"to": [7.5, 16, 9.5],
			"faces": {
				"north": {"uv": [5, 2, 5.25, 5.25], "texture": "#0"},
				"east": {"uv": [5.25, 2, 5.5, 5.25], "texture": "#0"},
				"south": {"uv": [4.25, 5.25, 4.5, 8.5], "texture": "#0"},
				"west": {"uv": [4.5, 5.25, 4.75, 8.5], "texture": "#0"},
				"up": {"uv": [5.75, 2.5, 5.5, 2.25], "texture": "#0"},
				"down": {"uv": [5.75, 2.5, 5.5, 2.75], "texture": "#0"}
			}
		},
		{
			"from": [7.5, 6, 7.5],
			"to": [8.5, 23, 8.5],
			"faces": {
				"north": {"uv": [2.75, 4, 3, 8.25], "texture": "#0"},
				"east": {"uv": [3, 4, 3.25, 8.25], "texture": "#0"},
				"south": {"uv": [3.25, 4, 3.5, 8.25], "texture": "#0"},
				"west": {"uv": [3.5, 4, 3.75, 8.25], "texture": "#0"},
				"up": {"uv": [5.75, 3, 5.5, 2.75], "texture": "#0"},
				"down": {"uv": [5.75, 3, 5.5, 3.25], "texture": "#0"}
			}
		},
		{
			"from": [3.5, 22, 4.5],
			"to": [11.5, 30, 12.5],
			"faces": {
				"north": {"uv": [0, 0, 2, 2], "texture": "#0"},
				"east": {"uv": [0, 2, 2, 4], "texture": "#0"},
				"south": {"uv": [2, 0, 4, 2], "texture": "#0"},
				"west": {"uv": [2, 2, 4, 4], "texture": "#0"},
				"up": {"uv": [2, 6, 0, 4], "texture": "#0"},
				"down": {"uv": [6, 0, 4, 2], "texture": "#0"}
			}
		}
	],
	"display": {
		"thirdperson_righthand": {
			"rotation": [35.25, 0, 0],
			"translation": [0.75, -6, -1]
		},
		"thirdperson_lefthand": {
			"rotation": [32.25, 0, 0],
			"translation": [-0.5, -6, -0.5]
		},
		"firstperson_righthand": {
			"rotation": [12.75, 0, 0],
			"translation": [6.25, -3.25, -8.25]
		},
		"firstperson_lefthand": {
			"rotation": [7.75, 0, 0],
			"translation": [2.25, 0, -7]
		},
		"ground": {
			"rotation": [-12.42, -13.46, 84.01],
			"translation": [10.75, 0, 0],
			"scale": [1.3, 1.3, 1.3]
		},
		"gui": {
			"rotation": [173.24, 3.57, 139.95],
			"translation": [3.25, -7, 0]
		},
		"fixed": {
			"rotation": [-90, 0, 0],
			"translation": [3.5, -2.75, -13.75],
			"scale": [2.5, 2.5, 2.5]
		}
	},
	"groups": [
		{
			"name": "PigHeadStick",
			"origin": [8, 8, 8],
			"color": 0,
			"children": [0, 1, 2, 3, 4]
		}
	]
}