{"credit":"Made with Blockbench","textures":{"0":"item/pistol","particle":"item/pistol"},"elements":[{"from":[0,1.3,0.7],"to":[1.3,1.5,5.1],"faces":{"north":{"uv":[9.5,1,15,6.5],"texture":"#0"},"east":{"uv":[9.5,1,15,6.5],"texture":"#0"},"south":{"uv":[9.5,1,15,6.5],"texture":"#0"},"west":{"uv":[9.5,1,15,6.5],"texture":"#0"},"up":{"uv":[9.5,1,15,6.5],"texture":"#0"},"down":{"uv":[9.5,1,15,6.5],"texture":"#0"}}},{"from":[0,1.5,0.7],"to":[1.3,1.6,5.1],"faces":{"north":{"uv":[9.5,1,15,6.5],"texture":"#0"},"east":{"uv":[9.5,1,15,6.5],"texture":"#0"},"south":{"uv":[9.5,1,15,6.5],"texture":"#0"},"west":{"uv":[9.5,1,15,6.5],"texture":"#0"},"up":{"uv":[9.5,1,15,6.5],"texture":"#0"},"down":{"uv":[9.5,1,15,6.5],"texture":"#0"}}},{"from":[0,1.6,0.8],"to":[1.3,1.7,5.1],"faces":{"north":{"uv":[9.5,1,15,6.5],"texture":"#0"},"east":{"uv":[9.5,1,15,6.5],"texture":"#0"},"south":{"uv":[9.5,1,15,6.5],"texture":"#0"},"west":{"uv":[9.5,1,15,6.5],"texture":"#0"},"up":{"uv":[9.5,1,15,6.5],"texture":"#0"},"down":{"uv":[9.5,1,15,6.5],"texture":"#0"}}},{"from":[0,1.7,0.9],"to":[1.3,2,5],"faces":{"north":{"uv":[9.5,1,15,6.5],"texture":"#0"},"east":{"uv":[9.5,1,15,6.5],"texture":"#0"},"south":{"uv":[9.5,1,15,6.5],"texture":"#0"},"west":{"uv":[9.5,1,15,6.5],"texture":"#0"},"up":{"uv":[9.5,1,15,6.5],"texture":"#0"},"down":{"uv":[9.5,1,15,6.5],"texture":"#0"}}},{"from":[0,2,1],"to":[1.3,2.2,5],"faces":{"north":{"uv":[9.5,1,15,6.5],"texture":"#0"},"east":{"uv":[9.5,1,15,6.5],"texture":"#0"},"south":{"uv":[9.5,1,15,6.5],"texture":"#0"},"west":{"uv":[9.5,1,15,6.5],"texture":"#0"},"up":{"uv":[9.5,1,15,6.5],"texture":"#0"},"down":{"uv":[9.5,1,15,6.5],"texture":"#0"}}},{"from":[0,2.2,1.1],"to":[1.3,2.4,4.9],"faces":{"north":{"uv":[9.5,1,15,6.5],"texture":"#0"},"east":{"uv":[9.5,1,15,6.5],"texture":"#0"},"south":{"uv":[9.5,1,15,6.5],"texture":"#0"},"west":{"uv":[9.5,1,15,6.5],"texture":"#0"},"up":{"uv":[9.5,1,15,6.5],"texture":"#0"},"down":{"uv":[9.5,1,15,6.5],"texture":"#0"}}},{"from":[0,2.4,1.2],"to":[1.3,2.6,4.9],"faces":{"north":{"uv":[9.5,1,15,6.5],"texture":"#0"},"east":{"uv":[9.5,1,15,6.5],"texture":"#0"},"south":{"uv":[9.5,1,15,6.5],"texture":"#0"},"west":{"uv":[9.5,1,15,6.5],"texture":"#0"},"up":{"uv":[9.5,1,15,6.5],"texture":"#0"},"down":{"uv":[9.5,1,15,6.5],"texture":"#0"}}},{"from":[0,2.6,1.3],"to":[1.3,2.7,4.8],"faces":{"north":{"uv":[9.5,1,15,6.5],"texture":"#0"},"east":{"uv":[9.5,1,15,6.5],"texture":"#0"},"south":{"uv":[9.5,1,15,6.5],"texture":"#0"},"west":{"uv":[9.5,1,15,6.5],"texture":"#0"},"up":{"uv":[9.5,1,15,6.5],"texture":"#0"},"down":{"uv":[9.5,1,15,6.5],"texture":"#0"}}},{"from":[0,2.7,1.4],"to":[1.3,2.8,4.8],"faces":{"north":{"uv":[9.5,1,15,6.5],"texture":"#0"},"east":{"uv":[9.5,1,15,6.5],"texture":"#0"},"south":{"uv":[9.5,1,15,6.5],"texture":"#0"},"west":{"uv":[9.5,1,15,6.5],"texture":"#0"},"up":{"uv":[9.5,1,15,6.5],"texture":"#0"},"down":{"uv":[9.5,1,15,6.5],"texture":"#0"}}},{"from":[0,2.8,1.4],"to":[1.3,2.9,4.8],"faces":{"north":{"uv":[9.5,1,15,6.5],"texture":"#0"},"east":{"uv":[9.5,1,15,6.5],"texture":"#0"},"south":{"uv":[9.5,1,15,6.5],"texture":"#0"},"west":{"uv":[9.5,1,15,6.5],"texture":"#0"},"up":{"uv":[9.5,1,15,6.5],"texture":"#0"},"down":{"uv":[9.5,1,15,6.5],"texture":"#0"}}},{"from":[0,2.9,1.5],"to":[1.3,3,4.8],"faces":{"north":{"uv":[9.5,1,15,6.5],"texture":"#0"},"east":{"uv":[9.5,1,15,6.5],"texture":"#0"},"south":{"uv":[9.5,1,15,6.5],"texture":"#0"},"west":{"uv":[9.5,1,15,6.5],"texture":"#0"},"up":{"uv":[9.5,1,15,6.5],"texture":"#0"},"down":{"uv":[9.5,1,15,6.5],"texture":"#0"}}},{"from":[0,3,1.5],"to":[1.3,3.1,4.8],"faces":{"north":{"uv":[9.5,1,15,6.5],"texture":"#0"},"east":{"uv":[9.5,1,15,6.5],"texture":"#0"},"south":{"uv":[9.5,1,15,6.5],"texture":"#0"},"west":{"uv":[9.5,1,15,6.5],"texture":"#0"},"up":{"uv":[9.5,1,15,6.5],"texture":"#0"},"down":{"uv":[9.5,1,15,6.5],"texture":"#0"}}},{"from":[0,3.1,1.6],"to":[1.3,3.2,4.8],"faces":{"north":{"uv":[9.5,1,15,6.5],"texture":"#0"},"east":{"uv":[9.5,1,15,6.5],"texture":"#0"},"south":{"uv":[9.5,1,15,6.5],"texture":"#0"},"west":{"uv":[9.5,1,15,6.5],"texture":"#0"},"up":{"uv":[9.5,1,15,6.5],"texture":"#0"},"down":{"uv":[9.5,1,15,6.5],"texture":"#0"}}},{"from":[0,3.2,1.7],"to":[1.3,3.3,4.8],"faces":{"north":{"uv":[9.5,1,15,6.5],"texture":"#0"},"east":{"uv":[9.5,1,15,6.5],"texture":"#0"},"south":{"uv":[9.5,1,15,6.5],"texture":"#0"},"west":{"uv":[9.5,1,15,6.5],"texture":"#0"},"up":{"uv":[9.5,1,15,6.5],"texture":"#0"},"down":{"uv":[9.5,1,15,6.5],"texture":"#0"}}},{"from":[0,3.3,1.7],"to":[1.3,3.4,4.8],"faces":{"north":{"uv":[9.5,1,15,6.5],"texture":"#0"},"east":{"uv":[9.5,1,15,6.5],"texture":"#0"},"south":{"uv":[9.5,1,15,6.5],"texture":"#0"},"west":{"uv":[9.5,1,15,6.5],"texture":"#0"},"up":{"uv":[9.5,1,15,6.5],"texture":"#0"},"down":{"uv":[9.5,1,15,6.5],"texture":"#0"}}},{"from":[0,3.4,1.8],"to":[1.3,3.5,4.8],"faces":{"north":{"uv":[9.5,1,15,6.5],"texture":"#0"},"east":{"uv":[9.5,1,15,6.5],"texture":"#0"},"south":{"uv":[9.5,1,15,6.5],"texture":"#0"},"west":{"uv":[9.5,1,15,6.5],"texture":"#0"},"up":{"uv":[9.5,1,15,6.5],"texture":"#0"},"down":{"uv":[9.5,1,15,6.5],"texture":"#0"}}},{"from":[0,3.5,1.8],"to":[1.3,3.8,4.8],"faces":{"north":{"uv":[9.5,1,15,6.5],"texture":"#0"},"east":{"uv":[9.5,1,15,6.5],"texture":"#0"},"south":{"uv":[9.5,1,15,6.5],"texture":"#0"},"west":{"uv":[9.5,1,15,6.5],"texture":"#0"},"up":{"uv":[9.5,1,15,6.5],"texture":"#0"},"down":{"uv":[9.5,1,15,6.5],"texture":"#0"}}},{"from":[0,3.8,1.9],"to":[1.3,4.1,4.8],"faces":{"north":{"uv":[9.5,1,15,6.5],"texture":"#0"},"east":{"uv":[9.5,1,15,6.5],"texture":"#0"},"south":{"uv":[9.5,1,15,6.5],"texture":"#0"},"west":{"uv":[9.5,1,15,6.5],"texture":"#0"},"up":{"uv":[9.5,1,15,6.5],"texture":"#0"},"down":{"uv":[9.5,1,15,6.5],"texture":"#0"}}},{"from":[0,4.1,2],"to":[1.3,4.3,4.9],"faces":{"north":{"uv":[9.5,1,15,6.5],"texture":"#0"},"east":{"uv":[9.5,1,15,6.5],"texture":"#0"},"south":{"uv":[9.5,1,15,6.5],"texture":"#0"},"west":{"uv":[9.5,1,15,6.5],"texture":"#0"},"up":{"uv":[9.5,1,15,6.5],"texture":"#0"},"down":{"uv":[9.5,1,15,6.5],"texture":"#0"}}},{"from":[0,4.3,2.1],"to":[1.3,4.6,4.9],"faces":{"north":{"uv":[9.5,1,15,6.5],"texture":"#0"},"east":{"uv":[9.5,1,15,6.5],"texture":"#0"},"south":{"uv":[9.5,1,15,6.5],"texture":"#0"},"west":{"uv":[9.5,1,15,6.5],"texture":"#0"},"up":{"uv":[9.5,1,15,6.5],"texture":"#0"},"down":{"uv":[9.5,1,15,6.5],"texture":"#0"}}},{"from":[0,4.6,2.2],"to":[1.3,4.7,4.9],"faces":{"north":{"uv":[9.5,1,15,6.5],"texture":"#0"},"east":{"uv":[9.5,1,15,6.5],"texture":"#0"},"south":{"uv":[9.5,1,15,6.5],"texture":"#0"},"west":{"uv":[9.5,1,15,6.5],"texture":"#0"},"up":{"uv":[9.5,1,15,6.5],"texture":"#0"},"down":{"uv":[9.5,1,15,6.5],"texture":"#0"}}},{"from":[0,4.7,2.3],"to":[1.3,4.9,5],"faces":{"north":{"uv":[9.5,1,15,6.5],"texture":"#0"},"east":{"uv":[9.5,1,15,6.5],"texture":"#0"},"south":{"uv":[9.5,1,15,6.5],"texture":"#0"},"west":{"uv":[9.5,1,15,6.5],"texture":"#0"},"up":{"uv":[9.5,1,15,6.5],"texture":"#0"},"down":{"uv":[9.5,1,15,6.5],"texture":"#0"}}},{"from":[0,4.9,2.4],"to":[1.3,5.1,5.1],"faces":{"north":{"uv":[9.5,1,15,6.5],"texture":"#0"},"east":{"uv":[9.5,1,15,6.5],"texture":"#0"},"south":{"uv":[9.5,1,15,6.5],"texture":"#0"},"west":{"uv":[9.5,1,15,6.5],"texture":"#0"},"up":{"uv":[9.5,1,15,6.5],"texture":"#0"},"down":{"uv":[9.5,1,15,6.5],"texture":"#0"}}},{"from":[0,5.1,2.5],"to":[1.3,5.3,5.2],"faces":{"north":{"uv":[9.5,1,15,6.5],"texture":"#0"},"east":{"uv":[9.5,1,15,6.5],"texture":"#0"},"south":{"uv":[9.5,1,15,6.5],"texture":"#0"},"west":{"uv":[9.5,1,15,6.5],"texture":"#0"},"up":{"uv":[9.5,1,15,6.5],"texture":"#0"},"down":{"uv":[9.5,1,15,6.5],"texture":"#0"}}},{"from":[0,5.3,2.6],"to":[1.3,5.5,5.4],"faces":{"north":{"uv":[9.5,1,15,6.5],"texture":"#0"},"east":{"uv":[9.5,1,15,6.5],"texture":"#0"},"south":{"uv":[9.5,1,15,6.5],"texture":"#0"},"west":{"uv":[9.5,1,15,6.5],"texture":"#0"},"up":{"uv":[9.5,1,15,6.5],"texture":"#0"},"down":{"uv":[9.5,1,15,6.5],"texture":"#0"}}},{"from":[0,5.5,2.7],"to":[1.3,5.7,5.5],"faces":{"north":{"uv":[9.5,1,15,6.5],"texture":"#0"},"east":{"uv":[9.5,1,15,6.5],"texture":"#0"},"south":{"uv":[9.5,1,15,6.5],"texture":"#0"},"west":{"uv":[9.5,1,15,6.5],"texture":"#0"},"up":{"uv":[9.5,1,15,6.5],"texture":"#0"},"down":{"uv":[9.5,1,15,6.5],"texture":"#0"}}},{"from":[0,5.7,2.8],"to":[1.3,5.9,5.7],"faces":{"north":{"uv":[9.5,1,15,6.5],"texture":"#0"},"east":{"uv":[9.5,1,15,6.5],"texture":"#0"},"south":{"uv":[9.5,1,15,6.5],"texture":"#0"},"west":{"uv":[9.5,1,15,6.5],"texture":"#0"},"up":{"uv":[9.5,1,15,6.5],"texture":"#0"},"down":{"uv":[9.5,1,15,6.5],"texture":"#0"}}},{"from":[0,5.9,2.9],"to":[1.3,6.1,6],"faces":{"north":{"uv":[9.5,1,15,6.5],"texture":"#0"},"east":{"uv":[9.5,1,15,6.5],"texture":"#0"},"south":{"uv":[9.5,1,15,6.5],"texture":"#0"},"west":{"uv":[9.5,1,15,6.5],"texture":"#0"},"up":{"uv":[9.5,1,15,6.5],"texture":"#0"},"down":{"uv":[9.5,1,15,6.5],"texture":"#0"}}},{"from":[0,6.1,2.9],"to":[1.3,6.3,5.9],"faces":{"north":{"uv":[9.5,1,15,6.5],"texture":"#0"},"east":{"uv":[9.5,1,15,6.5],"texture":"#0"},"south":{"uv":[9.5,1,15,6.5],"texture":"#0"},"west":{"uv":[9.5,1,15,6.5],"texture":"#0"},"up":{"uv":[9.5,1,15,6.5],"texture":"#0"},"down":{"uv":[9.5,1,15,6.5],"texture":"#0"}}},{"from":[0,6.3,3],"to":[1.3,6.5,5.7],"faces":{"north":{"uv":[9.5,1,15,6.5],"texture":"#0"},"east":{"uv":[9.5,1,15,6.5],"texture":"#0"},"south":{"uv":[9.5,1,15,6.5],"texture":"#0"},"west":{"uv":[9.5,1,15,6.5],"texture":"#0"},"up":{"uv":[9.5,1,15,6.5],"texture":"#0"},"down":{"uv":[9.5,1,15,6.5],"texture":"#0"}}},{"from":[0,6.5,3.1],"to":[1.3,6.7,5.6],"faces":{"north":{"uv":[9.5,1,15,6.5],"texture":"#0"},"east":{"uv":[9.5,1,15,6.5],"texture":"#0"},"south":{"uv":[9.5,1,15,6.5],"texture":"#0"},"west":{"uv":[9.5,1,15,6.5],"texture":"#0"},"up":{"uv":[9.5,1,15,6.5],"texture":"#0"},"down":{"uv":[9.5,1,15,6.5],"texture":"#0"}}},{"from":[0,6.7,3.2],"to":[1.3,6.9,5.5],"faces":{"north":{"uv":[9.5,1,15,6.5],"texture":"#0"},"east":{"uv":[9.5,1,15,6.5],"texture":"#0"},"south":{"uv":[9.5,1,15,6.5],"texture":"#0"},"west":{"uv":[9.5,1,15,6.5],"texture":"#0"},"up":{"uv":[9.5,1,15,6.5],"texture":"#0"},"down":{"uv":[9.5,1,15,6.5],"texture":"#0"}}},{"from":[0,6.9,3.3],"to":[1.3,7.1,5.4],"faces":{"north":{"uv":[9.5,1,15,6.5],"texture":"#0"},"east":{"uv":[9.5,1,15,6.5],"texture":"#0"},"south":{"uv":[9.5,1,15,6.5],"texture":"#0"},"west":{"uv":[9.5,1,15,6.5],"texture":"#0"},"up":{"uv":[9.5,1,15,6.5],"texture":"#0"},"down":{"uv":[9.5,1,15,6.5],"texture":"#0"}}},{"from":[0,7.1,3.5],"to":[1.3,7.3,5.3],"faces":{"north":{"uv":[9.5,1,15,6.5],"texture":"#0"},"east":{"uv":[9.5,1,15,6.5],"texture":"#0"},"south":{"uv":[9.5,1,15,6.5],"texture":"#0"},"west":{"uv":[9.5,1,15,6.5],"texture":"#0"},"up":{"uv":[9.5,1,15,6.5],"texture":"#0"},"down":{"uv":[9.5,1,15,6.5],"texture":"#0"}}},{"from":[0,7.3,3.6],"to":[1.3,7.4,5.2],"faces":{"north":{"uv":[9.5,1,15,6.5],"texture":"#0"},"east":{"uv":[9.5,1,15,6.5],"texture":"#0"},"south":{"uv":[9.5,1,15,6.5],"texture":"#0"},"west":{"uv":[9.5,1,15,6.5],"texture":"#0"},"up":{"uv":[9.5,1,15,6.5],"texture":"#0"},"down":{"uv":[9.5,1,15,6.5],"texture":"#0"}}},{"from":[0,7.4,3.8],"to":[1.3,7.5,5.2],"faces":{"north":{"uv":[9.5,1,15,6.5],"texture":"#0"},"east":{"uv":[9.5,1,15,6.5],"texture":"#0"},"south":{"uv":[9.5,1,15,6.5],"texture":"#0"},"west":{"uv":[9.5,1,15,6.5],"texture":"#0"},"up":{"uv":[9.5,1,15,6.5],"texture":"#0"},"down":{"uv":[9.5,1,15,6.5],"texture":"#0"}}},{"from":[0,7.5,4],"to":[1.3,7.6,5.2],"faces":{"north":{"uv":[9.5,1,15,6.5],"texture":"#0"},"east":{"uv":[9.5,1,15,6.5],"texture":"#0"},"south":{"uv":[9.5,1,15,6.5],"texture":"#0"},"west":{"uv":[9.5,1,15,6.5],"texture":"#0"},"up":{"uv":[9.5,1,15,6.5],"texture":"#0"},"down":{"uv":[9.5,1,15,6.5],"texture":"#0"}}},{"from":[0,7.6,4.2],"to":[1.3,7.7,5.1],"faces":{"north":{"uv":[9.5,1,15,6.5],"texture":"#0"},"east":{"uv":[9.5,1,15,6.5],"texture":"#0"},"south":{"uv":[9.5,1,15,6.5],"texture":"#0"},"west":{"uv":[9.5,1,15,6.5],"texture":"#0"},"up":{"uv":[9.5,1,15,6.5],"texture":"#0"},"down":{"uv":[9.5,1,15,6.5],"texture":"#0"}}},{"from":[0,7.7,4.3],"to":[1.3,7.8,5.1],"faces":{"north":{"uv":[9.5,1,15,6.5],"texture":"#0"},"east":{"uv":[9.5,1,15,6.5],"texture":"#0"},"south":{"uv":[9.5,1,15,6.5],"texture":"#0"},"west":{"uv":[9.5,1,15,6.5],"texture":"#0"},"up":{"uv":[9.5,1,15,6.5],"texture":"#0"},"down":{"uv":[9.5,1,15,6.5],"texture":"#0"}}},{"from":[0,7.8,4.5],"to":[1.3,7.9,5.1],"faces":{"north":{"uv":[9.5,1,15,6.5],"texture":"#0"},"east":{"uv":[9.5,1,15,6.5],"texture":"#0"},"south":{"uv":[9.5,1,15,6.5],"texture":"#0"},"west":{"uv":[9.5,1,15,6.5],"texture":"#0"},"up":{"uv":[9.5,1,15,6.5],"texture":"#0"},"down":{"uv":[9.5,1,15,6.5],"texture":"#0"}}},{"from":[0.5,8,8.1],"to":[1,10.8,11.1],"faces":{"north":{"uv":[9.5,1,15,6.5],"texture":"#0"},"east":{"uv":[9.5,1,15,6.5],"texture":"#0"},"south":{"uv":[9.5,1,15,6.5],"texture":"#0"},"west":{"uv":[9.5,1,15,6.5],"texture":"#0"},"up":{"uv":[9.5,1,15,6.5],"texture":"#0"},"down":{"uv":[9.5,1,15,6.5],"texture":"#0"}}},{"from":[0.5,8,7.8],"to":[1,10.8,7.9],"rotation":{"angle":0,"axis":"y","origin":[0.75,9.4,7.85]},"faces":{"north":{"uv":[9.5,1,15,6.5],"texture":"#0"},"east":{"uv":[9.5,1,15,6.5],"texture":"#0"},"south":{"uv":[9.5,1,15,6.5],"texture":"#0"},"west":{"uv":[9.5,1,15,6.5],"texture":"#0"},"up":{"uv":[9.5,1,15,6.5],"texture":"#0"},"down":{"uv":[9.5,1,15,6.5],"texture":"#0"}}},{"from":[0.5,8,7.8],"to":[1,10.8,7.9],"rotation":{"angle":-22.5,"axis":"z","origin":[0.75,9.4,7.85]},"faces":{"north":{"uv":[9.5,1,15,6.5],"texture":"#0"},"east":{"uv":[9.5,1,15,6.5],"texture":"#0"},"south":{"uv":[9.5,1,15,6.5],"texture":"#0"},"west":{"uv":[9.5,1,15,6.5],"texture":"#0"},"up":{"uv":[9.5,1,15,6.5],"texture":"#0"},"down":{"uv":[9.5,1,15,6.5],"texture":"#0"}}},{"from":[0.5,8.1,7.7],"to":[1,10.7,7.8],"rotation":{"angle":-22.5,"axis":"z","origin":[0.75,9.4,7.85]},"faces":{"north":{"uv":[9.5,1,15,6.5],"texture":"#0"},"east":{"uv":[9.5,1,15,6.5],"texture":"#0"},"south":{"uv":[9.5,1,15,6.5],"texture":"#0"},"west":{"uv":[9.5,1,15,6.5],"texture":"#0"},"up":{"uv":[9.5,1,15,6.5],"texture":"#0"},"down":{"uv":[9.5,1,15,6.5],"texture":"#0"}}},{"from":[0.5,8.2,7.6],"to":[1,10.6,7.7],"rotation":{"angle":-22.5,"axis":"z","origin":[0.75,9.4,7.85]},"faces":{"north":{"uv":[9.5,1,15,6.5],"texture":"#0"},"east":{"uv":[9.5,1,15,6.5],"texture":"#0"},"south":{"uv":[9.5,1,15,6.5],"texture":"#0"},"west":{"uv":[9.5,1,15,6.5],"texture":"#0"},"up":{"uv":[9.5,1,15,6.5],"texture":"#0"},"down":{"uv":[9.5,1,15,6.5],"texture":"#0"}}},{"from":[0.5,8.2,7.6],"to":[1,10.6,7.7],"rotation":{"angle":-45,"axis":"z","origin":[0.75,9.4,7.65]},"faces":{"north":{"uv":[9.5,1,15,6.5],"texture":"#0"},"east":{"uv":[9.5,1,15,6.5],"texture":"#0"},"south":{"uv":[9.5,1,15,6.5],"texture":"#0"},"west":{"uv":[9.5,1,15,6.5],"texture":"#0"},"up":{"uv":[9.5,1,15,6.5],"texture":"#0"},"down":{"uv":[9.5,1,15,6.5],"texture":"#0"}}},{"from":[-0.45,9.15,7.6],"to":[1.95,9.65,7.7],"rotation":{"angle":22.5,"axis":"z","origin":[0.75,9.4,7.65]},"faces":{"north":{"uv":[9.5,1,15,6.5],"rotation":90,"texture":"#0"},"east":{"uv":[9.5,1,15,6.5],"rotation":90,"texture":"#0"},"south":{"uv":[9.5,1,15,6.5],"rotation":90,"texture":"#0"},"west":{"uv":[9.5,1,15,6.5],"rotation":90,"texture":"#0"},"up":{"uv":[9.5,1,15,6.5],"rotation":90,"texture":"#0"},"down":{"uv":[9.5,1,15,6.5],"rotation":90,"texture":"#0"}}},{"from":[-0.45,9.15,7.6],"to":[1.95,9.65,7.7],"rotation":{"angle":0,"axis":"z","origin":[0.75,9.4,7.65]},"faces":{"north":{"uv":[9.5,1,15,6.5],"rotation":90,"texture":"#0"},"east":{"uv":[9.5,1,15,6.5],"rotation":90,"texture":"#0"},"south":{"uv":[9.5,1,15,6.5],"rotation":90,"texture":"#0"},"west":{"uv":[9.5,1,15,6.5],"rotation":90,"texture":"#0"},"up":{"uv":[9.5,1,15,6.5],"rotation":90,"texture":"#0"},"down":{"uv":[9.5,1,15,6.5],"rotation":90,"texture":"#0"}}},{"from":[-0.45,9.15,7.6],"to":[1.95,9.65,7.7],"rotation":{"angle":-22.5,"axis":"z","origin":[0.75,9.4,7.65]},"faces":{"north":{"uv":[9.5,1,15,6.5],"rotation":90,"texture":"#0"},"east":{"uv":[9.5,1,15,6.5],"rotation":90,"texture":"#0"},"south":{"uv":[9.5,1,15,6.5],"rotation":90,"texture":"#0"},"west":{"uv":[9.5,1,15,6.5],"rotation":90,"texture":"#0"},"up":{"uv":[9.5,1,15,6.5],"rotation":90,"texture":"#0"},"down":{"uv":[9.5,1,15,6.5],"rotation":90,"texture":"#0"}}},{"from":[-0.45,9.15,7.6],"to":[1.95,9.65,7.7],"rotation":{"angle":-45,"axis":"z","origin":[0.75,9.4,7.65]},"faces":{"north":{"uv":[9.5,1,15,6.5],"rotation":90,"texture":"#0"},"east":{"uv":[9.5,1,15,6.5],"rotation":90,"texture":"#0"},"south":{"uv":[9.5,1,15,6.5],"rotation":90,"texture":"#0"},"west":{"uv":[9.5,1,15,6.5],"rotation":90,"texture":"#0"},"up":{"uv":[9.5,1,15,6.5],"rotation":90,"texture":"#0"},"down":{"uv":[9.5,1,15,6.5],"rotation":90,"texture":"#0"}}},{"from":[0.5,8.2,7.6],"to":[1,10.6,7.7],"rotation":{"angle":22.5,"axis":"z","origin":[0.75,9.4,7.65]},"faces":{"north":{"uv":[9.5,1,15,6.5],"rotation":180,"texture":"#0"},"east":{"uv":[9.5,1,15,6.5],"rotation":180,"texture":"#0"},"south":{"uv":[9.5,1,15,6.5],"rotation":180,"texture":"#0"},"west":{"uv":[9.5,1,15,6.5],"rotation":180,"texture":"#0"},"up":{"uv":[9.5,1,15,6.5],"rotation":180,"texture":"#0"},"down":{"uv":[9.5,1,15,6.5],"rotation":180,"texture":"#0"}}},{"from":[0.5,8.1,7.7],"to":[1,10.7,7.8],"rotation":{"angle":-45,"axis":"z","origin":[0.75,9.4,7.85]},"faces":{"north":{"uv":[9.5,1,15,6.5],"texture":"#0"},"east":{"uv":[9.5,1,15,6.5],"texture":"#0"},"south":{"uv":[9.5,1,15,6.5],"texture":"#0"},"west":{"uv":[9.5,1,15,6.5],"texture":"#0"},"up":{"uv":[9.5,1,15,6.5],"texture":"#0"},"down":{"uv":[9.5,1,15,6.5],"texture":"#0"}}},{"from":[-0.55,9.15,7.7],"to":[2.05,9.65,7.8],"rotation":{"angle":22.5,"axis":"z","origin":[0.75,9.4,7.85]},"faces":{"north":{"uv":[9.5,1,15,6.5],"rotation":90,"texture":"#0"},"east":{"uv":[9.5,1,15,6.5],"rotation":90,"texture":"#0"},"south":{"uv":[9.5,1,15,6.5],"rotation":90,"texture":"#0"},"west":{"uv":[9.5,1,15,6.5],"rotation":90,"texture":"#0"},"up":{"uv":[9.5,1,15,6.5],"rotation":90,"texture":"#0"},"down":{"uv":[9.5,1,15,6.5],"rotation":90,"texture":"#0"}}},{"from":[-0.55,9.15,7.7],"to":[2.05,9.65,7.8],"rotation":{"angle":0,"axis":"z","origin":[0.75,9.4,7.85]},"faces":{"north":{"uv":[9.5,1,15,6.5],"rotation":90,"texture":"#0"},"east":{"uv":[9.5,1,15,6.5],"rotation":90,"texture":"#0"},"south":{"uv":[9.5,1,15,6.5],"rotation":90,"texture":"#0"},"west":{"uv":[9.5,1,15,6.5],"rotation":90,"texture":"#0"},"up":{"uv":[9.5,1,15,6.5],"rotation":90,"texture":"#0"},"down":{"uv":[9.5,1,15,6.5],"rotation":90,"texture":"#0"}}},{"from":[-0.55,9.15,7.7],"to":[2.05,9.65,7.8],"rotation":{"angle":-22.5,"axis":"z","origin":[0.75,9.4,7.85]},"faces":{"north":{"uv":[9.5,1,15,6.5],"rotation":90,"texture":"#0"},"east":{"uv":[9.5,1,15,6.5],"rotation":90,"texture":"#0"},"south":{"uv":[9.5,1,15,6.5],"rotation":90,"texture":"#0"},"west":{"uv":[9.5,1,15,6.5],"rotation":90,"texture":"#0"},"up":{"uv":[9.5,1,15,6.5],"rotation":90,"texture":"#0"},"down":{"uv":[9.5,1,15,6.5],"rotation":90,"texture":"#0"}}},{"from":[-0.55,9.15,7.7],"to":[2.05,9.65,7.8],"rotation":{"angle":-45,"axis":"z","origin":[0.75,9.4,7.85]},"faces":{"north":{"uv":[9.5,1,15,6.5],"rotation":90,"texture":"#0"},"east":{"uv":[9.5,1,15,6.5],"rotation":90,"texture":"#0"},"south":{"uv":[9.5,1,15,6.5],"rotation":90,"texture":"#0"},"west":{"uv":[9.5,1,15,6.5],"rotation":90,"texture":"#0"},"up":{"uv":[9.5,1,15,6.5],"rotation":90,"texture":"#0"},"down":{"uv":[9.5,1,15,6.5],"rotation":90,"texture":"#0"}}},{"from":[0.5,8.1,7.7],"to":[1,10.7,7.8],"rotation":{"angle":22.5,"axis":"z","origin":[0.75,9.4,7.85]},"faces":{"north":{"uv":[9.5,1,15,6.5],"rotation":180,"texture":"#0"},"east":{"uv":[9.5,1,15,6.5],"rotation":180,"texture":"#0"},"south":{"uv":[9.5,1,15,6.5],"rotation":180,"texture":"#0"},"west":{"uv":[9.5,1,15,6.5],"rotation":180,"texture":"#0"},"up":{"uv":[9.5,1,15,6.5],"rotation":180,"texture":"#0"},"down":{"uv":[9.5,1,15,6.5],"rotation":180,"texture":"#0"}}},{"from":[0.5,8,7.8],"to":[1,10.8,7.9],"rotation":{"angle":-45,"axis":"z","origin":[0.75,9.4,7.85]},"faces":{"north":{"uv":[9.5,1,15,6.5],"texture":"#0"},"east":{"uv":[9.5,1,15,6.5],"texture":"#0"},"south":{"uv":[9.5,1,15,6.5],"texture":"#0"},"west":{"uv":[9.5,1,15,6.5],"texture":"#0"},"up":{"uv":[9.5,1,15,6.5],"texture":"#0"},"down":{"uv":[9.5,1,15,6.5],"texture":"#0"}}},{"from":[-0.65,9.15,7.8],"to":[2.15,9.65,7.9],"rotation":{"angle":22.5,"axis":"z","origin":[0.75,9.4,7.85]},"faces":{"north":{"uv":[9.5,1,15,6.5],"rotation":90,"texture":"#0"},"east":{"uv":[9.5,1,15,6.5],"rotation":90,"texture":"#0"},"south":{"uv":[9.5,1,15,6.5],"rotation":90,"texture":"#0"},"west":{"uv":[9.5,1,15,6.5],"rotation":90,"texture":"#0"},"up":{"uv":[9.5,1,15,6.5],"rotation":90,"texture":"#0"},"down":{"uv":[9.5,1,15,6.5],"rotation":90,"texture":"#0"}}},{"from":[-0.65,9.15,7.8],"to":[2.15,9.65,7.9],"rotation":{"angle":0,"axis":"z","origin":[0.75,9.4,7.85]},"faces":{"north":{"uv":[9.5,1,15,6.5],"rotation":90,"texture":"#0"},"east":{"uv":[9.5,1,15,6.5],"rotation":90,"texture":"#0"},"south":{"uv":[9.5,1,15,6.5],"rotation":90,"texture":"#0"},"west":{"uv":[9.5,1,15,6.5],"rotation":90,"texture":"#0"},"up":{"uv":[9.5,1,15,6.5],"rotation":90,"texture":"#0"},"down":{"uv":[9.5,1,15,6.5],"rotation":90,"texture":"#0"}}},{"from":[-0.65,9.15,7.8],"to":[2.15,9.65,7.9],"rotation":{"angle":-22.5,"axis":"z","origin":[0.75,9.4,7.85]},"faces":{"north":{"uv":[9.5,1,15,6.5],"rotation":90,"texture":"#0"},"east":{"uv":[9.5,1,15,6.5],"rotation":90,"texture":"#0"},"south":{"uv":[9.5,1,15,6.5],"rotation":90,"texture":"#0"},"west":{"uv":[9.5,1,15,6.5],"rotation":90,"texture":"#0"},"up":{"uv":[9.5,1,15,6.5],"rotation":90,"texture":"#0"},"down":{"uv":[9.5,1,15,6.5],"rotation":90,"texture":"#0"}}},{"from":[-0.65,9.15,7.8],"to":[2.15,9.65,7.9],"rotation":{"angle":-45,"axis":"z","origin":[0.75,9.4,7.85]},"faces":{"north":{"uv":[9.5,1,15,6.5],"rotation":90,"texture":"#0"},"east":{"uv":[9.5,1,15,6.5],"rotation":90,"texture":"#0"},"south":{"uv":[9.5,1,15,6.5],"rotation":90,"texture":"#0"},"west":{"uv":[9.5,1,15,6.5],"rotation":90,"texture":"#0"},"up":{"uv":[9.5,1,15,6.5],"rotation":90,"texture":"#0"},"down":{"uv":[9.5,1,15,6.5],"rotation":90,"texture":"#0"}}},{"from":[0.5,8,7.8],"to":[1,10.8,7.9],"rotation":{"angle":22.5,"axis":"z","origin":[0.75,9.4,7.85]},"faces":{"north":{"uv":[9.5,1,15,6.5],"rotation":180,"texture":"#0"},"east":{"uv":[9.5,1,15,6.5],"rotation":180,"texture":"#0"},"south":{"uv":[9.5,1,15,6.5],"rotation":180,"texture":"#0"},"west":{"uv":[9.5,1,15,6.5],"rotation":180,"texture":"#0"},"up":{"uv":[9.5,1,15,6.5],"rotation":180,"texture":"#0"},"down":{"uv":[9.5,1,15,6.5],"rotation":180,"texture":"#0"}}},{"from":[0.5,8,8.1],"to":[1,10.8,11.1],"rotation":{"angle":-22.5,"axis":"z","origin":[0.75,9.4,9.6]},"faces":{"north":{"uv":[9.5,1,15,6.5],"texture":"#0"},"east":{"uv":[9.5,1,15,6.5],"texture":"#0"},"south":{"uv":[9.5,1,15,6.5],"texture":"#0"},"west":{"uv":[9.5,1,15,6.5],"texture":"#0"},"up":{"uv":[9.5,1,15,6.5],"texture":"#0"},"down":{"uv":[9.5,1,15,6.5],"texture":"#0"}}},{"from":[0.5,8,8.1],"to":[1,10.8,11.1],"rotation":{"angle":-45,"axis":"z","origin":[0.75,9.4,9.6]},"faces":{"north":{"uv":[9.5,1,15,6.5],"texture":"#0"},"east":{"uv":[9.5,1,15,6.5],"texture":"#0"},"south":{"uv":[9.5,1,15,6.5],"texture":"#0"},"west":{"uv":[9.5,1,15,6.5],"texture":"#0"},"up":{"uv":[9.5,1,15,6.5],"texture":"#0"},"down":{"uv":[9.5,1,15,6.5],"texture":"#0"}}},{"from":[-0.65,9.15,8.1],"to":[2.15,9.65,11.1],"rotation":{"angle":22.5,"axis":"z","origin":[0.75,9.4,9.6]},"faces":{"north":{"uv":[9.5,1,15,6.5],"rotation":90,"texture":"#0"},"east":{"uv":[9.5,1,15,6.5],"rotation":90,"texture":"#0"},"south":{"uv":[9.5,1,15,6.5],"rotation":90,"texture":"#0"},"west":{"uv":[9.5,1,15,6.5],"rotation":90,"texture":"#0"},"up":{"uv":[9.5,1,15,6.5],"rotation":90,"texture":"#0"},"down":{"uv":[9.5,1,15,6.5],"rotation":90,"texture":"#0"}}},{"from":[-0.65,9.15,8.1],"to":[2.15,9.65,11.1],"rotation":{"angle":0,"axis":"z","origin":[0.75,9.4,9.6]},"faces":{"north":{"uv":[9.5,1,15,6.5],"rotation":90,"texture":"#0"},"east":{"uv":[9.5,1,15,6.5],"rotation":90,"texture":"#0"},"south":{"uv":[9.5,1,15,6.5],"rotation":90,"texture":"#0"},"west":{"uv":[9.5,1,15,6.5],"rotation":90,"texture":"#0"},"up":{"uv":[9.5,1,15,6.5],"rotation":90,"texture":"#0"},"down":{"uv":[9.5,1,15,6.5],"rotation":90,"texture":"#0"}}},{"from":[-0.65,9.15,8.1],"to":[2.15,9.65,11.1],"rotation":{"angle":-22.5,"axis":"z","origin":[0.75,9.4,9.6]},"faces":{"north":{"uv":[9.5,1,15,6.5],"rotation":90,"texture":"#0"},"east":{"uv":[9.5,1,15,6.5],"rotation":90,"texture":"#0"},"south":{"uv":[9.5,1,15,6.5],"rotation":90,"texture":"#0"},"west":{"uv":[9.5,1,15,6.5],"rotation":90,"texture":"#0"},"up":{"uv":[9.5,1,15,6.5],"rotation":90,"texture":"#0"},"down":{"uv":[9.5,1,15,6.5],"rotation":90,"texture":"#0"}}},{"from":[-0.65,9.15,8.1],"to":[2.15,9.65,11.1],"rotation":{"angle":-45,"axis":"z","origin":[0.75,9.4,9.6]},"faces":{"north":{"uv":[9.5,1,15,6.5],"rotation":90,"texture":"#0"},"east":{"uv":[9.5,1,15,6.5],"rotation":90,"texture":"#0"},"south":{"uv":[9.5,1,15,6.5],"rotation":90,"texture":"#0"},"west":{"uv":[9.5,1,15,6.5],"rotation":90,"texture":"#0"},"up":{"uv":[9.5,1,15,6.5],"rotation":90,"texture":"#0"},"down":{"uv":[9.5,1,15,6.5],"rotation":90,"texture":"#0"}}},{"from":[0.5,8,8.1],"to":[1,10.8,11.1],"rotation":{"angle":22.5,"axis":"z","origin":[0.75,9.4,9.6]},"faces":{"north":{"uv":[9.5,1,15,6.5],"rotation":180,"texture":"#0"},"east":{"uv":[9.5,1,15,6.5],"rotation":180,"texture":"#0"},"south":{"uv":[9.5,1,15,6.5],"rotation":180,"texture":"#0"},"west":{"uv":[9.5,1,15,6.5],"rotation":180,"texture":"#0"},"up":{"uv":[9.5,1,15,6.5],"rotation":180,"texture":"#0"},"down":{"uv":[9.5,1,15,6.5],"rotation":180,"texture":"#0"}}},{"from":[0,5.9,6],"to":[1.3,6,6.2],"faces":{"north":{"uv":[2.5,10,7,15.5],"texture":"#0"},"east":{"uv":[2.5,10,7,15.5],"texture":"#0"},"south":{"uv":[2.5,10,7,15.5],"texture":"#0"},"west":{"uv":[2.5,10,7,15.5],"texture":"#0"},"up":{"uv":[2.5,10,7,15.5],"texture":"#0"},"down":{"uv":[2.5,10,7,15.5],"texture":"#0"}}},{"from":[0,6,6],"to":[1.3,6.1,6.5],"faces":{"north":{"uv":[2.5,10,7,15.5],"texture":"#0"},"east":{"uv":[2.5,10,7,15.5],"texture":"#0"},"south":{"uv":[2.5,10,7,15.5],"texture":"#0"},"west":{"uv":[2.5,10,7,15.5],"texture":"#0"},"up":{"uv":[2.5,10,7,15.5],"texture":"#0"},"down":{"uv":[2.5,10,7,15.5],"texture":"#0"}}},{"from":[0,6,7],"to":[1.3,6.1,7.5],"faces":{"north":{"uv":[2.5,10,7,15.5],"texture":"#0"},"east":{"uv":[2.5,10,7,15.5],"texture":"#0"},"south":{"uv":[2.5,10,7,15.5],"texture":"#0"},"west":{"uv":[2.5,10,7,15.5],"texture":"#0"},"up":{"uv":[2.5,10,7,15.5],"texture":"#0"},"down":{"uv":[2.5,10,7,15.5],"texture":"#0"}}},{"from":[0,6.3,5.7],"to":[1.3,6.4,5.9],"faces":{"north":{"uv":[2.5,10,7,15.5],"texture":"#0"},"east":{"uv":[2.5,10,7,15.5],"texture":"#0"},"south":{"uv":[2.5,10,7,15.5],"texture":"#0"},"west":{"uv":[2.5,10,7,15.5],"texture":"#0"},"up":{"uv":[2.5,10,7,15.5],"texture":"#0"},"down":{"uv":[2.5,10,7,15.5],"texture":"#0"}}},{"from":[0,6.4,5.7],"to":[1.3,6.5,8.1],"faces":{"north":{"uv":[2.5,10,7,15.5],"texture":"#0"},"east":{"uv":[2.5,10,7,15.5],"texture":"#0"},"south":{"uv":[2.5,10,7,15.5],"texture":"#0"},"west":{"uv":[2.5,10,7,15.5],"texture":"#0"},"up":{"uv":[2.5,10,7,15.5],"texture":"#0"},"down":{"uv":[2.5,10,7,15.5],"texture":"#0"}}},{"from":[0,6.5,5.6],"to":[1.3,6.6,8.2],"faces":{"north":{"uv":[2.5,10,7,15.5],"texture":"#0"},"east":{"uv":[2.5,10,7,15.5],"texture":"#0"},"south":{"uv":[2.5,10,7,15.5],"texture":"#0"},"west":{"uv":[2.5,10,7,15.5],"texture":"#0"},"up":{"uv":[2.5,10,7,15.5],"texture":"#0"},"down":{"uv":[2.5,10,7,15.5],"texture":"#0"}}},{"from":[0,6.6,5.6],"to":[1.3,6.7,8.6],"faces":{"north":{"uv":[2.5,10,7,15.5],"texture":"#0"},"east":{"uv":[2.5,10,7,15.5],"texture":"#0"},"south":{"uv":[2.5,10,7,15.5],"texture":"#0"},"west":{"uv":[2.5,10,7,15.5],"texture":"#0"},"up":{"uv":[2.5,10,7,15.5],"texture":"#0"},"down":{"uv":[2.5,10,7,15.5],"texture":"#0"}}},{"from":[0,6.7,5.5],"to":[1.3,6.8,10.1],"faces":{"north":{"uv":[2.5,10,7,15.5],"texture":"#0"},"east":{"uv":[2.5,10,7,15.5],"texture":"#0"},"south":{"uv":[2.5,10,7,15.5],"texture":"#0"},"west":{"uv":[2.5,10,7,15.5],"texture":"#0"},"up":{"uv":[2.5,10,7,15.5],"texture":"#0"},"down":{"uv":[2.5,10,7,15.5],"texture":"#0"}}},{"from":[0,6.8,5.5],"to":[1.3,6.9,10.2],"faces":{"north":{"uv":[2.5,10,7,15.5],"texture":"#0"},"east":{"uv":[2.5,10,7,15.5],"texture":"#0"},"south":{"uv":[2.5,10,7,15.5],"texture":"#0"},"west":{"uv":[2.5,10,7,15.5],"texture":"#0"},"up":{"uv":[2.5,10,7,15.5],"texture":"#0"},"down":{"uv":[2.5,10,7,15.5],"texture":"#0"}}},{"from":[0,6.9,5.4],"to":[1.3,7,10.5],"faces":{"north":{"uv":[2.5,10,7,15.5],"texture":"#0"},"east":{"uv":[2.5,10,7,15.5],"texture":"#0"},"south":{"uv":[2.5,10,7,15.5],"texture":"#0"},"west":{"uv":[2.5,10,7,15.5],"texture":"#0"},"up":{"uv":[2.5,10,7,15.5],"texture":"#0"},"down":{"uv":[2.5,10,7,15.5],"texture":"#0"}}},{"from":[0,7,5.4],"to":[1.3,7.1,11.1],"faces":{"north":{"uv":[2.5,10,7,15.5],"texture":"#0"},"east":{"uv":[2.5,10,7,15.5],"texture":"#0"},"south":{"uv":[2.5,10,7,15.5],"texture":"#0"},"west":{"uv":[2.5,10,7,15.5],"texture":"#0"},"up":{"uv":[2.5,10,7,15.5],"texture":"#0"},"down":{"uv":[2.5,10,7,15.5],"texture":"#0"}}},{"from":[0,7.1,5.3],"to":[1.3,7.2,11.6],"faces":{"north":{"uv":[2.5,10,7,15.5],"texture":"#0"},"east":{"uv":[2.5,10,7,15.5],"texture":"#0"},"south":{"uv":[2.5,10,7,15.5],"texture":"#0"},"west":{"uv":[2.5,10,7,15.5],"texture":"#0"},"up":{"uv":[2.5,10,7,15.5],"texture":"#0"},"down":{"uv":[2.5,10,7,15.5],"texture":"#0"}}},{"from":[0,7.2,5.3],"to":[1.3,7.3,11.8],"faces":{"north":{"uv":[2.5,10,7,15.5],"texture":"#0"},"east":{"uv":[2.5,10,7,15.5],"texture":"#0"},"south":{"uv":[2.5,10,7,15.5],"texture":"#0"},"west":{"uv":[2.5,10,7,15.5],"texture":"#0"},"up":{"uv":[2.5,10,7,15.5],"texture":"#0"},"down":{"uv":[2.5,10,7,15.5],"texture":"#0"}}},{"from":[0,7.3,5.2],"to":[1.3,7.4,11.9],"faces":{"north":{"uv":[2.5,10,7,15.5],"texture":"#0"},"east":{"uv":[2.5,10,7,15.5],"texture":"#0"},"south":{"uv":[2.5,10,7,15.5],"texture":"#0"},"west":{"uv":[2.5,10,7,15.5],"texture":"#0"},"up":{"uv":[2.5,10,7,15.5],"texture":"#0"},"down":{"uv":[2.5,10,7,15.5],"texture":"#0"}}},{"from":[0,7.4,5.2],"to":[1.3,7.5,12.1],"faces":{"north":{"uv":[2.5,10,7,15.5],"texture":"#0"},"east":{"uv":[2.5,10,7,15.5],"texture":"#0"},"south":{"uv":[2.5,10,7,15.5],"texture":"#0"},"west":{"uv":[2.5,10,7,15.5],"texture":"#0"},"up":{"uv":[2.5,10,7,15.5],"texture":"#0"},"down":{"uv":[2.5,10,7,15.5],"texture":"#0"}}},{"from":[0,7.5,5.2],"to":[1.3,7.6,12.3],"faces":{"north":{"uv":[2.5,10,7,15.5],"texture":"#0"},"east":{"uv":[2.5,10,7,15.5],"texture":"#0"},"south":{"uv":[2.5,10,7,15.5],"texture":"#0"},"west":{"uv":[2.5,10,7,15.5],"texture":"#0"},"up":{"uv":[2.5,10,7,15.5],"texture":"#0"},"down":{"uv":[2.5,10,7,15.5],"texture":"#0"}}},{"from":[0,7.6,5.1],"to":[1.3,7.7,12.4],"faces":{"north":{"uv":[2.5,10,7,15.5],"texture":"#0"},"east":{"uv":[2.5,10,7,15.5],"texture":"#0"},"south":{"uv":[2.5,10,7,15.5],"texture":"#0"},"west":{"uv":[2.5,10,7,15.5],"texture":"#0"},"up":{"uv":[2.5,10,7,15.5],"texture":"#0"},"down":{"uv":[2.5,10,7,15.5],"texture":"#0"}}},{"from":[0,7.7,5.1],"to":[1.3,7.8,12.8],"faces":{"north":{"uv":[2.5,10,7,15.5],"texture":"#0"},"east":{"uv":[2.5,10,7,15.5],"texture":"#0"},"south":{"uv":[2.5,10,7,15.5],"texture":"#0"},"west":{"uv":[2.5,10,7,15.5],"texture":"#0"},"up":{"uv":[2.5,10,7,15.5],"texture":"#0"},"down":{"uv":[2.5,10,7,15.5],"texture":"#0"}}},{"from":[0,7.8,5.1],"to":[1.3,7.9,13.1],"faces":{"north":{"uv":[2.5,10,7,15.5],"texture":"#0"},"east":{"uv":[2.5,10,7,15.5],"texture":"#0"},"south":{"uv":[2.5,10,7,15.5],"texture":"#0"},"west":{"uv":[2.5,10,7,15.5],"texture":"#0"},"up":{"uv":[2.5,10,7,15.5],"texture":"#0"},"down":{"uv":[2.5,10,7,15.5],"texture":"#0"}}},{"from":[0,7.9,5.6],"to":[1.3,8,8],"faces":{"north":{"uv":[2.5,10,7,15.5],"texture":"#0"},"east":{"uv":[2.5,10,7,15.5],"texture":"#0"},"south":{"uv":[2.5,10,7,15.5],"texture":"#0"},"west":{"uv":[2.5,10,7,15.5],"texture":"#0"},"up":{"uv":[2.5,10,7,15.5],"texture":"#0"},"down":{"uv":[2.5,10,7,15.5],"texture":"#0"}}},{"from":[0,8,5.6],"to":[1.3,8.1,8],"faces":{"north":{"uv":[2.5,10,7,15.5],"texture":"#0"},"east":{"uv":[2.5,10,7,15.5],"texture":"#0"},"south":{"uv":[2.5,10,7,15.5],"texture":"#0"},"west":{"uv":[2.5,10,7,15.5],"texture":"#0"},"up":{"uv":[2.5,10,7,15.5],"texture":"#0"},"down":{"uv":[2.5,10,7,15.5],"texture":"#0"}}},{"from":[0,8.1,5.9],"to":[1.3,8.2,8],"faces":{"north":{"uv":[2.5,10,7,15.5],"texture":"#0"},"east":{"uv":[2.5,10,7,15.5],"texture":"#0"},"south":{"uv":[2.5,10,7,15.5],"texture":"#0"},"west":{"uv":[2.5,10,7,15.5],"texture":"#0"},"up":{"uv":[2.5,10,7,15.5],"texture":"#0"},"down":{"uv":[2.5,10,7,15.5],"texture":"#0"}}},{"from":[0,8.2,6],"to":[1.3,8.4,8],"faces":{"north":{"uv":[2.5,10,7,15.5],"texture":"#0"},"east":{"uv":[2.5,10,7,15.5],"texture":"#0"},"south":{"uv":[2.5,10,7,15.5],"texture":"#0"},"west":{"uv":[2.5,10,7,15.5],"texture":"#0"},"up":{"uv":[2.5,10,7,15.5],"texture":"#0"},"down":{"uv":[2.5,10,7,15.5],"texture":"#0"}}},{"from":[0,8.4,6.2],"to":[1.3,8.6,8],"faces":{"north":{"uv":[2.5,10,7,15.5],"texture":"#0"},"east":{"uv":[2.5,10,7,15.5],"texture":"#0"},"south":{"uv":[2.5,10,7,15.5],"texture":"#0"},"west":{"uv":[2.5,10,7,15.5],"texture":"#0"},"up":{"uv":[2.5,10,7,15.5],"texture":"#0"},"down":{"uv":[2.5,10,7,15.5],"texture":"#0"}}},{"from":[0,8.6,6.3],"to":[1.3,8.7,8],"faces":{"north":{"uv":[2.5,10,7,15.5],"texture":"#0"},"east":{"uv":[2.5,10,7,15.5],"texture":"#0"},"south":{"uv":[2.5,10,7,15.5],"texture":"#0"},"west":{"uv":[2.5,10,7,15.5],"texture":"#0"},"up":{"uv":[2.5,10,7,15.5],"texture":"#0"},"down":{"uv":[2.5,10,7,15.5],"texture":"#0"}}},{"from":[0,8.7,6.5],"to":[1.3,8.8,8],"faces":{"north":{"uv":[2.5,10,7,15.5],"texture":"#0"},"east":{"uv":[2.5,10,7,15.5],"texture":"#0"},"south":{"uv":[2.5,10,7,15.5],"texture":"#0"},"west":{"uv":[2.5,10,7,15.5],"texture":"#0"},"up":{"uv":[2.5,10,7,15.5],"texture":"#0"},"down":{"uv":[2.5,10,7,15.5],"texture":"#0"}}},{"from":[0,8.8,6.3],"to":[1.3,8.9,8],"faces":{"north":{"uv":[2.5,10,7,15.5],"texture":"#0"},"east":{"uv":[2.5,10,7,15.5],"texture":"#0"},"south":{"uv":[2.5,10,7,15.5],"texture":"#0"},"west":{"uv":[2.5,10,7,15.5],"texture":"#0"},"up":{"uv":[2.5,10,7,15.5],"texture":"#0"},"down":{"uv":[2.5,10,7,15.5],"texture":"#0"}}},{"from":[0,8.9,6.2],"to":[1.3,9,8],"faces":{"north":{"uv":[2.5,10,7,15.5],"texture":"#0"},"east":{"uv":[2.5,10,7,15.5],"texture":"#0"},"south":{"uv":[2.5,10,7,15.5],"texture":"#0"},"west":{"uv":[2.5,10,7,15.5],"texture":"#0"},"up":{"uv":[2.5,10,7,15.5],"texture":"#0"},"down":{"uv":[2.5,10,7,15.5],"texture":"#0"}}},{"from":[0,9,6.3],"to":[1.3,9.1,8],"faces":{"north":{"uv":[2.5,10,7,15.5],"texture":"#0"},"east":{"uv":[2.5,10,7,15.5],"texture":"#0"},"south":{"uv":[2.5,10,7,15.5],"texture":"#0"},"west":{"uv":[2.5,10,7,15.5],"texture":"#0"},"up":{"uv":[2.5,10,7,15.5],"texture":"#0"},"down":{"uv":[2.5,10,7,15.5],"texture":"#0"}}},{"from":[0,9.1,6.2],"to":[1.3,9.2,8],"faces":{"north":{"uv":[2.5,10,7,15.5],"texture":"#0"},"east":{"uv":[2.5,10,7,15.5],"texture":"#0"},"south":{"uv":[2.5,10,7,15.5],"texture":"#0"},"west":{"uv":[2.5,10,7,15.5],"texture":"#0"},"up":{"uv":[2.5,10,7,15.5],"texture":"#0"},"down":{"uv":[2.5,10,7,15.5],"texture":"#0"}}},{"from":[0,10.5,6.5],"to":[1.3,10.6,8],"faces":{"north":{"uv":[2.5,10,7,15.5],"texture":"#0"},"east":{"uv":[2.5,10,7,15.5],"texture":"#0"},"south":{"uv":[2.5,10,7,15.5],"texture":"#0"},"west":{"uv":[2.5,10,7,15.5],"texture":"#0"},"up":{"uv":[2.5,10,7,15.5],"texture":"#0"},"down":{"uv":[2.5,10,7,15.5],"texture":"#0"}}},{"from":[0,10.6,6.7],"to":[1.3,10.7,8],"faces":{"north":{"uv":[2.5,10,7,15.5],"texture":"#0"},"east":{"uv":[2.5,10,7,15.5],"texture":"#0"},"south":{"uv":[2.5,10,7,15.5],"texture":"#0"},"west":{"uv":[2.5,10,7,15.5],"texture":"#0"},"up":{"uv":[2.5,10,7,15.5],"texture":"#0"},"down":{"uv":[2.5,10,7,15.5],"texture":"#0"}}},{"from":[0,10.7,6.8],"to":[1.3,10.8,8],"faces":{"north":{"uv":[2.5,10,7,15.5],"texture":"#0"},"east":{"uv":[2.5,10,7,15.5],"texture":"#0"},"south":{"uv":[2.5,10,7,15.5],"texture":"#0"},"west":{"uv":[2.5,10,7,15.5],"texture":"#0"},"up":{"uv":[2.5,10,7,15.5],"texture":"#0"},"down":{"uv":[2.5,10,7,15.5],"texture":"#0"}}},{"from":[0,10.8,6.8],"to":[1.3,10.9,8],"faces":{"north":{"uv":[2.5,10,7,15.5],"texture":"#0"},"east":{"uv":[2.5,10,7,15.5],"texture":"#0"},"south":{"uv":[2.5,10,7,15.5],"texture":"#0"},"west":{"uv":[2.5,10,7,15.5],"texture":"#0"},"up":{"uv":[2.5,10,7,15.5],"texture":"#0"},"down":{"uv":[2.5,10,7,15.5],"texture":"#0"}}},{"from":[0,10.9,6.9],"to":[1.3,11,8],"faces":{"north":{"uv":[2.5,10,7,15.5],"texture":"#0"},"east":{"uv":[2.5,10,7,15.5],"texture":"#0"},"south":{"uv":[2.5,10,7,15.5],"texture":"#0"},"west":{"uv":[2.5,10,7,15.5],"texture":"#0"},"up":{"uv":[2.5,10,7,15.5],"texture":"#0"},"down":{"uv":[2.5,10,7,15.5],"texture":"#0"}}},{"from":[0,11,7.1],"to":[1.3,11.1,8],"faces":{"north":{"uv":[2.5,10,7,15.5],"texture":"#0"},"east":{"uv":[2.5,10,7,15.5],"texture":"#0"},"south":{"uv":[2.5,10,7,15.5],"texture":"#0"},"west":{"uv":[2.5,10,7,15.5],"texture":"#0"},"up":{"uv":[2.5,10,7,15.5],"texture":"#0"},"down":{"uv":[2.5,10,7,15.5],"texture":"#0"}}},{"from":[0,10.9,8],"to":[1.3,11,11.9],"faces":{"north":{"uv":[2.5,10,7,15.5],"texture":"#0"},"east":{"uv":[2.5,10,7,15.5],"texture":"#0"},"south":{"uv":[2.5,10,7,15.5],"texture":"#0"},"west":{"uv":[2.5,10,7,15.5],"texture":"#0"},"up":{"uv":[2.5,10,7,15.5],"texture":"#0"},"down":{"uv":[2.5,10,7,15.5],"texture":"#0"}}},{"from":[0,10,11.2],"to":[1.3,10.9,11.9],"faces":{"north":{"uv":[2.5,10,7,15.5],"texture":"#0"},"east":{"uv":[2.5,10,7,15.5],"texture":"#0"},"south":{"uv":[2.5,10,7,15.5],"texture":"#0"},"west":{"uv":[2.5,10,7,15.5],"texture":"#0"},"up":{"uv":[2.5,10,7,15.5],"texture":"#0"},"down":{"uv":[2.5,10,7,15.5],"texture":"#0"}}},{"from":[0,9.5,11.2],"to":[1.3,10,20.3],"faces":{"north":{"uv":[2.5,10,7,15.5],"texture":"#0"},"east":{"uv":[2.5,10,7,15.5],"texture":"#0"},"south":{"uv":[2.5,10,7,15.5],"texture":"#0"},"west":{"uv":[2.5,10,7,15.5],"texture":"#0"},"up":{"uv":[2.5,10,7,15.5],"texture":"#0"},"down":{"uv":[2.5,10,7,15.5],"texture":"#0"}}},{"from":[0.4,9.6,11.2],"to":[0.9,10.8,23.3],"rotation":{"angle":0,"axis":"y","origin":[0.65,10.2,16.15]},"faces":{"north":{"uv":[2.5,10,7,15.5],"texture":"#0"},"east":{"uv":[2.5,10,7,15.5],"texture":"#0"},"south":{"uv":[2.5,10,7,15.5],"texture":"#0"},"west":{"uv":[2.5,10,7,15.5],"texture":"#0"},"up":{"uv":[2.5,10,7,15.5],"texture":"#0"},"down":{"uv":[2.5,10,7,15.5],"texture":"#0"}}},{"from":[0.4,9.6,11.2],"to":[0.9,10.8,23.3],"rotation":{"angle":-45,"axis":"z","origin":[0.65,10.2,16.15]},"faces":{"north":{"uv":[2.5,10,7,15.5],"texture":"#0"},"east":{"uv":[2.5,10,7,15.5],"texture":"#0"},"south":{"uv":[2.5,10,7,15.5],"texture":"#0"},"west":{"uv":[2.5,10,7,15.5],"texture":"#0"},"up":{"uv":[2.5,10,7,15.5],"texture":"#0"},"down":{"uv":[2.5,10,7,15.5],"texture":"#0"}}},{"from":[0.05,9.95,11.2],"to":[1.25,10.45,23.3],"rotation":{"angle":0,"axis":"z","origin":[0.65,10.2,16.15]},"faces":{"north":{"uv":[2.5,10,7,15.5],"rotation":270,"texture":"#0"},"east":{"uv":[2.5,10,7,15.5],"rotation":90,"texture":"#0"},"south":{"uv":[2.5,10,7,15.5],"rotation":90,"texture":"#0"},"west":{"uv":[2.5,10,7,15.5],"rotation":90,"texture":"#0"},"up":{"uv":[2.5,10,7,15.5],"rotation":90,"texture":"#0"},"down":{"uv":[2.5,10,7,15.5],"rotation":90,"texture":"#0"}}},{"from":[0.05,9.95,11.2],"to":[1.25,10.45,23.3],"rotation":{"angle":-45,"axis":"z","origin":[0.65,10.2,16.15]},"faces":{"north":{"uv":[2.5,10,7,15.5],"rotation":270,"texture":"#0"},"east":{"uv":[2.5,10,7,15.5],"rotation":90,"texture":"#0"},"south":{"uv":[2.5,10,7,15.5],"rotation":90,"texture":"#0"},"west":{"uv":[2.5,10,7,15.5],"rotation":90,"texture":"#0"},"up":{"uv":[2.5,10,7,15.5],"rotation":90,"texture":"#0"},"down":{"uv":[2.5,10,7,15.5],"rotation":90,"texture":"#0"}}},{"from":[0,9.4,11.2],"to":[1.3,9.5,20.3],"faces":{"north":{"uv":[2.5,10,7,15.5],"texture":"#0"},"east":{"uv":[2.5,10,7,15.5],"texture":"#0"},"south":{"uv":[2.5,10,7,15.5],"texture":"#0"},"west":{"uv":[2.5,10,7,15.5],"texture":"#0"},"up":{"uv":[2.5,10,7,15.5],"texture":"#0"},"down":{"uv":[2.5,10,7,15.5],"texture":"#0"}}},{"from":[0,9.3,11.2],"to":[1.3,9.4,20.3],"faces":{"north":{"uv":[2.5,10,7,15.5],"texture":"#0"},"east":{"uv":[2.5,10,7,15.5],"texture":"#0"},"south":{"uv":[2.5,10,7,15.5],"texture":"#0"},"west":{"uv":[2.5,10,7,15.5],"texture":"#0"},"up":{"uv":[2.5,10,7,15.5],"texture":"#0"},"down":{"uv":[2.5,10,7,15.5],"texture":"#0"}}},{"from":[0,9.2,11.2],"to":[1.3,9.3,20.3],"faces":{"north":{"uv":[2.5,10,7,15.5],"texture":"#0"},"east":{"uv":[2.5,10,7,15.5],"texture":"#0"},"south":{"uv":[2.5,10,7,15.5],"texture":"#0"},"west":{"uv":[2.5,10,7,15.5],"texture":"#0"},"up":{"uv":[2.5,10,7,15.5],"texture":"#0"},"down":{"uv":[2.5,10,7,15.5],"texture":"#0"}}},{"from":[0,9.1,11.2],"to":[1.3,9.2,20.3],"faces":{"north":{"uv":[2.5,10,7,15.5],"texture":"#0"},"east":{"uv":[2.5,10,7,15.5],"texture":"#0"},"south":{"uv":[2.5,10,7,15.5],"texture":"#0"},"west":{"uv":[2.5,10,7,15.5],"texture":"#0"},"up":{"uv":[2.5,10,7,15.5],"texture":"#0"},"down":{"uv":[2.5,10,7,15.5],"texture":"#0"}}},{"from":[0,9,11.2],"to":[1.3,9.1,20.1],"faces":{"north":{"uv":[2.5,10,7,15.5],"texture":"#0"},"east":{"uv":[2.5,10,7,15.5],"texture":"#0"},"south":{"uv":[2.5,10,7,15.5],"texture":"#0"},"west":{"uv":[2.5,10,7,15.5],"texture":"#0"},"up":{"uv":[2.5,10,7,15.5],"texture":"#0"},"down":{"uv":[2.5,10,7,15.5],"texture":"#0"}}},{"from":[0,8.9,11.2],"to":[1.3,9,19.9],"faces":{"north":{"uv":[2.5,10,7,15.5],"texture":"#0"},"east":{"uv":[2.5,10,7,15.5],"texture":"#0"},"south":{"uv":[2.5,10,7,15.5],"texture":"#0"},"west":{"uv":[2.5,10,7,15.5],"texture":"#0"},"up":{"uv":[2.5,10,7,15.5],"texture":"#0"},"down":{"uv":[2.5,10,7,15.5],"texture":"#0"}}},{"from":[0,8.8,11.2],"to":[1.3,8.9,18.4],"faces":{"north":{"uv":[2.5,10,7,15.5],"texture":"#0"},"east":{"uv":[2.5,10,7,15.5],"texture":"#0"},"south":{"uv":[2.5,10,7,15.5],"texture":"#0"},"west":{"uv":[2.5,10,7,15.5],"texture":"#0"},"up":{"uv":[2.5,10,7,15.5],"texture":"#0"},"down":{"uv":[2.5,10,7,15.5],"texture":"#0"}}},{"from":[0,8.7,11.2],"to":[1.3,8.8,17.3],"faces":{"north":{"uv":[2.5,10,7,15.5],"texture":"#0"},"east":{"uv":[2.5,10,7,15.5],"texture":"#0"},"south":{"uv":[2.5,10,7,15.5],"texture":"#0"},"west":{"uv":[2.5,10,7,15.5],"texture":"#0"},"up":{"uv":[2.5,10,7,15.5],"texture":"#0"},"down":{"uv":[2.5,10,7,15.5],"texture":"#0"}}},{"from":[0,8.6,11.2],"to":[1.3,8.7,16.4],"faces":{"north":{"uv":[2.5,10,7,15.5],"texture":"#0"},"east":{"uv":[2.5,10,7,15.5],"texture":"#0"},"south":{"uv":[2.5,10,7,15.5],"texture":"#0"},"west":{"uv":[2.5,10,7,15.5],"texture":"#0"},"up":{"uv":[2.5,10,7,15.5],"texture":"#0"},"down":{"uv":[2.5,10,7,15.5],"texture":"#0"}}},{"from":[0,8.5,11.2],"to":[1.3,8.6,15.9],"faces":{"north":{"uv":[2.5,10,7,15.5],"texture":"#0"},"east":{"uv":[2.5,10,7,15.5],"texture":"#0"},"south":{"uv":[2.5,10,7,15.5],"texture":"#0"},"west":{"uv":[2.5,10,7,15.5],"texture":"#0"},"up":{"uv":[2.5,10,7,15.5],"texture":"#0"},"down":{"uv":[2.5,10,7,15.5],"texture":"#0"}}},{"from":[0,8.4,11.2],"to":[1.3,8.5,15.2],"faces":{"north":{"uv":[2.5,10,7,15.5],"texture":"#0"},"east":{"uv":[2.5,10,7,15.5],"texture":"#0"},"south":{"uv":[2.5,10,7,15.5],"texture":"#0"},"west":{"uv":[2.5,10,7,15.5],"texture":"#0"},"up":{"uv":[2.5,10,7,15.5],"texture":"#0"},"down":{"uv":[2.5,10,7,15.5],"texture":"#0"}}},{"from":[0,8.3,11.2],"to":[1.3,8.4,14.7],"faces":{"north":{"uv":[2.5,10,7,15.5],"texture":"#0"},"east":{"uv":[2.5,10,7,15.5],"texture":"#0"},"south":{"uv":[2.5,10,7,15.5],"texture":"#0"},"west":{"uv":[2.5,10,7,15.5],"texture":"#0"},"up":{"uv":[2.5,10,7,15.5],"texture":"#0"},"down":{"uv":[2.5,10,7,15.5],"texture":"#0"}}},{"from":[0,8.2,11.2],"to":[1.3,8.3,14.2],"faces":{"north":{"uv":[2.5,10,7,15.5],"texture":"#0"},"east":{"uv":[2.5,10,7,15.5],"texture":"#0"},"south":{"uv":[2.5,10,7,15.5],"texture":"#0"},"west":{"uv":[2.5,10,7,15.5],"texture":"#0"},"up":{"uv":[2.5,10,7,15.5],"texture":"#0"},"down":{"uv":[2.5,10,7,15.5],"texture":"#0"}}},{"from":[0,8.1,11.2],"to":[1.3,8.2,13.7],"faces":{"north":{"uv":[2.5,10,7,15.5],"texture":"#0"},"east":{"uv":[2.5,10,7,15.5],"texture":"#0"},"south":{"uv":[2.5,10,7,15.5],"texture":"#0"},"west":{"uv":[2.5,10,7,15.5],"texture":"#0"},"up":{"uv":[2.5,10,7,15.5],"texture":"#0"},"down":{"uv":[2.5,10,7,15.5],"texture":"#0"}}},{"from":[0,8,11.2],"to":[1.3,8.1,13.4],"faces":{"north":{"uv":[2.5,10,7,15.5],"texture":"#0"},"east":{"uv":[2.5,10,7,15.5],"texture":"#0"},"south":{"uv":[2.5,10,7,15.5],"texture":"#0"},"west":{"uv":[2.5,10,7,15.5],"texture":"#0"},"up":{"uv":[2.5,10,7,15.5],"texture":"#0"},"down":{"uv":[2.5,10,7,15.5],"texture":"#0"}}},{"from":[0,7.9,11.2],"to":[1.3,8,13.2],"faces":{"north":{"uv":[2.5,10,7,15.5],"texture":"#0"},"east":{"uv":[2.5,10,7,15.5],"texture":"#0"},"south":{"uv":[2.5,10,7,15.5],"texture":"#0"},"west":{"uv":[2.5,10,7,15.5],"texture":"#0"},"up":{"uv":[2.5,10,7,15.5],"texture":"#0"},"down":{"uv":[2.5,10,7,15.5],"texture":"#0"}}},{"from":[0,9.2,6.2],"to":[1.3,10.5,8],"faces":{"north":{"uv":[2.5,10,7,15.5],"texture":"#0"},"east":{"uv":[2.5,10,7,15.5],"texture":"#0"},"south":{"uv":[2.5,10,7,15.5],"texture":"#0"},"west":{"uv":[2.5,10,7,15.5],"texture":"#0"},"up":{"uv":[2.5,10,7,15.5],"texture":"#0"},"down":{"uv":[2.5,10,7,15.5],"texture":"#0"}}},{"from":[0,5.6,7.2],"to":[1.3,5.7,7.4],"faces":{"north":{"uv":[2.5,10,7,15.5],"texture":"#0"},"east":{"uv":[2.5,10,7,15.5],"texture":"#0"},"south":{"uv":[2.5,10,7,15.5],"texture":"#0"},"west":{"uv":[2.5,10,7,15.5],"texture":"#0"},"up":{"uv":[2.5,10,7,15.5],"texture":"#0"},"down":{"uv":[2.5,10,7,15.5],"texture":"#0"}}},{"from":[0,5.5,7.2],"to":[1.3,5.6,7.4],"faces":{"north":{"uv":[2.5,10,7,15.5],"texture":"#0"},"east":{"uv":[2.5,10,7,15.5],"texture":"#0"},"south":{"uv":[2.5,10,7,15.5],"texture":"#0"},"west":{"uv":[2.5,10,7,15.5],"texture":"#0"},"up":{"uv":[2.5,10,7,15.5],"texture":"#0"},"down":{"uv":[2.5,10,7,15.5],"texture":"#0"}}},{"from":[0,5.4,7.3],"to":[1.3,5.5,7.5],"faces":{"north":{"uv":[2.5,10,7,15.5],"texture":"#0"},"east":{"uv":[2.5,10,7,15.5],"texture":"#0"},"south":{"uv":[2.5,10,7,15.5],"texture":"#0"},"west":{"uv":[2.5,10,7,15.5],"texture":"#0"},"up":{"uv":[2.5,10,7,15.5],"texture":"#0"},"down":{"uv":[2.5,10,7,15.5],"texture":"#0"}}},{"from":[0,5.3,7.4],"to":[1.3,5.4,7.6],"faces":{"north":{"uv":[2.5,10,7,15.5],"texture":"#0"},"east":{"uv":[2.5,10,7,15.5],"texture":"#0"},"south":{"uv":[2.5,10,7,15.5],"texture":"#0"},"west":{"uv":[2.5,10,7,15.5],"texture":"#0"},"up":{"uv":[2.5,10,7,15.5],"texture":"#0"},"down":{"uv":[2.5,10,7,15.5],"texture":"#0"}}},{"from":[0,5.2,7.5],"to":[1.3,5.3,7.7],"faces":{"north":{"uv":[2.5,10,7,15.5],"texture":"#0"},"east":{"uv":[2.5,10,7,15.5],"texture":"#0"},"south":{"uv":[2.5,10,7,15.5],"texture":"#0"},"west":{"uv":[2.5,10,7,15.5],"texture":"#0"},"up":{"uv":[2.5,10,7,15.5],"texture":"#0"},"down":{"uv":[2.5,10,7,15.5],"texture":"#0"}}},{"from":[0,5.1,7.6],"to":[1.3,5.2,7.8],"faces":{"north":{"uv":[2.5,10,7,15.5],"texture":"#0"},"east":{"uv":[2.5,10,7,15.5],"texture":"#0"},"south":{"uv":[2.5,10,7,15.5],"texture":"#0"},"west":{"uv":[2.5,10,7,15.5],"texture":"#0"},"up":{"uv":[2.5,10,7,15.5],"texture":"#0"},"down":{"uv":[2.5,10,7,15.5],"texture":"#0"}}},{"from":[0,5,7.7],"to":[1.3,5.1,8],"faces":{"north":{"uv":[2.5,10,7,15.5],"texture":"#0"},"east":{"uv":[2.5,10,7,15.5],"texture":"#0"},"south":{"uv":[2.5,10,7,15.5],"texture":"#0"},"west":{"uv":[2.5,10,7,15.5],"texture":"#0"},"up":{"uv":[2.5,10,7,15.5],"texture":"#0"},"down":{"uv":[2.5,10,7,15.5],"texture":"#0"}}},{"from":[0,4.9,7.9],"to":[1.3,5,9.1],"faces":{"north":{"uv":[2.5,10,7,15.5],"texture":"#0"},"east":{"uv":[2.5,10,7,15.5],"texture":"#0"},"south":{"uv":[2.5,10,7,15.5],"texture":"#0"},"west":{"uv":[2.5,10,7,15.5],"texture":"#0"},"up":{"uv":[2.5,10,7,15.5],"texture":"#0"},"down":{"uv":[2.5,10,7,15.5],"texture":"#0"}}},{"from":[0,5,8.7],"to":[1.3,5.1,9.3],"faces":{"north":{"uv":[2.5,10,7,15.5],"texture":"#0"},"east":{"uv":[2.5,10,7,15.5],"texture":"#0"},"south":{"uv":[2.5,10,7,15.5],"texture":"#0"},"west":{"uv":[2.5,10,7,15.5],"texture":"#0"},"up":{"uv":[2.5,10,7,15.5],"texture":"#0"},"down":{"uv":[2.5,10,7,15.5],"texture":"#0"}}},{"from":[0,5.1,9.1],"to":[1.3,5.2,9.5],"faces":{"north":{"uv":[2.5,10,7,15.5],"texture":"#0"},"east":{"uv":[2.5,10,7,15.5],"texture":"#0"},"south":{"uv":[2.5,10,7,15.5],"texture":"#0"},"west":{"uv":[2.5,10,7,15.5],"texture":"#0"},"up":{"uv":[2.5,10,7,15.5],"texture":"#0"},"down":{"uv":[2.5,10,7,15.5],"texture":"#0"}}},{"from":[0,5.2,9.2],"to":[1.3,5.3,9.6],"faces":{"north":{"uv":[2.5,10,7,15.5],"texture":"#0"},"east":{"uv":[2.5,10,7,15.5],"texture":"#0"},"south":{"uv":[2.5,10,7,15.5],"texture":"#0"},"west":{"uv":[2.5,10,7,15.5],"texture":"#0"},"up":{"uv":[2.5,10,7,15.5],"texture":"#0"},"down":{"uv":[2.5,10,7,15.5],"texture":"#0"}}},{"from":[0,5.3,9.4],"to":[1.3,5.4,9.7],"faces":{"north":{"uv":[2.5,10,7,15.5],"texture":"#0"},"east":{"uv":[2.5,10,7,15.5],"texture":"#0"},"south":{"uv":[2.5,10,7,15.5],"texture":"#0"},"west":{"uv":[2.5,10,7,15.5],"texture":"#0"},"up":{"uv":[2.5,10,7,15.5],"texture":"#0"},"down":{"uv":[2.5,10,7,15.5],"texture":"#0"}}},{"from":[0,5.4,9.5],"to":[1.3,5.5,9.8],"faces":{"north":{"uv":[2.5,10,7,15.5],"texture":"#0"},"east":{"uv":[2.5,10,7,15.5],"texture":"#0"},"south":{"uv":[2.5,10,7,15.5],"texture":"#0"},"west":{"uv":[2.5,10,7,15.5],"texture":"#0"},"up":{"uv":[2.5,10,7,15.5],"texture":"#0"},"down":{"uv":[2.5,10,7,15.5],"texture":"#0"}}},{"from":[0,5.5,9.6],"to":[1.3,5.6,9.9],"faces":{"north":{"uv":[2.5,10,7,15.5],"texture":"#0"},"east":{"uv":[2.5,10,7,15.5],"texture":"#0"},"south":{"uv":[2.5,10,7,15.5],"texture":"#0"},"west":{"uv":[2.5,10,7,15.5],"texture":"#0"},"up":{"uv":[2.5,10,7,15.5],"texture":"#0"},"down":{"uv":[2.5,10,7,15.5],"texture":"#0"}}},{"from":[0,6.4,9.7],"to":[1.3,6.5,10],"faces":{"north":{"uv":[2.5,10,7,15.5],"texture":"#0"},"east":{"uv":[2.5,10,7,15.5],"texture":"#0"},"south":{"uv":[2.5,10,7,15.5],"texture":"#0"},"west":{"uv":[2.5,10,7,15.5],"texture":"#0"},"up":{"uv":[2.5,10,7,15.5],"texture":"#0"},"down":{"uv":[2.5,10,7,15.5],"texture":"#0"}}},{"from":[0,6.5,9.6],"to":[1.3,6.6,10],"faces":{"north":{"uv":[2.5,10,7,15.5],"texture":"#0"},"east":{"uv":[2.5,10,7,15.5],"texture":"#0"},"south":{"uv":[2.5,10,7,15.5],"texture":"#0"},"west":{"uv":[2.5,10,7,15.5],"texture":"#0"},"up":{"uv":[2.5,10,7,15.5],"texture":"#0"},"down":{"uv":[2.5,10,7,15.5],"texture":"#0"}}},{"from":[0,6.6,9.5],"to":[1.3,6.7,10],"faces":{"north":{"uv":[2.5,10,7,15.5],"texture":"#0"},"east":{"uv":[2.5,10,7,15.5],"texture":"#0"},"south":{"uv":[2.5,10,7,15.5],"texture":"#0"},"west":{"uv":[2.5,10,7,15.5],"texture":"#0"},"up":{"uv":[2.5,10,7,15.5],"texture":"#0"},"down":{"uv":[2.5,10,7,15.5],"texture":"#0"}}},{"from":[0,5.9,9.8],"to":[1.3,6.4,10],"faces":{"north":{"uv":[2.5,10,7,15.5],"texture":"#0"},"east":{"uv":[2.5,10,7,15.5],"texture":"#0"},"south":{"uv":[2.5,10,7,15.5],"texture":"#0"},"west":{"uv":[2.5,10,7,15.5],"texture":"#0"},"up":{"uv":[2.5,10,7,15.5],"texture":"#0"},"down":{"uv":[2.5,10,7,15.5],"texture":"#0"}}},{"from":[0,5.6,9.7],"to":[1.3,5.9,9.9],"faces":{"north":{"uv":[2.5,10,7,15.5],"texture":"#0"},"east":{"uv":[2.5,10,7,15.5],"texture":"#0"},"south":{"uv":[2.5,10,7,15.5],"texture":"#0"},"west":{"uv":[2.5,10,7,15.5],"texture":"#0"},"up":{"uv":[2.5,10,7,15.5],"texture":"#0"},"down":{"uv":[2.5,10,7,15.5],"texture":"#0"}}},{"from":[0,5.7,7.1],"to":[1.3,6,7.4],"faces":{"north":{"uv":[2.5,10,7,15.5],"texture":"#0"},"east":{"uv":[2.5,10,7,15.5],"texture":"#0"},"south":{"uv":[2.5,10,7,15.5],"texture":"#0"},"west":{"uv":[2.5,10,7,15.5],"texture":"#0"},"up":{"uv":[2.5,10,7,15.5],"texture":"#0"},"down":{"uv":[2.5,10,7,15.5],"texture":"#0"}}},{"from":[0,6.1,5.9],"to":[1.3,6.4,7.6],"faces":{"north":{"uv":[2.5,10,7,15.5],"texture":"#0"},"east":{"uv":[2.5,10,7,15.5],"texture":"#0"},"south":{"uv":[2.5,10,7,15.5],"texture":"#0"},"west":{"uv":[2.5,10,7,15.5],"texture":"#0"},"up":{"uv":[2.5,10,7,15.5],"texture":"#0"},"down":{"uv":[2.5,10,7,15.5],"texture":"#0"}}},{"from":[0.4,9.2,5.2],"to":[0.9,9.5,6.5],"rotation":{"angle":22.5,"axis":"x","origin":[0.5,9.35,5.7]},"faces":{"north":{"uv":[1,1.5,3.5,4.5],"texture":"#0"},"east":{"uv":[1,1.5,3.5,4.5],"texture":"#0"},"south":{"uv":[1,1.5,3.5,4.5],"texture":"#0"},"west":{"uv":[1,1.5,3.5,4.5],"texture":"#0"},"up":{"uv":[1,1.5,3.5,4.5],"texture":"#0"},"down":{"uv":[1,1.5,3.5,4.5],"texture":"#0"}}},{"from":[0.4,5.6884,7.79932],"to":[0.9,6.3884,7.89932],"rotation":{"angle":0,"axis":"x","origin":[0.5,7.8384,9.34932]},"faces":{"north":{"uv":[1,1.5,3.5,4.5],"texture":"#0"},"east":{"uv":[1,1.5,3.5,4.5],"texture":"#0"},"south":{"uv":[1,1.5,3.5,4.5],"texture":"#0"},"west":{"uv":[1,1.5,3.5,4.5],"texture":"#0"},"up":{"uv":[1,1.5,3.5,4.5],"texture":"#0"},"down":{"uv":[1,1.5,3.5,4.5],"texture":"#0"}}},{"from":[0.7,8.0884,7.99932],"to":[0.8,8.3884,11.19932],"rotation":{"angle":22.5,"axis":"z","origin":[0.75,8.2384,11.14932]},"faces":{"north":{"uv":[1,1.5,3.5,4.5],"rotation":180,"texture":"#0"},"east":{"uv":[1,1.5,3.5,4.5],"rotation":180,"texture":"#0"},"south":{"uv":[1,1.5,3.5,4.5],"rotation":180,"texture":"#0"},"west":{"uv":[1,1.5,3.5,4.5],"rotation":180,"texture":"#0"},"up":{"uv":[1,1.5,3.5,4.5],"rotation":180,"texture":"#0"},"down":{"uv":[1,1.5,3.5,4.5],"rotation":180,"texture":"#0"}}},{"from":[0.6,8.1884,7.99932],"to":[0.9,8.2884,11.19932],"rotation":{"angle":-45,"axis":"z","origin":[0.75,8.2384,11.14932]},"faces":{"north":{"uv":[1,1.5,3.5,4.5],"rotation":90,"texture":"#0"},"east":{"uv":[1,1.5,3.5,4.5],"rotation":90,"texture":"#0"},"south":{"uv":[1,1.5,3.5,4.5],"rotation":90,"texture":"#0"},"west":{"uv":[1,1.5,3.5,4.5],"rotation":90,"texture":"#0"},"up":{"uv":[1,1.5,3.5,4.5],"rotation":90,"texture":"#0"},"down":{"uv":[1,1.5,3.5,4.5],"rotation":90,"texture":"#0"}}},{"from":[0.7,8.0884,7.99932],"to":[0.8,8.3884,11.19932],"rotation":{"angle":0,"axis":"x","origin":[-0.2,7.1384,9.34932]},"faces":{"north":{"uv":[1,1.5,3.5,4.5],"texture":"#0"},"east":{"uv":[1,1.5,3.5,4.5],"texture":"#0"},"south":{"uv":[1,1.5,3.5,4.5],"texture":"#0"},"west":{"uv":[1,1.5,3.5,4.5],"texture":"#0"},"up":{"uv":[1,1.5,3.5,4.5],"texture":"#0"},"down":{"uv":[1,1.5,3.5,4.5],"texture":"#0"}}},{"from":[0.7,8.0884,7.99932],"to":[0.8,8.3884,11.19932],"rotation":{"angle":-22.5,"axis":"z","origin":[0.75,8.2384,11.14932]},"faces":{"north":{"uv":[1,1.5,3.5,4.5],"texture":"#0"},"east":{"uv":[1,1.5,3.5,4.5],"texture":"#0"},"south":{"uv":[1,1.5,3.5,4.5],"texture":"#0"},"west":{"uv":[1,1.5,3.5,4.5],"texture":"#0"},"up":{"uv":[1,1.5,3.5,4.5],"texture":"#0"},"down":{"uv":[1,1.5,3.5,4.5],"texture":"#0"}}},{"from":[0.7,8.0884,7.99932],"to":[0.8,8.3884,11.19932],"rotation":{"angle":-45,"axis":"z","origin":[0.75,8.2384,11.14932]},"faces":{"north":{"uv":[1,1.5,3.5,4.5],"texture":"#0"},"east":{"uv":[1,1.5,3.5,4.5],"texture":"#0"},"south":{"uv":[1,1.5,3.5,4.5],"texture":"#0"},"west":{"uv":[1,1.5,3.5,4.5],"texture":"#0"},"up":{"uv":[1,1.5,3.5,4.5],"texture":"#0"},"down":{"uv":[1,1.5,3.5,4.5],"texture":"#0"}}},{"from":[0.6,8.1884,7.99932],"to":[0.9,8.2884,11.19932],"rotation":{"angle":22.5,"axis":"z","origin":[0.75,8.2384,11.14932]},"faces":{"north":{"uv":[1,1.5,3.5,4.5],"rotation":90,"texture":"#0"},"east":{"uv":[1,1.5,3.5,4.5],"rotation":90,"texture":"#0"},"south":{"uv":[1,1.5,3.5,4.5],"rotation":90,"texture":"#0"},"west":{"uv":[1,1.5,3.5,4.5],"rotation":90,"texture":"#0"},"up":{"uv":[1,1.5,3.5,4.5],"rotation":90,"texture":"#0"},"down":{"uv":[1,1.5,3.5,4.5],"rotation":90,"texture":"#0"}}},{"from":[0.6,8.1884,7.99932],"to":[0.9,8.2884,11.19932],"rotation":{"angle":0,"axis":"z","origin":[0.75,8.2384,11.14932]},"faces":{"north":{"uv":[1,1.5,3.5,4.5],"rotation":90,"texture":"#0"},"east":{"uv":[1,1.5,3.5,4.5],"rotation":90,"texture":"#0"},"south":{"uv":[1,1.5,3.5,4.5],"rotation":90,"texture":"#0"},"west":{"uv":[1,1.5,3.5,4.5],"rotation":90,"texture":"#0"},"up":{"uv":[1,1.5,3.5,4.5],"rotation":90,"texture":"#0"},"down":{"uv":[1,1.5,3.5,4.5],"rotation":90,"texture":"#0"}}},{"from":[0.6,8.1884,7.99932],"to":[0.9,8.2884,11.19932],"rotation":{"angle":-22.5,"axis":"z","origin":[0.75,8.2384,11.14932]},"faces":{"north":{"uv":[1,1.5,3.5,4.5],"rotation":90,"texture":"#0"},"east":{"uv":[1,1.5,3.5,4.5],"rotation":90,"texture":"#0"},"south":{"uv":[1,1.5,3.5,4.5],"rotation":90,"texture":"#0"},"west":{"uv":[1,1.5,3.5,4.5],"rotation":90,"texture":"#0"},"up":{"uv":[1,1.5,3.5,4.5],"rotation":90,"texture":"#0"},"down":{"uv":[1,1.5,3.5,4.5],"rotation":90,"texture":"#0"}}},{"from":[0.6,10.4884,7.99932],"to":[0.9,10.5884,11.19932],"rotation":{"angle":-22.5,"axis":"z","origin":[0.75,10.5384,11.14932]},"faces":{"north":{"uv":[1,1.5,3.5,4.5],"rotation":90,"texture":"#0"},"east":{"uv":[1,1.5,3.5,4.5],"rotation":90,"texture":"#0"},"south":{"uv":[1,1.5,3.5,4.5],"rotation":90,"texture":"#0"},"west":{"uv":[1,1.5,3.5,4.5],"rotation":90,"texture":"#0"},"up":{"uv":[1,1.5,3.5,4.5],"rotation":90,"texture":"#0"},"down":{"uv":[1,1.5,3.5,4.5],"rotation":90,"texture":"#0"}}},{"from":[0.6,10.4884,7.99932],"to":[0.9,10.5884,11.19932],"rotation":{"angle":0,"axis":"z","origin":[0.75,10.5384,11.14932]},"faces":{"north":{"uv":[1,1.5,3.5,4.5],"rotation":90,"texture":"#0"},"east":{"uv":[1,1.5,3.5,4.5],"rotation":90,"texture":"#0"},"south":{"uv":[1,1.5,3.5,4.5],"rotation":90,"texture":"#0"},"west":{"uv":[1,1.5,3.5,4.5],"rotation":90,"texture":"#0"},"up":{"uv":[1,1.5,3.5,4.5],"rotation":90,"texture":"#0"},"down":{"uv":[1,1.5,3.5,4.5],"rotation":90,"texture":"#0"}}},{"from":[0.6,10.4884,7.99932],"to":[0.9,10.5884,11.19932],"rotation":{"angle":-45,"axis":"z","origin":[0.75,10.5384,11.14932]},"faces":{"north":{"uv":[1,1.5,3.5,4.5],"rotation":90,"texture":"#0"},"east":{"uv":[1,1.5,3.5,4.5],"rotation":90,"texture":"#0"},"south":{"uv":[1,1.5,3.5,4.5],"rotation":90,"texture":"#0"},"west":{"uv":[1,1.5,3.5,4.5],"rotation":90,"texture":"#0"},"up":{"uv":[1,1.5,3.5,4.5],"rotation":90,"texture":"#0"},"down":{"uv":[1,1.5,3.5,4.5],"rotation":90,"texture":"#0"}}},{"from":[0.7,10.3884,7.99932],"to":[0.8,10.6884,11.19932],"rotation":{"angle":22.5,"axis":"z","origin":[0.75,10.5384,11.14932]},"faces":{"north":{"uv":[1,1.5,3.5,4.5],"rotation":180,"texture":"#0"},"east":{"uv":[1,1.5,3.5,4.5],"rotation":180,"texture":"#0"},"south":{"uv":[1,1.5,3.5,4.5],"rotation":180,"texture":"#0"},"west":{"uv":[1,1.5,3.5,4.5],"rotation":180,"texture":"#0"},"up":{"uv":[1,1.5,3.5,4.5],"rotation":180,"texture":"#0"},"down":{"uv":[1,1.5,3.5,4.5],"rotation":180,"texture":"#0"}}},{"from":[0.6,10.4884,7.99932],"to":[0.9,10.5884,11.19932],"rotation":{"angle":22.5,"axis":"z","origin":[0.75,10.5384,11.14932]},"faces":{"north":{"uv":[1,1.5,3.5,4.5],"rotation":90,"texture":"#0"},"east":{"uv":[1,1.5,3.5,4.5],"rotation":90,"texture":"#0"},"south":{"uv":[1,1.5,3.5,4.5],"rotation":90,"texture":"#0"},"west":{"uv":[1,1.5,3.5,4.5],"rotation":90,"texture":"#0"},"up":{"uv":[1,1.5,3.5,4.5],"rotation":90,"texture":"#0"},"down":{"uv":[1,1.5,3.5,4.5],"rotation":90,"texture":"#0"}}},{"from":[0.7,10.3884,7.99932],"to":[0.8,10.6884,11.19932],"rotation":{"angle":-45,"axis":"z","origin":[0.75,10.5384,11.14932]},"faces":{"north":{"uv":[1,1.5,3.5,4.5],"texture":"#0"},"east":{"uv":[1,1.5,3.5,4.5],"texture":"#0"},"south":{"uv":[1,1.5,3.5,4.5],"texture":"#0"},"west":{"uv":[1,1.5,3.5,4.5],"texture":"#0"},"up":{"uv":[1,1.5,3.5,4.5],"texture":"#0"},"down":{"uv":[1,1.5,3.5,4.5],"texture":"#0"}}},{"from":[0.7,10.3884,7.99932],"to":[0.8,10.6884,11.19932],"rotation":{"angle":-22.5,"axis":"z","origin":[0.75,10.5384,11.14932]},"faces":{"north":{"uv":[1,1.5,3.5,4.5],"texture":"#0"},"east":{"uv":[1,1.5,3.5,4.5],"texture":"#0"},"south":{"uv":[1,1.5,3.5,4.5],"texture":"#0"},"west":{"uv":[1,1.5,3.5,4.5],"texture":"#0"},"up":{"uv":[1,1.5,3.5,4.5],"texture":"#0"},"down":{"uv":[1,1.5,3.5,4.5],"texture":"#0"}}},{"from":[0.7,10.3884,7.99932],"to":[0.8,10.6884,11.19932],"rotation":{"angle":0,"axis":"x","origin":[-0.2,9.4384,9.34932]},"faces":{"north":{"uv":[1,1.5,3.5,4.5],"texture":"#0"},"east":{"uv":[1,1.5,3.5,4.5],"texture":"#0"},"south":{"uv":[1,1.5,3.5,4.5],"texture":"#0"},"west":{"uv":[1,1.5,3.5,4.5],"texture":"#0"},"up":{"uv":[1,1.5,3.5,4.5],"texture":"#0"},"down":{"uv":[1,1.5,3.5,4.5],"texture":"#0"}}},{"from":[1.7,9.3884,7.99932],"to":[2,9.4884,11.19932],"rotation":{"angle":-22.5,"axis":"z","origin":[1.85,9.4384,11.14932]},"faces":{"north":{"uv":[1,1.5,3.5,4.5],"rotation":90,"texture":"#0"},"east":{"uv":[1,1.5,3.5,4.5],"rotation":90,"texture":"#0"},"south":{"uv":[1,1.5,3.5,4.5],"rotation":90,"texture":"#0"},"west":{"uv":[1,1.5,3.5,4.5],"rotation":90,"texture":"#0"},"up":{"uv":[1,1.5,3.5,4.5],"rotation":90,"texture":"#0"},"down":{"uv":[1,1.5,3.5,4.5],"rotation":90,"texture":"#0"}}},{"from":[1.7,9.3884,7.99932],"to":[2,9.4884,11.19932],"rotation":{"angle":0,"axis":"z","origin":[1.85,9.4384,11.14932]},"faces":{"north":{"uv":[1,1.5,3.5,4.5],"rotation":90,"texture":"#0"},"east":{"uv":[1,1.5,3.5,4.5],"rotation":90,"texture":"#0"},"south":{"uv":[1,1.5,3.5,4.5],"rotation":90,"texture":"#0"},"west":{"uv":[1,1.5,3.5,4.5],"rotation":90,"texture":"#0"},"up":{"uv":[1,1.5,3.5,4.5],"rotation":90,"texture":"#0"},"down":{"uv":[1,1.5,3.5,4.5],"rotation":90,"texture":"#0"}}},{"from":[1.7,9.3884,7.99932],"to":[2,9.4884,11.19932],"rotation":{"angle":-45,"axis":"z","origin":[1.85,9.4384,11.14932]},"faces":{"north":{"uv":[1,1.5,3.5,4.5],"rotation":90,"texture":"#0"},"east":{"uv":[1,1.5,3.5,4.5],"rotation":90,"texture":"#0"},"south":{"uv":[1,1.5,3.5,4.5],"rotation":90,"texture":"#0"},"west":{"uv":[1,1.5,3.5,4.5],"rotation":90,"texture":"#0"},"up":{"uv":[1,1.5,3.5,4.5],"rotation":90,"texture":"#0"},"down":{"uv":[1,1.5,3.5,4.5],"rotation":90,"texture":"#0"}}},{"from":[1.8,9.2884,7.99932],"to":[1.9,9.5884,11.19932],"rotation":{"angle":22.5,"axis":"z","origin":[1.85,9.4384,11.14932]},"faces":{"north":{"uv":[1,1.5,3.5,4.5],"rotation":180,"texture":"#0"},"east":{"uv":[1,1.5,3.5,4.5],"rotation":180,"texture":"#0"},"south":{"uv":[1,1.5,3.5,4.5],"rotation":180,"texture":"#0"},"west":{"uv":[1,1.5,3.5,4.5],"rotation":180,"texture":"#0"},"up":{"uv":[1,1.5,3.5,4.5],"rotation":180,"texture":"#0"},"down":{"uv":[1,1.5,3.5,4.5],"rotation":180,"texture":"#0"}}},{"from":[1.7,9.3884,7.99932],"to":[2,9.4884,11.19932],"rotation":{"angle":22.5,"axis":"z","origin":[1.85,9.4384,11.14932]},"faces":{"north":{"uv":[1,1.5,3.5,4.5],"rotation":90,"texture":"#0"},"east":{"uv":[1,1.5,3.5,4.5],"rotation":90,"texture":"#0"},"south":{"uv":[1,1.5,3.5,4.5],"rotation":90,"texture":"#0"},"west":{"uv":[1,1.5,3.5,4.5],"rotation":90,"texture":"#0"},"up":{"uv":[1,1.5,3.5,4.5],"rotation":90,"texture":"#0"},"down":{"uv":[1,1.5,3.5,4.5],"rotation":90,"texture":"#0"}}},{"from":[1.8,9.2884,7.99932],"to":[1.9,9.5884,11.19932],"rotation":{"angle":-45,"axis":"z","origin":[1.85,9.4384,11.14932]},"faces":{"north":{"uv":[1,1.5,3.5,4.5],"texture":"#0"},"east":{"uv":[1,1.5,3.5,4.5],"texture":"#0"},"south":{"uv":[1,1.5,3.5,4.5],"texture":"#0"},"west":{"uv":[1,1.5,3.5,4.5],"texture":"#0"},"up":{"uv":[1,1.5,3.5,4.5],"texture":"#0"},"down":{"uv":[1,1.5,3.5,4.5],"texture":"#0"}}},{"from":[1.8,9.2884,7.99932],"to":[1.9,9.5884,11.19932],"rotation":{"angle":-22.5,"axis":"z","origin":[1.85,9.4384,11.14932]},"faces":{"north":{"uv":[1,1.5,3.5,4.5],"texture":"#0"},"east":{"uv":[1,1.5,3.5,4.5],"texture":"#0"},"south":{"uv":[1,1.5,3.5,4.5],"texture":"#0"},"west":{"uv":[1,1.5,3.5,4.5],"texture":"#0"},"up":{"uv":[1,1.5,3.5,4.5],"texture":"#0"},"down":{"uv":[1,1.5,3.5,4.5],"texture":"#0"}}},{"from":[1.8,9.2884,7.99932],"to":[1.9,9.5884,11.19932],"rotation":{"angle":0,"axis":"x","origin":[0.9,8.3384,9.34932]},"faces":{"north":{"uv":[1,1.5,3.5,4.5],"texture":"#0"},"east":{"uv":[1,1.5,3.5,4.5],"texture":"#0"},"south":{"uv":[1,1.5,3.5,4.5],"texture":"#0"},"west":{"uv":[1,1.5,3.5,4.5],"texture":"#0"},"up":{"uv":[1,1.5,3.5,4.5],"texture":"#0"},"down":{"uv":[1,1.5,3.5,4.5],"texture":"#0"}}},{"from":[-0.6,9.3884,7.99932],"to":[-0.3,9.4884,11.19932],"rotation":{"angle":-22.5,"axis":"z","origin":[-0.45,9.4384,11.14932]},"faces":{"north":{"uv":[1,1.5,3.5,4.5],"rotation":90,"texture":"#0"},"east":{"uv":[1,1.5,3.5,4.5],"rotation":90,"texture":"#0"},"south":{"uv":[1,1.5,3.5,4.5],"rotation":90,"texture":"#0"},"west":{"uv":[1,1.5,3.5,4.5],"rotation":90,"texture":"#0"},"up":{"uv":[1,1.5,3.5,4.5],"rotation":90,"texture":"#0"},"down":{"uv":[1,1.5,3.5,4.5],"rotation":90,"texture":"#0"}}},{"from":[-0.6,9.3884,7.99932],"to":[-0.3,9.4884,11.19932],"rotation":{"angle":0,"axis":"z","origin":[-0.45,9.4384,11.14932]},"faces":{"north":{"uv":[1,1.5,3.5,4.5],"rotation":90,"texture":"#0"},"east":{"uv":[1,1.5,3.5,4.5],"rotation":90,"texture":"#0"},"south":{"uv":[1,1.5,3.5,4.5],"rotation":90,"texture":"#0"},"west":{"uv":[1,1.5,3.5,4.5],"rotation":90,"texture":"#0"},"up":{"uv":[1,1.5,3.5,4.5],"rotation":90,"texture":"#0"},"down":{"uv":[1,1.5,3.5,4.5],"rotation":90,"texture":"#0"}}},{"from":[-0.6,9.3884,7.99932],"to":[-0.3,9.4884,11.19932],"rotation":{"angle":-45,"axis":"z","origin":[-0.45,9.4384,11.14932]},"faces":{"north":{"uv":[1,1.5,3.5,4.5],"rotation":90,"texture":"#0"},"east":{"uv":[1,1.5,3.5,4.5],"rotation":90,"texture":"#0"},"south":{"uv":[1,1.5,3.5,4.5],"rotation":90,"texture":"#0"},"west":{"uv":[1,1.5,3.5,4.5],"rotation":90,"texture":"#0"},"up":{"uv":[1,1.5,3.5,4.5],"rotation":90,"texture":"#0"},"down":{"uv":[1,1.5,3.5,4.5],"rotation":90,"texture":"#0"}}},{"from":[-0.5,9.2884,7.99932],"to":[-0.4,9.5884,11.19932],"rotation":{"angle":22.5,"axis":"z","origin":[-0.45,9.4384,11.14932]},"faces":{"north":{"uv":[1,1.5,3.5,4.5],"rotation":180,"texture":"#0"},"east":{"uv":[1,1.5,3.5,4.5],"rotation":180,"texture":"#0"},"south":{"uv":[1,1.5,3.5,4.5],"rotation":180,"texture":"#0"},"west":{"uv":[1,1.5,3.5,4.5],"rotation":180,"texture":"#0"},"up":{"uv":[1,1.5,3.5,4.5],"rotation":180,"texture":"#0"},"down":{"uv":[1,1.5,3.5,4.5],"rotation":180,"texture":"#0"}}},{"from":[-0.6,9.3884,7.99932],"to":[-0.3,9.4884,11.19932],"rotation":{"angle":22.5,"axis":"z","origin":[-0.45,9.4384,11.14932]},"faces":{"north":{"uv":[1,1.5,3.5,4.5],"rotation":90,"texture":"#0"},"east":{"uv":[1,1.5,3.5,4.5],"rotation":90,"texture":"#0"},"south":{"uv":[1,1.5,3.5,4.5],"rotation":90,"texture":"#0"},"west":{"uv":[1,1.5,3.5,4.5],"rotation":90,"texture":"#0"},"up":{"uv":[1,1.5,3.5,4.5],"rotation":90,"texture":"#0"},"down":{"uv":[1,1.5,3.5,4.5],"rotation":90,"texture":"#0"}}},{"from":[-0.5,9.2884,7.99932],"to":[-0.4,9.5884,11.19932],"rotation":{"angle":-45,"axis":"z","origin":[-0.45,9.4384,11.14932]},"faces":{"north":{"uv":[1,1.5,3.5,4.5],"texture":"#0"},"east":{"uv":[1,1.5,3.5,4.5],"texture":"#0"},"south":{"uv":[1,1.5,3.5,4.5],"texture":"#0"},"west":{"uv":[1,1.5,3.5,4.5],"texture":"#0"},"up":{"uv":[1,1.5,3.5,4.5],"texture":"#0"},"down":{"uv":[1,1.5,3.5,4.5],"texture":"#0"}}},{"from":[-0.5,9.2884,7.99932],"to":[-0.4,9.5884,11.19932],"rotation":{"angle":-22.5,"axis":"z","origin":[-0.45,9.4384,11.14932]},"faces":{"north":{"uv":[1,1.5,3.5,4.5],"texture":"#0"},"east":{"uv":[1,1.5,3.5,4.5],"texture":"#0"},"south":{"uv":[1,1.5,3.5,4.5],"texture":"#0"},"west":{"uv":[1,1.5,3.5,4.5],"texture":"#0"},"up":{"uv":[1,1.5,3.5,4.5],"texture":"#0"},"down":{"uv":[1,1.5,3.5,4.5],"texture":"#0"}}},{"from":[-0.5,9.2884,7.99932],"to":[-0.4,9.5884,11.19932],"rotation":{"angle":0,"axis":"x","origin":[-1.4,8.3384,9.34932]},"faces":{"north":{"uv":[1,1.5,3.5,4.5],"texture":"#0"},"east":{"uv":[1,1.5,3.5,4.5],"texture":"#0"},"south":{"uv":[1,1.5,3.5,4.5],"texture":"#0"},"west":{"uv":[1,1.5,3.5,4.5],"texture":"#0"},"up":{"uv":[1,1.5,3.5,4.5],"texture":"#0"},"down":{"uv":[1,1.5,3.5,4.5],"texture":"#0"}}},{"from":[-0.3,10.0884,7.99932],"to":[0,10.1884,11.19932],"rotation":{"angle":-22.5,"axis":"z","origin":[-0.15,10.1384,11.14932]},"faces":{"north":{"uv":[1,1.5,3.5,4.5],"rotation":90,"texture":"#0"},"east":{"uv":[1,1.5,3.5,4.5],"rotation":90,"texture":"#0"},"south":{"uv":[1,1.5,3.5,4.5],"rotation":90,"texture":"#0"},"west":{"uv":[1,1.5,3.5,4.5],"rotation":90,"texture":"#0"},"up":{"uv":[1,1.5,3.5,4.5],"rotation":90,"texture":"#0"},"down":{"uv":[1,1.5,3.5,4.5],"rotation":90,"texture":"#0"}}},{"from":[-0.3,10.0884,7.99932],"to":[0,10.1884,11.19932],"rotation":{"angle":0,"axis":"z","origin":[-0.15,10.1384,11.14932]},"faces":{"north":{"uv":[1,1.5,3.5,4.5],"rotation":90,"texture":"#0"},"east":{"uv":[1,1.5,3.5,4.5],"rotation":90,"texture":"#0"},"south":{"uv":[1,1.5,3.5,4.5],"rotation":90,"texture":"#0"},"west":{"uv":[1,1.5,3.5,4.5],"rotation":90,"texture":"#0"},"up":{"uv":[1,1.5,3.5,4.5],"rotation":90,"texture":"#0"},"down":{"uv":[1,1.5,3.5,4.5],"rotation":90,"texture":"#0"}}},{"from":[-0.3,10.0884,7.99932],"to":[0,10.1884,11.19932],"rotation":{"angle":-45,"axis":"z","origin":[-0.15,10.1384,11.14932]},"faces":{"north":{"uv":[1,1.5,3.5,4.5],"rotation":90,"texture":"#0"},"east":{"uv":[1,1.5,3.5,4.5],"rotation":90,"texture":"#0"},"south":{"uv":[1,1.5,3.5,4.5],"rotation":90,"texture":"#0"},"west":{"uv":[1,1.5,3.5,4.5],"rotation":90,"texture":"#0"},"up":{"uv":[1,1.5,3.5,4.5],"rotation":90,"texture":"#0"},"down":{"uv":[1,1.5,3.5,4.5],"rotation":90,"texture":"#0"}}},{"from":[-0.2,9.9884,7.99932],"to":[-0.1,10.2884,11.19932],"rotation":{"angle":22.5,"axis":"z","origin":[-0.15,10.1384,11.14932]},"faces":{"north":{"uv":[1,1.5,3.5,4.5],"rotation":180,"texture":"#0"},"east":{"uv":[1,1.5,3.5,4.5],"rotation":180,"texture":"#0"},"south":{"uv":[1,1.5,3.5,4.5],"rotation":180,"texture":"#0"},"west":{"uv":[1,1.5,3.5,4.5],"rotation":180,"texture":"#0"},"up":{"uv":[1,1.5,3.5,4.5],"rotation":180,"texture":"#0"},"down":{"uv":[1,1.5,3.5,4.5],"rotation":180,"texture":"#0"}}},{"from":[-0.3,10.0884,7.99932],"to":[0,10.1884,11.19932],"rotation":{"angle":22.5,"axis":"z","origin":[-0.15,10.1384,11.14932]},"faces":{"north":{"uv":[1,1.5,3.5,4.5],"rotation":90,"texture":"#0"},"east":{"uv":[1,1.5,3.5,4.5],"rotation":90,"texture":"#0"},"south":{"uv":[1,1.5,3.5,4.5],"rotation":90,"texture":"#0"},"west":{"uv":[1,1.5,3.5,4.5],"rotation":90,"texture":"#0"},"up":{"uv":[1,1.5,3.5,4.5],"rotation":90,"texture":"#0"},"down":{"uv":[1,1.5,3.5,4.5],"rotation":90,"texture":"#0"}}},{"from":[-0.2,9.9884,7.99932],"to":[-0.1,10.2884,11.19932],"rotation":{"angle":-45,"axis":"z","origin":[-0.15,10.1384,11.14932]},"faces":{"north":{"uv":[1,1.5,3.5,4.5],"texture":"#0"},"east":{"uv":[1,1.5,3.5,4.5],"texture":"#0"},"south":{"uv":[1,1.5,3.5,4.5],"texture":"#0"},"west":{"uv":[1,1.5,3.5,4.5],"texture":"#0"},"up":{"uv":[1,1.5,3.5,4.5],"texture":"#0"},"down":{"uv":[1,1.5,3.5,4.5],"texture":"#0"}}},{"from":[-0.2,9.9884,7.99932],"to":[-0.1,10.2884,11.19932],"rotation":{"angle":-22.5,"axis":"z","origin":[-0.15,10.1384,11.14932]},"faces":{"north":{"uv":[1,1.5,3.5,4.5],"texture":"#0"},"east":{"uv":[1,1.5,3.5,4.5],"texture":"#0"},"south":{"uv":[1,1.5,3.5,4.5],"texture":"#0"},"west":{"uv":[1,1.5,3.5,4.5],"texture":"#0"},"up":{"uv":[1,1.5,3.5,4.5],"texture":"#0"},"down":{"uv":[1,1.5,3.5,4.5],"texture":"#0"}}},{"from":[-0.2,9.9884,7.99932],"to":[-0.1,10.2884,11.19932],"rotation":{"angle":0,"axis":"x","origin":[-1.1,9.0384,9.34932]},"faces":{"north":{"uv":[1,1.5,3.5,4.5],"texture":"#0"},"east":{"uv":[1,1.5,3.5,4.5],"texture":"#0"},"south":{"uv":[1,1.5,3.5,4.5],"texture":"#0"},"west":{"uv":[1,1.5,3.5,4.5],"texture":"#0"},"up":{"uv":[1,1.5,3.5,4.5],"texture":"#0"},"down":{"uv":[1,1.5,3.5,4.5],"texture":"#0"}}},{"from":[1.5,10.0884,7.99932],"to":[1.8,10.1884,11.19932],"rotation":{"angle":-22.5,"axis":"z","origin":[1.65,10.1384,11.14932]},"faces":{"north":{"uv":[1,1.5,3.5,4.5],"rotation":90,"texture":"#0"},"east":{"uv":[1,1.5,3.5,4.5],"rotation":90,"texture":"#0"},"south":{"uv":[1,1.5,3.5,4.5],"rotation":90,"texture":"#0"},"west":{"uv":[1,1.5,3.5,4.5],"rotation":90,"texture":"#0"},"up":{"uv":[1,1.5,3.5,4.5],"rotation":90,"texture":"#0"},"down":{"uv":[1,1.5,3.5,4.5],"rotation":90,"texture":"#0"}}},{"from":[1.5,10.0884,7.99932],"to":[1.8,10.1884,11.19932],"rotation":{"angle":0,"axis":"z","origin":[1.65,10.1384,11.14932]},"faces":{"north":{"uv":[1,1.5,3.5,4.5],"rotation":90,"texture":"#0"},"east":{"uv":[1,1.5,3.5,4.5],"rotation":90,"texture":"#0"},"south":{"uv":[1,1.5,3.5,4.5],"rotation":90,"texture":"#0"},"west":{"uv":[1,1.5,3.5,4.5],"rotation":90,"texture":"#0"},"up":{"uv":[1,1.5,3.5,4.5],"rotation":90,"texture":"#0"},"down":{"uv":[1,1.5,3.5,4.5],"rotation":90,"texture":"#0"}}},{"from":[1.5,10.0884,7.99932],"to":[1.8,10.1884,11.19932],"rotation":{"angle":-45,"axis":"z","origin":[1.65,10.1384,11.14932]},"faces":{"north":{"uv":[1,1.5,3.5,4.5],"rotation":90,"texture":"#0"},"east":{"uv":[1,1.5,3.5,4.5],"rotation":90,"texture":"#0"},"south":{"uv":[1,1.5,3.5,4.5],"rotation":90,"texture":"#0"},"west":{"uv":[1,1.5,3.5,4.5],"rotation":90,"texture":"#0"},"up":{"uv":[1,1.5,3.5,4.5],"rotation":90,"texture":"#0"},"down":{"uv":[1,1.5,3.5,4.5],"rotation":90,"texture":"#0"}}},{"from":[1.6,9.9884,7.99932],"to":[1.7,10.2884,11.19932],"rotation":{"angle":22.5,"axis":"z","origin":[1.65,10.1384,11.14932]},"faces":{"north":{"uv":[1,1.5,3.5,4.5],"rotation":180,"texture":"#0"},"east":{"uv":[1,1.5,3.5,4.5],"rotation":180,"texture":"#0"},"south":{"uv":[1,1.5,3.5,4.5],"rotation":180,"texture":"#0"},"west":{"uv":[1,1.5,3.5,4.5],"rotation":180,"texture":"#0"},"up":{"uv":[1,1.5,3.5,4.5],"rotation":180,"texture":"#0"},"down":{"uv":[1,1.5,3.5,4.5],"rotation":180,"texture":"#0"}}},{"from":[1.5,10.0884,7.99932],"to":[1.8,10.1884,11.19932],"rotation":{"angle":22.5,"axis":"z","origin":[1.65,10.1384,11.14932]},"faces":{"north":{"uv":[1,1.5,3.5,4.5],"rotation":90,"texture":"#0"},"east":{"uv":[1,1.5,3.5,4.5],"rotation":90,"texture":"#0"},"south":{"uv":[1,1.5,3.5,4.5],"rotation":90,"texture":"#0"},"west":{"uv":[1,1.5,3.5,4.5],"rotation":90,"texture":"#0"},"up":{"uv":[1,1.5,3.5,4.5],"rotation":90,"texture":"#0"},"down":{"uv":[1,1.5,3.5,4.5],"rotation":90,"texture":"#0"}}},{"from":[1.6,9.9884,7.99932],"to":[1.7,10.2884,11.19932],"rotation":{"angle":-45,"axis":"z","origin":[1.65,10.1384,11.14932]},"faces":{"north":{"uv":[1,1.5,3.5,4.5],"texture":"#0"},"east":{"uv":[1,1.5,3.5,4.5],"texture":"#0"},"south":{"uv":[1,1.5,3.5,4.5],"texture":"#0"},"west":{"uv":[1,1.5,3.5,4.5],"texture":"#0"},"up":{"uv":[1,1.5,3.5,4.5],"texture":"#0"},"down":{"uv":[1,1.5,3.5,4.5],"texture":"#0"}}},{"from":[1.6,9.9884,7.99932],"to":[1.7,10.2884,11.19932],"rotation":{"angle":-22.5,"axis":"z","origin":[1.65,10.1384,11.14932]},"faces":{"north":{"uv":[1,1.5,3.5,4.5],"texture":"#0"},"east":{"uv":[1,1.5,3.5,4.5],"texture":"#0"},"south":{"uv":[1,1.5,3.5,4.5],"texture":"#0"},"west":{"uv":[1,1.5,3.5,4.5],"texture":"#0"},"up":{"uv":[1,1.5,3.5,4.5],"texture":"#0"},"down":{"uv":[1,1.5,3.5,4.5],"texture":"#0"}}},{"from":[1.6,9.9884,7.99932],"to":[1.7,10.2884,11.19932],"rotation":{"angle":0,"axis":"x","origin":[0.7,9.0384,9.34932]},"faces":{"north":{"uv":[1,1.5,3.5,4.5],"texture":"#0"},"east":{"uv":[1,1.5,3.5,4.5],"texture":"#0"},"south":{"uv":[1,1.5,3.5,4.5],"texture":"#0"},"west":{"uv":[1,1.5,3.5,4.5],"texture":"#0"},"up":{"uv":[1,1.5,3.5,4.5],"texture":"#0"},"down":{"uv":[1,1.5,3.5,4.5],"texture":"#0"}}},{"from":[1.4,8.4884,7.99932],"to":[1.7,8.5884,11.19932],"rotation":{"angle":-22.5,"axis":"z","origin":[1.55,8.5384,11.14932]},"faces":{"north":{"uv":[1,1.5,3.5,4.5],"rotation":90,"texture":"#0"},"east":{"uv":[1,1.5,3.5,4.5],"rotation":90,"texture":"#0"},"south":{"uv":[1,1.5,3.5,4.5],"rotation":90,"texture":"#0"},"west":{"uv":[1,1.5,3.5,4.5],"rotation":90,"texture":"#0"},"up":{"uv":[1,1.5,3.5,4.5],"rotation":90,"texture":"#0"},"down":{"uv":[1,1.5,3.5,4.5],"rotation":90,"texture":"#0"}}},{"from":[1.4,8.4884,7.99932],"to":[1.7,8.5884,11.19932],"rotation":{"angle":0,"axis":"z","origin":[1.55,8.5384,11.14932]},"faces":{"north":{"uv":[1,1.5,3.5,4.5],"rotation":90,"texture":"#0"},"east":{"uv":[1,1.5,3.5,4.5],"rotation":90,"texture":"#0"},"south":{"uv":[1,1.5,3.5,4.5],"rotation":90,"texture":"#0"},"west":{"uv":[1,1.5,3.5,4.5],"rotation":90,"texture":"#0"},"up":{"uv":[1,1.5,3.5,4.5],"rotation":90,"texture":"#0"},"down":{"uv":[1,1.5,3.5,4.5],"rotation":90,"texture":"#0"}}},{"from":[1.4,8.4884,7.99932],"to":[1.7,8.5884,11.19932],"rotation":{"angle":-45,"axis":"z","origin":[1.55,8.5384,11.14932]},"faces":{"north":{"uv":[1,1.5,3.5,4.5],"rotation":90,"texture":"#0"},"east":{"uv":[1,1.5,3.5,4.5],"rotation":90,"texture":"#0"},"south":{"uv":[1,1.5,3.5,4.5],"rotation":90,"texture":"#0"},"west":{"uv":[1,1.5,3.5,4.5],"rotation":90,"texture":"#0"},"up":{"uv":[1,1.5,3.5,4.5],"rotation":90,"texture":"#0"},"down":{"uv":[1,1.5,3.5,4.5],"rotation":90,"texture":"#0"}}},{"from":[1.5,8.3884,7.99932],"to":[1.6,8.6884,11.19932],"rotation":{"angle":22.5,"axis":"z","origin":[1.55,8.5384,11.14932]},"faces":{"north":{"uv":[1,1.5,3.5,4.5],"rotation":180,"texture":"#0"},"east":{"uv":[1,1.5,3.5,4.5],"rotation":180,"texture":"#0"},"south":{"uv":[1,1.5,3.5,4.5],"rotation":180,"texture":"#0"},"west":{"uv":[1,1.5,3.5,4.5],"rotation":180,"texture":"#0"},"up":{"uv":[1,1.5,3.5,4.5],"rotation":180,"texture":"#0"},"down":{"uv":[1,1.5,3.5,4.5],"rotation":180,"texture":"#0"}}},{"from":[1.4,8.4884,7.99932],"to":[1.7,8.5884,11.19932],"rotation":{"angle":22.5,"axis":"z","origin":[1.55,8.5384,11.14932]},"faces":{"north":{"uv":[1,1.5,3.5,4.5],"rotation":90,"texture":"#0"},"east":{"uv":[1,1.5,3.5,4.5],"rotation":90,"texture":"#0"},"south":{"uv":[1,1.5,3.5,4.5],"rotation":90,"texture":"#0"},"west":{"uv":[1,1.5,3.5,4.5],"rotation":90,"texture":"#0"},"up":{"uv":[1,1.5,3.5,4.5],"rotation":90,"texture":"#0"},"down":{"uv":[1,1.5,3.5,4.5],"rotation":90,"texture":"#0"}}},{"from":[1.5,8.3884,7.99932],"to":[1.6,8.6884,11.19932],"rotation":{"angle":-45,"axis":"z","origin":[1.55,8.5384,11.14932]},"faces":{"north":{"uv":[1,1.5,3.5,4.5],"texture":"#0"},"east":{"uv":[1,1.5,3.5,4.5],"texture":"#0"},"south":{"uv":[1,1.5,3.5,4.5],"texture":"#0"},"west":{"uv":[1,1.5,3.5,4.5],"texture":"#0"},"up":{"uv":[1,1.5,3.5,4.5],"texture":"#0"},"down":{"uv":[1,1.5,3.5,4.5],"texture":"#0"}}},{"from":[1.5,8.3884,7.99932],"to":[1.6,8.6884,11.19932],"rotation":{"angle":-22.5,"axis":"z","origin":[1.55,8.5384,11.14932]},"faces":{"north":{"uv":[1,1.5,3.5,4.5],"texture":"#0"},"east":{"uv":[1,1.5,3.5,4.5],"texture":"#0"},"south":{"uv":[1,1.5,3.5,4.5],"texture":"#0"},"west":{"uv":[1,1.5,3.5,4.5],"texture":"#0"},"up":{"uv":[1,1.5,3.5,4.5],"texture":"#0"},"down":{"uv":[1,1.5,3.5,4.5],"texture":"#0"}}},{"from":[1.5,8.3884,7.99932],"to":[1.6,8.6884,11.19932],"rotation":{"angle":0,"axis":"x","origin":[0.6,7.4384,9.34932]},"faces":{"north":{"uv":[1,1.5,3.5,4.5],"texture":"#0"},"east":{"uv":[1,1.5,3.5,4.5],"texture":"#0"},"south":{"uv":[1,1.5,3.5,4.5],"texture":"#0"},"west":{"uv":[1,1.5,3.5,4.5],"texture":"#0"},"up":{"uv":[1,1.5,3.5,4.5],"texture":"#0"},"down":{"uv":[1,1.5,3.5,4.5],"texture":"#0"}}},{"from":[-0.2,8.4884,7.99932],"to":[0.1,8.5884,11.19932],"rotation":{"angle":-22.5,"axis":"z","origin":[-0.05,8.5384,11.14932]},"faces":{"north":{"uv":[1,1.5,3.5,4.5],"rotation":90,"texture":"#0"},"east":{"uv":[1,1.5,3.5,4.5],"rotation":90,"texture":"#0"},"south":{"uv":[1,1.5,3.5,4.5],"rotation":90,"texture":"#0"},"west":{"uv":[1,1.5,3.5,4.5],"rotation":90,"texture":"#0"},"up":{"uv":[1,1.5,3.5,4.5],"rotation":90,"texture":"#0"},"down":{"uv":[1,1.5,3.5,4.5],"rotation":90,"texture":"#0"}}},{"from":[-0.2,8.4884,7.99932],"to":[0.1,8.5884,11.19932],"rotation":{"angle":0,"axis":"z","origin":[-0.05,8.5384,11.14932]},"faces":{"north":{"uv":[1,1.5,3.5,4.5],"rotation":90,"texture":"#0"},"east":{"uv":[1,1.5,3.5,4.5],"rotation":90,"texture":"#0"},"south":{"uv":[1,1.5,3.5,4.5],"rotation":90,"texture":"#0"},"west":{"uv":[1,1.5,3.5,4.5],"rotation":90,"texture":"#0"},"up":{"uv":[1,1.5,3.5,4.5],"rotation":90,"texture":"#0"},"down":{"uv":[1,1.5,3.5,4.5],"rotation":90,"texture":"#0"}}},{"from":[-0.2,8.4884,7.99932],"to":[0.1,8.5884,11.19932],"rotation":{"angle":-45,"axis":"z","origin":[-0.05,8.5384,11.14932]},"faces":{"north":{"uv":[1,1.5,3.5,4.5],"rotation":90,"texture":"#0"},"east":{"uv":[1,1.5,3.5,4.5],"rotation":90,"texture":"#0"},"south":{"uv":[1,1.5,3.5,4.5],"rotation":90,"texture":"#0"},"west":{"uv":[1,1.5,3.5,4.5],"rotation":90,"texture":"#0"},"up":{"uv":[1,1.5,3.5,4.5],"rotation":90,"texture":"#0"},"down":{"uv":[1,1.5,3.5,4.5],"rotation":90,"texture":"#0"}}},{"from":[-0.1,8.3884,7.99932],"to":[0,8.6884,11.19932],"rotation":{"angle":22.5,"axis":"z","origin":[-0.05,8.5384,11.14932]},"faces":{"north":{"uv":[1,1.5,3.5,4.5],"rotation":180,"texture":"#0"},"east":{"uv":[1,1.5,3.5,4.5],"rotation":180,"texture":"#0"},"south":{"uv":[1,1.5,3.5,4.5],"rotation":180,"texture":"#0"},"west":{"uv":[1,1.5,3.5,4.5],"rotation":180,"texture":"#0"},"up":{"uv":[1,1.5,3.5,4.5],"rotation":180,"texture":"#0"},"down":{"uv":[1,1.5,3.5,4.5],"rotation":180,"texture":"#0"}}},{"from":[-0.2,8.4884,7.99932],"to":[0.1,8.5884,11.19932],"rotation":{"angle":22.5,"axis":"z","origin":[-0.05,8.5384,11.14932]},"faces":{"north":{"uv":[1,1.5,3.5,4.5],"rotation":90,"texture":"#0"},"east":{"uv":[1,1.5,3.5,4.5],"rotation":90,"texture":"#0"},"south":{"uv":[1,1.5,3.5,4.5],"rotation":90,"texture":"#0"},"west":{"uv":[1,1.5,3.5,4.5],"rotation":90,"texture":"#0"},"up":{"uv":[1,1.5,3.5,4.5],"rotation":90,"texture":"#0"},"down":{"uv":[1,1.5,3.5,4.5],"rotation":90,"texture":"#0"}}},{"from":[-0.1,8.3884,7.99932],"to":[0,8.6884,11.19932],"rotation":{"angle":-45,"axis":"z","origin":[-0.05,8.5384,11.14932]},"faces":{"north":{"uv":[1,1.5,3.5,4.5],"texture":"#0"},"east":{"uv":[1,1.5,3.5,4.5],"texture":"#0"},"south":{"uv":[1,1.5,3.5,4.5],"texture":"#0"},"west":{"uv":[1,1.5,3.5,4.5],"texture":"#0"},"up":{"uv":[1,1.5,3.5,4.5],"texture":"#0"},"down":{"uv":[1,1.5,3.5,4.5],"texture":"#0"}}},{"from":[-0.1,8.3884,7.99932],"to":[0,8.6884,11.19932],"rotation":{"angle":-22.5,"axis":"z","origin":[-0.05,8.5384,11.14932]},"faces":{"north":{"uv":[1,1.5,3.5,4.5],"texture":"#0"},"east":{"uv":[1,1.5,3.5,4.5],"texture":"#0"},"south":{"uv":[1,1.5,3.5,4.5],"texture":"#0"},"west":{"uv":[1,1.5,3.5,4.5],"texture":"#0"},"up":{"uv":[1,1.5,3.5,4.5],"texture":"#0"},"down":{"uv":[1,1.5,3.5,4.5],"texture":"#0"}}},{"from":[-0.1,8.3884,7.99932],"to":[0,8.6884,11.19932],"rotation":{"angle":0,"axis":"x","origin":[-1,7.4384,9.34932]},"faces":{"north":{"uv":[1,1.5,3.5,4.5],"texture":"#0"},"east":{"uv":[1,1.5,3.5,4.5],"texture":"#0"},"south":{"uv":[1,1.5,3.5,4.5],"texture":"#0"},"west":{"uv":[1,1.5,3.5,4.5],"texture":"#0"},"up":{"uv":[1,1.5,3.5,4.5],"texture":"#0"},"down":{"uv":[1,1.5,3.5,4.5],"texture":"#0"}}},{"from":[0.4,5.4884,7.89932],"to":[0.9,5.7884,7.99932],"rotation":{"angle":0,"axis":"x","origin":[0.5,7.8384,9.34932]},"faces":{"north":{"uv":[1,1.5,3.5,4.5],"texture":"#0"},"east":{"uv":[1,1.5,3.5,4.5],"texture":"#0"},"south":{"uv":[1,1.5,3.5,4.5],"texture":"#0"},"west":{"uv":[1,1.5,3.5,4.5],"texture":"#0"},"up":{"uv":[1,1.5,3.5,4.5],"texture":"#0"},"down":{"uv":[1,1.5,3.5,4.5],"texture":"#0"}}},{"from":[0.4,5.2884,7.99932],"to":[0.9,5.5884,8.09932],"rotation":{"angle":0,"axis":"x","origin":[0.5,7.8384,9.34932]},"faces":{"north":{"uv":[1,1.5,3.5,4.5],"texture":"#0"},"east":{"uv":[1,1.5,3.5,4.5],"texture":"#0"},"south":{"uv":[1,1.5,3.5,4.5],"texture":"#0"},"west":{"uv":[1,1.5,3.5,4.5],"texture":"#0"},"up":{"uv":[1,1.5,3.5,4.5],"texture":"#0"},"down":{"uv":[1,1.5,3.5,4.5],"texture":"#0"}}},{"from":[0.4,9.1,5.1],"to":[0.9,9.6,5.2],"rotation":{"angle":22.5,"axis":"x","origin":[0.5,9.35,5.7]},"faces":{"north":{"uv":[1,1.5,3.5,4.5],"texture":"#0"},"east":{"uv":[1,1.5,3.5,4.5],"texture":"#0"},"south":{"uv":[1,1.5,3.5,4.5],"texture":"#0"},"west":{"uv":[1,1.5,3.5,4.5],"texture":"#0"},"up":{"uv":[1,1.5,3.5,4.5],"texture":"#0"},"down":{"uv":[1,1.5,3.5,4.5],"texture":"#0"}}},{"from":[0.4,9.1,5],"to":[0.9,9.7,5.1],"rotation":{"angle":22.5,"axis":"x","origin":[0.5,9.35,5.7]},"faces":{"north":{"uv":[1,1.5,3.5,4.5],"texture":"#0"},"east":{"uv":[1,1.5,3.5,4.5],"texture":"#0"},"south":{"uv":[1,1.5,3.5,4.5],"texture":"#0"},"west":{"uv":[1,1.5,3.5,4.5],"texture":"#0"},"up":{"uv":[1,1.5,3.5,4.5],"texture":"#0"},"down":{"uv":[1,1.5,3.5,4.5],"texture":"#0"}}},{"from":[0.4,9,4.9],"to":[0.9,9.8,5],"rotation":{"angle":22.5,"axis":"x","origin":[0.5,9.35,5.7]},"faces":{"north":{"uv":[1,1.5,3.5,4.5],"texture":"#0"},"east":{"uv":[1,1.5,3.5,4.5],"texture":"#0"},"south":{"uv":[1,1.5,3.5,4.5],"texture":"#0"},"west":{"uv":[1,1.5,3.5,4.5],"texture":"#0"},"up":{"uv":[1,1.5,3.5,4.5],"texture":"#0"},"down":{"uv":[1,1.5,3.5,4.5],"texture":"#0"}}},{"from":[0.4,9,4.8],"to":[0.9,9.9,4.9],"rotation":{"angle":22.5,"axis":"x","origin":[0.5,9.35,5.7]},"faces":{"north":{"uv":[1,1.5,3.5,4.5],"texture":"#0"},"east":{"uv":[1,1.5,3.5,4.5],"texture":"#0"},"south":{"uv":[1,1.5,3.5,4.5],"texture":"#0"},"west":{"uv":[1,1.5,3.5,4.5],"texture":"#0"},"up":{"uv":[1,1.5,3.5,4.5],"texture":"#0"},"down":{"uv":[1,1.5,3.5,4.5],"texture":"#0"}}},{"from":[0.4,8.9,4.6],"to":[0.9,9,4.8],"rotation":{"angle":22.5,"axis":"x","origin":[0.5,9.35,5.7]},"faces":{"north":{"uv":[1,1.5,3.5,4.5],"texture":"#0"},"east":{"uv":[1,1.5,3.5,4.5],"texture":"#0"},"south":{"uv":[1,1.5,3.5,4.5],"texture":"#0"},"west":{"uv":[1,1.5,3.5,4.5],"texture":"#0"},"up":{"uv":[1,1.5,3.5,4.5],"texture":"#0"},"down":{"uv":[1,1.5,3.5,4.5],"texture":"#0"}}},{"from":[0.4,8.8,4.5],"to":[0.9,8.9,4.7],"rotation":{"angle":22.5,"axis":"x","origin":[0.5,9.35,5.7]},"faces":{"north":{"uv":[1,1.5,3.5,4.5],"texture":"#0"},"east":{"uv":[1,1.5,3.5,4.5],"texture":"#0"},"south":{"uv":[1,1.5,3.5,4.5],"texture":"#0"},"west":{"uv":[1,1.5,3.5,4.5],"texture":"#0"},"up":{"uv":[1,1.5,3.5,4.5],"texture":"#0"},"down":{"uv":[1,1.5,3.5,4.5],"texture":"#0"}}},{"from":[0.4,8.7,4.4],"to":[0.9,8.8,4.6],"rotation":{"angle":22.5,"axis":"x","origin":[0.5,9.35,5.7]},"faces":{"north":{"uv":[1,1.5,3.5,4.5],"texture":"#0"},"east":{"uv":[1,1.5,3.5,4.5],"texture":"#0"},"south":{"uv":[1,1.5,3.5,4.5],"texture":"#0"},"west":{"uv":[1,1.5,3.5,4.5],"texture":"#0"},"up":{"uv":[1,1.5,3.5,4.5],"texture":"#0"},"down":{"uv":[1,1.5,3.5,4.5],"texture":"#0"}}},{"from":[0.4,8.6,4.3],"to":[0.9,8.7,4.5],"rotation":{"angle":22.5,"axis":"x","origin":[0.5,9.35,5.7]},"faces":{"north":{"uv":[1,1.5,3.5,4.5],"texture":"#0"},"east":{"uv":[1,1.5,3.5,4.5],"texture":"#0"},"south":{"uv":[1,1.5,3.5,4.5],"texture":"#0"},"west":{"uv":[1,1.5,3.5,4.5],"texture":"#0"},"up":{"uv":[1,1.5,3.5,4.5],"texture":"#0"},"down":{"uv":[1,1.5,3.5,4.5],"texture":"#0"}}},{"from":[0.4,9.03904,4.08869],"to":[0.9,9.23904,4.18869],"rotation":{"angle":22.5,"axis":"x","origin":[0.5,9.23904,4.13869]},"faces":{"north":{"uv":[1,1.5,3.5,4.5],"texture":"#0"},"east":{"uv":[1,1.5,3.5,4.5],"texture":"#0"},"south":{"uv":[1,1.5,3.5,4.5],"texture":"#0"},"west":{"uv":[1,1.5,3.5,4.5],"texture":"#0"},"up":{"uv":[1,1.5,3.5,4.5],"texture":"#0"},"down":{"uv":[1,1.5,3.5,4.5],"texture":"#0"}}},{"from":[0.4,9,4.7],"to":[0.9,10.3,4.8],"rotation":{"angle":22.5,"axis":"x","origin":[0.5,9.35,5.7]},"faces":{"north":{"uv":[1,1.5,3.5,4.5],"texture":"#0"},"east":{"uv":[1,1.5,3.5,4.5],"texture":"#0"},"south":{"uv":[1,1.5,3.5,4.5],"texture":"#0"},"west":{"uv":[1,1.5,3.5,4.5],"texture":"#0"},"up":{"uv":[1,1.5,3.5,4.5],"texture":"#0"},"down":{"uv":[1,1.5,3.5,4.5],"texture":"#0"}}},{"from":[0.15,9.95,22.8],"to":[1.15,10.45,23.4],"rotation":{"angle":45,"axis":"z","origin":[0.65,10.2,23.35]},"faces":{"north":{"uv":[9.5,9.5,14,15],"rotation":90,"texture":"#0"},"east":{"uv":[9.5,9.5,14,15],"rotation":90,"texture":"#0"},"south":{"uv":[10,9.5,14.5,15],"rotation":90,"texture":"#0"},"west":{"uv":[9.5,9.5,14,15],"rotation":90,"texture":"#0"},"up":{"uv":[9.5,9.5,14,15],"rotation":90,"texture":"#0"},"down":{"uv":[9.5,9.5,14,15],"rotation":90,"texture":"#0"}}},{"from":[0.15,9.95,22.8],"to":[1.15,10.45,23.4],"rotation":{"angle":0,"axis":"z","origin":[0.65,10.2,23.35]},"faces":{"north":{"uv":[9.5,9.5,14,15],"rotation":90,"texture":"#0"},"east":{"uv":[9.5,9.5,14,15],"rotation":90,"texture":"#0"},"south":{"uv":[10,9.5,14.5,15],"rotation":90,"texture":"#0"},"west":{"uv":[9.5,9.5,14,15],"rotation":90,"texture":"#0"},"up":{"uv":[9.5,9.5,14,15],"rotation":90,"texture":"#0"},"down":{"uv":[9.5,9.5,14,15],"rotation":90,"texture":"#0"}}},{"from":[0.15,9.95,22.8],"to":[1.15,10.45,23.4],"rotation":{"angle":-45,"axis":"z","origin":[0.65,10.2,23.35]},"faces":{"north":{"uv":[9.5,9.5,14,15],"rotation":90,"texture":"#0"},"east":{"uv":[9.5,9.5,14,15],"rotation":90,"texture":"#0"},"south":{"uv":[10,9.5,14.5,15],"rotation":90,"texture":"#0"},"west":{"uv":[9.5,9.5,14,15],"rotation":90,"texture":"#0"},"up":{"uv":[9.5,9.5,14,15],"rotation":90,"texture":"#0"},"down":{"uv":[9.5,9.5,14,15],"rotation":90,"texture":"#0"}}},{"from":[0.4,9.7,22.8],"to":[0.9,10.7,23.4],"rotation":{"angle":0,"axis":"y","origin":[0.65,10.2,16.15]},"faces":{"north":{"uv":[9.5,9.5,14,15],"texture":"#0"},"east":{"uv":[9.5,9.5,14,15],"texture":"#0"},"south":{"uv":[10,9.5,14.5,15],"texture":"#0"},"west":{"uv":[9.5,9.5,14,15],"texture":"#0"},"up":{"uv":[9.5,9.5,14,15],"texture":"#0"},"down":{"uv":[9.5,9.5,14,15],"texture":"#0"}}}],"display":{"thirdperson_righthand":{"rotation":[0,-180,0],"translation":[-4.5,1.5,0],"scale":[0.65,0.65,0.65]},"thirdperson_lefthand":{"rotation":[0,-180,0],"translation":[4.75,1.5,0],"scale":[0.65,0.65,0.65]},"firstperson_righthand":{"rotation":[0,-180,0],"translation":[-4.5,1.5,0],"scale":[0.65,0.65,0.65]},"firstperson_lefthand":{"rotation":[0,-180,0],"translation":[5.5,1.5,0],"scale":[0.65,0.65,0.65]},"gui":{"rotation":[0,-90,0],"translation":[2.5,0,6.25],"scale":[0.65,0.65,0.65]},"fixed":{"rotation":[0,-90,0],"translation":[4.75,0,6.25]}},"groups":[{"name":"marfim","origin":[8,8,8],"color":0,"children":[0,1,2,3,4,5,6,7,8,9,10,11,12,13,14,15,16,17,18,19,20,21,22,23,24,25,26,27,28,29,30,31,32,33,34,35,36,37,38,39,40,41,42,43,44,45,46,47,48,49,50,51,52,53,54,55,56,57,58,59,60,61,62,63,64,65,66,67,68,69]},{"name":"metal","origin":[8,8,8],"color":0,"children":[70,71,72,73,74,75,76,77,78,79,80,81,82,83,84,85,86,87,88,89,90,91,92,93,94,95,96,97,98,99,100,101,102,103,104,105,106,107,108,109,110,111,112,113,114,115,116,117,118,119,120,121,122,123,124,125,126,127,128,129,130,131,132,133,134,135,136,137,138,139,140,141,142,143,144,145,146,147,148,149,150]},{"name":"gold","origin":[8,8,8],"color":0,"children":[151,152,153,154,155,156,157,158,159,160,161,162,163,164,165,166,167,168,169,170,171,172,173,174,175,176,177,178,179,180,181,182,183,184,185,186,187,188,189,190,191,192,193,194,195,196,197,198,199,200,201,202,203,204,205,206,207,208,209,210,211,212,213,214,215,216,217,218,219,220,221,222,223,224,225,226,227,228]},{"name":"black","origin":[8,8,8],"color":0,"children":[229,230,231,232]}]}