{
	"credit": "Made with Blockbench",
	"texture_size": [64, 64],
	"textures": {
		"0": "item/PulseGun",
		"particle": "item/PulseGun"
	},
	"elements": [
		{
			"from": [6, 0, 7],
			"to": [10, 1, 12],
			"faces": {
				"north": {"uv": [2.5, 6.75, 3.5, 7], "texture": "#0"},
				"east": {"uv": [6.5, 2.5, 7.75, 2.75], "texture": "#0"},
				"south": {"uv": [3.5, 6.75, 4.5, 7], "texture": "#0"},
				"west": {"uv": [6.5, 2.75, 7.75, 3], "texture": "#0"},
				"up": {"uv": [1, 4.25, 0, 3], "texture": "#0"},
				"down": {"uv": [2, 3, 1, 4.25], "texture": "#0"}
			}
		},
		{
			"from": [6, 6, 7],
			"to": [10, 7, 12],
			"faces": {
				"north": {"uv": [5.5, 6.75, 6.5, 7], "texture": "#0"},
				"east": {"uv": [6.5, 3, 7.75, 3.25], "texture": "#0"},
				"south": {"uv": [6.5, 6.75, 7.5, 7], "texture": "#0"},
				"west": {"uv": [6.5, 3.25, 7.75, 3.5], "texture": "#0"},
				"up": {"uv": [3, 4.25, 2, 3], "texture": "#0"},
				"down": {"uv": [4, 3, 3, 4.25], "texture": "#0"}
			}
		},
		{
			"from": [5.5, 5.5, 7.25],
			"to": [10.5, 6.5, 11],
			"faces": {
				"north": {"uv": [6.5, 3.5, 7.75, 3.75], "texture": "#0"},
				"east": {"uv": [0, 7, 1, 7.25], "texture": "#0"},
				"south": {"uv": [6.5, 3.75, 7.75, 4], "texture": "#0"},
				"west": {"uv": [1, 7, 2, 7.25], "texture": "#0"},
				"up": {"uv": [4.75, 1, 3.5, 0], "texture": "#0"},
				"down": {"uv": [4.75, 1, 3.5, 2], "texture": "#0"}
			}
		},
		{
			"from": [5.5, 0.5, 7.25],
			"to": [10.5, 1.5, 11],
			"faces": {
				"north": {"uv": [6.5, 4, 7.75, 4.25], "texture": "#0"},
				"east": {"uv": [7, 1, 8, 1.25], "texture": "#0"},
				"south": {"uv": [6.5, 4.25, 7.75, 4.5], "texture": "#0"},
				"west": {"uv": [7, 1.25, 8, 1.5], "texture": "#0"},
				"up": {"uv": [4.75, 3, 3.5, 2], "texture": "#0"},
				"down": {"uv": [5.25, 3, 4, 4], "texture": "#0"}
			}
		},
		{
			"from": [6, 5.75, 1.499],
			"to": [10, 6.5, 6.799],
			"faces": {
				"north": {"uv": [7, 1.5, 8, 1.75], "texture": "#0"},
				"east": {"uv": [6.5, 2, 7.875, 2.25], "texture": "#0"},
				"south": {"uv": [7, 1.75, 8, 2], "texture": "#0"},
				"west": {"uv": [6.5, 2.25, 7.875, 2.5], "texture": "#0"},
				"up": {"uv": [2.5, 1.375, 1.5, 0], "texture": "#0"},
				"down": {"uv": [2.5, 1.5, 1.5, 2.875], "texture": "#0"}
			}
		},
		{
			"from": [6.5, 5.5, 0.499],
			"to": [9.5, 6.25, 1.499],
			"faces": {
				"north": {"uv": [5.25, 3.75, 6, 4], "texture": "#0"},
				"east": {"uv": [3.25, 5.25, 3.5, 5.5], "texture": "#0"},
				"south": {"uv": [2.5, 6.5, 3.25, 6.75], "texture": "#0"},
				"west": {"uv": [5.5, 6.25, 5.75, 6.5], "texture": "#0"},
				"up": {"uv": [6.25, 6.75, 5.5, 6.5], "texture": "#0"},
				"down": {"uv": [7.75, 6.5, 7, 6.75], "texture": "#0"}
			}
		},
		{
			"from": [6, 0.5, 2.8],
			"to": [10, 1.25, 6.8],
			"faces": {
				"north": {"uv": [2.5, 7, 3.5, 7.25], "texture": "#0"},
				"east": {"uv": [3.5, 7, 4.5, 7.25], "texture": "#0"},
				"south": {"uv": [4.5, 7, 5.5, 7.25], "texture": "#0"},
				"west": {"uv": [7, 4.5, 8, 4.75], "texture": "#0"},
				"up": {"uv": [5.75, 3, 4.75, 2], "texture": "#0"},
				"down": {"uv": [6, 4, 5, 5], "texture": "#0"}
			}
		},
		{
			"from": [6.5, 0.95, -1.2],
			"to": [9.5, 1.75, 1.8],
			"faces": {
				"north": {"uv": [0, 7.25, 0.75, 7.5], "texture": "#0"},
				"east": {"uv": [0.75, 7.25, 1.5, 7.5], "texture": "#0"},
				"south": {"uv": [2.5, 7.25, 3.25, 7.5], "texture": "#0"},
				"west": {"uv": [3.25, 7.25, 4, 7.5], "texture": "#0"},
				"up": {"uv": [6, 3.75, 5.25, 3], "texture": "#0"},
				"down": {"uv": [0.75, 5.75, 0, 6.5], "texture": "#0"}
			}
		},
		{
			"from": [6, 0.5, 11],
			"to": [10, 1.5, 13],
			"faces": {
				"north": {"uv": [7, 4.75, 8, 5], "texture": "#0"},
				"east": {"uv": [7.25, 6.25, 7.75, 6.5], "texture": "#0"},
				"south": {"uv": [7, 5, 8, 5.25], "texture": "#0"},
				"west": {"uv": [7.5, 0, 8, 0.25], "texture": "#0"},
				"up": {"uv": [1, 7, 0, 6.5], "texture": "#0"},
				"down": {"uv": [7.5, 0, 6.5, 0.5], "texture": "#0"}
			}
		},
		{
			"from": [6, 5.5, 11],
			"to": [10, 6.5, 13],
			"faces": {
				"north": {"uv": [7, 5.25, 8, 5.5], "texture": "#0"},
				"east": {"uv": [7.5, 0.25, 8, 0.5], "texture": "#0"},
				"south": {"uv": [5.5, 7, 6.5, 7.25], "texture": "#0"},
				"west": {"uv": [0.5, 7.5, 1, 7.75], "texture": "#0"},
				"up": {"uv": [7.5, 1, 6.5, 0.5], "texture": "#0"},
				"down": {"uv": [2, 6.5, 1, 7], "texture": "#0"}
			}
		},
		{
			"from": [5.5, 1, 11],
			"to": [6, 6, 13],
			"faces": {
				"north": {"uv": [1.5, 7.25, 1.625, 8.5], "texture": "#0"},
				"east": {"uv": [3.5, 4.25, 4, 5.5], "texture": "#0"},
				"south": {"uv": [1.75, 7.25, 1.875, 8.5], "texture": "#0"},
				"west": {"uv": [3.25, 5.5, 3.75, 6.75], "texture": "#0"},
				"up": {"uv": [3.875, 8.5, 3.75, 8], "texture": "#0"},
				"down": {"uv": [8.125, 3.75, 8, 4.25], "texture": "#0"}
			}
		},
		{
			"from": [10, 1, 11],
			"to": [10.5, 6, 13],
			"faces": {
				"north": {"uv": [4, 7.25, 4.125, 8.5], "texture": "#0"},
				"east": {"uv": [3.75, 5.5, 4.25, 6.75], "texture": "#0"},
				"south": {"uv": [4.25, 7.25, 4.375, 8.5], "texture": "#0"},
				"west": {"uv": [4.25, 5.5, 4.75, 6.75], "texture": "#0"},
				"up": {"uv": [8.125, 4.75, 8, 4.25], "texture": "#0"},
				"down": {"uv": [8.125, 4.75, 8, 5.25], "texture": "#0"}
			}
		},
		{
			"from": [10, 1.5, 13],
			"to": [10.5, 5.5, 14],
			"faces": {
				"north": {"uv": [6.25, 7.25, 6.375, 8.25], "texture": "#0"},
				"east": {"uv": [5.75, 2, 6, 3], "texture": "#0"},
				"south": {"uv": [1, 7.5, 1.125, 8.5], "texture": "#0"},
				"west": {"uv": [7, 5.5, 7.25, 6.5], "texture": "#0"},
				"up": {"uv": [1.125, 8.75, 1, 8.5], "texture": "#0"},
				"down": {"uv": [1.625, 8.5, 1.5, 8.75], "texture": "#0"}
			}
		},
		{
			"from": [10, 1.75, 14],
			"to": [10.5, 5.25, 16],
			"faces": {
				"north": {"uv": [2.75, 7.75, 2.875, 8.625], "texture": "#0"},
				"east": {"uv": [6.5, 1, 7, 1.875], "texture": "#0"},
				"south": {"uv": [3, 7.75, 3.125, 8.625], "texture": "#0"},
				"west": {"uv": [2, 6.5, 2.5, 7.375], "texture": "#0"},
				"up": {"uv": [8.125, 5.75, 8, 5.25], "texture": "#0"},
				"down": {"uv": [5.625, 8, 5.5, 8.5], "texture": "#0"}
			}
		},
		{
			"from": [7.25, 0.5, 7.75],
			"to": [8.75, 6.5, 9.25],
			"faces": {
				"north": {"uv": [5.75, 5, 6.125, 6.5], "texture": "#0"},
				"east": {"uv": [6, 0, 6.375, 1.5], "texture": "#0"},
				"south": {"uv": [6, 1.5, 6.375, 3], "texture": "#0"},
				"west": {"uv": [6, 3, 6.375, 4.5], "texture": "#0"},
				"up": {"uv": [6.125, 7.625, 5.75, 7.25], "texture": "#0"},
				"down": {"uv": [0.375, 7.5, 0, 7.875], "texture": "#0"}
			}
		},
		{
			"from": [6.25, 0.75, 1.5],
			"to": [9.75, 6.25, 7.5],
			"faces": {
				"north": {"uv": [4, 4, 4.875, 5.375], "texture": "#0"},
				"east": {"uv": [0, 0, 1.5, 1.375], "texture": "#0"},
				"south": {"uv": [0, 4.25, 0.875, 5.625], "texture": "#0"},
				"west": {"uv": [0, 1.5, 1.5, 2.875], "texture": "#0"},
				"up": {"uv": [3.375, 1.5, 2.5, 0], "texture": "#0"},
				"down": {"uv": [3.375, 1.5, 2.5, 3], "texture": "#0"}
			}
		},
		{
			"from": [9.5, 2, 2],
			"to": [10, 5.5, 7],
			"faces": {
				"north": {"uv": [7.75, 3, 7.875, 3.875], "texture": "#0"},
				"east": {"uv": [1, 4.25, 2.25, 5.125], "texture": "#0"},
				"south": {"uv": [5.75, 7.75, 5.875, 8.625], "texture": "#0"},
				"west": {"uv": [2.25, 4.25, 3.5, 5.125], "texture": "#0"},
				"up": {"uv": [4.625, 8.5, 4.5, 7.25], "texture": "#0"},
				"down": {"uv": [4.875, 7.25, 4.75, 8.5], "texture": "#0"}
			}
		},
		{
			"from": [6, 2, 2],
			"to": [6.5, 5.5, 7],
			"faces": {
				"north": {"uv": [6, 7.75, 6.125, 8.625], "texture": "#0"},
				"east": {"uv": [4.75, 0, 6, 0.875], "texture": "#0"},
				"south": {"uv": [7.75, 6.25, 7.875, 7.125], "texture": "#0"},
				"west": {"uv": [4.75, 1, 6, 1.875], "texture": "#0"},
				"up": {"uv": [5.125, 8.5, 5, 7.25], "texture": "#0"},
				"down": {"uv": [5.375, 7.25, 5.25, 8.5], "texture": "#0"}
			}
		},
		{
			"from": [7, 1.25, -2.25],
			"to": [9, 1.75, -0.5],
			"faces": {
				"north": {"uv": [8, 5.75, 8.5, 5.875], "texture": "#0"},
				"east": {"uv": [8, 6, 8.5, 6.125], "texture": "#0"},
				"south": {"uv": [8, 6.25, 8.5, 6.375], "texture": "#0"},
				"west": {"uv": [6.5, 8, 7, 8.125], "texture": "#0"},
				"up": {"uv": [7, 7.5, 6.5, 7], "texture": "#0"},
				"down": {"uv": [7.5, 7, 7, 7.5], "texture": "#0"}
			}
		},
		{
			"from": [6.625, 2.75, -2.25],
			"to": [6.875, 4.75, -1.5],
			"faces": {
				"north": {"uv": [8, 6.5, 8.125, 7], "texture": "#0"},
				"east": {"uv": [6, 4.5, 6.25, 5], "texture": "#0"},
				"south": {"uv": [7, 8, 7.125, 8.5], "texture": "#0"},
				"west": {"uv": [7.5, 0.5, 7.75, 1], "texture": "#0"},
				"up": {"uv": [8.625, 1.75, 8.5, 1.5], "texture": "#0"},
				"down": {"uv": [1.875, 8.5, 1.75, 8.75], "texture": "#0"}
			}
		},
		{
			"from": [9.125, 2.75, -2.25],
			"to": [9.375, 4.75, -1.5],
			"faces": {
				"north": {"uv": [8, 7, 8.125, 7.5], "texture": "#0"},
				"east": {"uv": [1.25, 7.5, 1.5, 8], "texture": "#0"},
				"south": {"uv": [7.25, 8, 7.375, 8.5], "texture": "#0"},
				"west": {"uv": [2, 7.5, 2.25, 8], "texture": "#0"},
				"up": {"uv": [8.625, 2, 8.5, 1.75], "texture": "#0"},
				"down": {"uv": [2.125, 8.5, 2, 8.75], "texture": "#0"}
			}
		},
		{
			"from": [7, 5.75, -2.25],
			"to": [9, 6, -1.5],
			"faces": {
				"north": {"uv": [7.5, 8, 8, 8.125], "texture": "#0"},
				"east": {"uv": [8.5, 2, 8.75, 2.125], "texture": "#0"},
				"south": {"uv": [8, 8, 8.5, 8.125], "texture": "#0"},
				"west": {"uv": [2.25, 8.5, 2.5, 8.625], "texture": "#0"},
				"up": {"uv": [2.75, 7.75, 2.25, 7.5], "texture": "#0"},
				"down": {"uv": [3.25, 7.5, 2.75, 7.75], "texture": "#0"}
			}
		},
		{
			"from": [7, 1.75, -2.25],
			"to": [7.25, 2.75, -1.5],
			"rotation": {"angle": 22.5, "axis": "z", "origin": [7, 1.75, -1.875]},
			"faces": {
				"north": {"uv": [8.5, 2.25, 8.625, 2.5], "texture": "#0"},
				"east": {"uv": [4.5, 6.75, 4.75, 7], "texture": "#0"},
				"south": {"uv": [8.5, 2.5, 8.625, 2.75], "texture": "#0"},
				"west": {"uv": [0, 8.25, 0.25, 8.5], "texture": "#0"},
				"up": {"uv": [8.625, 3, 8.5, 2.75], "texture": "#0"},
				"down": {"uv": [8.625, 3, 8.5, 3.25], "texture": "#0"}
			}
		},
		{
			"from": [7, 4.75, -2.25],
			"to": [7.25, 5.75, -1.5],
			"rotation": {"angle": -22.5, "axis": "z", "origin": [7, 5.75, -1.875]},
			"faces": {
				"north": {"uv": [8.5, 3.25, 8.625, 3.5], "texture": "#0"},
				"east": {"uv": [8.25, 0, 8.5, 0.25], "texture": "#0"},
				"south": {"uv": [8.5, 3.5, 8.625, 3.75], "texture": "#0"},
				"west": {"uv": [0.25, 8.25, 0.5, 8.5], "texture": "#0"},
				"up": {"uv": [3.875, 8.75, 3.75, 8.5], "texture": "#0"},
				"down": {"uv": [8.625, 3.75, 8.5, 4], "texture": "#0"}
			}
		},
		{
			"from": [8.75, 4.75, -2.25],
			"to": [9, 5.75, -1.5],
			"rotation": {"angle": 22.5, "axis": "z", "origin": [9, 5.75, -1.875]},
			"faces": {
				"north": {"uv": [4, 8.5, 4.125, 8.75], "texture": "#0"},
				"east": {"uv": [8.25, 0.25, 8.5, 0.5], "texture": "#0"},
				"south": {"uv": [8.5, 4, 8.625, 4.25], "texture": "#0"},
				"west": {"uv": [0.5, 8.25, 0.75, 8.5], "texture": "#0"},
				"up": {"uv": [4.375, 8.75, 4.25, 8.5], "texture": "#0"},
				"down": {"uv": [8.625, 4.25, 8.5, 4.5], "texture": "#0"}
			}
		},
		{
			"from": [8.75, 1.75, -2.25],
			"to": [9, 2.75, -1.5],
			"rotation": {"angle": -22.5, "axis": "z", "origin": [9, 1.75, -1.875]},
			"faces": {
				"north": {"uv": [4.5, 8.5, 4.625, 8.75], "texture": "#0"},
				"east": {"uv": [8.25, 0.5, 8.5, 0.75], "texture": "#0"},
				"south": {"uv": [8.5, 4.5, 8.625, 4.75], "texture": "#0"},
				"west": {"uv": [0.75, 8.25, 1, 8.5], "texture": "#0"},
				"up": {"uv": [4.875, 8.75, 4.75, 8.5], "texture": "#0"},
				"down": {"uv": [8.625, 4.75, 8.5, 5], "texture": "#0"}
			}
		},
		{
			"from": [6.625, 1.5, -1.5],
			"to": [9.375, 6, 1.5],
			"faces": {
				"north": {"uv": [5, 5, 5.75, 6.125], "texture": "#0"},
				"east": {"uv": [1, 5.25, 1.75, 6.375], "texture": "#0"},
				"south": {"uv": [1.75, 5.25, 2.5, 6.375], "texture": "#0"},
				"west": {"uv": [2.5, 5.25, 3.25, 6.375], "texture": "#0"},
				"up": {"uv": [7, 5.25, 6.25, 4.5], "texture": "#0"},
				"down": {"uv": [5.5, 6.25, 4.75, 7], "texture": "#0"}
			}
		},
		{
			"from": [7.75, 6, -1.5],
			"to": [8.25, 7.3, -0.5],
			"faces": {
				"north": {"uv": [0.25, 8.5, 0.375, 8.875], "texture": "#0"},
				"east": {"uv": [7.75, 4, 8, 4.375], "texture": "#0"},
				"south": {"uv": [8.5, 0.25, 8.625, 0.625], "texture": "#0"},
				"west": {"uv": [7.75, 5.5, 8, 5.875], "texture": "#0"},
				"up": {"uv": [5.125, 8.75, 5, 8.5], "texture": "#0"},
				"down": {"uv": [8.625, 5, 8.5, 5.25], "texture": "#0"}
			}
		},
		{
			"from": [7.25, 6, -1.5],
			"to": [7.75, 6.5, -0.5],
			"faces": {
				"north": {"uv": [7.5, 8.5, 7.625, 8.625], "texture": "#0"},
				"east": {"uv": [5.25, 8.5, 5.5, 8.625], "texture": "#0"},
				"south": {"uv": [8.5, 7.5, 8.625, 7.625], "texture": "#0"},
				"west": {"uv": [8.5, 5.25, 8.75, 5.375], "texture": "#0"},
				"up": {"uv": [5.625, 8.75, 5.5, 8.5], "texture": "#0"},
				"down": {"uv": [8.625, 5.5, 8.5, 5.75], "texture": "#0"}
			}
		},
		{
			"from": [8.25, 6, -1.5],
			"to": [8.75, 6.5, -0.5],
			"faces": {
				"north": {"uv": [7.75, 8.5, 7.875, 8.625], "texture": "#0"},
				"east": {"uv": [8.5, 5.75, 8.75, 5.875], "texture": "#0"},
				"south": {"uv": [8.5, 7.75, 8.625, 7.875], "texture": "#0"},
				"west": {"uv": [8.5, 6, 8.75, 6.125], "texture": "#0"},
				"up": {"uv": [6.375, 8.75, 6.25, 8.5], "texture": "#0"},
				"down": {"uv": [8.625, 6.25, 8.5, 6.5], "texture": "#0"}
			}
		},
		{
			"from": [9.25, 2.75, 5],
			"to": [10.25, 4.75, 6],
			"faces": {
				"north": {"uv": [3.25, 7.5, 3.5, 8], "texture": "#0"},
				"east": {"uv": [3.5, 7.5, 3.75, 8], "texture": "#0"},
				"south": {"uv": [3.75, 7.5, 4, 8], "texture": "#0"},
				"west": {"uv": [7.5, 5.5, 7.75, 6], "texture": "#0"},
				"up": {"uv": [8.5, 1, 8.25, 0.75], "texture": "#0"},
				"down": {"uv": [8.5, 1, 8.25, 1.25], "texture": "#0"}
			}
		},
		{
			"from": [9.25, 2.75, 3],
			"to": [10.25, 4.75, 4],
			"faces": {
				"north": {"uv": [6.5, 7.5, 6.75, 8], "texture": "#0"},
				"east": {"uv": [6.75, 7.5, 7, 8], "texture": "#0"},
				"south": {"uv": [7.5, 6.75, 7.75, 7.25], "texture": "#0"},
				"west": {"uv": [7, 7.5, 7.25, 8], "texture": "#0"},
				"up": {"uv": [8.5, 1.5, 8.25, 1.25], "texture": "#0"},
				"down": {"uv": [8.5, 1.5, 8.25, 1.75], "texture": "#0"}
			}
		},
		{
			"from": [9.25, 2.25, 3.5],
			"to": [10.25, 3.25, 5.5],
			"faces": {
				"north": {"uv": [8.25, 1.75, 8.5, 2], "texture": "#0"},
				"east": {"uv": [7.5, 6, 8, 6.25], "texture": "#0"},
				"south": {"uv": [2, 8.25, 2.25, 8.5], "texture": "#0"},
				"west": {"uv": [7.25, 7.5, 7.75, 7.75], "texture": "#0"},
				"up": {"uv": [0.75, 8.25, 0.5, 7.75], "texture": "#0"},
				"down": {"uv": [8, 0.5, 7.75, 1], "texture": "#0"}
			}
		},
		{
			"from": [9.25, 3.25, 4],
			"to": [10.5, 4.25, 5],
			"faces": {
				"north": {"uv": [7.25, 7.75, 7.625, 8], "texture": "#0"},
				"east": {"uv": [8.25, 2, 8.5, 2.25], "texture": "#0"},
				"south": {"uv": [7.75, 7.5, 8.125, 7.75], "texture": "#0"},
				"west": {"uv": [2.25, 8.25, 2.5, 8.5], "texture": "#0"},
				"up": {"uv": [8.125, 8, 7.75, 7.75], "texture": "#0"},
				"down": {"uv": [0.375, 8, 0, 8.25], "texture": "#0"}
			}
		},
		{
			"from": [5.75, 2.25, 3.75],
			"to": [6.25, 5.25, 6.75],
			"faces": {
				"north": {"uv": [8, 0, 8.125, 0.75], "texture": "#0"},
				"east": {"uv": [6.25, 5.25, 7, 6], "texture": "#0"},
				"south": {"uv": [8, 0.75, 8.125, 1.5], "texture": "#0"},
				"west": {"uv": [6.25, 6, 7, 6.75], "texture": "#0"},
				"up": {"uv": [1.375, 8.75, 1.25, 8], "texture": "#0"},
				"down": {"uv": [8.125, 1.5, 8, 2.25], "texture": "#0"}
			}
		},
		{
			"from": [5, 4.76, 5],
			"to": [6.5, 5.26, 5.75],
			"faces": {
				"north": {"uv": [0.5, 8.5, 0.875, 8.625], "texture": "#0"},
				"east": {"uv": [6.5, 8.5, 6.75, 8.625], "texture": "#0"},
				"south": {"uv": [8.5, 0.75, 8.875, 0.875], "texture": "#0"},
				"west": {"uv": [8.5, 6.5, 8.75, 6.625], "texture": "#0"},
				"up": {"uv": [2.375, 8.25, 2, 8], "texture": "#0"},
				"down": {"uv": [8.375, 2.25, 8, 2.5], "texture": "#0"}
			}
		},
		{
			"from": [5, 2.24, 5],
			"to": [6.5, 2.74, 5.75],
			"faces": {
				"north": {"uv": [8.5, 1, 8.875, 1.125], "texture": "#0"},
				"east": {"uv": [6.75, 8.5, 7, 8.625], "texture": "#0"},
				"south": {"uv": [8.5, 1.25, 8.875, 1.375], "texture": "#0"},
				"west": {"uv": [8.5, 6.75, 8.75, 6.875], "texture": "#0"},
				"up": {"uv": [8.375, 2.75, 8, 2.5], "texture": "#0"},
				"down": {"uv": [8.375, 2.75, 8, 3], "texture": "#0"}
			}
		},
		{
			"from": [4.5, 2.25, 5],
			"to": [5, 5.25, 5.75],
			"faces": {
				"north": {"uv": [2.5, 8, 2.625, 8.75], "texture": "#0"},
				"east": {"uv": [4.75, 5.5, 5, 6.25], "texture": "#0"},
				"south": {"uv": [8, 3, 8.125, 3.75], "texture": "#0"},
				"west": {"uv": [0.75, 5.75, 1, 6.5], "texture": "#0"},
				"up": {"uv": [7.125, 8.75, 7, 8.5], "texture": "#0"},
				"down": {"uv": [8.625, 7, 8.5, 7.25], "texture": "#0"}
			}
		},
		{
			"from": [5.75, 2.625, 3],
			"to": [6.25, 4.875, 3.75],
			"faces": {
				"north": {"uv": [3.25, 8, 3.375, 8.625], "texture": "#0"},
				"east": {"uv": [5.5, 7.25, 5.75, 7.875], "texture": "#0"},
				"south": {"uv": [3.5, 8, 3.625, 8.625], "texture": "#0"},
				"west": {"uv": [7.25, 5.5, 7.5, 6.125], "texture": "#0"},
				"up": {"uv": [7.375, 8.75, 7.25, 8.5], "texture": "#0"},
				"down": {"uv": [8.625, 7.25, 8.5, 7.5], "texture": "#0"}
			}
		},
		{
			"from": [9.25, 4.25, 3.5],
			"to": [10.25, 5.25, 5.5],
			"faces": {
				"north": {"uv": [8.25, 3, 8.5, 3.25], "texture": "#0"},
				"east": {"uv": [7.5, 7.25, 8, 7.5], "texture": "#0"},
				"south": {"uv": [8.25, 3.25, 8.5, 3.5], "texture": "#0"},
				"west": {"uv": [2.25, 7.75, 2.75, 8], "texture": "#0"},
				"up": {"uv": [1, 8.25, 0.75, 7.75], "texture": "#0"},
				"down": {"uv": [8, 2.5, 7.75, 3], "texture": "#0"}
			}
		},
		{
			"from": [9.25, 2.25, 3],
			"to": [10.25, 3.25, 4],
			"rotation": {"angle": -45, "axis": "x", "origin": [12.75, 2.75, 3.5]},
			"faces": {
				"north": {"uv": [8.25, 3.5, 8.5, 3.75], "texture": "#0"},
				"east": {"uv": [8.25, 3.75, 8.5, 4], "texture": "#0"},
				"south": {"uv": [8.25, 4, 8.5, 4.25], "texture": "#0"},
				"west": {"uv": [8.25, 4.25, 8.5, 4.5], "texture": "#0"},
				"up": {"uv": [8.5, 4.75, 8.25, 4.5], "texture": "#0"},
				"down": {"uv": [8.5, 4.75, 8.25, 5], "texture": "#0"}
			}
		},
		{
			"from": [9.25, 2.25, 5],
			"to": [10.25, 3.25, 6],
			"rotation": {"angle": 45, "axis": "x", "origin": [12.75, 2.75, 5.5]},
			"faces": {
				"north": {"uv": [8.25, 5, 8.5, 5.25], "texture": "#0"},
				"east": {"uv": [8.25, 5.25, 8.5, 5.5], "texture": "#0"},
				"south": {"uv": [8.25, 5.5, 8.5, 5.75], "texture": "#0"},
				"west": {"uv": [6.25, 8.25, 6.5, 8.5], "texture": "#0"},
				"up": {"uv": [6.75, 8.5, 6.5, 8.25], "texture": "#0"},
				"down": {"uv": [8.5, 6.5, 8.25, 6.75], "texture": "#0"}
			}
		},
		{
			"from": [9.25, 4.25, 3],
			"to": [10.25, 5.25, 4],
			"rotation": {"angle": 45, "axis": "x", "origin": [11.75, 4.75, 3.5]},
			"faces": {
				"north": {"uv": [6.75, 8.25, 7, 8.5], "texture": "#0"},
				"east": {"uv": [8.25, 6.75, 8.5, 7], "texture": "#0"},
				"south": {"uv": [8.25, 7, 8.5, 7.25], "texture": "#0"},
				"west": {"uv": [8.25, 7.25, 8.5, 7.5], "texture": "#0"},
				"up": {"uv": [7.75, 8.5, 7.5, 8.25], "texture": "#0"},
				"down": {"uv": [8.5, 7.5, 8.25, 7.75], "texture": "#0"}
			}
		},
		{
			"from": [9.25, 4.25, 5],
			"to": [10.25, 5.25, 6],
			"rotation": {"angle": -45, "axis": "x", "origin": [11.75, 4.75, 5.5]},
			"faces": {
				"north": {"uv": [7.75, 8.25, 8, 8.5], "texture": "#0"},
				"east": {"uv": [8.25, 7.75, 8.5, 8], "texture": "#0"},
				"south": {"uv": [8, 8.25, 8.25, 8.5], "texture": "#0"},
				"west": {"uv": [8.25, 8.25, 8.5, 8.5], "texture": "#0"},
				"up": {"uv": [0.25, 8.75, 0, 8.5], "texture": "#0"},
				"down": {"uv": [8.75, 0, 8.5, 0.25], "texture": "#0"}
			}
		}
	],
	"display": {
		"thirdperson_righthand": {
			"translation": [0, 2.5, 0.5]
		},
		"thirdperson_lefthand": {
			"translation": [0, 2.5, 0.5]
		},
		"firstperson_righthand": {
			"rotation": [17.65, 16.39, 6.68],
			"translation": [2, 4.75, 0.25]
		},
		"firstperson_lefthand": {
			"translation": [0, 6.5, 1.75]
		},
		"gui": {
			"rotation": [83.47, -45.56, 85.48],
			"translation": [-4.75, 1.25, 0]
		},
		"fixed": {
			"rotation": [90, 45, -90],
			"translation": [3.75, 2, -2]
		}
	},
	"groups": [
		{
			"name": "Pulsegun",
			"origin": [8, 8, 8],
			"color": 0,
			"children": [0, 1, 2, 3, 4, 5, 6, 7, 8, 9, 10, 11, 12, 13, 14, 15, 16, 17, 18, 19, 20, 21, 22, 23, 24, 25, 26, 27, 28, 29, 30, 31, 32, 33, 34, 35, 36, 37, 38, 39, 40, 41, 42, 43]
		}
	]
}