{
	"credit": "Made with Blockbench",
	"texture_size": [32, 32],
	"textures": {
		"0": "item/Rageblade",
		"particle": "item/Rageblade"
	},
	"elements": [
		{
			"from": [7.5, 5, 5],
			"to": [8.5, 5.75, 11],
			"faces": {
				"north": {"uv": [8.5, 6, 9, 6.375], "texture": "#0"},
				"east": {"uv": [5, 7, 8, 7.375], "texture": "#0"},
				"south": {"uv": [9, 0, 9.5, 0.375], "texture": "#0"},
				"west": {"uv": [7, 5, 10, 5.375], "texture": "#0"},
				"up": {"uv": [6.5, 7, 6, 4], "texture": "#0"},
				"down": {"uv": [0.5, 6.5, 0, 9.5], "texture": "#0"}
			}
		},
		{
			"from": [7.5, 0, 7.5],
			"to": [8.5, 5, 8.5],
			"faces": {
				"north": {"uv": [7, 0, 7.5, 2.5], "texture": "#0"},
				"east": {"uv": [7, 2.5, 7.5, 5], "texture": "#0"},
				"south": {"uv": [3, 7, 3.5, 9.5], "texture": "#0"},
				"west": {"uv": [3.5, 7, 4, 9.5], "texture": "#0"},
				"up": {"uv": [8, 5, 7.5, 4.5], "texture": "#0"},
				"down": {"uv": [8.5, 4.5, 8, 5], "texture": "#0"}
			}
		},
		{
			"from": [7.5, 5.75, 5.5],
			"to": [8.5, 6.5, 10.5],
			"faces": {
				"north": {"uv": [9, 0.5, 9.5, 0.875], "texture": "#0"},
				"east": {"uv": [7, 6.5, 9.5, 6.875], "texture": "#0"},
				"south": {"uv": [9, 3.5, 9.5, 3.875], "texture": "#0"},
				"west": {"uv": [7.5, 1, 10, 1.375], "texture": "#0"},
				"up": {"uv": [4.5, 9.5, 4, 7], "texture": "#0"},
				"down": {"uv": [5, 7, 4.5, 9.5], "texture": "#0"}
			}
		},
		{
			"from": [7.5, 5.5, 4.5],
			"to": [8.5, 6, 5.5],
			"faces": {
				"north": {"uv": [9.5, 0, 10, 0.25], "texture": "#0"},
				"east": {"uv": [9.5, 0.5, 10, 0.75], "texture": "#0"},
				"south": {"uv": [4.5, 9.5, 5, 9.75], "texture": "#0"},
				"west": {"uv": [9.5, 4.5, 10, 4.75], "texture": "#0"},
				"up": {"uv": [9, 4, 8.5, 3.5], "texture": "#0"},
				"down": {"uv": [9, 4, 8.5, 4.5], "texture": "#0"}
			}
		},
		{
			"from": [7.5, 5.5, 10.5],
			"to": [8.5, 6, 11.5],
			"faces": {
				"north": {"uv": [9.5, 5.5, 10, 5.75], "texture": "#0"},
				"east": {"uv": [9.5, 6, 10, 6.25], "texture": "#0"},
				"south": {"uv": [9.5, 6.5, 10, 6.75], "texture": "#0"},
				"west": {"uv": [9.5, 7, 10, 7.25], "texture": "#0"},
				"up": {"uv": [9, 5, 8.5, 4.5], "texture": "#0"},
				"down": {"uv": [9, 5.5, 8.5, 6], "texture": "#0"}
			}
		},
		{
			"from": [7.875, 6.5, 6],
			"to": [8.125, 19.5, 9],
			"faces": {
				"north": {"uv": [5, 7.5, 5.125, 14], "texture": "#0"},
				"east": {"uv": [0, 0, 1.5, 6.5], "texture": "#0"},
				"south": {"uv": [5.5, 7.5, 5.625, 14], "texture": "#0"},
				"west": {"uv": [1.5, 0, 3, 6.5], "texture": "#0"},
				"up": {"uv": [9.125, 10.5, 9, 9], "texture": "#0"},
				"down": {"uv": [0.125, 9.5, 0, 11], "texture": "#0"}
			}
		},
		{
			"from": [7.875, 19.5, 8.25],
			"to": [8.125, 21.5, 9.25],
			"faces": {
				"north": {"uv": [9.5, 7.5, 9.625, 8.5], "texture": "#0"},
				"east": {"uv": [7.5, 3.5, 8, 4.5], "texture": "#0"},
				"south": {"uv": [9.5, 8.5, 9.625, 9.5], "texture": "#0"},
				"west": {"uv": [7, 7.5, 7.5, 8.5], "texture": "#0"},
				"up": {"uv": [10.625, 10, 10.5, 9.5], "texture": "#0"},
				"down": {"uv": [10.625, 10, 10.5, 10.5], "texture": "#0"}
			}
		},
		{
			"from": [7.875, 19.5, 7.25],
			"to": [8.125, 21.5, 8.25],
			"faces": {
				"north": {"uv": [9.5, 9.5, 9.625, 10.5], "texture": "#0"},
				"east": {"uv": [7.5, 7.5, 8, 8.5], "texture": "#0"},
				"south": {"uv": [10, 0, 10.125, 1], "texture": "#0"},
				"west": {"uv": [0.5, 8, 1, 9], "texture": "#0"},
				"up": {"uv": [10.625, 11, 10.5, 10.5], "texture": "#0"},
				"down": {"uv": [0.125, 11, 0, 11.5], "texture": "#0"}
			}
		},
		{
			"from": [7.875, 21, 7.25],
			"to": [8.125, 23, 9.25],
			"rotation": {"angle": -45, "axis": "x", "origin": [8, 22.5, 8.25]},
			"faces": {
				"north": {"uv": [1, 10, 1.125, 11], "texture": "#0"},
				"east": {"uv": [7, 5.5, 8, 6.5], "texture": "#0"},
				"south": {"uv": [10, 1, 10.125, 2], "texture": "#0"},
				"west": {"uv": [7.5, 0, 8.5, 1], "texture": "#0"},
				"up": {"uv": [1.625, 11, 1.5, 10], "texture": "#0"},
				"down": {"uv": [10.125, 2, 10, 3], "texture": "#0"}
			}
		},
		{
			"from": [7.875, 21, 9.25],
			"to": [8.125, 22.25, 11.25],
			"rotation": {"angle": -45, "axis": "x", "origin": [8, 22.5, 8.25]},
			"faces": {
				"north": {"uv": [9, 10.5, 9.125, 11.125], "texture": "#0"},
				"east": {"uv": [7.5, 1.5, 8.5, 2.125], "texture": "#0"},
				"south": {"uv": [9.5, 10.5, 9.625, 11.125], "texture": "#0"},
				"west": {"uv": [7.5, 2.5, 8.5, 3.125], "texture": "#0"},
				"up": {"uv": [10.125, 4, 10, 3], "texture": "#0"},
				"down": {"uv": [10.125, 4, 10, 5], "texture": "#0"}
			}
		},
		{
			"from": [7.875, 5.5, 8],
			"to": [8.125, 8.5, 10],
			"rotation": {"angle": 22.5, "axis": "x", "origin": [8, 7.5, 9.5]},
			"faces": {
				"north": {"uv": [9.5, 1.5, 9.625, 3], "texture": "#0"},
				"east": {"uv": [0.5, 6.5, 1.5, 8], "texture": "#0"},
				"south": {"uv": [2.5, 9.5, 2.625, 11], "texture": "#0"},
				"west": {"uv": [1.5, 6.5, 2.5, 8], "texture": "#0"},
				"up": {"uv": [4.625, 11, 4.5, 10], "texture": "#0"},
				"down": {"uv": [10.125, 5, 10, 6], "texture": "#0"}
			}
		},
		{
			"from": [7.875, 8.5, 9.5],
			"to": [8.125, 10, 10],
			"rotation": {"angle": 22.5, "axis": "x", "origin": [8, 7.5, 9.5]},
			"faces": {
				"north": {"uv": [10.5, 7.5, 10.625, 8.25], "texture": "#0"},
				"east": {"uv": [9, 4, 9.25, 4.75], "texture": "#0"},
				"south": {"uv": [10.5, 8.5, 10.625, 9.25], "texture": "#0"},
				"west": {"uv": [9, 5.5, 9.25, 6.25], "texture": "#0"},
				"up": {"uv": [11.125, 4.75, 11, 4.5], "texture": "#0"},
				"down": {"uv": [11.125, 5, 11, 5.25], "texture": "#0"}
			}
		},
		{
			"from": [7.875, 6.5, 5.5],
			"to": [8.125, 10.5, 7.5],
			"rotation": {"angle": -22.5, "axis": "x", "origin": [8, 7.5, 7]},
			"faces": {
				"north": {"uv": [7.5, 8.5, 7.625, 10.5], "texture": "#0"},
				"east": {"uv": [6, 0, 7, 2], "texture": "#0"},
				"south": {"uv": [0.5, 9, 0.625, 11], "texture": "#0"},
				"west": {"uv": [6, 2, 7, 4], "texture": "#0"},
				"up": {"uv": [10.125, 7, 10, 6], "texture": "#0"},
				"down": {"uv": [10.125, 7, 10, 8], "texture": "#0"}
			}
		},
		{
			"from": [7.875, 10, 5.25],
			"to": [8.125, 20, 8.25],
			"rotation": {"angle": 0, "axis": "y", "origin": [8, 7.5, 7]},
			"faces": {
				"north": {"uv": [6, 7.5, 6.125, 12.5], "texture": "#0"},
				"east": {"uv": [3, 0, 4.5, 5], "texture": "#0"},
				"south": {"uv": [6.5, 7.5, 6.625, 12.5], "texture": "#0"},
				"west": {"uv": [4.5, 0, 6, 5], "texture": "#0"},
				"up": {"uv": [3.125, 11, 3, 9.5], "texture": "#0"},
				"down": {"uv": [9.625, 3, 9.5, 4.5], "texture": "#0"}
			}
		},
		{
			"from": [7.875, 13.5, 4.625],
			"to": [8.125, 19.5, 5.625],
			"rotation": {"angle": 0, "axis": "y", "origin": [8, 7.5, 7]},
			"faces": {
				"north": {"uv": [7, 8.5, 7.125, 11.5], "texture": "#0"},
				"east": {"uv": [2.5, 6.5, 3, 9.5], "texture": "#0"},
				"south": {"uv": [8.5, 7, 8.625, 10], "texture": "#0"},
				"west": {"uv": [6.5, 4, 7, 7], "texture": "#0"},
				"up": {"uv": [11.125, 0.5, 11, 0], "texture": "#0"},
				"down": {"uv": [0.625, 11, 0.5, 11.5], "texture": "#0"}
			}
		},
		{
			"from": [7.875, 9.5, 4.875],
			"to": [8.125, 13.5, 5.375],
			"rotation": {"angle": 0, "axis": "y", "origin": [8, 7.5, 7]},
			"faces": {
				"north": {"uv": [9, 1.5, 9.125, 3.5], "texture": "#0"},
				"east": {"uv": [1, 8, 1.25, 10], "texture": "#0"},
				"south": {"uv": [2, 9, 2.125, 11], "texture": "#0"},
				"west": {"uv": [1.5, 8, 1.75, 10], "texture": "#0"},
				"up": {"uv": [11.125, 5.75, 11, 5.5], "texture": "#0"},
				"down": {"uv": [11.125, 6, 11, 6.25], "texture": "#0"}
			}
		},
		{
			"from": [7.875, 18.5, 5.75],
			"to": [8.125, 22.5, 8.25],
			"rotation": {"angle": 45, "axis": "x", "origin": [8, 20.5, 6.5]},
			"faces": {
				"north": {"uv": [9, 7, 9.125, 9], "texture": "#0"},
				"east": {"uv": [3, 5, 4.25, 7], "texture": "#0"},
				"south": {"uv": [8, 9, 8.125, 11], "texture": "#0"},
				"west": {"uv": [4.5, 5, 5.75, 7], "texture": "#0"},
				"up": {"uv": [3.625, 10.75, 3.5, 9.5], "texture": "#0"},
				"down": {"uv": [4.125, 9.5, 4, 10.75], "texture": "#0"}
			}
		},
		{
			"from": [7.875, 9.5, 8.5],
			"to": [8.125, 11.5, 9.5],
			"rotation": {"angle": 22.5, "axis": "x", "origin": [8, 10.5, 9]},
			"faces": {
				"north": {"uv": [10, 8, 10.125, 9], "texture": "#0"},
				"east": {"uv": [2, 8, 2.5, 9], "texture": "#0"},
				"south": {"uv": [8.5, 10, 8.625, 11], "texture": "#0"},
				"west": {"uv": [8, 3.5, 8.5, 4.5], "texture": "#0"},
				"up": {"uv": [11.125, 1, 11, 0.5], "texture": "#0"},
				"down": {"uv": [1.125, 11, 1, 11.5], "texture": "#0"}
			}
		},
		{
			"from": [7.875, 11.5, 9],
			"to": [8.125, 12.5, 9.5],
			"rotation": {"angle": 22.5, "axis": "x", "origin": [8, 10.5, 9]},
			"faces": {
				"north": {"uv": [11, 1, 11.125, 1.5], "texture": "#0"},
				"east": {"uv": [10, 9, 10.25, 9.5], "texture": "#0"},
				"south": {"uv": [1.5, 11, 1.625, 11.5], "texture": "#0"},
				"west": {"uv": [10, 9.5, 10.25, 10], "texture": "#0"},
				"up": {"uv": [11.125, 6.75, 11, 6.5], "texture": "#0"},
				"down": {"uv": [11.125, 7, 11, 7.25], "texture": "#0"}
			}
		},
		{
			"from": [7.875, 12.5, 8.5],
			"to": [8.125, 14.5, 9.5],
			"rotation": {"angle": 22.5, "axis": "x", "origin": [8, 13.5, 9]},
			"faces": {
				"north": {"uv": [10, 10, 10.125, 11], "texture": "#0"},
				"east": {"uv": [8, 5.5, 8.5, 6.5], "texture": "#0"},
				"south": {"uv": [10.5, 0, 10.625, 1], "texture": "#0"},
				"west": {"uv": [8, 7, 8.5, 8], "texture": "#0"},
				"up": {"uv": [11.125, 2, 11, 1.5], "texture": "#0"},
				"down": {"uv": [2.125, 11, 2, 11.5], "texture": "#0"}
			}
		},
		{
			"from": [7.875, 14.5, 9],
			"to": [8.125, 15.5, 9.5],
			"rotation": {"angle": 22.5, "axis": "x", "origin": [8, 13.5, 9]},
			"faces": {
				"north": {"uv": [11, 2, 11.125, 2.5], "texture": "#0"},
				"east": {"uv": [10.5, 1, 10.75, 1.5], "texture": "#0"},
				"south": {"uv": [2.5, 11, 2.625, 11.5], "texture": "#0"},
				"west": {"uv": [10.5, 1.5, 10.75, 2], "texture": "#0"},
				"up": {"uv": [7.625, 11.25, 7.5, 11], "texture": "#0"},
				"down": {"uv": [11.125, 7.5, 11, 7.75], "texture": "#0"}
			}
		},
		{
			"from": [7.875, 15.5, 8.5],
			"to": [8.125, 17.5, 9.5],
			"rotation": {"angle": 22.5, "axis": "x", "origin": [8, 16.5, 9]},
			"faces": {
				"north": {"uv": [10.5, 2, 10.625, 3], "texture": "#0"},
				"east": {"uv": [8, 8, 8.5, 9], "texture": "#0"},
				"south": {"uv": [10.5, 3, 10.625, 4], "texture": "#0"},
				"west": {"uv": [8.5, 0, 9, 1], "texture": "#0"},
				"up": {"uv": [11.125, 3, 11, 2.5], "texture": "#0"},
				"down": {"uv": [3.125, 11, 3, 11.5], "texture": "#0"}
			}
		},
		{
			"from": [7.875, 17.5, 9],
			"to": [8.125, 18.5, 9.5],
			"rotation": {"angle": 22.5, "axis": "x", "origin": [8, 16.5, 9]},
			"faces": {
				"north": {"uv": [11, 3, 11.125, 3.5], "texture": "#0"},
				"east": {"uv": [10.5, 4, 10.75, 4.5], "texture": "#0"},
				"south": {"uv": [3.5, 11, 3.625, 11.5], "texture": "#0"},
				"west": {"uv": [10.5, 4.5, 10.75, 5], "texture": "#0"},
				"up": {"uv": [8.125, 11.25, 8, 11], "texture": "#0"},
				"down": {"uv": [11.125, 8, 11, 8.25], "texture": "#0"}
			}
		},
		{
			"from": [7.875, 18.5, 8.5],
			"to": [8.125, 20.5, 9.5],
			"rotation": {"angle": 45, "axis": "x", "origin": [8, 19.5, 9]},
			"faces": {
				"north": {"uv": [10.5, 5, 10.625, 6], "texture": "#0"},
				"east": {"uv": [8.5, 1.5, 9, 2.5], "texture": "#0"},
				"south": {"uv": [10.5, 6, 10.625, 7], "texture": "#0"},
				"west": {"uv": [8.5, 2.5, 9, 3.5], "texture": "#0"},
				"up": {"uv": [11.125, 4, 11, 3.5], "texture": "#0"},
				"down": {"uv": [4.125, 11, 4, 11.5], "texture": "#0"}
			}
		},
		{
			"from": [7.875, 20.5, 9],
			"to": [8.125, 21.5, 9.5],
			"rotation": {"angle": 45, "axis": "x", "origin": [8, 19.5, 9]},
			"faces": {
				"north": {"uv": [11, 4, 11.125, 4.5], "texture": "#0"},
				"east": {"uv": [10.5, 7, 10.75, 7.5], "texture": "#0"},
				"south": {"uv": [4.5, 11, 4.625, 11.5], "texture": "#0"},
				"west": {"uv": [7.5, 10.5, 7.75, 11], "texture": "#0"},
				"up": {"uv": [8.625, 11.25, 8.5, 11], "texture": "#0"},
				"down": {"uv": [11.125, 8.5, 11, 8.75], "texture": "#0"}
			}
		}
	],
	"display": {
		"thirdperson_righthand": {
			"translation": [0, 3.25, 1.75]
		},
		"thirdperson_lefthand": {
			"translation": [0, 3.25, 1.75]
		},
		"firstperson_righthand": {
			"translation": [-0.25, 1.75, -2.5]
		},
		"firstperson_lefthand": {
			"translation": [0.25, 1.75, -2.5]
		},
		"gui": {
			"rotation": [-90, -45, -90],
			"translation": [-2.5, -2.75, 0]
		},
		"head": {
			"rotation": [-72, 0, -180],
			"translation": [0, 6.75, -15]
		},
		"fixed": {
			"rotation": [-90, 45, 90],
			"translation": [3.25, -3.75, 0]
		}
	},
	"groups": [
		{
			"name": "Rageblade",
			"origin": [8, 8, 8],
			"color": 0,
			"children": [
				0,
				1,
				2,
				3,
				4,
				{
					"name": "Blade",
					"origin": [0, 0, 0],
					"color": 0,
					"children": [
						5,
						6,
						7,
						{
							"name": "7",
							"origin": [0, 0, 0],
							"color": 0,
							"children": [8, 9]
						},
						{
							"name": "1",
							"origin": [8, 7.5, 9.5],
							"color": 0,
							"children": [10, 11]
						},
						12,
						13,
						14,
						15,
						{
							"name": "6",
							"origin": [8, 7.5, 7],
							"color": 0,
							"children": [16]
						},
						{
							"name": "2",
							"origin": [0, 0, 0],
							"color": 0,
							"children": [17, 18]
						},
						{
							"name": "3",
							"origin": [0, 0, 0],
							"color": 0,
							"children": [19, 20]
						},
						{
							"name": "4",
							"origin": [0, 0, 0],
							"color": 0,
							"children": [21, 22]
						},
						{
							"name": "5",
							"origin": [0, 0, 0],
							"color": 0,
							"children": [23, 24]
						}
					]
				}
			]
		}
	]
}