{
	"credit": "Made with Blockbench",
	"texture_size": [64, 64],
	"textures": {
		"0": "item/RaumMinigun",
		"particle": "item/RaumMinigun"
	},
	"elements": [
		{
			"from": [6, 0, 6],
			"to": [10, 4, 12],
			"faces": {
				"north": {"uv": [0, 2, 1, 3], "texture": "#0"},
				"east": {"uv": [0, 0, 1.5, 1], "texture": "#0"},
				"south": {"uv": [2.5, 0, 3.5, 1], "texture": "#0"},
				"west": {"uv": [0, 1, 1.5, 2], "texture": "#0"},
				"up": {"uv": [2.5, 1.5, 1.5, 0], "texture": "#0"},
				"down": {"uv": [2.5, 1.5, 1.5, 3], "texture": "#0"}
			}
		},
		{
			"from": [7.25, 0.25, 2.5],
			"to": [8.75, 1, 6],
			"faces": {
				"north": {"uv": [9.25, 4.25, 9.625, 4.4375], "texture": "#0"},
				"east": {"uv": [7.5, 6.5, 8.375, 6.6875], "texture": "#0"},
				"south": {"uv": [4.5, 9.25, 4.875, 9.4375], "texture": "#0"},
				"west": {"uv": [7.25, 7.5, 8.125, 7.6875], "texture": "#0"},
				"up": {"uv": [4.875, 4.125, 4.5, 3.25], "texture": "#0"},
				"down": {"uv": [4.625, 4.5, 4.25, 5.375], "texture": "#0"}
			}
		},
		{
			"from": [7.25, 0.25, -1.5],
			"to": [8.75, 1, 2],
			"faces": {
				"north": {"uv": [9.25, 4.5, 9.625, 4.6875], "texture": "#0"},
				"east": {"uv": [7.75, 0.5, 8.625, 0.6875], "texture": "#0"},
				"south": {"uv": [9.25, 4.75, 9.625, 4.9375], "texture": "#0"},
				"west": {"uv": [7.75, 0.75, 8.625, 0.9375], "texture": "#0"},
				"up": {"uv": [0.875, 5.625, 0.5, 4.75], "texture": "#0"},
				"down": {"uv": [1.375, 4.75, 1, 5.625], "texture": "#0"}
			}
		},
		{
			"from": [7.25, 0.25, -4.5],
			"to": [8.75, 1, -2],
			"faces": {
				"north": {"uv": [5, 9.25, 5.375, 9.4375], "texture": "#0"},
				"east": {"uv": [7.5, 8.75, 8.125, 8.9375], "texture": "#0"},
				"south": {"uv": [9.25, 5, 9.625, 5.1875], "texture": "#0"},
				"west": {"uv": [8.75, 8, 9.375, 8.1875], "texture": "#0"},
				"up": {"uv": [6.875, 6.625, 6.5, 6], "texture": "#0"},
				"down": {"uv": [0.375, 6.75, 0, 7.375], "texture": "#0"}
			}
		},
		{
			"from": [9, 1.25, 2.5],
			"to": [9.75, 2.75, 6],
			"faces": {
				"north": {"uv": [9.25, 5.25, 9.4375, 5.625], "texture": "#0"},
				"east": {"uv": [4.75, 1.25, 5.625, 1.625], "texture": "#0"},
				"south": {"uv": [5.5, 9.25, 5.6875, 9.625], "texture": "#0"},
				"west": {"uv": [4.75, 1.75, 5.625, 2.125], "texture": "#0"},
				"up": {"uv": [4.6875, 8.625, 4.5, 7.75], "texture": "#0"},
				"down": {"uv": [4.9375, 7.75, 4.75, 8.625], "texture": "#0"}
			}
		},
		{
			"from": [9, 1.25, -1.5],
			"to": [9.75, 2.75, 2],
			"faces": {
				"north": {"uv": [5.75, 9.25, 5.9375, 9.625], "texture": "#0"},
				"east": {"uv": [4.75, 4.25, 5.625, 4.625], "texture": "#0"},
				"south": {"uv": [9.25, 7, 9.4375, 7.375], "texture": "#0"},
				"west": {"uv": [4.75, 4.75, 5.625, 5.125], "texture": "#0"},
				"up": {"uv": [5.1875, 8.625, 5, 7.75], "texture": "#0"},
				"down": {"uv": [5.4375, 7.75, 5.25, 8.625], "texture": "#0"}
			}
		},
		{
			"from": [9, 1.25, -4.5],
			"to": [9.75, 2.75, -2],
			"faces": {
				"north": {"uv": [8.25, 9.25, 8.4375, 9.625], "texture": "#0"},
				"east": {"uv": [6.75, 1, 7.375, 1.375], "texture": "#0"},
				"south": {"uv": [8.5, 9.25, 8.6875, 9.625], "texture": "#0"},
				"west": {"uv": [6.75, 1.5, 7.375, 1.875], "texture": "#0"},
				"up": {"uv": [8.9375, 8.875, 8.75, 8.25], "texture": "#0"},
				"down": {"uv": [9.1875, 1.5, 9, 2.125], "texture": "#0"}
			}
		},
		{
			"from": [8.5795, 0.32062, 2.5],
			"to": [9.3295, 1.73483, 6],
			"rotation": {"angle": -45, "axis": "z", "origin": [8.9545, 0.98483, 3.5]},
			"faces": {
				"north": {"uv": [8.75, 9.25, 8.9375, 9.625], "texture": "#0"},
				"east": {"uv": [5, 2.25, 5.875, 2.625], "texture": "#0"},
				"south": {"uv": [9, 9.25, 9.1875, 9.625], "texture": "#0"},
				"west": {"uv": [5, 2.75, 5.875, 3.125], "texture": "#0"},
				"up": {"uv": [5.6875, 8.625, 5.5, 7.75], "texture": "#0"},
				"down": {"uv": [5.9375, 7.75, 5.75, 8.625], "texture": "#0"}
			}
		},
		{
			"from": [8.5795, 0.32062, -1.5],
			"to": [9.3295, 1.73483, 2],
			"rotation": {"angle": -45, "axis": "z", "origin": [8.9545, 0.98483, 3.5]},
			"faces": {
				"north": {"uv": [9.25, 9, 9.4375, 9.375], "texture": "#0"},
				"east": {"uv": [3.25, 5, 4.125, 5.375], "texture": "#0"},
				"south": {"uv": [0, 9.5, 0.1875, 9.875], "texture": "#0"},
				"west": {"uv": [5, 3.25, 5.875, 3.625], "texture": "#0"},
				"up": {"uv": [6.6875, 8.625, 6.5, 7.75], "texture": "#0"},
				"down": {"uv": [6.9375, 7.75, 6.75, 8.625], "texture": "#0"}
			}
		},
		{
			"from": [8.5795, 0.32062, -4.5],
			"to": [9.3295, 1.73483, -2],
			"rotation": {"angle": -45, "axis": "z", "origin": [8.9545, 0.98483, 3.5]},
			"faces": {
				"north": {"uv": [0.25, 9.5, 0.4375, 9.875], "texture": "#0"},
				"east": {"uv": [6.75, 3, 7.375, 3.375], "texture": "#0"},
				"south": {"uv": [9.5, 0.5, 9.6875, 0.875], "texture": "#0"},
				"west": {"uv": [6.75, 3.5, 7.375, 3.875], "texture": "#0"},
				"up": {"uv": [4.1875, 9.625, 4, 9], "texture": "#0"},
				"down": {"uv": [4.4375, 9, 4.25, 9.625], "texture": "#0"}
			}
		},
		{
			"from": [8.64017, 2.29029, 2.5],
			"to": [9.39017, 3.7045, 6],
			"rotation": {"angle": 45, "axis": "z", "origin": [9.01517, 2.9545, 3.5]},
			"faces": {
				"north": {"uv": [0.75, 9.5, 0.9375, 9.875], "texture": "#0"},
				"east": {"uv": [5, 3.75, 5.875, 4.125], "texture": "#0"},
				"south": {"uv": [1, 9.5, 1.1875, 9.875], "texture": "#0"},
				"west": {"uv": [5.25, 0.5, 6.125, 0.875], "texture": "#0"},
				"up": {"uv": [7.1875, 8.625, 7, 7.75], "texture": "#0"},
				"down": {"uv": [7.4375, 7.75, 7.25, 8.625], "texture": "#0"}
			}
		},
		{
			"from": [8.64017, 2.29029, -1.5],
			"to": [9.39017, 3.7045, 2],
			"rotation": {"angle": 45, "axis": "z", "origin": [9.01517, 2.9545, 3.5]},
			"faces": {
				"north": {"uv": [1.25, 9.5, 1.4375, 9.875], "texture": "#0"},
				"east": {"uv": [4.75, 5.25, 5.625, 5.625], "texture": "#0"},
				"south": {"uv": [1.5, 9.5, 1.6875, 9.875], "texture": "#0"},
				"west": {"uv": [5.5, 0, 6.375, 0.375], "texture": "#0"},
				"up": {"uv": [7.6875, 8.625, 7.5, 7.75], "texture": "#0"},
				"down": {"uv": [7.9375, 7.75, 7.75, 8.625], "texture": "#0"}
			}
		},
		{
			"from": [8.64017, 2.29029, -4.5],
			"to": [9.39017, 3.7045, -2],
			"rotation": {"angle": 45, "axis": "z", "origin": [9.01517, 2.9545, 3.5]},
			"faces": {
				"north": {"uv": [9.5, 1.5, 9.6875, 1.875], "texture": "#0"},
				"east": {"uv": [4, 6.75, 4.625, 7.125], "texture": "#0"},
				"south": {"uv": [1.75, 9.5, 1.9375, 9.875], "texture": "#0"},
				"west": {"uv": [6.75, 4.25, 7.375, 4.625], "texture": "#0"},
				"up": {"uv": [6.1875, 9.625, 6, 9], "texture": "#0"},
				"down": {"uv": [6.4375, 9, 6.25, 9.625], "texture": "#0"}
			}
		},
		{
			"from": [6.25, 1.25, 2.5],
			"to": [7, 2.75, 6],
			"faces": {
				"north": {"uv": [2.25, 9.5, 2.4375, 9.875], "texture": "#0"},
				"east": {"uv": [1.5, 5.5, 2.375, 5.875], "texture": "#0"},
				"south": {"uv": [9.5, 2.25, 9.6875, 2.625], "texture": "#0"},
				"west": {"uv": [2.5, 5.5, 3.375, 5.875], "texture": "#0"},
				"up": {"uv": [8.1875, 3.375, 8, 2.5], "texture": "#0"},
				"down": {"uv": [8.1875, 3.5, 8, 4.375], "texture": "#0"}
			}
		},
		{
			"from": [6.25, 1.25, -1.5],
			"to": [7, 2.75, 2],
			"faces": {
				"north": {"uv": [2.5, 9.5, 2.6875, 9.875], "texture": "#0"},
				"east": {"uv": [3.5, 5.5, 4.375, 5.875], "texture": "#0"},
				"south": {"uv": [2.75, 9.5, 2.9375, 9.875], "texture": "#0"},
				"west": {"uv": [0, 5.75, 0.875, 6.125], "texture": "#0"},
				"up": {"uv": [4.1875, 8.875, 4, 8], "texture": "#0"},
				"down": {"uv": [4.4375, 8, 4.25, 8.875], "texture": "#0"}
			}
		},
		{
			"from": [6.25, 1.25, -4.5],
			"to": [7, 2.75, -2],
			"faces": {
				"north": {"uv": [9.5, 2.75, 9.6875, 3.125], "texture": "#0"},
				"east": {"uv": [4.75, 6.75, 5.375, 7.125], "texture": "#0"},
				"south": {"uv": [3, 9.5, 3.1875, 9.875], "texture": "#0"},
				"west": {"uv": [6.75, 4.75, 7.375, 5.125], "texture": "#0"},
				"up": {"uv": [6.6875, 9.625, 6.5, 9], "texture": "#0"},
				"down": {"uv": [6.9375, 9, 6.75, 9.625], "texture": "#0"}
			}
		},
		{
			"from": [6, 1.25, 2],
			"to": [10, 2.75, 2.5],
			"faces": {
				"north": {"uv": [3.5, 2.5, 4.5, 2.875], "texture": "#0"},
				"east": {"uv": [4.75, 10, 4.875, 10.375], "texture": "#0"},
				"south": {"uv": [3.5, 3, 4.5, 3.375], "texture": "#0"},
				"west": {"uv": [5, 10, 5.125, 10.375], "texture": "#0"},
				"up": {"uv": [9.75, 5.875, 8.75, 5.75], "texture": "#0"},
				"down": {"uv": [7, 8.75, 6, 8.875], "texture": "#0"}
			}
		},
		{
			"from": [6, 1.25, -2],
			"to": [10, 2.75, -1.5],
			"faces": {
				"north": {"uv": [3.5, 3.5, 4.5, 3.875], "texture": "#0"},
				"east": {"uv": [5.25, 10, 5.375, 10.375], "texture": "#0"},
				"south": {"uv": [3.5, 4, 4.5, 4.375], "texture": "#0"},
				"west": {"uv": [5.75, 10, 5.875, 10.375], "texture": "#0"},
				"up": {"uv": [9.75, 6.125, 8.75, 6], "texture": "#0"},
				"down": {"uv": [9.75, 6.75, 8.75, 6.875], "texture": "#0"}
			}
		},
		{
			"from": [6, 1.25, -7],
			"to": [10, 2.75, -4.5],
			"faces": {
				"north": {"uv": [0.5, 4.25, 1.5, 4.625], "texture": "#0"},
				"east": {"uv": [6.75, 5.25, 7.375, 5.625], "texture": "#0"},
				"south": {"uv": [4.25, 0.75, 5.25, 1.125], "texture": "#0"},
				"west": {"uv": [5.5, 6.75, 6.125, 7.125], "texture": "#0"},
				"up": {"uv": [4.5, 0.625, 3.5, 0], "texture": "#0"},
				"down": {"uv": [1.5, 3.5, 0.5, 4.125], "texture": "#0"}
			}
		},
		{
			"from": [8.49112, 0.10723, 2],
			"to": [9.74112, 1.875, 2.5],
			"rotation": {"angle": -45, "axis": "z", "origin": [9.11612, 1.25, 0.75]},
			"faces": {
				"north": {"uv": [8.25, 4.25, 8.5625, 4.6875], "texture": "#0"},
				"east": {"uv": [0, 10, 0.125, 10.4375], "texture": "#0"},
				"south": {"uv": [8.25, 4.75, 8.5625, 5.1875], "texture": "#0"},
				"west": {"uv": [0.25, 10, 0.375, 10.4375], "texture": "#0"},
				"up": {"uv": [10.5625, 8.375, 10.25, 8.25], "texture": "#0"},
				"down": {"uv": [8.8125, 10.25, 8.5, 10.375], "texture": "#0"}
			}
		},
		{
			"from": [8.49112, 0.10723, -2],
			"to": [9.74112, 1.875, -1.5],
			"rotation": {"angle": -45, "axis": "z", "origin": [9.11612, 1.25, 0.75]},
			"faces": {
				"north": {"uv": [8.25, 5.25, 8.5625, 5.6875], "texture": "#0"},
				"east": {"uv": [10, 1.25, 10.125, 1.6875], "texture": "#0"},
				"south": {"uv": [8.25, 5.75, 8.5625, 6.1875], "texture": "#0"},
				"west": {"uv": [1.75, 10, 1.875, 10.4375], "texture": "#0"},
				"up": {"uv": [10.5625, 8.625, 10.25, 8.5], "texture": "#0"},
				"down": {"uv": [10.5625, 8.75, 10.25, 8.875], "texture": "#0"}
			}
		},
		{
			"from": [8.49112, 0.10723, -7],
			"to": [9.74112, 1.875, -4.5],
			"rotation": {"angle": -45, "axis": "z", "origin": [9.11612, 1.25, 0.75]},
			"faces": {
				"north": {"uv": [6, 8.25, 6.3125, 8.6875], "texture": "#0"},
				"east": {"uv": [6, 3, 6.625, 3.4375], "texture": "#0"},
				"south": {"uv": [8.25, 7.5, 8.5625, 7.9375], "texture": "#0"},
				"west": {"uv": [3.5, 6, 4.125, 6.4375], "texture": "#0"},
				"up": {"uv": [1.8125, 8.125, 1.5, 7.5], "texture": "#0"},
				"down": {"uv": [7.8125, 1.5, 7.5, 2.125], "texture": "#0"}
			}
		},
		{
			"from": [6.625, 1.97335, 2],
			"to": [7.875, 3.74112, 2.5],
			"rotation": {"angle": -45, "axis": "z", "origin": [7.25, 3.11612, 0.75]},
			"faces": {
				"north": {"uv": [8.5, 6.25, 8.8125, 6.6875], "texture": "#0"},
				"east": {"uv": [2.5, 10, 2.625, 10.4375], "texture": "#0"},
				"south": {"uv": [8.25, 8.5, 8.5625, 8.9375], "texture": "#0"},
				"west": {"uv": [10, 2.5, 10.125, 2.9375], "texture": "#0"},
				"up": {"uv": [10.5625, 9.375, 10.25, 9.25], "texture": "#0"},
				"down": {"uv": [10.5625, 10, 10.25, 10.125], "texture": "#0"}
			}
		},
		{
			"from": [6.625, 1.97335, -2],
			"to": [7.875, 3.74112, -1.5],
			"rotation": {"angle": -45, "axis": "z", "origin": [7.25, 3.11612, 0.75]},
			"faces": {
				"north": {"uv": [8.75, 0, 9.0625, 0.4375], "texture": "#0"},
				"east": {"uv": [2.75, 10, 2.875, 10.4375], "texture": "#0"},
				"south": {"uv": [8.75, 0.5, 9.0625, 0.9375], "texture": "#0"},
				"west": {"uv": [3, 10, 3.125, 10.4375], "texture": "#0"},
				"up": {"uv": [10.5625, 10.375, 10.25, 10.25], "texture": "#0"},
				"down": {"uv": [0.3125, 10.5, 0, 10.625], "texture": "#0"}
			}
		},
		{
			"from": [6.625, 1.97335, -7],
			"to": [7.875, 3.74112, -4.5],
			"rotation": {"angle": -45, "axis": "z", "origin": [7.25, 3.11612, 0.75]},
			"faces": {
				"north": {"uv": [8.75, 1, 9.0625, 1.4375], "texture": "#0"},
				"east": {"uv": [6, 3.5, 6.625, 3.9375], "texture": "#0"},
				"south": {"uv": [1.25, 8.75, 1.5625, 9.1875], "texture": "#0"},
				"west": {"uv": [0, 6.25, 0.625, 6.6875], "texture": "#0"},
				"up": {"uv": [2.3125, 8.125, 2, 7.5], "texture": "#0"},
				"down": {"uv": [2.8125, 7.5, 2.5, 8.125], "texture": "#0"}
			}
		},
		{
			"from": [6.25888, 0.10723, 2],
			"to": [7.50888, 1.875, 2.5],
			"rotation": {"angle": 45, "axis": "z", "origin": [6.88388, 1.25, 0.75]},
			"faces": {
				"north": {"uv": [1.75, 8.75, 2.0625, 9.1875], "texture": "#0"},
				"east": {"uv": [10, 3, 10.125, 3.4375], "texture": "#0"},
				"south": {"uv": [2.25, 8.75, 2.5625, 9.1875], "texture": "#0"},
				"west": {"uv": [3.25, 10, 3.375, 10.4375], "texture": "#0"},
				"up": {"uv": [10.8125, 0.125, 10.5, 0], "texture": "#0"},
				"down": {"uv": [10.8125, 0.75, 10.5, 0.875], "texture": "#0"}
			}
		},
		{
			"from": [6.25888, 0.10723, -2],
			"to": [7.50888, 1.875, -1.5],
			"rotation": {"angle": 45, "axis": "z", "origin": [6.88388, 1.25, 0.75]},
			"faces": {
				"north": {"uv": [8.75, 2.25, 9.0625, 2.6875], "texture": "#0"},
				"east": {"uv": [3.5, 10, 3.625, 10.4375], "texture": "#0"},
				"south": {"uv": [2.75, 8.75, 3.0625, 9.1875], "texture": "#0"},
				"west": {"uv": [10, 3.5, 10.125, 3.9375], "texture": "#0"},
				"up": {"uv": [1.8125, 10.625, 1.5, 10.5], "texture": "#0"},
				"down": {"uv": [10.8125, 1.75, 10.5, 1.875], "texture": "#0"}
			}
		},
		{
			"from": [6.25888, 0.10723, -7],
			"to": [7.50888, 1.875, -4.5],
			"rotation": {"angle": 45, "axis": "z", "origin": [6.88388, 1.25, 0.75]},
			"faces": {
				"north": {"uv": [8.75, 2.75, 9.0625, 3.1875], "texture": "#0"},
				"east": {"uv": [6.25, 0.5, 6.875, 0.9375], "texture": "#0"},
				"south": {"uv": [3.25, 8.75, 3.5625, 9.1875], "texture": "#0"},
				"west": {"uv": [4.25, 6.25, 4.875, 6.6875], "texture": "#0"},
				"up": {"uv": [3.3125, 8.125, 3, 7.5], "texture": "#0"},
				"down": {"uv": [7.8125, 3, 7.5, 3.625], "texture": "#0"}
			}
		},
		{
			"from": [7.25, 0, -2],
			"to": [8.75, 4, -1.5],
			"faces": {
				"north": {"uv": [1, 2, 1.375, 3], "texture": "#0"},
				"east": {"uv": [3.75, 8.25, 3.875, 9.25], "texture": "#0"},
				"south": {"uv": [4.25, 1.25, 4.625, 2.25], "texture": "#0"},
				"west": {"uv": [7, 8.75, 7.125, 9.75], "texture": "#0"},
				"up": {"uv": [10.375, 6.375, 10, 6.25], "texture": "#0"},
				"down": {"uv": [10.375, 6.5, 10, 6.625], "texture": "#0"}
			}
		},
		{
			"from": [7.25, 0, -7],
			"to": [8.75, 4, -4.5],
			"faces": {
				"north": {"uv": [2.25, 4.25, 2.625, 5.25], "texture": "#0"},
				"east": {"uv": [3.5, 0.75, 4.125, 1.75], "texture": "#0"},
				"south": {"uv": [1.5, 4.5, 1.875, 5.5], "texture": "#0"},
				"west": {"uv": [1.5, 3.5, 2.125, 4.5], "texture": "#0"},
				"up": {"uv": [6.625, 7.375, 6.25, 6.75], "texture": "#0"},
				"down": {"uv": [7.125, 6.75, 6.75, 7.375], "texture": "#0"}
			}
		},
		{
			"from": [7.25, 0, 2],
			"to": [8.75, 4, 2.5],
			"faces": {
				"north": {"uv": [4.5, 2.25, 4.875, 3.25], "texture": "#0"},
				"east": {"uv": [8.75, 7, 8.875, 8], "texture": "#0"},
				"south": {"uv": [2.75, 4.5, 3.125, 5.5], "texture": "#0"},
				"west": {"uv": [7.25, 8.75, 7.375, 9.75], "texture": "#0"},
				"up": {"uv": [7.125, 10.125, 6.75, 10], "texture": "#0"},
				"down": {"uv": [10.375, 6.75, 10, 6.875], "texture": "#0"}
			}
		},
		{
			"from": [8.125, 1.97335, 2],
			"to": [9.375, 3.74112, 2.5],
			"rotation": {"angle": 45, "axis": "z", "origin": [8.75, 3.11612, 0.75]},
			"faces": {
				"north": {"uv": [8.75, 4.25, 9.0625, 4.6875], "texture": "#0"},
				"east": {"uv": [3.75, 10, 3.875, 10.4375], "texture": "#0"},
				"south": {"uv": [4.5, 8.75, 4.8125, 9.1875], "texture": "#0"},
				"west": {"uv": [10, 4, 10.125, 4.4375], "texture": "#0"},
				"up": {"uv": [2.3125, 10.625, 2, 10.5], "texture": "#0"},
				"down": {"uv": [10.8125, 2, 10.5, 2.125], "texture": "#0"}
			}
		},
		{
			"from": [8.125, 1.97335, -2],
			"to": [9.375, 3.74112, -1.5],
			"rotation": {"angle": 45, "axis": "z", "origin": [8.75, 3.11612, 0.75]},
			"faces": {
				"north": {"uv": [8.75, 4.75, 9.0625, 5.1875], "texture": "#0"},
				"east": {"uv": [4.5, 10, 4.625, 10.4375], "texture": "#0"},
				"south": {"uv": [5, 8.75, 5.3125, 9.1875], "texture": "#0"},
				"west": {"uv": [10, 4.5, 10.125, 4.9375], "texture": "#0"},
				"up": {"uv": [10.8125, 2.375, 10.5, 2.25], "texture": "#0"},
				"down": {"uv": [2.8125, 10.5, 2.5, 10.625], "texture": "#0"}
			}
		},
		{
			"from": [8.125, 1.97335, -7],
			"to": [9.375, 3.74112, -4.5],
			"rotation": {"angle": 45, "axis": "z", "origin": [8.75, 3.11612, 0.75]},
			"faces": {
				"north": {"uv": [8.75, 5.25, 9.0625, 5.6875], "texture": "#0"},
				"east": {"uv": [5, 6.25, 5.625, 6.6875], "texture": "#0"},
				"south": {"uv": [5.5, 8.75, 5.8125, 9.1875], "texture": "#0"},
				"west": {"uv": [5.75, 6.25, 6.375, 6.6875], "texture": "#0"},
				"up": {"uv": [3.8125, 8.125, 3.5, 7.5], "texture": "#0"},
				"down": {"uv": [7.8125, 3.75, 7.5, 4.375], "texture": "#0"}
			}
		},
		{
			"from": [6.60983, 0.2955, 2.5],
			"to": [7.35983, 1.70971, 6],
			"rotation": {"angle": 45, "axis": "z", "origin": [6.98483, 1.0455, 3.5]},
			"faces": {
				"north": {"uv": [3.25, 9.5, 3.4375, 9.875], "texture": "#0"},
				"east": {"uv": [5.75, 1, 6.625, 1.375], "texture": "#0"},
				"south": {"uv": [9.5, 3.25, 9.6875, 3.625], "texture": "#0"},
				"west": {"uv": [5.75, 1.5, 6.625, 1.875], "texture": "#0"},
				"up": {"uv": [8.1875, 5.375, 8, 4.5], "texture": "#0"},
				"down": {"uv": [8.1875, 5.5, 8, 6.375], "texture": "#0"}
			}
		},
		{
			"from": [6.60983, 0.2955, -1.5],
			"to": [7.35983, 1.70971, 2],
			"rotation": {"angle": 45, "axis": "z", "origin": [6.98483, 1.0455, 3.5]},
			"faces": {
				"north": {"uv": [3.5, 9.5, 3.6875, 9.875], "texture": "#0"},
				"east": {"uv": [5.75, 4.25, 6.625, 4.625], "texture": "#0"},
				"south": {"uv": [3.75, 9.5, 3.9375, 9.875], "texture": "#0"},
				"west": {"uv": [4.5, 5.75, 5.375, 6.125], "texture": "#0"},
				"up": {"uv": [8.1875, 8.625, 8, 7.75], "texture": "#0"},
				"down": {"uv": [0.1875, 8.25, 0, 9.125], "texture": "#0"}
			}
		},
		{
			"from": [6.60983, 0.2955, -4.5],
			"to": [7.35983, 1.70971, -2],
			"rotation": {"angle": 45, "axis": "z", "origin": [6.98483, 1.0455, 3.5]},
			"faces": {
				"north": {"uv": [9.5, 3.75, 9.6875, 4.125], "texture": "#0"},
				"east": {"uv": [7, 0.5, 7.625, 0.875], "texture": "#0"},
				"south": {"uv": [4.5, 9.5, 4.6875, 9.875], "texture": "#0"},
				"west": {"uv": [1.75, 7, 2.375, 7.375], "texture": "#0"},
				"up": {"uv": [9.1875, 7.625, 9, 7], "texture": "#0"},
				"down": {"uv": [7.6875, 9, 7.5, 9.625], "texture": "#0"}
			}
		},
		{
			"from": [6.60983, 2.29029, 2.5],
			"to": [7.35983, 3.7045, 6],
			"rotation": {"angle": -45, "axis": "z", "origin": [6.98483, 2.9545, 3.5]},
			"faces": {
				"north": {"uv": [4.75, 9.5, 4.9375, 9.875], "texture": "#0"},
				"east": {"uv": [5.75, 4.75, 6.625, 5.125], "texture": "#0"},
				"south": {"uv": [5, 9.5, 5.1875, 9.875], "texture": "#0"},
				"west": {"uv": [5.75, 5.25, 6.625, 5.625], "texture": "#0"},
				"up": {"uv": [0.4375, 9.125, 0.25, 8.25], "texture": "#0"},
				"down": {"uv": [0.6875, 8.25, 0.5, 9.125], "texture": "#0"}
			}
		},
		{
			"from": [6.60983, 2.29029, -1.5],
			"to": [7.35983, 3.7045, 2],
			"rotation": {"angle": -45, "axis": "z", "origin": [6.98483, 2.9545, 3.5]},
			"faces": {
				"north": {"uv": [5.25, 9.5, 5.4375, 9.875], "texture": "#0"},
				"east": {"uv": [5.5, 5.75, 6.375, 6.125], "texture": "#0"},
				"south": {"uv": [9.5, 5.25, 9.6875, 5.625], "texture": "#0"},
				"west": {"uv": [1, 6, 1.875, 6.375], "texture": "#0"},
				"up": {"uv": [0.9375, 9.125, 0.75, 8.25], "texture": "#0"},
				"down": {"uv": [1.1875, 8.25, 1, 9.125], "texture": "#0"}
			}
		},
		{
			"from": [6.60983, 2.29029, -4.5],
			"to": [7.35983, 3.7045, -2],
			"rotation": {"angle": -45, "axis": "z", "origin": [6.98483, 2.9545, 3.5]},
			"faces": {
				"north": {"uv": [9.5, 7, 9.6875, 7.375], "texture": "#0"},
				"east": {"uv": [2.5, 7, 3.125, 7.375], "texture": "#0"},
				"south": {"uv": [9.5, 7.5, 9.6875, 7.875], "texture": "#0"},
				"west": {"uv": [3.25, 7, 3.875, 7.375], "texture": "#0"},
				"up": {"uv": [7.9375, 9.625, 7.75, 9], "texture": "#0"},
				"down": {"uv": [8.1875, 9, 8, 9.625], "texture": "#0"}
			}
		},
		{
			"from": [7.25, 3, 2.5],
			"to": [8.75, 3.75, 6],
			"faces": {
				"north": {"uv": [9.5, 8, 9.875, 8.1875], "texture": "#0"},
				"east": {"uv": [7.75, 6.75, 8.625, 6.9375], "texture": "#0"},
				"south": {"uv": [9.5, 8.25, 9.875, 8.4375], "texture": "#0"},
				"west": {"uv": [7.75, 7, 8.625, 7.1875], "texture": "#0"},
				"up": {"uv": [2.375, 6.875, 2, 6], "texture": "#0"},
				"down": {"uv": [6.375, 2, 6, 2.875], "texture": "#0"}
			}
		},
		{
			"from": [7.25, 3, -1.5],
			"to": [8.75, 3.75, 2],
			"faces": {
				"north": {"uv": [9.5, 8.5, 9.875, 8.6875], "texture": "#0"},
				"east": {"uv": [7.75, 7.25, 8.625, 7.4375], "texture": "#0"},
				"south": {"uv": [9.5, 8.75, 9.875, 8.9375], "texture": "#0"},
				"west": {"uv": [8, 1.5, 8.875, 1.6875], "texture": "#0"},
				"up": {"uv": [2.875, 6.875, 2.5, 6], "texture": "#0"},
				"down": {"uv": [3.375, 6, 3, 6.875], "texture": "#0"}
			}
		},
		{
			"from": [7.25, 3, -4.5],
			"to": [8.75, 3.75, -2],
			"faces": {
				"north": {"uv": [9.5, 9, 9.875, 9.1875], "texture": "#0"},
				"east": {"uv": [9, 6.25, 9.625, 6.4375], "texture": "#0"},
				"south": {"uv": [9.25, 9.5, 9.625, 9.6875], "texture": "#0"},
				"west": {"uv": [9, 6.5, 9.625, 6.6875], "texture": "#0"},
				"up": {"uv": [7.375, 6.625, 7, 6], "texture": "#0"},
				"down": {"uv": [4.375, 7.25, 4, 7.875], "texture": "#0"}
			}
		},
		{
			"from": [5, 0.75, 10],
			"to": [6, 1.75, 11.5],
			"faces": {
				"north": {"uv": [4.25, 2.25, 4.5, 2.5], "texture": "#0"},
				"east": {"uv": [9, 8.75, 9.375, 9], "texture": "#0"},
				"south": {"uv": [2.75, 4.25, 3, 4.5], "texture": "#0"},
				"west": {"uv": [0, 9.25, 0.375, 9.5], "texture": "#0"},
				"up": {"uv": [2, 6.875, 1.75, 6.5], "texture": "#0"},
				"down": {"uv": [8, 2.5, 7.75, 2.875], "texture": "#0"}
			}
		},
		{
			"from": [10, 0.75, 10.25],
			"to": [10.75, 1.5, 11.75],
			"faces": {
				"north": {"uv": [10.5, 3.5, 10.6875, 3.6875], "texture": "#0"},
				"east": {"uv": [9.5, 9.25, 9.875, 9.4375], "texture": "#0"},
				"south": {"uv": [3.75, 10.5, 3.9375, 10.6875], "texture": "#0"},
				"west": {"uv": [9.75, 0, 10.125, 0.1875], "texture": "#0"},
				"up": {"uv": [9.9375, 0.625, 9.75, 0.25], "texture": "#0"},
				"down": {"uv": [0.6875, 9.75, 0.5, 10.125], "texture": "#0"}
			}
		},
		{
			"from": [10, -1, 6],
			"to": [11.75, 0.75, 11.75],
			"faces": {
				"north": {"uv": [7.5, 5.25, 7.9375, 5.6875], "texture": "#0"},
				"east": {"uv": [0, 3, 1.4375, 3.4375], "texture": "#0"},
				"south": {"uv": [7.5, 6, 7.9375, 6.4375], "texture": "#0"},
				"west": {"uv": [1.5, 3, 2.9375, 3.4375], "texture": "#0"},
				"up": {"uv": [3.4375, 4.4375, 3, 3], "texture": "#0"},
				"down": {"uv": [0.4375, 3.5, 0, 4.9375], "texture": "#0"}
			}
		},
		{
			"from": [10.5, 1, 5.5],
			"to": [12, 2.5, 8.1],
			"rotation": {"angle": 45, "axis": "z", "origin": [12, 1.75, 6.75]},
			"faces": {
				"north": {"uv": [1.75, 8.25, 2.125, 8.625], "texture": "#0"},
				"east": {"uv": [4.5, 7.25, 5.125, 7.625], "texture": "#0"},
				"south": {"uv": [2.25, 8.25, 2.625, 8.625], "texture": "#0"},
				"west": {"uv": [5.25, 7.25, 5.875, 7.625], "texture": "#0"},
				"up": {"uv": [7.625, 7.375, 7.25, 6.75], "texture": "#0"},
				"down": {"uv": [0.375, 7.5, 0, 8.125], "texture": "#0"}
			}
		},
		{
			"from": [11.21967, 1.88388, 6.5],
			"to": [11.71967, 2.63388, 7.35],
			"rotation": {"angle": 0, "axis": "y", "origin": [11.46967, 2.63388, 6.8]},
			"faces": {
				"north": {"uv": [1.75, 10.75, 1.875, 10.9375], "texture": "#0"},
				"east": {"uv": [10.5, 3.75, 10.6875, 3.9375], "texture": "#0"},
				"south": {"uv": [2, 10.75, 2.125, 10.9375], "texture": "#0"},
				"west": {"uv": [4, 10.5, 4.1875, 10.6875], "texture": "#0"},
				"up": {"uv": [2.375, 10.9375, 2.25, 10.75], "texture": "#0"},
				"down": {"uv": [2.625, 10.75, 2.5, 10.9375], "texture": "#0"}
			}
		},
		{
			"from": [11.11967, 2.4427, 6.28884],
			"to": [11.81967, 2.8427, 7.23884],
			"rotation": {"angle": -22.5, "axis": "x", "origin": [11.46967, 2.8177, 7.06384]},
			"faces": {
				"north": {"uv": [10.75, 2.5, 10.9375, 2.625], "texture": "#0"},
				"east": {"uv": [8, 10.5, 8.25, 10.625], "texture": "#0"},
				"south": {"uv": [2.75, 10.75, 2.9375, 10.875], "texture": "#0"},
				"west": {"uv": [8.5, 10.5, 8.75, 10.625], "texture": "#0"},
				"up": {"uv": [6.1875, 10.25, 6, 10], "texture": "#0"},
				"down": {"uv": [10.1875, 7, 10, 7.25], "texture": "#0"}
			}
		},
		{
			"from": [11.11967, 2.8427, 5.78884],
			"to": [11.81967, 3.1927, 7.23884],
			"rotation": {"angle": -22.5, "axis": "x", "origin": [11.46967, 2.8177, 7.06384]},
			"faces": {
				"north": {"uv": [11, 3.75, 11.1875, 3.8125], "texture": "#0"},
				"east": {"uv": [10.75, 2.75, 11.125, 2.8125], "texture": "#0"},
				"south": {"uv": [11, 4, 11.1875, 4.0625], "texture": "#0"},
				"west": {"uv": [10.75, 3, 11.125, 3.0625], "texture": "#0"},
				"up": {"uv": [9.9375, 1.625, 9.75, 1.25], "texture": "#0"},
				"down": {"uv": [2.1875, 9.75, 2, 10.125], "texture": "#0"}
			}
		},
		{
			"from": [11.01967, 2.67623, 5.74239],
			"to": [11.91967, 5.08112, 7.08202],
			"rotation": {"angle": 0, "axis": "y", "origin": [11.46967, 3.40612, 6.35702]},
			"faces": {
				"north": {"uv": [2, 4.5, 2.25, 5.125], "texture": "#0"},
				"east": {"uv": [7.5, 4.5, 7.8125, 5.125], "texture": "#0"},
				"south": {"uv": [0.5, 6.75, 0.75, 7.375], "texture": "#0"},
				"west": {"uv": [6, 7.5, 6.3125, 8.125], "texture": "#0"},
				"up": {"uv": [9.5, 2.5625, 9.25, 2.25], "texture": "#0"},
				"down": {"uv": [9.5, 2.75, 9.25, 3.0625], "texture": "#0"}
			}
		},
		{
			"from": [11.26967, 4.25531, 5.48069],
			"to": [11.66967, 5.10256, 6.32794],
			"rotation": {"angle": -45, "axis": "x", "origin": [11.46967, 5.45775, 5.75813]},
			"faces": {
				"north": {"uv": [10.75, 3.25, 10.875, 3.4375], "texture": "#0"},
				"east": {"uv": [10.5, 4, 10.6875, 4.1875], "texture": "#0"},
				"south": {"uv": [10.75, 3.5, 10.875, 3.6875], "texture": "#0"},
				"west": {"uv": [4.25, 10.5, 4.4375, 10.6875], "texture": "#0"},
				"up": {"uv": [3.875, 10.9375, 3.75, 10.75], "texture": "#0"},
				"down": {"uv": [10.875, 3.75, 10.75, 3.9375], "texture": "#0"}
			}
		},
		{
			"from": [6.25, 0.25, 12],
			"to": [9.75, 3.75, 13.25],
			"faces": {
				"north": {"uv": [2.5, 1, 3.375, 1.875], "texture": "#0"},
				"east": {"uv": [0.75, 6.5, 1.0625, 7.375], "texture": "#0"},
				"south": {"uv": [2.5, 2, 3.375, 2.875], "texture": "#0"},
				"west": {"uv": [1.25, 6.5, 1.5625, 7.375], "texture": "#0"},
				"up": {"uv": [7.375, 0.3125, 6.5, 0], "texture": "#0"},
				"down": {"uv": [7.375, 2, 6.5, 2.3125], "texture": "#0"}
			}
		},
		{
			"from": [6.5, 0.5, 13.25],
			"to": [9.5, 3.5, 14.5],
			"faces": {
				"north": {"uv": [3.5, 1.75, 4.25, 2.5], "texture": "#0"},
				"east": {"uv": [0.5, 7.5, 0.8125, 8.25], "texture": "#0"},
				"south": {"uv": [2.25, 3.5, 3, 4.25], "texture": "#0"},
				"west": {"uv": [1, 7.5, 1.3125, 8.25], "texture": "#0"},
				"up": {"uv": [8.25, 0.3125, 7.5, 0], "texture": "#0"},
				"down": {"uv": [8.25, 1, 7.5, 1.3125], "texture": "#0"}
			}
		},
		{
			"from": [6.25, 2.75, 6.75],
			"to": [7.5, 4.75, 8.75],
			"rotation": {"angle": -45, "axis": "x", "origin": [6.875, 4, 7.5]},
			"faces": {
				"north": {"uv": [8, 1.75, 8.3125, 2.25], "texture": "#0"},
				"east": {"uv": [0, 5, 0.5, 5.5], "texture": "#0"},
				"south": {"uv": [8.25, 0, 8.5625, 0.5], "texture": "#0"},
				"west": {"uv": [3.5, 6.5, 4, 7], "texture": "#0"},
				"up": {"uv": [8.5625, 1.5, 8.25, 1], "texture": "#0"},
				"down": {"uv": [1.5625, 8.25, 1.25, 8.75], "texture": "#0"}
			}
		},
		{
			"from": [5.75, 3.15, 7.15],
			"to": [6.25, 4.65, 8.65],
			"rotation": {"angle": -45, "axis": "x", "origin": [6.875, 4, 7.5]},
			"faces": {
				"north": {"uv": [7.25, 10, 7.375, 10.375], "texture": "#0"},
				"east": {"uv": [8.25, 2.25, 8.625, 2.625], "texture": "#0"},
				"south": {"uv": [7.5, 10, 7.625, 10.375], "texture": "#0"},
				"west": {"uv": [2.75, 8.25, 3.125, 8.625], "texture": "#0"},
				"up": {"uv": [7.875, 10.375, 7.75, 10], "texture": "#0"},
				"down": {"uv": [8.125, 10, 8, 10.375], "texture": "#0"}
			}
		},
		{
			"from": [5.85, 3.04792, 7.20355],
			"to": [6.25, 4.04792, 8.50355],
			"rotation": {"angle": 0, "axis": "y", "origin": [6, 2.79792, 7.85355]},
			"faces": {
				"north": {"uv": [8.75, 10.5, 8.875, 10.75], "texture": "#0"},
				"east": {"uv": [3, 9.25, 3.3125, 9.5], "texture": "#0"},
				"south": {"uv": [9, 10.5, 9.125, 10.75], "texture": "#0"},
				"west": {"uv": [3.5, 9.25, 3.8125, 9.5], "texture": "#0"},
				"up": {"uv": [0.875, 10.8125, 0.75, 10.5], "texture": "#0"},
				"down": {"uv": [10.625, 2.5, 10.5, 2.8125], "texture": "#0"}
			}
		},
		{
			"from": [5.751, 3.04792, 7.20355],
			"to": [6.051, 4.04792, 7.40355],
			"rotation": {"angle": 0, "axis": "y", "origin": [6, 2.79792, 7.85355]},
			"faces": {
				"north": {"uv": [10.75, 8.25, 10.8125, 8.5], "texture": "#0"},
				"east": {"uv": [8.5, 10.75, 8.5625, 11], "texture": "#0"},
				"south": {"uv": [10.75, 8.5, 10.8125, 8.75], "texture": "#0"},
				"west": {"uv": [8.75, 10.75, 8.8125, 11], "texture": "#0"},
				"up": {"uv": [8.5625, 11.0625, 8.5, 11], "texture": "#0"},
				"down": {"uv": [11.0625, 8.5, 11, 8.5625], "texture": "#0"}
			}
		},
		{
			"from": [5.751, 3.04792, 8.30355],
			"to": [6.051, 4.04792, 8.50355],
			"rotation": {"angle": 0, "axis": "y", "origin": [6, 2.79792, 7.85355]},
			"faces": {
				"north": {"uv": [10.75, 8.75, 10.8125, 9], "texture": "#0"},
				"east": {"uv": [9, 10.75, 9.0625, 11], "texture": "#0"},
				"south": {"uv": [10.75, 9, 10.8125, 9.25], "texture": "#0"},
				"west": {"uv": [9.25, 10.75, 9.3125, 11], "texture": "#0"},
				"up": {"uv": [8.8125, 11.0625, 8.75, 11], "texture": "#0"},
				"down": {"uv": [11.0625, 8.75, 11, 8.8125], "texture": "#0"}
			}
		},
		{
			"from": [5.85, 2.54792, 7.35355],
			"to": [6.25, 3.04792, 8.35355],
			"rotation": {"angle": 0, "axis": "y", "origin": [6, 2.79792, 7.85355]},
			"faces": {
				"north": {"uv": [10.75, 9.25, 10.875, 9.375], "texture": "#0"},
				"east": {"uv": [9.25, 10.5, 9.5, 10.625], "texture": "#0"},
				"south": {"uv": [9.5, 10.75, 9.625, 10.875], "texture": "#0"},
				"west": {"uv": [9.5, 10.5, 9.75, 10.625], "texture": "#0"},
				"up": {"uv": [9.875, 10.75, 9.75, 10.5], "texture": "#0"},
				"down": {"uv": [10.625, 9.75, 10.5, 10], "texture": "#0"}
			}
		},
		{
			"from": [5.75, 2.74792, 8.25355],
			"to": [5.85, 3.04792, 8.35355],
			"rotation": {"angle": 0, "axis": "y", "origin": [6, 2.79792, 7.85355]},
			"faces": {
				"north": {"uv": [9, 11, 9.0625, 11.0625], "texture": "#0"},
				"east": {"uv": [11, 9, 11.0625, 9.0625], "texture": "#0"},
				"south": {"uv": [9.25, 11, 9.3125, 11.0625], "texture": "#0"},
				"west": {"uv": [11, 9.25, 11.0625, 9.3125], "texture": "#0"},
				"up": {"uv": [9.5625, 11.0625, 9.5, 11], "texture": "#0"},
				"down": {"uv": [11.0625, 9.5, 11, 9.5625], "texture": "#0"}
			}
		},
		{
			"from": [5.75, 2.74792, 7.35355],
			"to": [5.85, 3.04792, 7.45355],
			"rotation": {"angle": 0, "axis": "y", "origin": [6, 2.79792, 7.85355]},
			"faces": {
				"north": {"uv": [9.75, 11, 9.8125, 11.0625], "texture": "#0"},
				"east": {"uv": [11, 9.75, 11.0625, 9.8125], "texture": "#0"},
				"south": {"uv": [10, 11, 10.0625, 11.0625], "texture": "#0"},
				"west": {"uv": [11, 10, 11.0625, 10.0625], "texture": "#0"},
				"up": {"uv": [10.3125, 11.0625, 10.25, 11], "texture": "#0"},
				"down": {"uv": [11.0625, 10.25, 11, 10.3125], "texture": "#0"}
			}
		},
		{
			"from": [5.75, 2.54792, 7.35355],
			"to": [5.85, 2.74792, 8.35355],
			"rotation": {"angle": 0, "axis": "y", "origin": [6, 2.79792, 7.85355]},
			"faces": {
				"north": {"uv": [10.5, 11, 10.5625, 11.0625], "texture": "#0"},
				"east": {"uv": [10.75, 9.5, 11, 9.5625], "texture": "#0"},
				"south": {"uv": [11, 10.5, 11.0625, 10.5625], "texture": "#0"},
				"west": {"uv": [9.75, 10.75, 10, 10.8125], "texture": "#0"},
				"up": {"uv": [10.8125, 10, 10.75, 9.75], "texture": "#0"},
				"down": {"uv": [10.8125, 10, 10.75, 10.25], "texture": "#0"}
			}
		},
		{
			"from": [7.5, 3.5, 7],
			"to": [8.25, 5, 8.5],
			"rotation": {"angle": 45, "axis": "x", "origin": [7.875, 4, 7.5]},
			"faces": {
				"north": {"uv": [9.75, 2.25, 9.9375, 2.625], "texture": "#0"},
				"east": {"uv": [8.25, 2.75, 8.625, 3.125], "texture": "#0"},
				"south": {"uv": [9.75, 2.75, 9.9375, 3.125], "texture": "#0"},
				"west": {"uv": [3.25, 8.25, 3.625, 8.625], "texture": "#0"},
				"up": {"uv": [9.9375, 3.625, 9.75, 3.25], "texture": "#0"},
				"down": {"uv": [9.9375, 3.75, 9.75, 4.125], "texture": "#0"}
			}
		},
		{
			"from": [5, 0.75, 6.5],
			"to": [6, 1.75, 8],
			"rotation": {"angle": 0, "axis": "y", "origin": [0, 0.5, 0.5]},
			"faces": {
				"north": {"uv": [4.5, 4.25, 4.75, 4.5], "texture": "#0"},
				"east": {"uv": [9.25, 0, 9.625, 0.25], "texture": "#0"},
				"south": {"uv": [4.5, 5.5, 4.75, 5.75], "texture": "#0"},
				"west": {"uv": [9.25, 0.25, 9.625, 0.5], "texture": "#0"},
				"up": {"uv": [0.75, 9.625, 0.5, 9.25], "texture": "#0"},
				"down": {"uv": [9.5, 0.5, 9.25, 0.875], "texture": "#0"}
			}
		},
		{
			"from": [5.1, 0.85, 5],
			"to": [5.9, 1.65, 6.5],
			"rotation": {"angle": 0, "axis": "y", "origin": [0, 0.5, 0.5]},
			"faces": {
				"north": {"uv": [10.5, 4.25, 10.6875, 4.4375], "texture": "#0"},
				"east": {"uv": [9.75, 0.75, 10.125, 0.9375], "texture": "#0"},
				"south": {"uv": [4.5, 10.5, 4.6875, 10.6875], "texture": "#0"},
				"west": {"uv": [9.75, 1.75, 10.125, 1.9375], "texture": "#0"},
				"up": {"uv": [4.1875, 10.125, 4, 9.75], "texture": "#0"},
				"down": {"uv": [4.4375, 9.75, 4.25, 10.125], "texture": "#0"}
			}
		},
		{
			"from": [5.35, 0.45, 1.75],
			"to": [5.65, 0.85, 6.25],
			"rotation": {"angle": 0, "axis": "y", "origin": [0, 0.7, 0.5]},
			"faces": {
				"north": {"uv": [11, 4.75, 11.0625, 4.875], "texture": "#0"},
				"east": {"uv": [8.25, 3.25, 9.375, 3.375], "texture": "#0"},
				"south": {"uv": [5, 11, 5.0625, 11.125], "texture": "#0"},
				"west": {"uv": [8.25, 3.5, 9.375, 3.625], "texture": "#0"},
				"up": {"uv": [9.8125, 5.375, 9.75, 4.25], "texture": "#0"},
				"down": {"uv": [5.5625, 9.75, 5.5, 10.875], "texture": "#0"}
			}
		},
		{
			"from": [5.35, 0.85, 2.4],
			"to": [5.65, 1.75, 5.25],
			"rotation": {"angle": 0, "axis": "y", "origin": [0, 0.7, 0.5]},
			"faces": {
				"north": {"uv": [10.75, 10.25, 10.8125, 10.5], "texture": "#0"},
				"east": {"uv": [4.5, 0.5, 5.1875, 0.75], "texture": "#0"},
				"south": {"uv": [10.75, 10.5, 10.8125, 10.75], "texture": "#0"},
				"west": {"uv": [2, 5.25, 2.6875, 5.5], "texture": "#0"},
				"up": {"uv": [6.0625, 10.9375, 6, 10.25], "texture": "#0"},
				"down": {"uv": [6.3125, 10.25, 6.25, 10.9375], "texture": "#0"}
			}
		},
		{
			"from": [5.35, 1.70407, 1.37928],
			"to": [5.65, 2.82268, 3.18453],
			"rotation": {"angle": 45, "axis": "x", "origin": [5.5, 2.40407, 1.20953]},
			"faces": {
				"north": {"uv": [10.75, 10.75, 10.8125, 11], "texture": "#0"},
				"east": {"uv": [5.25, 1, 5.6875, 1.25], "texture": "#0"},
				"south": {"uv": [11, 0, 11.0625, 0.25], "texture": "#0"},
				"west": {"uv": [0, 5.5, 0.4375, 5.75], "texture": "#0"},
				"up": {"uv": [10.0625, 10.9375, 10, 10.5], "texture": "#0"},
				"down": {"uv": [10.3125, 10.5, 10.25, 10.9375], "texture": "#0"}
			}
		},
		{
			"from": [5.35, 2.4, 2.35],
			"to": [5.65, 3.4, 4.1],
			"rotation": {"angle": -22.5, "axis": "x", "origin": [5.5, 3.3, 2.625]},
			"faces": {
				"north": {"uv": [11, 0.25, 11.0625, 0.5], "texture": "#0"},
				"east": {"uv": [1, 5.75, 1.4375, 6], "texture": "#0"},
				"south": {"uv": [11, 0.5, 11.0625, 0.75], "texture": "#0"},
				"west": {"uv": [9, 7.75, 9.4375, 8], "texture": "#0"},
				"up": {"uv": [10.5625, 10.9375, 10.5, 10.5], "texture": "#0"},
				"down": {"uv": [0.0625, 10.75, 0, 11.1875], "texture": "#0"}
			}
		},
		{
			"from": [5.35, 1.80023, 1.90714],
			"to": [5.65, 2.80023, 2.90714],
			"rotation": {"angle": -45, "axis": "x", "origin": [5.5, 2.35023, 2.03214]},
			"faces": {
				"north": {"uv": [0.75, 11, 0.8125, 11.25], "texture": "#0"},
				"east": {"uv": [5.75, 2, 6, 2.25], "texture": "#0"},
				"south": {"uv": [11, 0.75, 11.0625, 1], "texture": "#0"},
				"west": {"uv": [4.25, 6, 4.5, 6.25], "texture": "#0"},
				"up": {"uv": [1.0625, 11.25, 1, 11], "texture": "#0"},
				"down": {"uv": [11.0625, 1, 11, 1.25], "texture": "#0"}
			}
		},
		{
			"from": [5.35, 2.15919, -0.37635],
			"to": [5.65, 2.55919, 2.62365],
			"rotation": {"angle": 45, "axis": "x", "origin": [5.5, 2.35919, 0.12365]},
			"faces": {
				"north": {"uv": [11, 5, 11.0625, 5.125], "texture": "#0"},
				"east": {"uv": [0.75, 9.25, 1.5, 9.375], "texture": "#0"},
				"south": {"uv": [11, 5.25, 11.0625, 5.375], "texture": "#0"},
				"west": {"uv": [9.25, 1, 10, 1.125], "texture": "#0"},
				"up": {"uv": [10.0625, 8.75, 10, 8], "texture": "#0"},
				"down": {"uv": [8.3125, 10, 8.25, 10.75], "texture": "#0"}
			}
		},
		{
			"from": [5.35, 1.89536, -0.2792],
			"to": [5.65, 2.29536, 1.3208],
			"rotation": {"angle": 22.5, "axis": "x", "origin": [5.5, 2.09536, 1.2208]},
			"faces": {
				"north": {"uv": [5.5, 11, 5.5625, 11.125], "texture": "#0"},
				"east": {"uv": [10, 7.25, 10.375, 7.375], "texture": "#0"},
				"south": {"uv": [11, 5.5, 11.0625, 5.625], "texture": "#0"},
				"west": {"uv": [8.5, 10, 8.875, 10.125], "texture": "#0"},
				"up": {"uv": [4.0625, 11.125, 4, 10.75], "texture": "#0"},
				"down": {"uv": [10.8125, 4, 10.75, 4.375], "texture": "#0"}
			}
		},
		{
			"from": [5.35, 1.49536, 0.6208],
			"to": [5.65, 1.89536, 1.3208],
			"rotation": {"angle": 22.5, "axis": "x", "origin": [5.5, 2.09536, 1.2208]},
			"faces": {
				"north": {"uv": [11, 5.75, 11.0625, 5.875], "texture": "#0"},
				"east": {"uv": [4.25, 10.75, 4.4375, 10.875], "texture": "#0"},
				"south": {"uv": [6, 11, 6.0625, 11.125], "texture": "#0"},
				"west": {"uv": [4.5, 10.75, 4.6875, 10.875], "texture": "#0"},
				"up": {"uv": [4.3125, 11.1875, 4.25, 11], "texture": "#0"},
				"down": {"uv": [11.0625, 4.25, 11, 4.4375], "texture": "#0"}
			}
		},
		{
			"from": [5.1, 1.30964, 4.51075],
			"to": [5.9, 2.30964, 5.31075],
			"rotation": {"angle": -22.5, "axis": "x", "origin": [5.5, 2.30964, 5.91075]},
			"faces": {
				"north": {"uv": [10, 8.75, 10.1875, 9], "texture": "#0"},
				"east": {"uv": [9, 10, 9.1875, 10.25], "texture": "#0"},
				"south": {"uv": [10, 9, 10.1875, 9.25], "texture": "#0"},
				"west": {"uv": [9.25, 10, 9.4375, 10.25], "texture": "#0"},
				"up": {"uv": [10.6875, 4.6875, 10.5, 4.5], "texture": "#0"},
				"down": {"uv": [4.9375, 10.5, 4.75, 10.6875], "texture": "#0"}
			}
		},
		{
			"from": [5.2, 2.27137, 4.61836],
			"to": [5.8, 3.77137, 5.21836],
			"rotation": {"angle": -22.5, "axis": "x", "origin": [5.4, 2.27137, 5.81836]},
			"faces": {
				"north": {"uv": [9.5, 10, 9.625, 10.375], "texture": "#0"},
				"east": {"uv": [9.75, 10, 9.875, 10.375], "texture": "#0"},
				"south": {"uv": [10, 10, 10.125, 10.375], "texture": "#0"},
				"west": {"uv": [0.5, 10.25, 0.625, 10.625], "texture": "#0"},
				"up": {"uv": [1.375, 11.125, 1.25, 11], "texture": "#0"},
				"down": {"uv": [11.125, 1.25, 11, 1.375], "texture": "#0"}
			}
		},
		{
			"from": [5.1, 3.17471, 3.9215],
			"to": [5.9, 4.17471, 4.9215],
			"rotation": {"angle": 0, "axis": "y", "origin": [5.5, 3.77471, 3.7215]},
			"faces": {
				"north": {"uv": [10, 9.25, 10.1875, 9.5], "texture": "#0"},
				"east": {"uv": [0.75, 6.25, 1, 6.5], "texture": "#0"},
				"south": {"uv": [10.25, 0, 10.4375, 0.25], "texture": "#0"},
				"west": {"uv": [4, 6.5, 4.25, 6.75], "texture": "#0"},
				"up": {"uv": [0.9375, 10.5, 0.75, 10.25], "texture": "#0"},
				"down": {"uv": [10.4375, 0.75, 10.25, 1], "texture": "#0"}
			}
		},
		{
			"from": [5.9, 4.07471, 3.9215],
			"to": [10.1, 4.27471, 4.9215],
			"rotation": {"angle": 0, "axis": "y", "origin": [5.55, 4.02471, 3.7215]},
			"faces": {
				"north": {"uv": [6.75, 9.75, 7.8125, 9.8125], "texture": "#0"},
				"east": {"uv": [11, 1.5, 11.25, 1.5625], "texture": "#0"},
				"south": {"uv": [9.75, 7.5, 10.8125, 7.5625], "texture": "#0"},
				"west": {"uv": [1.75, 11, 2, 11.0625], "texture": "#0"},
				"up": {"uv": [7.0625, 4.25, 6, 4], "texture": "#0"},
				"down": {"uv": [7.5625, 2.5, 6.5, 2.75], "texture": "#0"}
			}
		},
		{
			"from": [6.15, 4.07471, 4.9215],
			"to": [9.85, 4.27471, 6.3215],
			"rotation": {"angle": 0, "axis": "y", "origin": [5.55, 4.02471, 3.7215]},
			"faces": {
				"north": {"uv": [9.5, 9.75, 10.4375, 9.8125], "texture": "#0"},
				"east": {"uv": [10.75, 4.5, 11.125, 4.5625], "texture": "#0"},
				"south": {"uv": [9.75, 9.5, 10.6875, 9.5625], "texture": "#0"},
				"west": {"uv": [4.75, 10.75, 5.125, 10.8125], "texture": "#0"},
				"up": {"uv": [5.4375, 0.375, 4.5, 0], "texture": "#0"},
				"down": {"uv": [4.1875, 4.5, 3.25, 4.875], "texture": "#0"}
			}
		},
		{
			"from": [5.9, 4.07492, 3.72255],
			"to": [10.1, 5.07492, 3.92255],
			"rotation": {"angle": -22.5, "axis": "x", "origin": [8, 4.57492, 3.82255]},
			"faces": {
				"north": {"uv": [6.5, 2.75, 7.5625, 3], "texture": "#0"},
				"east": {"uv": [11, 1.75, 11.0625, 2], "texture": "#0"},
				"south": {"uv": [6.5, 5.75, 7.5625, 6], "texture": "#0"},
				"west": {"uv": [2, 11, 2.0625, 11.25], "texture": "#0"},
				"up": {"uv": [10.8125, 7.8125, 9.75, 7.75], "texture": "#0"},
				"down": {"uv": [9.0625, 9.75, 8, 9.8125], "texture": "#0"}
			}
		},
		{
			"from": [6.15, 5.07492, 3.72255],
			"to": [9.85, 5.32492, 3.92255],
			"rotation": {"angle": -22.5, "axis": "x", "origin": [8, 4.57492, 3.82255]},
			"faces": {
				"north": {"uv": [10, 0.25, 10.9375, 0.3125], "texture": "#0"},
				"east": {"uv": [10.75, 11, 10.8125, 11.0625], "texture": "#0"},
				"south": {"uv": [10, 0.5, 10.9375, 0.5625], "texture": "#0"},
				"west": {"uv": [11, 10.75, 11.0625, 10.8125], "texture": "#0"},
				"up": {"uv": [1.6875, 10.0625, 0.75, 10], "texture": "#0"},
				"down": {"uv": [10.9375, 1, 10, 1.0625], "texture": "#0"}
			}
		},
		{
			"from": [6.4, 5.32492, 3.72255],
			"to": [9.6, 5.57492, 3.92255],
			"rotation": {"angle": -22.5, "axis": "x", "origin": [8, 4.57492, 3.82255]},
			"faces": {
				"north": {"uv": [10, 5, 10.8125, 5.0625], "texture": "#0"},
				"east": {"uv": [11, 11, 11.0625, 11.0625], "texture": "#0"},
				"south": {"uv": [10, 5.25, 10.8125, 5.3125], "texture": "#0"},
				"west": {"uv": [0, 11.25, 0.0625, 11.3125], "texture": "#0"},
				"up": {"uv": [10.8125, 5.8125, 10, 5.75], "texture": "#0"},
				"down": {"uv": [10.8125, 6, 10, 6.0625], "texture": "#0"}
			}
		},
		{
			"from": [6.65, 5.57492, 3.72255],
			"to": [9.35, 5.82492, 3.92255],
			"rotation": {"angle": -22.5, "axis": "x", "origin": [8, 4.57492, 3.82255]},
			"faces": {
				"north": {"uv": [10.25, 4.75, 10.9375, 4.8125], "texture": "#0"},
				"east": {"uv": [11.25, 0, 11.3125, 0.0625], "texture": "#0"},
				"south": {"uv": [10.25, 5.5, 10.9375, 5.5625], "texture": "#0"},
				"west": {"uv": [0.25, 11.25, 0.3125, 11.3125], "texture": "#0"},
				"up": {"uv": [10.9375, 7.0625, 10.25, 7], "texture": "#0"},
				"down": {"uv": [10.9375, 8, 10.25, 8.0625], "texture": "#0"}
			}
		},
		{
			"from": [6.9, 5.82492, 3.72255],
			"to": [9.1, 6.07492, 3.92255],
			"rotation": {"angle": -22.5, "axis": "x", "origin": [8, 4.57492, 3.82255]},
			"faces": {
				"north": {"uv": [10.5, 6.25, 11.0625, 6.3125], "texture": "#0"},
				"east": {"uv": [11.25, 0.25, 11.3125, 0.3125], "texture": "#0"},
				"south": {"uv": [10.5, 6.5, 11.0625, 6.5625], "texture": "#0"},
				"west": {"uv": [0.5, 11.25, 0.5625, 11.3125], "texture": "#0"},
				"up": {"uv": [11.0625, 6.8125, 10.5, 6.75], "texture": "#0"},
				"down": {"uv": [7.8125, 10.5, 7.25, 10.5625], "texture": "#0"}
			}
		},
		{
			"from": [5.7, 3.87492, 3.62255],
			"to": [5.9, 5.07492, 4.02255],
			"rotation": {"angle": -22.5, "axis": "x", "origin": [8, 4.57492, 3.82255]},
			"faces": {
				"north": {"uv": [7.5, 10.75, 7.5625, 11.0625], "texture": "#0"},
				"east": {"uv": [3, 10.5, 3.125, 10.8125], "texture": "#0"},
				"south": {"uv": [7.75, 10.75, 7.8125, 11.0625], "texture": "#0"},
				"west": {"uv": [10.5, 3, 10.625, 3.3125], "texture": "#0"},
				"up": {"uv": [11.0625, 6.125, 11, 6], "texture": "#0"},
				"down": {"uv": [6.3125, 11, 6.25, 11.125], "texture": "#0"}
			}
		},
		{
			"from": [10.1, 3.87492, 3.62255],
			"to": [10.3, 5.07492, 4.02255],
			"rotation": {"angle": -22.5, "axis": "x", "origin": [8, 4.57492, 3.82255]},
			"faces": {
				"north": {"uv": [8, 10.75, 8.0625, 11.0625], "texture": "#0"},
				"east": {"uv": [3.25, 10.5, 3.375, 10.8125], "texture": "#0"},
				"south": {"uv": [8.25, 10.75, 8.3125, 11.0625], "texture": "#0"},
				"west": {"uv": [3.5, 10.5, 3.625, 10.8125], "texture": "#0"},
				"up": {"uv": [6.5625, 11.125, 6.5, 11], "texture": "#0"},
				"down": {"uv": [6.8125, 11, 6.75, 11.125], "texture": "#0"}
			}
		},
		{
			"from": [10, 0.75, 6.5],
			"to": [11, 1.75, 8],
			"rotation": {"angle": 0, "axis": "y", "origin": [5, 0.5, 0.5]},
			"faces": {
				"north": {"uv": [7.25, 4, 7.5, 4.25], "texture": "#0"},
				"east": {"uv": [9.25, 1.25, 9.625, 1.5], "texture": "#0"},
				"south": {"uv": [6, 7.25, 6.25, 7.5], "texture": "#0"},
				"west": {"uv": [1.5, 9.25, 1.875, 9.5], "texture": "#0"},
				"up": {"uv": [9.5, 1.875, 9.25, 1.5], "texture": "#0"},
				"down": {"uv": [2.25, 9.25, 2, 9.625], "texture": "#0"}
			}
		},
		{
			"from": [10.1, 0.85, 5],
			"to": [10.9, 1.65, 6.5],
			"rotation": {"angle": 0, "axis": "y", "origin": [5, 0.5, 0.5]},
			"faces": {
				"north": {"uv": [5, 10.5, 5.1875, 10.6875], "texture": "#0"},
				"east": {"uv": [9.75, 5.5, 10.125, 5.6875], "texture": "#0"},
				"south": {"uv": [5.25, 10.5, 5.4375, 10.6875], "texture": "#0"},
				"west": {"uv": [5.75, 9.75, 6.125, 9.9375], "texture": "#0"},
				"up": {"uv": [9.9375, 6.125, 9.75, 5.75], "texture": "#0"},
				"down": {"uv": [6.4375, 9.75, 6.25, 10.125], "texture": "#0"}
			}
		},
		{
			"from": [10.35, 0.45, 1.75],
			"to": [10.65, 0.85, 6.25],
			"rotation": {"angle": 0, "axis": "y", "origin": [5, 0.7, 0.5]},
			"faces": {
				"north": {"uv": [7, 11, 7.0625, 11.125], "texture": "#0"},
				"east": {"uv": [8.25, 3.75, 9.375, 3.875], "texture": "#0"},
				"south": {"uv": [11, 7, 11.0625, 7.125], "texture": "#0"},
				"west": {"uv": [8.25, 4, 9.375, 4.125], "texture": "#0"},
				"up": {"uv": [9.8125, 7.375, 9.75, 6.25], "texture": "#0"},
				"down": {"uv": [6.5625, 9.75, 6.5, 10.875], "texture": "#0"}
			}
		},
		{
			"from": [10.35, 0.85, 2.4],
			"to": [10.65, 1.75, 5.25],
			"rotation": {"angle": 0, "axis": "y", "origin": [5, 0.7, 0.5]},
			"faces": {
				"north": {"uv": [11, 2, 11.0625, 2.25], "texture": "#0"},
				"east": {"uv": [7.5, 2.25, 8.1875, 2.5], "texture": "#0"},
				"south": {"uv": [2.25, 11, 2.3125, 11.25], "texture": "#0"},
				"west": {"uv": [6.5, 7.5, 7.1875, 7.75], "texture": "#0"},
				"up": {"uv": [6.8125, 10.9375, 6.75, 10.25], "texture": "#0"},
				"down": {"uv": [7.0625, 10.25, 7, 10.9375], "texture": "#0"}
			}
		},
		{
			"from": [10.35, 1.70407, 1.37928],
			"to": [10.65, 2.82268, 3.18453],
			"rotation": {"angle": 45, "axis": "x", "origin": [10.5, 2.40407, 1.20953]},
			"faces": {
				"north": {"uv": [11, 2.25, 11.0625, 2.5], "texture": "#0"},
				"east": {"uv": [8.25, 9, 8.6875, 9.25], "texture": "#0"},
				"south": {"uv": [2.5, 11, 2.5625, 11.25], "texture": "#0"},
				"west": {"uv": [9, 8.25, 9.4375, 8.5], "texture": "#0"},
				"up": {"uv": [0.3125, 11.1875, 0.25, 10.75], "texture": "#0"},
				"down": {"uv": [0.5625, 10.75, 0.5, 11.1875], "texture": "#0"}
			}
		},
		{
			"from": [10.35, 2.4, 2.35],
			"to": [10.65, 3.4, 4.1],
			"rotation": {"angle": -22.5, "axis": "x", "origin": [10.5, 3.3, 2.625]},
			"faces": {
				"north": {"uv": [11, 2.5, 11.0625, 2.75], "texture": "#0"},
				"east": {"uv": [9, 8.5, 9.4375, 8.75], "texture": "#0"},
				"south": {"uv": [2.75, 11, 2.8125, 11.25], "texture": "#0"},
				"west": {"uv": [8.75, 9, 9.1875, 9.25], "texture": "#0"},
				"up": {"uv": [10.8125, 1.6875, 10.75, 1.25], "texture": "#0"},
				"down": {"uv": [1.5625, 10.75, 1.5, 11.1875], "texture": "#0"}
			}
		},
		{
			"from": [10.35, 1.80023, 1.90714],
			"to": [10.65, 2.80023, 2.90714],
			"rotation": {"angle": -45, "axis": "x", "origin": [10.5, 2.35023, 2.03214]},
			"faces": {
				"north": {"uv": [3, 11, 3.0625, 11.25], "texture": "#0"},
				"east": {"uv": [7.75, 5.75, 8, 6], "texture": "#0"},
				"south": {"uv": [3.25, 11, 3.3125, 11.25], "texture": "#0"},
				"west": {"uv": [8.25, 6.25, 8.5, 6.5], "texture": "#0"},
				"up": {"uv": [11.0625, 3.5, 11, 3.25], "texture": "#0"},
				"down": {"uv": [3.5625, 11, 3.5, 11.25], "texture": "#0"}
			}
		},
		{
			"from": [10.35, 2.15919, -0.37635],
			"to": [10.65, 2.55919, 2.62365],
			"rotation": {"angle": 45, "axis": "x", "origin": [10.5, 2.35919, 0.12365]},
			"faces": {
				"north": {"uv": [7.25, 11, 7.3125, 11.125], "texture": "#0"},
				"east": {"uv": [9.25, 2, 10, 2.125], "texture": "#0"},
				"south": {"uv": [11, 7.25, 11.0625, 7.375], "texture": "#0"},
				"west": {"uv": [2.25, 9.25, 3, 9.375], "texture": "#0"},
				"up": {"uv": [1.0625, 11, 1, 10.25], "texture": "#0"},
				"down": {"uv": [1.3125, 10.25, 1.25, 11], "texture": "#0"}
			}
		},
		{
			"from": [10.35, 1.89536, -0.2792],
			"to": [10.65, 2.29536, 1.3208],
			"rotation": {"angle": 22.5, "axis": "x", "origin": [10.5, 2.09536, 1.2208]},
			"faces": {
				"north": {"uv": [11, 7.5, 11.0625, 7.625], "texture": "#0"},
				"east": {"uv": [10.25, 1.25, 10.625, 1.375], "texture": "#0"},
				"south": {"uv": [11, 7.75, 11.0625, 7.875], "texture": "#0"},
				"west": {"uv": [10.25, 1.5, 10.625, 1.625], "texture": "#0"},
				"up": {"uv": [5.3125, 11.125, 5.25, 10.75], "texture": "#0"},
				"down": {"uv": [5.8125, 10.75, 5.75, 11.125], "texture": "#0"}
			}
		},
		{
			"from": [10.35, 1.49536, 0.6208],
			"to": [10.65, 1.89536, 1.3208],
			"rotation": {"angle": 22.5, "axis": "x", "origin": [10.5, 2.09536, 1.2208]},
			"faces": {
				"north": {"uv": [11, 8, 11.0625, 8.125], "texture": "#0"},
				"east": {"uv": [7.25, 10.75, 7.4375, 10.875], "texture": "#0"},
				"south": {"uv": [11, 8.25, 11.0625, 8.375], "texture": "#0"},
				"west": {"uv": [10.75, 7.25, 10.9375, 7.375], "texture": "#0"},
				"up": {"uv": [4.5625, 11.1875, 4.5, 11], "texture": "#0"},
				"down": {"uv": [4.8125, 11, 4.75, 11.1875], "texture": "#0"}
			}
		},
		{
			"from": [10.1, 1.30964, 4.51075],
			"to": [10.9, 2.30964, 5.31075],
			"rotation": {"angle": -22.5, "axis": "x", "origin": [10.5, 2.30964, 5.91075]},
			"faces": {
				"north": {"uv": [1.5, 10.25, 1.6875, 10.5], "texture": "#0"},
				"east": {"uv": [10.25, 1.75, 10.4375, 2], "texture": "#0"},
				"south": {"uv": [2, 10.25, 2.1875, 10.5], "texture": "#0"},
				"west": {"uv": [10.25, 2, 10.4375, 2.25], "texture": "#0"},
				"up": {"uv": [5.9375, 10.6875, 5.75, 10.5], "texture": "#0"},
				"down": {"uv": [10.6875, 7.25, 10.5, 7.4375], "texture": "#0"}
			}
		},
		{
			"from": [10.2, 2.27137, 4.61836],
			"to": [10.8, 3.77137, 5.21836],
			"rotation": {"angle": -22.5, "axis": "x", "origin": [10.4, 2.27137, 5.81836]},
			"faces": {
				"north": {"uv": [10.25, 2.25, 10.375, 2.625], "texture": "#0"},
				"east": {"uv": [10.25, 2.75, 10.375, 3.125], "texture": "#0"},
				"south": {"uv": [10.25, 3.25, 10.375, 3.625], "texture": "#0"},
				"west": {"uv": [10.25, 3.75, 10.375, 4.125], "texture": "#0"},
				"up": {"uv": [11.125, 3.625, 11, 3.5], "texture": "#0"},
				"down": {"uv": [3.875, 11, 3.75, 11.125], "texture": "#0"}
			}
		},
		{
			"from": [10.1, 3.17471, 3.9215],
			"to": [10.9, 4.17471, 4.9215],
			"rotation": {"angle": 0, "axis": "y", "origin": [10.5, 3.77471, 3.7215]},
			"faces": {
				"north": {"uv": [4, 10.25, 4.1875, 10.5], "texture": "#0"},
				"east": {"uv": [9.25, 7.5, 9.5, 7.75], "texture": "#0"},
				"south": {"uv": [4.25, 10.25, 4.4375, 10.5], "texture": "#0"},
				"west": {"uv": [9.25, 9.75, 9.5, 10], "texture": "#0"},
				"up": {"uv": [10.4375, 4.5, 10.25, 4.25], "texture": "#0"},
				"down": {"uv": [10.4375, 4.5, 10.25, 4.75], "texture": "#0"}
			}
		}
	],
	"display": {
		"thirdperson_righthand": {
			"rotation": [-1, 0, 0],
			"translation": [1, 12.75, 2],
			"scale": [3.26, 3.26, 3.26]
		},
		"thirdperson_lefthand": {
			"translation": [-1.5, 12.75, 3.25],
			"scale": [3.26, 3.26, 3.26]
		},
		"firstperson_righthand": {
			"rotation": [0, 0, -15],
			"translation": [-1.5, 7.75, 4.5]
		},
		"firstperson_lefthand": {
			"translation": [1.5, 6.25, 3.75]
		},
		"ground": {
			"translation": [0, 4.5, 0]
		},
		"gui": {
			"rotation": [90, 0, 0],
			"translation": [0, -4.25, 0]
		},
		"head": {
			"translation": [0, 5.75, 2.5]
		},
		"fixed": {
			"rotation": [-90, 0, 0],
			"translation": [0, 5.75, -31.5],
			"scale": [4, 4, 4]
		}
	},
	"groups": [
		{
			"name": "RaumMinigun",
			"origin": [8, 8, 8],
			"color": 0,
			"children": [
				0,
				1,
				2,
				3,
				4,
				5,
				6,
				7,
				8,
				9,
				10,
				11,
				12,
				13,
				14,
				15,
				16,
				17,
				18,
				19,
				20,
				21,
				22,
				23,
				24,
				25,
				26,
				27,
				28,
				29,
				30,
				31,
				32,
				33,
				34,
				35,
				36,
				37,
				38,
				39,
				40,
				41,
				42,
				43,
				44,
				45,
				46,
				47,
				48,
				49,
				50,
				51,
				52,
				53,
				54,
				55,
				56,
				57,
				58,
				59,
				60,
				61,
				62,
				63,
				{
					"name": "blade",
					"origin": [8, 8, 8],
					"color": 0,
					"children": [64, 65, 66, 67, 68, 69, 70, 71, 72, 73, 74, 75, 76, 77, 78, 79, 80, 81, 82, 83, 84, 85]
				},
				{
					"name": "blade2",
					"origin": [8, 8, 8],
					"color": 0,
					"children": [86, 87, 88, 89, 90, 91, 92, 93, 94, 95, 96, 97, 98]
				}
			]
		}
	]
}