{
	"credit": "Made with Blockbench",
	"texture_size": [32, 32],
	"textures": {
		"0": "item/RelicofSentinel",
		"particle": "item/RelicofSentinel"
	},
	"elements": [
		{
			"from": [7.501, 4, 3.5],
			"to": [8.499, 8, 4.5],
			"faces": {
				"north": {"uv": [4, 6.5, 4.5, 8.5], "texture": "#0"},
				"east": {"uv": [4.5, 6.5, 5, 8.5], "texture": "#0"},
				"south": {"uv": [5, 6.5, 5.5, 8.5], "texture": "#0"},
				"west": {"uv": [5.5, 6.5, 6, 8.5], "texture": "#0"},
				"up": {"uv": [4.5, 9.5, 4, 9], "texture": "#0"},
				"down": {"uv": [5, 9, 4.5, 9.5], "texture": "#0"}
			}
		},
		{
			"from": [7.5, 7.2294, 3.4033],
			"to": [8.5, 8.2294, 4.9033],
			"rotation": {"angle": -22.5, "axis": "x", "origin": [8, 7.7294, 4.15328]},
			"faces": {
				"north": {"uv": [6, 9, 6.5, 9.5], "texture": "#0"},
				"east": {"uv": [6, 8.5, 6.625, 9], "texture": "#0"},
				"south": {"uv": [6.5, 9, 7, 9.5], "texture": "#0"},
				"west": {"uv": [7, 8.5, 7.625, 9], "texture": "#0"},
				"up": {"uv": [8.5, 9.125, 8, 8.5], "texture": "#0"},
				"down": {"uv": [9, 8.5, 8.5, 9.125], "texture": "#0"}
			}
		},
		{
			"from": [7.5, 3.5, 0.75],
			"to": [8.5, 4, 15],
			"faces": {
				"north": {"uv": [3.5, 9.5, 4, 9.75], "texture": "#0"},
				"east": {"uv": [2, 6, 9.125, 6.25], "texture": "#0"},
				"south": {"uv": [4, 9.5, 4.5, 9.75], "texture": "#0"},
				"west": {"uv": [6, 2, 13.125, 2.25], "texture": "#0"},
				"up": {"uv": [0.5, 7.125, 0, 0], "texture": "#0"},
				"down": {"uv": [1, 0, 0.5, 7.125], "texture": "#0"}
			}
		},
		{
			"from": [7.5, 4, 7],
			"to": [8.5, 5, 17],
			"faces": {
				"north": {"uv": [7, 9, 7.5, 9.5], "texture": "#0"},
				"east": {"uv": [4, 0, 9, 0.5], "texture": "#0"},
				"south": {"uv": [9, 7, 9.5, 7.5], "texture": "#0"},
				"west": {"uv": [4, 0.5, 9, 1], "texture": "#0"},
				"up": {"uv": [4.5, 6, 4, 1], "texture": "#0"},
				"down": {"uv": [5, 1, 4.5, 6], "texture": "#0"}
			}
		},
		{
			"from": [7.5, 3, 0.75],
			"to": [8.5, 3.5, 14],
			"faces": {
				"north": {"uv": [4.5, 9.5, 5, 9.75], "texture": "#0"},
				"east": {"uv": [6, 2.5, 12.625, 2.75], "texture": "#0"},
				"south": {"uv": [5, 9.5, 5.5, 9.75], "texture": "#0"},
				"west": {"uv": [6, 3, 12.625, 3.25], "texture": "#0"},
				"up": {"uv": [1.5, 6.625, 1, 0], "texture": "#0"},
				"down": {"uv": [2, 0, 1.5, 6.625], "texture": "#0"}
			}
		},
		{
			"from": [7.5, 2.5, 1.5],
			"to": [8.5, 3, 13],
			"faces": {
				"north": {"uv": [5.5, 9.5, 6, 9.75], "texture": "#0"},
				"east": {"uv": [6, 3.5, 11.75, 3.75], "texture": "#0"},
				"south": {"uv": [9.5, 5.5, 10, 5.75], "texture": "#0"},
				"west": {"uv": [6, 4, 11.75, 4.25], "texture": "#0"},
				"up": {"uv": [2.5, 5.75, 2, 0], "texture": "#0"},
				"down": {"uv": [3, 0, 2.5, 5.75], "texture": "#0"}
			}
		},
		{
			"from": [7.5, 2, 1.5],
			"to": [8.5, 2.5, 12],
			"faces": {
				"north": {"uv": [6, 9.5, 6.5, 9.75], "texture": "#0"},
				"east": {"uv": [6, 4.5, 11.25, 4.75], "texture": "#0"},
				"south": {"uv": [9.5, 6, 10, 6.25], "texture": "#0"},
				"west": {"uv": [6, 5, 11.25, 5.25], "texture": "#0"},
				"up": {"uv": [3.5, 5.25, 3, 0], "texture": "#0"},
				"down": {"uv": [4, 0, 3.5, 5.25], "texture": "#0"}
			}
		},
		{
			"from": [7.501, 1.89645, 0.35355],
			"to": [8.499, 2.89645, 2.85355],
			"rotation": {"angle": 45, "axis": "x", "origin": [8, 3.39645, 2.06066]},
			"faces": {
				"north": {"uv": [7.5, 9, 8, 9.5], "texture": "#0"},
				"east": {"uv": [6, 8, 7.25, 8.5], "texture": "#0"},
				"south": {"uv": [9, 7.5, 9.5, 8], "texture": "#0"},
				"west": {"uv": [7.5, 8, 8.75, 8.5], "texture": "#0"},
				"up": {"uv": [1.5, 9.75, 1, 8.5], "texture": "#0"},
				"down": {"uv": [2, 8.5, 1.5, 9.75], "texture": "#0"}
			}
		},
		{
			"from": [7.5, 1, 4],
			"to": [8.5, 1.5, 10],
			"faces": {
				"north": {"uv": [6.5, 9.5, 7, 9.75], "texture": "#0"},
				"east": {"uv": [6, 7, 9, 7.25], "texture": "#0"},
				"south": {"uv": [9.5, 6.5, 10, 6.75], "texture": "#0"},
				"west": {"uv": [6, 7.5, 9, 7.75], "texture": "#0"},
				"up": {"uv": [3.5, 9.5, 3, 6.5], "texture": "#0"},
				"down": {"uv": [4, 6.5, 3.5, 9.5], "texture": "#0"}
			}
		},
		{
			"from": [7.5, 1.5, 4],
			"to": [8.5, 2, 10.5],
			"faces": {
				"north": {"uv": [7, 9.5, 7.5, 9.75], "texture": "#0"},
				"east": {"uv": [6, 5.5, 9.25, 5.75], "texture": "#0"},
				"south": {"uv": [9.5, 7, 10, 7.25], "texture": "#0"},
				"west": {"uv": [6, 6.5, 9.25, 6.75], "texture": "#0"},
				"up": {"uv": [2.5, 9.75, 2, 6.5], "texture": "#0"},
				"down": {"uv": [3, 6.5, 2.5, 9.75], "texture": "#0"}
			}
		},
		{
			"from": [7.501, 3.06462, 9.38375],
			"to": [8.499, 4.08135, 17.38164],
			"rotation": {"angle": -22.5, "axis": "x", "origin": [8, 3.58135, 14.88164]},
			"faces": {
				"north": {"uv": [9, 8, 9.5, 8.5], "texture": "#0"},
				"east": {"uv": [5, 1, 9, 1.5], "texture": "#0"},
				"south": {"uv": [9, 8.5, 9.5, 9], "texture": "#0"},
				"west": {"uv": [5, 1.5, 9, 2], "texture": "#0"},
				"up": {"uv": [5.5, 6, 5, 2], "texture": "#0"},
				"down": {"uv": [6, 2, 5.5, 6], "texture": "#0"}
			}
		},
		{
			"from": [7.501, 0.65381, 3.48359],
			"to": [8.499, 1.90381, 4.48359],
			"rotation": {"angle": 22.5, "axis": "x", "origin": [8, 0.65381, 3.98359]},
			"faces": {
				"north": {"uv": [0, 9, 0.5, 9.625], "texture": "#0"},
				"east": {"uv": [9, 0, 9.5, 0.625], "texture": "#0"},
				"south": {"uv": [0.5, 9, 1, 9.625], "texture": "#0"},
				"west": {"uv": [9, 1, 9.5, 1.625], "texture": "#0"},
				"up": {"uv": [9.5, 9.5, 9, 9], "texture": "#0"},
				"down": {"uv": [10, 0, 9.5, 0.5], "texture": "#0"}
			}
		},
		{
			"from": [7.501, 4.41421, 6.41421],
			"to": [8.499, 7.41421, 7.41421],
			"rotation": {"angle": 0, "axis": "y", "origin": [0, -1.58579, -0.58579]},
			"faces": {
				"north": {"uv": [1, 7, 1.5, 8.5], "texture": "#0"},
				"east": {"uv": [1.5, 7, 2, 8.5], "texture": "#0"},
				"south": {"uv": [0, 7.5, 0.5, 9], "texture": "#0"},
				"west": {"uv": [0.5, 7.5, 1, 9], "texture": "#0"},
				"up": {"uv": [10, 1, 9.5, 0.5], "texture": "#0"},
				"down": {"uv": [10, 1, 9.5, 1.5], "texture": "#0"}
			}
		},
		{
			"from": [7.502, 3.56066, 5.35355],
			"to": [8.498, 4.56066, 7.35355],
			"rotation": {"angle": -45, "axis": "x", "origin": [8, 4.06066, 6.35355]},
			"faces": {
				"north": {"uv": [9.5, 1.5, 10, 2], "texture": "#0"},
				"east": {"uv": [3, 5.5, 4, 6], "texture": "#0"},
				"south": {"uv": [3, 9.5, 3.5, 10], "texture": "#0"},
				"west": {"uv": [4, 8.5, 5, 9], "texture": "#0"},
				"up": {"uv": [5.5, 9.5, 5, 8.5], "texture": "#0"},
				"down": {"uv": [6, 8.5, 5.5, 9.5], "texture": "#0"}
			}
		}
	],
	"display": {
		"thirdperson_righthand": {
			"translation": [0, -1.25, 5.25]
		},
		"thirdperson_lefthand": {
			"translation": [0, -1.25, 5.25]
		},
		"firstperson_righthand": {
			"rotation": [-169.23, -11.16, 178.24],
			"translation": [-1.25, 5.5, 1.5]
		},
		"firstperson_lefthand": {
			"rotation": [-169.23, -11.16, 178.24],
			"translation": [-1.25, 5.5, 1.5]
		},
		"ground": {
			"rotation": [0, 0, 90],
			"scale": [2.5, 2.5, 2.5]
		},
		"gui": {
			"rotation": [-90, 45, 90],
			"translation": [-3, 2.5, 0]
		},
		"head": {
			"rotation": [-90, -45, -90],
			"translation": [4.5, -8.25, 4.25],
			"scale": [2, 2, 2]
		},
		"fixed": {
			"rotation": [-90, -45, 90],
			"translation": [-12, -7.75, 0.75],
			"scale": [4, 4, 4]
		}
	},
	"groups": [
		{
			"name": "RelicofSentinel",
			"origin": [8, 8, 8],
			"color": 0,
			"children": [0, 1, 2, 3, 4, 5, 6, 7, 8, 9, 10, 11, 12, 13]
		}
	]
}