{
	"credit": "Made with Blockbench",
	"texture_size": [8, 8],
	"textures": {
		"0": "item/rhat1",
		"1": "item/rhat2",
		"2": "item/rhat3",
		"3": "item/rhat4",
		"particle": "item/rhat1"
	},
	"elements": [
		{
			"from": [6.9, 0.025, 5.9],
			"to": [10.1, 0.65, 9.1],
			"faces": {
				"north": {"uv": [3, 0, 6, 1], "texture": "#0"},
				"east": {"uv": [3, 1, 6, 2], "texture": "#0"},
				"south": {"uv": [3, 2, 6, 3], "texture": "#0"},
				"west": {"uv": [3, 3, 6, 4], "texture": "#0"},
				"up": {"uv": [3, 3, 0, 0], "texture": "#0"},
				"down": {"uv": [3, 3, 0, 6], "texture": "#0"}
			}
		},
		{
			"from": [7.1, 0.25, 6.1],
			"to": [9.9, 1.05, 8.9],
			"faces": {
				"north": {"uv": [6, 0, 11.625, 1.625], "texture": "#3"},
				"east": {"uv": [6, 2, 11.625, 3.625], "texture": "#3"},
				"south": {"uv": [6, 4, 11.625, 5.625], "texture": "#3"},
				"west": {"uv": [6, 6, 11.625, 7.625], "texture": "#3"},
				"up": {"uv": [5.625, 5.625, 0, 0], "texture": "#3"},
				"down": {"uv": [5.625, 6, 0, 11.625], "texture": "#3"}
			}
		},
		{
			"from": [7.3, 0.43137, 6.46911],
			"to": [9.7, 1.56154, 8.59403],
			"rotation": {"angle": -22.5, "axis": "x", "origin": [8.5, 0.90637, 7.44403]},
			"faces": {
				"north": {"uv": [6, 0, 10.75, 2.25], "texture": "#2"},
				"east": {"uv": [6, 8, 10.25, 10.25], "texture": "#2"},
				"south": {"uv": [6, 4, 10.75, 6.25], "texture": "#2"},
				"west": {"uv": [0, 12, 4.25, 14.25], "texture": "#2"},
				"up": {"uv": [4.75, 4.25, 0, 0], "texture": "#2"},
				"down": {"uv": [4.75, 6, 0, 10.25], "texture": "#2"}
			}
		},
		{
			"from": [7.5, 1.04701, 6.8227],
			"to": [9.5, 2.17718, 8.55491],
			"rotation": {"angle": -45, "axis": "x", "origin": [8.5, 0.92201, 7.60491]},
			"faces": {
				"north": {"uv": [4, 0, 8, 2.25], "texture": "#1"},
				"east": {"uv": [0, 8, 3.5, 10.25], "texture": "#1"},
				"south": {"uv": [4, 4, 8, 6.25], "texture": "#1"},
				"west": {"uv": [8, 0, 11.5, 2.25], "texture": "#1"},
				"up": {"uv": [4, 3.5, 0, 0], "texture": "#1"},
				"down": {"uv": [4, 4, 0, 7.5], "texture": "#1"}
			}
		},
		{
			"from": [7.6, 0.49477, 5.78242],
			"to": [9.375, 1.92697, 7.16259],
			"rotation": {"angle": 22.5, "axis": "x", "origin": [8.5, 1.12697, 8.18759]},
			"faces": {
				"north": {"uv": [0, 0, 1.775, 1.4322], "rotation": 180, "texture": "#0"},
				"east": {"uv": [0, 0, 1.4322, 1.38017], "rotation": 90, "texture": "#0"},
				"south": {"uv": [0, 0, 1.775, 1.4322], "texture": "#0"},
				"west": {"uv": [0, 0, 1.4322, 1.38017], "rotation": 270, "texture": "#0"},
				"up": {"uv": [0, 0, 1.775, 1.38017], "texture": "#0"},
				"down": {"uv": [0, 0, 1.775, 1.38017], "rotation": 180, "texture": "#0"}
			}
		},
		{
			"from": [7.8, 1.54288, 5.30024],
			"to": [9.2, 2.57508, 6.68041],
			"rotation": {"angle": 0, "axis": "y", "origin": [8.5, 0.92508, 8.20541]},
			"faces": {
				"north": {"uv": [0, 0, 1.4, 1.0322], "rotation": 180, "texture": "#0"},
				"east": {"uv": [0, 0, 1.0322, 1.38017], "rotation": 90, "texture": "#0"},
				"south": {"uv": [0, 0, 1.4, 1.0322], "texture": "#0"},
				"west": {"uv": [0, 0, 1.0322, 1.38017], "rotation": 270, "texture": "#0"},
				"up": {"uv": [0, 0, 1.4, 1.38017], "texture": "#0"},
				"down": {"uv": [0, 0, 1.4, 1.38017], "rotation": 180, "texture": "#0"}
			}
		},
		{
			"from": [8, 2.54013, 4.82675],
			"to": [9, 3.19733, 6.00692],
			"rotation": {"angle": -22.5, "axis": "x", "origin": [8.5, 1.17233, 7.53192]},
			"faces": {
				"north": {"uv": [0, 0, 1, 0.6572], "rotation": 180, "texture": "#0"},
				"east": {"uv": [0, 0, 0.6572, 1.18017], "rotation": 90, "texture": "#0"},
				"south": {"uv": [0, 0, 1, 0.6572], "texture": "#0"},
				"west": {"uv": [0, 0, 0.6572, 1.18017], "rotation": 270, "texture": "#0"},
				"up": {"uv": [0, 0, 1, 1.18017], "texture": "#0"},
				"down": {"uv": [0, 0, 1, 1.18017], "rotation": 180, "texture": "#0"}
			}
		},
		{
			"from": [8.2, 3.11679, 4.65468],
			"to": [8.8, 3.57399, 5.23485],
			"rotation": {"angle": -45, "axis": "x", "origin": [8.5, 1.64899, 6.75985]},
			"faces": {
				"north": {"uv": [0, 0, 0.6, 0.4572], "rotation": 180, "texture": "#0"},
				"east": {"uv": [0, 0, 0.4572, 0.58017], "rotation": 90, "texture": "#0"},
				"south": {"uv": [0, 0, 0.6, 0.4572], "texture": "#0"},
				"west": {"uv": [0, 0, 0.4572, 0.58017], "rotation": 270, "texture": "#0"},
				"up": {"uv": [0, 0, 0.6, 0.58017], "texture": "#0"},
				"down": {"uv": [0, 0, 0.6, 0.58017], "rotation": 180, "texture": "#0"}
			}
		},
		{
			"from": [8.35, 0.06153, 4.5624],
			"to": [8.65, 0.6417, 4.79461],
			"rotation": {"angle": 22.5, "axis": "x", "origin": [8.5, 2.4167, 6.3624]},
			"faces": {
				"north": {"uv": [0, 0, 0.3, 0.58017], "rotation": 180, "texture": "#0"},
				"east": {"uv": [0, 0, 0.2322, 0.58017], "rotation": 180, "texture": "#0"},
				"south": {"uv": [0, 0, 0.3, 0.58017], "rotation": 180, "texture": "#0"},
				"west": {"uv": [0, 0, 0.2322, 0.58017], "rotation": 180, "texture": "#0"},
				"up": {"uv": [0, 0, 0.3, 0.2322], "texture": "#0"},
				"down": {"uv": [0, 0, 0.3, 0.2322], "texture": "#0"}
			}
		},
		{
			"from": [7, 0, 7.25],
			"to": [10, 0.2, 11],
			"rotation": {"angle": 0, "axis": "y", "origin": [4, 0, 2]},
			"faces": {
				"north": {"uv": [0, 0, 6, 0.4], "texture": "#0"},
				"east": {"uv": [0, 0, 7.5, 0.4], "texture": "#0"},
				"south": {"uv": [0, 0, 6, 0.4], "texture": "#0"},
				"west": {"uv": [0, 0, 7.5, 0.4], "texture": "#0"},
				"up": {"uv": [0, 0, 6, 7.5], "texture": "#0"},
				"down": {"uv": [0, 0, 6, 7.5], "texture": "#0"}
			}
		},
		{
			"from": [9.57107, 0, 1.41447],
			"to": [12.57107, 0.2, 4.96447],
			"rotation": {"angle": 45, "axis": "y", "origin": [17.07107, 0.1, 7.46447]},
			"faces": {
				"north": {"uv": [0, 6, 3, 7], "texture": "#0"},
				"east": {"uv": [0, 5, 5, 6], "texture": "#0"},
				"south": {"uv": [6, 0, 9, 1], "texture": "#0"},
				"west": {"uv": [5, 5, 10, 6], "texture": "#0"},
				"up": {"uv": [3, 5, 0, 0], "texture": "#0"},
				"down": {"uv": [6, 0, 3, 5], "texture": "#0"}
			}
		},
		{
			"from": [8.62132, 0, 5.87868],
			"to": [12.12132, 0.2, 8.87868],
			"rotation": {"angle": 0, "axis": "y", "origin": [14.62132, 0.1, 1.37868]},
			"faces": {
				"north": {"uv": [0, 0, 7, 0.4], "texture": "#0"},
				"east": {"uv": [0, 0, 6, 0.4], "texture": "#0"},
				"south": {"uv": [0, 0, 7, 0.4], "texture": "#0"},
				"west": {"uv": [0, 0, 6, 0.4], "texture": "#0"},
				"up": {"uv": [0, 0, 6, 7], "rotation": 270, "texture": "#0"},
				"down": {"uv": [0, 0, 6, 7], "rotation": 90, "texture": "#0"}
			}
		},
		{
			"from": [8, 0, 4.37868],
			"to": [11.5, 0.2, 7.37868],
			"rotation": {"angle": 45, "axis": "y", "origin": [10, 0.1, 5.87868]},
			"faces": {
				"north": {"uv": [0, 0, 7, 0.4], "texture": "#0"},
				"east": {"uv": [0, 0, 6, 0.4], "texture": "#0"},
				"south": {"uv": [0, 0, 7, 0.4], "texture": "#0"},
				"west": {"uv": [0, 0, 6, 0.4], "texture": "#0"},
				"up": {"uv": [0, 0, 7, 6], "rotation": 180, "texture": "#0"},
				"down": {"uv": [0, 0, 7, 6], "rotation": 180, "texture": "#0"}
			}
		},
		{
			"from": [7, 0, 3.75736],
			"to": [10, 0.2, 7.25736],
			"rotation": {"angle": 0, "axis": "y", "origin": [7.43934, 0.1, 7.06802]},
			"faces": {
				"north": {"uv": [0, 0, 6, 0.4], "texture": "#0"},
				"east": {"uv": [0, 0, 7, 0.4], "texture": "#0"},
				"south": {"uv": [0, 0, 6, 0.4], "texture": "#0"},
				"west": {"uv": [0, 0, 7, 0.4], "texture": "#0"},
				"up": {"uv": [0, 0, 6, 7], "rotation": 180, "texture": "#0"},
				"down": {"uv": [0, 0, 6, 7], "rotation": 180, "texture": "#0"}
			}
		},
		{
			"from": [4.78769, 0, 5.03769],
			"to": [8.28769, 0.2, 8.03769],
			"rotation": {"angle": -45, "axis": "y", "origin": [7.43934, 0.1, 7.06802]},
			"faces": {
				"north": {"uv": [0, 0, 7, 0.4], "texture": "#0"},
				"east": {"uv": [0, 0, 6, 0.4], "texture": "#0"},
				"south": {"uv": [0, 0, 7, 0.4], "texture": "#0"},
				"west": {"uv": [0, 0, 6, 0.4], "texture": "#0"},
				"up": {"uv": [0, 0, 6, 7], "rotation": 90, "texture": "#0"},
				"down": {"uv": [0, 0, 6, 7], "rotation": 270, "texture": "#0"}
			}
		},
		{
			"from": [4.87868, 0, 5.87868],
			"to": [8.37868, 0.2, 8.87868],
			"rotation": {"angle": 0, "axis": "y", "origin": [7.43934, 0.1, 7.06802]},
			"faces": {
				"north": {"uv": [0, 0, 7, 0.4], "texture": "#0"},
				"east": {"uv": [0, 0, 6, 0.4], "texture": "#0"},
				"south": {"uv": [0, 0, 7, 0.4], "texture": "#0"},
				"west": {"uv": [0, 0, 6, 0.4], "texture": "#0"},
				"up": {"uv": [0, 0, 6, 7], "rotation": 90, "texture": "#0"},
				"down": {"uv": [0, 0, 6, 7], "rotation": 270, "texture": "#0"}
			}
		},
		{
			"from": [6.90901, 0, 6.65901],
			"to": [9.90901, 0.2, 10.15901],
			"rotation": {"angle": -45, "axis": "y", "origin": [7.43934, 0.1, 7.06802]},
			"faces": {
				"north": {"uv": [0, 0, 6, 0.4], "texture": "#0"},
				"east": {"uv": [0, 0, 7, 0.4], "texture": "#0"},
				"south": {"uv": [0, 0, 6, 0.4], "texture": "#0"},
				"west": {"uv": [0, 0, 7, 0.4], "texture": "#0"},
				"up": {"uv": [0, 0, 7, 6], "rotation": 270, "texture": "#0"},
				"down": {"uv": [0, 0, 7, 6], "rotation": 90, "texture": "#0"}
			}
		}
	],
	"display": {
		"thirdperson_righthand": {
			"rotation": [-11, 180, 0],
			"translation": [0, 11.5, -2.5],
			"scale": [1.5, 1.5, 1.5]
		},
		"thirdperson_lefthand": {
			"rotation": [-11, 180, 0],
			"translation": [0, 11.5, -2.5],
			"scale": [1.5, 1.5, 1.5]
		},
		"firstperson_righthand": {
			"rotation": [-21, 0, 0],
			"translation": [-1.75, 14.25, 0],
			"scale": [1.5, 1.5, 1.5]
		},
		"firstperson_lefthand": {
			"rotation": [-21, 0, 0],
			"translation": [-1.75, 14.25, 0],
			"scale": [1.5, 1.5, 1.5]
		},
		"ground": {
			"translation": [0, 13.25, 0],
			"scale": [2, 2, 2]
		},
		"gui": {
			"rotation": [68, 0, 0],
			"translation": [-1, 4, -10],
			"scale": [1.5, 1.5, 1.5]
		},
		"head": {
			"rotation": [0, 180, 0],
			"translation": [2, 38.25, -2],
			"scale": [4, 4, 4]
		},
		"fixed": {
			"rotation": [-55, 180, 0],
			"translation": [0.5, 7.25, -13],
			"scale": [1.75, 1.75, 1.75]
		}
	},
	"groups": [
		{
			"name": "group",
			"origin": [0, 0, 0],
			"color": 0,
			"children": [0, 1, 2, 3, 4, 5, 6, 7, 8]
		},
		{
			"name": "base",
			"origin": [8, 8, 8],
			"color": 0,
			"children": [9, 10, 11, 12, 13, 14, 15, 16]
		}
	]
}