{
	"credit": "Made with Blockbench",
	"texture_size": [32, 32],
	"textures": {
		"0": "item/rifler_cap",
		"particle": "item/rifler_cap"
	},
	"elements": [
		{
			"from": [5.5, 0, 1.5],
			"to": [10.5, 0.25, 6.25],
			"faces": {
				"north": {"uv": [7.5, 5, 10, 5.125], "texture": "#0"},
				"east": {"uv": [0, 8, 2.375, 8.125], "texture": "#0"},
				"south": {"uv": [7.5, 5.5, 10, 5.625], "texture": "#0"},
				"west": {"uv": [8, 0, 10.375, 0.125], "texture": "#0"},
				"up": {"uv": [2.5, 2.375, 0, 0], "texture": "#0"},
				"down": {"uv": [2.5, 2.5, 0, 4.875], "texture": "#0"}
			}
		},
		{
			"from": [7.425, 0.875, -0.001],
			"to": [8.575, 1.125, 1.75],
			"rotation": {"angle": 0, "axis": "y", "origin": [0.125, 0, 0]},
			"faces": {
				"north": {"uv": [7, 9.5, 7.625, 9.625], "texture": "#0"},
				"east": {"uv": [8.5, 8.5, 9.375, 8.625], "texture": "#0"},
				"south": {"uv": [8, 9.5, 8.625, 9.625], "texture": "#0"},
				"west": {"uv": [1, 9, 1.875, 9.125], "texture": "#0"},
				"up": {"uv": [8.125, 3.375, 7.5, 2.5], "texture": "#0"},
				"down": {"uv": [8.125, 3.5, 7.5, 4.375], "texture": "#0"}
			}
		},
		{
			"from": [5.75, 0.25, 1.75],
			"to": [10.25, 1.75, 6],
			"faces": {
				"north": {"uv": [2, 5, 4.25, 5.75], "texture": "#0"},
				"east": {"uv": [5, 3, 7.125, 3.75], "texture": "#0"},
				"south": {"uv": [5, 2, 7.25, 2.75], "texture": "#0"},
				"west": {"uv": [5, 4, 7.125, 4.75], "texture": "#0"},
				"up": {"uv": [4.75, 2.125, 2.5, 0], "texture": "#0"},
				"down": {"uv": [4.75, 2.5, 2.5, 4.625], "texture": "#0"}
			}
		},
		{
			"from": [6, 2.25, 1.25],
			"to": [10, 3.75, 4.75],
			"rotation": {"angle": 22.5, "axis": "x", "origin": [0, 0, 0]},
			"faces": {
				"north": {"uv": [4.5, 5, 6.5, 5.75], "texture": "#0"},
				"east": {"uv": [4, 6, 5.75, 6.75], "texture": "#0"},
				"south": {"uv": [2, 6, 4, 6.75], "texture": "#0"},
				"west": {"uv": [6, 6, 7.75, 6.75], "texture": "#0"},
				"up": {"uv": [2, 6.75, 0, 5], "texture": "#0"},
				"down": {"uv": [7, 0, 5, 1.75], "texture": "#0"}
			}
		},
		{
			"from": [8.25, 0.25, 0.5],
			"to": [10.25, 0.5, 1.75],
			"rotation": {"angle": -22.5, "axis": "z", "origin": [10, 0, 1]},
			"faces": {
				"north": {"uv": [8.5, 4, 9.5, 4.125], "texture": "#0"},
				"east": {"uv": [9.5, 8, 10.125, 8.125], "texture": "#0"},
				"south": {"uv": [5.5, 8.5, 6.5, 8.625], "texture": "#0"},
				"west": {"uv": [9.5, 8.5, 10.125, 8.625], "texture": "#0"},
				"up": {"uv": [7.5, 5.625, 6.5, 5], "texture": "#0"},
				"down": {"uv": [1, 7, 0, 7.625], "texture": "#0"}
			}
		},
		{
			"from": [5.75, 0.25, 0.5],
			"to": [7.75, 0.5, 1.75],
			"rotation": {"angle": 22.5, "axis": "z", "origin": [6, 0, 1]},
			"faces": {
				"north": {"uv": [7.5, 8.5, 8.5, 8.625], "texture": "#0"},
				"east": {"uv": [9, 9.5, 9.625, 9.625], "texture": "#0"},
				"south": {"uv": [8.5, 8, 9.5, 8.125], "texture": "#0"},
				"west": {"uv": [9.5, 9, 10.125, 9.125], "texture": "#0"},
				"up": {"uv": [8, 0.625, 7, 0], "texture": "#0"},
				"down": {"uv": [2, 7, 1, 7.625], "texture": "#0"}
			}
		},
		{
			"from": [6.25, 0.25, 0],
			"to": [7.75, 0.5, 0.25],
			"rotation": {"angle": 22.5, "axis": "z", "origin": [6, 0, 1]},
			"faces": {
				"north": {"uv": [7.5, 9, 8.25, 9.125], "texture": "#0"},
				"east": {"uv": [10, 7, 10.125, 7.125], "texture": "#0"},
				"south": {"uv": [9, 7.5, 9.75, 7.625], "texture": "#0"},
				"west": {"uv": [7.5, 10, 7.625, 10.125], "texture": "#0"},
				"up": {"uv": [9.25, 9.125, 8.5, 9], "texture": "#0"},
				"down": {"uv": [0.75, 9.5, 0, 9.625], "texture": "#0"}
			}
		},
		{
			"from": [8.25, 0.25, 0],
			"to": [9.75, 0.5, 0.25],
			"rotation": {"angle": -22.5, "axis": "z", "origin": [10, 0, 1]},
			"faces": {
				"north": {"uv": [9.5, 0.5, 10.25, 0.625], "texture": "#0"},
				"east": {"uv": [10, 7.5, 10.125, 7.625], "texture": "#0"},
				"south": {"uv": [1, 9.5, 1.75, 9.625], "texture": "#0"},
				"west": {"uv": [8, 10, 8.125, 10.125], "texture": "#0"},
				"up": {"uv": [10.25, 1.125, 9.5, 1], "texture": "#0"},
				"down": {"uv": [10.25, 4, 9.5, 4.125], "texture": "#0"}
			}
		},
		{
			"from": [8.25, 0.25, 0.25],
			"to": [10, 0.5, 0.5],
			"rotation": {"angle": -22.5, "axis": "z", "origin": [10, 0, 1.25]},
			"faces": {
				"north": {"uv": [9, 2.5, 9.875, 2.625], "texture": "#0"},
				"east": {"uv": [8.5, 10, 8.625, 10.125], "texture": "#0"},
				"south": {"uv": [9, 3, 9.875, 3.125], "texture": "#0"},
				"west": {"uv": [9, 10, 9.125, 10.125], "texture": "#0"},
				"up": {"uv": [9.875, 3.625, 9, 3.5], "texture": "#0"},
				"down": {"uv": [9.875, 4.5, 9, 4.625], "texture": "#0"}
			}
		},
		{
			"from": [6, 0.25, 0.25],
			"to": [7.75, 0.5, 0.5],
			"rotation": {"angle": 22.5, "axis": "z", "origin": [6, 0, 1.25]},
			"faces": {
				"north": {"uv": [5.5, 9, 6.375, 9.125], "texture": "#0"},
				"east": {"uv": [9.5, 10, 9.625, 10.125], "texture": "#0"},
				"south": {"uv": [6.5, 9, 7.375, 9.125], "texture": "#0"},
				"west": {"uv": [10, 9.5, 10.125, 9.625], "texture": "#0"},
				"up": {"uv": [9.875, 6.625, 9, 6.5], "texture": "#0"},
				"down": {"uv": [9.875, 7, 9, 7.125], "texture": "#0"}
			}
		},
		{
			"from": [8.25, 1.5, 0.5],
			"to": [9.75, 3, 1],
			"rotation": {"angle": 22.5, "axis": "x", "origin": [0, 0, 0]},
			"faces": {
				"north": {"uv": [7, 1, 7.75, 1.75], "texture": "#0"},
				"east": {"uv": [6.5, 8, 6.75, 8.75], "texture": "#0"},
				"south": {"uv": [2, 7, 2.75, 7.75], "texture": "#0"},
				"west": {"uv": [7, 8, 7.25, 8.75], "texture": "#0"},
				"up": {"uv": [8.75, 6.75, 8, 6.5], "texture": "#0"},
				"down": {"uv": [8.25, 8, 7.5, 8.25], "texture": "#0"}
			}
		},
		{
			"from": [6.25, 1.5, 0.5],
			"to": [7.75, 3, 1],
			"rotation": {"angle": 22.5, "axis": "x", "origin": [0, 0, 0]},
			"faces": {
				"north": {"uv": [3, 7, 3.75, 7.75], "texture": "#0"},
				"east": {"uv": [0, 8.5, 0.25, 9.25], "texture": "#0"},
				"south": {"uv": [4, 7, 4.75, 7.75], "texture": "#0"},
				"west": {"uv": [0.5, 8.5, 0.75, 9.25], "texture": "#0"},
				"up": {"uv": [8.75, 7.75, 8, 7.5], "texture": "#0"},
				"down": {"uv": [1.75, 8.5, 1, 8.75], "texture": "#0"}
			}
		},
		{
			"from": [7.75, 1.75, 0.75],
			"to": [8.25, 2.25, 1],
			"rotation": {"angle": 22.5, "axis": "x", "origin": [0, 0, 0]},
			"faces": {
				"north": {"uv": [0, 10, 0.25, 10.25], "texture": "#0"},
				"east": {"uv": [3, 10, 3.125, 10.25], "texture": "#0"},
				"south": {"uv": [0.5, 10, 0.75, 10.25], "texture": "#0"},
				"west": {"uv": [10, 3, 10.125, 3.25], "texture": "#0"},
				"up": {"uv": [3.75, 10.125, 3.5, 10], "texture": "#0"},
				"down": {"uv": [10.25, 3.5, 10, 3.625], "texture": "#0"}
			}
		},
		{
			"from": [5.5, 1.75, 0.75],
			"to": [6.25, 2.25, 1],
			"rotation": {"angle": 22.5, "axis": "x", "origin": [0, 0, 0]},
			"faces": {
				"north": {"uv": [5.5, 9.5, 5.875, 9.75], "texture": "#0"},
				"east": {"uv": [4, 10, 4.125, 10.25], "texture": "#0"},
				"south": {"uv": [6, 9.5, 6.375, 9.75], "texture": "#0"},
				"west": {"uv": [4.5, 10, 4.625, 10.25], "texture": "#0"},
				"up": {"uv": [1.375, 10.125, 1, 10], "texture": "#0"},
				"down": {"uv": [1.875, 10, 1.5, 10.125], "texture": "#0"}
			}
		},
		{
			"from": [5.5, 1.75, 1],
			"to": [5.75, 2.25, 3.25],
			"rotation": {"angle": 22.5, "axis": "x", "origin": [0, 0, 0]},
			"faces": {
				"north": {"uv": [10, 4.5, 10.125, 4.75], "texture": "#0"},
				"east": {"uv": [8, 0.5, 9.125, 0.75], "texture": "#0"},
				"south": {"uv": [5, 10, 5.125, 10.25], "texture": "#0"},
				"west": {"uv": [8, 1, 9.125, 1.25], "texture": "#0"},
				"up": {"uv": [3.625, 9.625, 3.5, 8.5], "texture": "#0"},
				"down": {"uv": [4.125, 8.5, 4, 9.625], "texture": "#0"}
			}
		},
		{
			"from": [5.49, 0.37203, 3.67246],
			"to": [5.74, 0.87203, 6.17346],
			"rotation": {"angle": 0, "axis": "x", "origin": [6, 0.75, 3.75]},
			"faces": {
				"north": {"uv": [10, 5, 10.125, 5.25], "texture": "#0"},
				"east": {"uv": [6.5, 7.5, 7.75, 7.75], "texture": "#0"},
				"south": {"uv": [5.5, 10, 5.625, 10.25], "texture": "#0"},
				"west": {"uv": [7.5, 7, 8.75, 7.25], "texture": "#0"},
				"up": {"uv": [8.625, 3.75, 8.5, 2.5], "texture": "#0"},
				"down": {"uv": [3.125, 8.5, 3, 9.75], "texture": "#0"}
			}
		},
		{
			"from": [5.74, 0.37203, 5.92246],
			"to": [10.26, 0.87203, 6.17346],
			"rotation": {"angle": 0, "axis": "x", "origin": [6, 0.75, 3.75]},
			"faces": {
				"north": {"uv": [5, 7, 7.25, 7.25], "texture": "#0"},
				"east": {"uv": [10, 5.5, 10.125, 5.75], "texture": "#0"},
				"south": {"uv": [7.5, 2, 9.75, 2.25], "texture": "#0"},
				"west": {"uv": [6, 10, 6.125, 10.25], "texture": "#0"},
				"up": {"uv": [10.25, 1.625, 8, 1.5], "texture": "#0"},
				"down": {"uv": [4.75, 8, 2.5, 8.125], "texture": "#0"}
			}
		},
		{
			"from": [9.75, 1.75, 0.75],
			"to": [10.5, 2.25, 1],
			"rotation": {"angle": 22.5, "axis": "x", "origin": [16, 0, 0]},
			"faces": {
				"north": {"uv": [9.5, 6, 9.875, 6.25], "texture": "#0"},
				"east": {"uv": [10, 6, 10.125, 6.25], "texture": "#0"},
				"south": {"uv": [6.5, 9.5, 6.875, 9.75], "texture": "#0"},
				"west": {"uv": [6.5, 10, 6.625, 10.25], "texture": "#0"},
				"up": {"uv": [2.375, 10.125, 2, 10], "texture": "#0"},
				"down": {"uv": [10.375, 2, 10, 2.125], "texture": "#0"}
			}
		},
		{
			"from": [10.25, 1.75, 1],
			"to": [10.5, 2.25, 3.25],
			"rotation": {"angle": 22.5, "axis": "x", "origin": [16, 0, 0]},
			"faces": {
				"north": {"uv": [10, 6.5, 10.125, 6.75], "texture": "#0"},
				"east": {"uv": [5, 8, 6.125, 8.25], "texture": "#0"},
				"south": {"uv": [7, 10, 7.125, 10.25], "texture": "#0"},
				"west": {"uv": [8, 6, 9.125, 6.25], "texture": "#0"},
				"up": {"uv": [4.625, 9.625, 4.5, 8.5], "texture": "#0"},
				"down": {"uv": [5.125, 8.5, 5, 9.625], "texture": "#0"}
			}
		},
		{
			"from": [10.26, 0.37203, 3.67246],
			"to": [10.51, 0.87203, 6.17346],
			"rotation": {"angle": 0, "axis": "x", "origin": [10, 0.75, 3.75]},
			"faces": {
				"north": {"uv": [2.5, 10, 2.625, 10.25], "texture": "#0"},
				"east": {"uv": [7.5, 4.5, 8.75, 4.75], "texture": "#0"},
				"south": {"uv": [10, 2.5, 10.125, 2.75], "texture": "#0"},
				"west": {"uv": [5, 7.5, 6.25, 7.75], "texture": "#0"},
				"up": {"uv": [2.125, 9.75, 2, 8.5], "texture": "#0"},
				"down": {"uv": [2.625, 8.5, 2.5, 9.75], "texture": "#0"}
			}
		}
	],
	"gui_light": "front",
	"display": {
		"thirdperson_righthand": {
			"translation": [0, 8, 5.25]
		},
		"thirdperson_lefthand": {
			"translation": [0, 8, 5.25]
		},
		"firstperson_righthand": {
			"translation": [18, 16, -12],
			"scale": [4, 4, 4]
		},
		"firstperson_lefthand": {
			"translation": [18, 16, -12],
			"scale": [4, 4, 4]
		},
		"ground": {
			"translation": [0, 12, 9.25],
			"scale": [2, 2, 2]
		},
		"gui": {
			"rotation": [180, -45, 180],
			"translation": [-7.5, 18.25, 0],
			"scale": [2.5, 3, 2.5]
		},
		"head": {
			"translation": [0, 29.5, 15.25],
			"scale": [3.65, 3.5, 3.65]
		},
		"fixed": {
			"translation": [0, 15.5, 6.25],
			"scale": [2.5, 2.5, 2.5]
		}
	}
}