{
	"credit": "Made with Blockbench",
	"textures": {
		"2": "item/RStaff1",
		"3": "item/RStaff2",
		"4": "item/RStaff3",
		"5": "item/RStaff4",
		"6": "item/RStaff5",
		"particle": "item/RStaff1"
	},
	"elements": [
		{
			"from": [7, 0, -9.5],
			"to": [8, 1, 13.25],
			"rotation": {"angle": 0, "axis": "y", "origin": [7.5, 0.5, 5.25]},
			"faces": {
				"north": {"uv": [0, 0, 1, 1], "rotation": 180, "texture": "#5"},
				"east": {"uv": [0, 0, 1, 16], "rotation": 270, "texture": "#5"},
				"south": {"uv": [0, 0, 1, 1], "texture": "#5"},
				"west": {"uv": [0, 0, 1, 16], "rotation": 90, "texture": "#5"},
				"up": {"uv": [0, 0, 1, 16], "rotation": 180, "texture": "#5"},
				"down": {"uv": [0, 0, 1, 16], "texture": "#5"}
			}
		},
		{
			"from": [6.85, -0.15, 7.75],
			"to": [8.15, 1.15, 12.25],
			"rotation": {"angle": 0, "axis": "y", "origin": [7.5, 0.5, 5.25]},
			"faces": {
				"north": {"uv": [0, 0, 1.3, 1.3], "rotation": 180, "texture": "#2"},
				"east": {"uv": [0, 0, 1.3, 4.5], "rotation": 270, "texture": "#2"},
				"south": {"uv": [0, 0, 1.3, 1.3], "texture": "#2"},
				"west": {"uv": [0, 0, 1.3, 4.5], "rotation": 90, "texture": "#2"},
				"up": {"uv": [0, 0, 1.3, 4.5], "rotation": 180, "texture": "#2"},
				"down": {"uv": [0, 0, 1.3, 4.5], "texture": "#2"}
			}
		},
		{
			"from": [6.75, -0.25, -12.75],
			"to": [8.25, 1.25, -8.25],
			"rotation": {"angle": 0, "axis": "y", "origin": [7.5, 0.5, 5.25]},
			"faces": {
				"north": {"uv": [0, 0, 1.5, 1.5], "rotation": 180, "texture": "#4"},
				"east": {"uv": [0, 0, 1.5, 4.5], "rotation": 270, "texture": "#4"},
				"south": {"uv": [0, 0, 1.5, 1.5], "texture": "#4"},
				"west": {"uv": [0, 0, 1.5, 4.5], "rotation": 90, "texture": "#4"},
				"up": {"uv": [0, 0, 1.5, 4.5], "rotation": 180, "texture": "#4"},
				"down": {"uv": [0, 0, 1.5, 4.5], "texture": "#4"}
			}
		},
		{
			"from": [6.5, -0.3, 12.75],
			"to": [7.5, 0.5, 13.75],
			"rotation": {"angle": 45, "axis": "y", "origin": [7.5, 0.5, 12.75]},
			"faces": {
				"north": {"uv": [0, 0, 1, 0.8], "texture": "#5"},
				"east": {"uv": [0, 0, 1, 0.8], "texture": "#5"},
				"south": {"uv": [0, 0, 1, 0.8], "texture": "#5"},
				"west": {"uv": [0, 0, 1, 0.8], "texture": "#5"},
				"up": {"uv": [0, 0, 1, 1], "texture": "#5"},
				"down": {"uv": [0, 0, 1, 1], "texture": "#5"}
			}
		},
		{
			"from": [5.5, -0.25, 12.75],
			"to": [6.5, 0.5, 13.75],
			"rotation": {"angle": 45, "axis": "y", "origin": [7.5, 0.5, 12.75]},
			"faces": {
				"north": {"uv": [0, 0, 1, 0.75], "texture": "#3"},
				"east": {"uv": [0, 0, 1, 0.75], "texture": "#3"},
				"south": {"uv": [0, 0, 1, 0.75], "texture": "#3"},
				"west": {"uv": [0, 0, 1, 0.75], "texture": "#3"},
				"up": {"uv": [0, 0, 1, 1], "texture": "#3"},
				"down": {"uv": [0, 0, 1, 1], "texture": "#3"}
			}
		},
		{
			"from": [6.5, -0.25, 13.75],
			"to": [7.5, 0.5, 14.75],
			"rotation": {"angle": 45, "axis": "y", "origin": [7.5, 0.5, 12.75]},
			"faces": {
				"north": {"uv": [0, 0, 1, 0.75], "texture": "#3"},
				"east": {"uv": [0, 0, 1, 0.75], "texture": "#3"},
				"south": {"uv": [0, 0, 1, 0.75], "texture": "#3"},
				"west": {"uv": [0, 0, 1, 0.75], "texture": "#3"},
				"up": {"uv": [0, 0, 1, 1], "texture": "#3"},
				"down": {"uv": [0, 0, 1, 1], "texture": "#3"}
			}
		},
		{
			"from": [6.5, -0.25, 14.75],
			"to": [7.5, 0.5, 15.75],
			"rotation": {"angle": 45, "axis": "y", "origin": [7.5, 0.5, 12.75]},
			"faces": {
				"north": {"uv": [0, 0, 1, 0.75], "texture": "#4"},
				"east": {"uv": [0, 0, 1, 0.75], "texture": "#4"},
				"south": {"uv": [0, 0, 1, 0.75], "texture": "#4"},
				"west": {"uv": [0, 0, 1, 0.75], "texture": "#4"},
				"up": {"uv": [0, 0, 1, 1], "texture": "#4"},
				"down": {"uv": [0, 0, 1, 1], "texture": "#4"}
			}
		},
		{
			"from": [5.5, -0.5, 13.75],
			"to": [6.5, 0.75, 14.75],
			"rotation": {"angle": 45, "axis": "y", "origin": [7.5, 0.5, 12.75]},
			"faces": {
				"north": {"uv": [0, 0, 1, 1.25], "texture": "#3"},
				"east": {"uv": [0, 0, 1, 1.25], "texture": "#3"},
				"south": {"uv": [0, 0, 1, 1.25], "texture": "#3"},
				"west": {"uv": [0, 0, 1, 1.25], "texture": "#3"},
				"up": {"uv": [0, 0, 1, 1], "texture": "#3"},
				"down": {"uv": [0, 0, 1, 1], "texture": "#3"}
			}
		},
		{
			"from": [4.5, -0.5, 13.75],
			"to": [5.5, 0.75, 14.75],
			"rotation": {"angle": 45, "axis": "y", "origin": [7.5, 0.5, 12.75]},
			"faces": {
				"north": {"uv": [0, 0, 1, 1.25], "texture": "#4"},
				"east": {"uv": [0, 0, 1, 1.25], "texture": "#4"},
				"south": {"uv": [0, 0, 1, 1.25], "texture": "#4"},
				"west": {"uv": [0, 0, 1, 1.25], "texture": "#4"},
				"up": {"uv": [0, 0, 1, 1], "texture": "#4"},
				"down": {"uv": [0, 0, 1, 1], "texture": "#4"}
			}
		},
		{
			"from": [3.5, -0.25, 13.75],
			"to": [4.5, 0.5, 14.75],
			"rotation": {"angle": 45, "axis": "y", "origin": [7.5, 0.5, 12.75]},
			"faces": {
				"north": {"uv": [0, 0, 1, 0.75], "texture": "#3"},
				"east": {"uv": [0, 0, 1, 0.75], "texture": "#3"},
				"south": {"uv": [0, 0, 1, 0.75], "texture": "#3"},
				"west": {"uv": [0, 0, 1, 0.75], "texture": "#3"},
				"up": {"uv": [0, 0, 1, 1], "texture": "#3"},
				"down": {"uv": [0, 0, 1, 1], "texture": "#3"}
			}
		},
		{
			"from": [4.5, -0.25, 12.75],
			"to": [5.5, 0.5, 13.75],
			"rotation": {"angle": 45, "axis": "y", "origin": [7.5, 0.5, 12.75]},
			"faces": {
				"north": {"uv": [0, 0, 1, 0.75], "texture": "#4"},
				"east": {"uv": [0, 0, 1, 0.75], "texture": "#4"},
				"south": {"uv": [0, 0, 1, 0.75], "texture": "#4"},
				"west": {"uv": [0, 0, 1, 0.75], "texture": "#4"},
				"up": {"uv": [0, 0, 1, 1], "texture": "#4"},
				"down": {"uv": [0, 0, 1, 1], "texture": "#4"}
			}
		},
		{
			"from": [5.5, -0.5, 14.75],
			"to": [6.5, 0.75, 15.75],
			"rotation": {"angle": 45, "axis": "y", "origin": [7.5, 0.5, 12.75]},
			"faces": {
				"north": {"uv": [0, 0, 1, 1.25], "texture": "#4"},
				"east": {"uv": [0, 0, 1, 1.25], "texture": "#4"},
				"south": {"uv": [0, 0, 1, 1.25], "texture": "#4"},
				"west": {"uv": [0, 0, 1, 1.25], "texture": "#4"},
				"up": {"uv": [0, 0, 1, 1], "texture": "#4"},
				"down": {"uv": [0, 0, 1, 1], "texture": "#4"}
			}
		},
		{
			"from": [5.5, -0.25, 15.75],
			"to": [6.5, 0.5, 16.75],
			"rotation": {"angle": 45, "axis": "y", "origin": [7.5, 0.5, 12.75]},
			"faces": {
				"north": {"uv": [0, 0, 1, 0.75], "texture": "#3"},
				"east": {"uv": [0, 0, 1, 0.75], "texture": "#3"},
				"south": {"uv": [0, 0, 1, 0.75], "texture": "#3"},
				"west": {"uv": [0, 0, 1, 0.75], "texture": "#3"},
				"up": {"uv": [0, 0, 1, 1], "texture": "#3"},
				"down": {"uv": [0, 0, 1, 1], "texture": "#3"}
			}
		},
		{
			"from": [4.5, -0.5, 14.75],
			"to": [5.5, 0.75, 15.75],
			"rotation": {"angle": 45, "axis": "y", "origin": [7.5, 0.5, 12.75]},
			"faces": {
				"north": {"uv": [0, 0, 1, 1.25], "texture": "#4"},
				"east": {"uv": [0, 0, 1, 1.25], "texture": "#4"},
				"south": {"uv": [0, 0, 1, 1.25], "texture": "#4"},
				"west": {"uv": [0, 0, 1, 1.25], "texture": "#4"},
				"up": {"uv": [0, 0, 1, 1], "texture": "#4"},
				"down": {"uv": [0, 0, 1, 1], "texture": "#4"}
			}
		},
		{
			"from": [3.5, -0.55, 14.75],
			"to": [4.5, 0.5, 15.75],
			"rotation": {"angle": 45, "axis": "y", "origin": [7.5, 0.5, 12.75]},
			"faces": {
				"north": {"uv": [0, 0, 1, 1.05], "texture": "#3"},
				"east": {"uv": [0, 0, 1, 1.05], "texture": "#3"},
				"south": {"uv": [0, 0, 1, 1.05], "texture": "#3"},
				"west": {"uv": [0, 0, 1, 1.05], "texture": "#3"},
				"up": {"uv": [0, 0, 1, 1], "texture": "#3"},
				"down": {"uv": [0, 0, 1, 1], "texture": "#3"}
			}
		},
		{
			"from": [3.5, -0.6, 15.75],
			"to": [4.5, 0.5, 16.75],
			"rotation": {"angle": 45, "axis": "y", "origin": [7.5, 0.5, 12.75]},
			"faces": {
				"north": {"uv": [0, 0, 1, 1.1], "texture": "#3"},
				"east": {"uv": [0, 0, 1, 1.1], "texture": "#3"},
				"south": {"uv": [0, 0, 1, 1.1], "texture": "#3"},
				"west": {"uv": [0, 0, 1, 1.1], "texture": "#3"},
				"up": {"uv": [0, 0, 1, 1], "texture": "#3"},
				"down": {"uv": [0, 0, 1, 1], "texture": "#3"}
			}
		},
		{
			"from": [4.5, -0.65, 15.75],
			"to": [5.5, 0.5, 16.75],
			"rotation": {"angle": 45, "axis": "y", "origin": [7.5, 0.5, 12.75]},
			"faces": {
				"north": {"uv": [0, 0, 1, 1.15], "texture": "#3"},
				"east": {"uv": [0, 0, 1, 1.15], "texture": "#3"},
				"south": {"uv": [0, 0, 1, 1.15], "texture": "#3"},
				"west": {"uv": [0, 0, 1, 1.15], "texture": "#3"},
				"up": {"uv": [0, 0, 1, 1], "texture": "#3"},
				"down": {"uv": [0, 0, 1, 1], "texture": "#3"}
			}
		},
		{
			"from": [4.5, 0.5, 15.75],
			"to": [5.5, 1.35, 16.75],
			"rotation": {"angle": 45, "axis": "y", "origin": [7.5, 0.5, 12.75]},
			"faces": {
				"north": {"uv": [0, 0, 1, 0.85], "texture": "#3"},
				"east": {"uv": [0, 0, 1, 0.85], "texture": "#3"},
				"south": {"uv": [0, 0, 1, 0.85], "texture": "#3"},
				"west": {"uv": [0, 0, 1, 0.85], "texture": "#3"},
				"up": {"uv": [0, 0, 1, 1], "texture": "#3"},
				"down": {"uv": [0, 0, 1, 1], "texture": "#3"}
			}
		},
		{
			"from": [3.5, 0.4, 15.75],
			"to": [4.5, 1.5, 16.75],
			"rotation": {"angle": 45, "axis": "y", "origin": [7.5, 0.5, 12.75]},
			"faces": {
				"north": {"uv": [0, 0, 1, 1.1], "texture": "#3"},
				"east": {"uv": [0, 0, 1, 1.1], "texture": "#3"},
				"south": {"uv": [0, 0, 1, 1.1], "texture": "#3"},
				"west": {"uv": [0, 0, 1, 1.1], "texture": "#3"},
				"up": {"uv": [0, 0, 1, 1], "texture": "#3"},
				"down": {"uv": [0, 0, 1, 1], "texture": "#3"}
			}
		},
		{
			"from": [7.61522, -0.5, 17.3276],
			"to": [9.61522, 1.25, 19.0776],
			"rotation": {"angle": -22.5, "axis": "y", "origin": [8.61522, 0.375, 18.3276]},
			"faces": {
				"north": {"uv": [0, 0, 2, 1.75], "texture": "#2"},
				"east": {"uv": [0, 0, 1.75, 1.75], "texture": "#2"},
				"south": {"uv": [0, 0, 2, 1.75], "texture": "#2"},
				"west": {"uv": [0, 0, 1.75, 1.75], "texture": "#2"},
				"up": {"uv": [0, 0, 2, 1.75], "texture": "#2"},
				"down": {"uv": [0, 0, 2, 1.75], "texture": "#2"}
			}
		},
		{
			"from": [2.90329, -0.5, 17.13966],
			"to": [7.40329, 1.25, 19.13966],
			"rotation": {"angle": 22.5, "axis": "y", "origin": [6.52829, 0.375, 18.13966]},
			"faces": {
				"north": {"uv": [0, 4, 4.5, 5.75], "texture": "#2"},
				"east": {"uv": [5, 2, 7, 3.75], "texture": "#2"},
				"south": {"uv": [5, 0, 9.5, 1.75], "texture": "#2"},
				"west": {"uv": [5, 4, 7, 5.75], "texture": "#2"},
				"up": {"uv": [4.5, 2, 0, 0], "texture": "#2"},
				"down": {"uv": [4.5, 2, 0, 4], "texture": "#2"}
			}
		},
		{
			"from": [1.17174, -0.5, 18.52138],
			"to": [4.67174, 1.25, 19.77138],
			"rotation": {"angle": -45, "axis": "y", "origin": [3.29674, 0.375, 18.77138]},
			"faces": {
				"north": {"uv": [0, 0, 3.5, 1.75], "texture": "#2"},
				"east": {"uv": [0, 0, 1.25, 1.75], "texture": "#2"},
				"south": {"uv": [0, 0, 3.5, 1.75], "texture": "#2"},
				"west": {"uv": [0, 0, 1.25, 1.75], "texture": "#2"},
				"up": {"uv": [0, 0, 1.25, 3.5], "rotation": 90, "texture": "#2"},
				"down": {"uv": [0, 0, 1.25, 3.5], "rotation": 270, "texture": "#2"}
			}
		},
		{
			"from": [-1.71787, -0.5, 18.71671],
			"to": [-0.21787, 1.25, 26.46671],
			"rotation": {"angle": 22.5, "axis": "y", "origin": [-0.84287, 0.375, 19.46671]},
			"faces": {
				"north": {"uv": [0, 0, 1.5, 1.75], "texture": "#2"},
				"east": {"uv": [0, 0, 7.75, 1.75], "texture": "#2"},
				"south": {"uv": [0, 0, 1.5, 1.75], "texture": "#2"},
				"west": {"uv": [0, 0, 7.75, 1.75], "texture": "#2"},
				"up": {"uv": [0, 0, 1.5, 7.75], "texture": "#2"},
				"down": {"uv": [0, 0, 1.5, 7.75], "texture": "#2"}
			}
		},
		{
			"from": [-0.54822, -0.5, 25.02603],
			"to": [1.55178, 1.25, 30.02603],
			"rotation": {"angle": -22.5, "axis": "y", "origin": [0.30178, 0.375, 27.52603]},
			"faces": {
				"north": {"uv": [0, 0, 2.1, 1.75], "texture": "#2"},
				"east": {"uv": [0, 0, 5, 1.75], "texture": "#2"},
				"south": {"uv": [0, 0, 2.1, 1.75], "texture": "#2"},
				"west": {"uv": [0, 0, 5, 1.75], "texture": "#2"},
				"up": {"uv": [0, 0, 2.1, 5], "texture": "#2"},
				"down": {"uv": [0, 0, 2.1, 5], "texture": "#2"}
			}
		},
		{
			"from": [0.78797, -0.5, 28.86594],
			"to": [5.78797, 1.25, 31.36594],
			"rotation": {"angle": -22.5, "axis": "y", "origin": [3.28797, 0.375, 30.11594]},
			"faces": {
				"north": {"uv": [0, 0, 5, 1.75], "texture": "#2"},
				"east": {"uv": [0, 0, 2.5, 1.75], "texture": "#2"},
				"south": {"uv": [0, 0, 5, 1.75], "texture": "#2"},
				"west": {"uv": [0, 0, 2.5, 1.75], "texture": "#2"},
				"up": {"uv": [0, 0, 2.5, 5], "rotation": 90, "texture": "#2"},
				"down": {"uv": [0, 0, 2.5, 5], "rotation": 270, "texture": "#2"}
			}
		},
		{
			"from": [4.45066, -0.5, 28.86594],
			"to": [8.95066, 1.25, 31.36594],
			"rotation": {"angle": 22.5, "axis": "y", "origin": [6.95066, 0.375, 30.11594]},
			"faces": {
				"north": {"uv": [0, 0, 4.5, 1.75], "texture": "#2"},
				"east": {"uv": [0, 0, 2.5, 1.75], "texture": "#2"},
				"south": {"uv": [0, 0, 4.5, 1.75], "texture": "#2"},
				"west": {"uv": [0, 0, 2.5, 1.75], "texture": "#2"},
				"up": {"uv": [0, 0, 2.5, 4.5], "rotation": 90, "texture": "#2"},
				"down": {"uv": [0, 0, 2.5, 4.5], "rotation": 270, "texture": "#2"}
			}
		},
		{
			"from": [8.62715, -0.4, 29.48954],
			"to": [10.62715, 1.15, 31.98954],
			"rotation": {"angle": -22.5, "axis": "y", "origin": [10.87715, 0.375, 28.48954]},
			"faces": {
				"north": {"uv": [0, 0, 2, 1.55], "texture": "#2"},
				"east": {"uv": [0, 0, 2.5, 1.55], "texture": "#2"},
				"south": {"uv": [0, 0, 2, 1.55], "texture": "#2"},
				"west": {"uv": [0, 0, 2.5, 1.55], "texture": "#2"},
				"up": {"uv": [0, 0, 2.5, 2], "rotation": 90, "texture": "#2"},
				"down": {"uv": [0, 0, 2.5, 2], "rotation": 270, "texture": "#2"}
			}
		},
		{
			"from": [-3.18694, -0.5, 15.69083],
			"to": [2.31306, 1.25, 17.19083],
			"rotation": {"angle": 45, "axis": "y", "origin": [1.56306, 0.375, 15.56583]},
			"faces": {
				"north": {"uv": [0, 0, 5.5, 1.75], "texture": "#2"},
				"east": {"uv": [0, 0, 1.5, 1.75], "texture": "#2"},
				"south": {"uv": [0, 0, 5.5, 1.75], "texture": "#2"},
				"west": {"uv": [0, 0, 1.5, 1.75], "texture": "#2"},
				"up": {"uv": [0, 0, 1.5, 5.5], "rotation": 270, "texture": "#2"},
				"down": {"uv": [0, 0, 1.5, 5.5], "rotation": 90, "texture": "#2"}
			}
		},
		{
			"from": [6.76522, -0.6, 27.5776],
			"to": [8.96522, 1.35, 28.5776],
			"rotation": {"angle": 0, "axis": "y", "origin": [8.61522, 0.375, 18.3276]},
			"faces": {
				"north": {"uv": [0, 0, 2.2, 1.95], "texture": "#3"},
				"east": {"uv": [0, 0, 1, 1.95], "texture": "#3"},
				"south": {"uv": [0, 0, 2.2, 1.95], "texture": "#3"},
				"west": {"uv": [0, 0, 1, 1.95], "texture": "#3"},
				"up": {"uv": [0, 0, 2.2, 1], "texture": "#3"},
				"down": {"uv": [0, 0, 2.2, 1], "texture": "#3"}
			}
		},
		{
			"from": [6.76522, -0.6, 18.5776],
			"to": [8.96522, 1.35, 20.0776],
			"rotation": {"angle": 0, "axis": "y", "origin": [8.61522, 0.375, 18.3276]},
			"faces": {
				"north": {"uv": [0, 0, 2.2, 1.95], "texture": "#3"},
				"east": {"uv": [0, 0, 1.5, 1.95], "texture": "#3"},
				"south": {"uv": [0, 0, 2.2, 1.95], "texture": "#3"},
				"west": {"uv": [0, 0, 1.5, 1.95], "texture": "#3"},
				"up": {"uv": [0, 0, 2.2, 1.5], "texture": "#3"},
				"down": {"uv": [0, 0, 2.2, 1.5], "texture": "#3"}
			}
		},
		{
			"from": [7.26522, -0.1, 22.5776],
			"to": [8.46522, 0.85, 25.0776],
			"rotation": {"angle": 0, "axis": "y", "origin": [8.61522, 0.375, 18.3276]},
			"faces": {
				"north": {"uv": [3.5, 10.5, 8.2, 13.45], "texture": "#6"},
				"east": {"uv": [3.5, 7, 9.5, 9.95], "texture": "#6"},
				"south": {"uv": [8.5, 10, 12.7, 12.95], "texture": "#6"},
				"west": {"uv": [0, 0, 7, 6.45], "texture": "#6"},
				"up": {"uv": [8.5, 4.5, 12.7, 10], "texture": "#6"},
				"down": {"uv": [10, 3.5, 13.7, 8.5], "texture": "#6"}
			}
		},
		{
			"from": [7.51522, 0.15, 22.3276],
			"to": [8.21522, 0.6, 25.3276],
			"rotation": {"angle": 0, "axis": "y", "origin": [8.61522, 0.375, 18.3276]},
			"faces": {
				"north": {"uv": [3.5, 10.5, 8.2, 13.45], "texture": "#6"},
				"east": {"uv": [3.5, 7, 9.5, 9.95], "texture": "#6"},
				"south": {"uv": [8.5, 10, 12.7, 12.95], "texture": "#6"},
				"west": {"uv": [0, 0, 7, 6.45], "texture": "#6"},
				"up": {"uv": [8.5, 4.5, 12.7, 10], "texture": "#6"},
				"down": {"uv": [10, 3.5, 13.7, 8.5], "texture": "#6"}
			}
		},
		{
			"from": [7.61522, -0.35, 22.8276],
			"to": [8.11522, 1.1, 24.8276],
			"rotation": {"angle": 0, "axis": "y", "origin": [8.61522, 0.375, 18.3276]},
			"faces": {
				"north": {"uv": [3.5, 10.5, 8.2, 13.45], "texture": "#6"},
				"east": {"uv": [3.5, 7, 9.5, 9.95], "texture": "#6"},
				"south": {"uv": [8.5, 10, 12.7, 12.95], "texture": "#6"},
				"west": {"uv": [0, 0, 7, 6.45], "texture": "#6"},
				"up": {"uv": [8.5, 4.5, 12.7, 10], "texture": "#6"},
				"down": {"uv": [10, 3.5, 13.7, 8.5], "texture": "#6"}
			}
		},
		{
			"from": [7.14022, 0.125, 22.8276],
			"to": [8.59022, 0.625, 24.8276],
			"rotation": {"angle": 0, "axis": "y", "origin": [7.86522, 0.375, 23.8276]},
			"faces": {
				"north": {"uv": [3.5, 10.5, 8.2, 13.45], "rotation": 90, "texture": "#6"},
				"east": {"uv": [10, 3.5, 13.7, 8.5], "rotation": 270, "texture": "#6"},
				"south": {"uv": [8.5, 10, 12.7, 12.95], "rotation": 270, "texture": "#6"},
				"west": {"uv": [8.5, 4.5, 12.7, 10], "rotation": 270, "texture": "#6"},
				"up": {"uv": [3.5, 7, 9.5, 9.95], "rotation": 270, "texture": "#6"},
				"down": {"uv": [0, 0, 7, 6.45], "rotation": 270, "texture": "#6"}
			}
		},
		{
			"from": [3.5, 0.5, 14.75],
			"to": [4.5, 1.35, 15.75],
			"rotation": {"angle": 45, "axis": "y", "origin": [7.5, 0.5, 12.75]},
			"faces": {
				"north": {"uv": [0, 0, 1, 0.85], "texture": "#3"},
				"east": {"uv": [0, 0, 1, 0.85], "texture": "#3"},
				"south": {"uv": [0, 0, 1, 0.85], "texture": "#3"},
				"west": {"uv": [0, 0, 1, 0.85], "texture": "#3"},
				"up": {"uv": [0, 0, 1, 1], "texture": "#3"},
				"down": {"uv": [0, 0, 1, 1], "texture": "#3"}
			}
		},
		{
			"from": [4.5, 0.25, 14.75],
			"to": [5.5, 1.5, 15.75],
			"rotation": {"angle": 45, "axis": "y", "origin": [7.5, 0.5, 12.75]},
			"faces": {
				"north": {"uv": [0, 0, 1, 1.25], "texture": "#4"},
				"east": {"uv": [0, 0, 1, 1.25], "texture": "#4"},
				"south": {"uv": [0, 0, 1, 1.25], "texture": "#4"},
				"west": {"uv": [0, 0, 1, 1.25], "texture": "#4"},
				"up": {"uv": [0, 0, 1, 1], "texture": "#4"},
				"down": {"uv": [0, 0, 1, 1], "texture": "#4"}
			}
		},
		{
			"from": [5.5, 0.5, 15.75],
			"to": [6.5, 1.25, 16.75],
			"rotation": {"angle": 45, "axis": "y", "origin": [7.5, 0.5, 12.75]},
			"faces": {
				"north": {"uv": [0, 0, 1, 0.75], "texture": "#3"},
				"east": {"uv": [0, 0, 1, 0.75], "texture": "#3"},
				"south": {"uv": [0, 0, 1, 0.75], "texture": "#3"},
				"west": {"uv": [0, 0, 1, 0.75], "texture": "#3"},
				"up": {"uv": [0, 0, 1, 1], "texture": "#3"},
				"down": {"uv": [0, 0, 1, 1], "texture": "#3"}
			}
		},
		{
			"from": [4.5, 0.5, 12.75],
			"to": [5.5, 1.25, 13.75],
			"rotation": {"angle": 45, "axis": "y", "origin": [7.5, 0.5, 12.75]},
			"faces": {
				"north": {"uv": [0, 0, 1, 0.75], "texture": "#4"},
				"east": {"uv": [0, 0, 1, 0.75], "texture": "#4"},
				"south": {"uv": [0, 0, 1, 0.75], "texture": "#4"},
				"west": {"uv": [0, 0, 1, 0.75], "texture": "#4"},
				"up": {"uv": [0, 0, 1, 1], "texture": "#4"},
				"down": {"uv": [0, 0, 1, 1], "texture": "#4"}
			}
		},
		{
			"from": [3.5, 0.5, 13.75],
			"to": [4.5, 1.25, 14.75],
			"rotation": {"angle": 45, "axis": "y", "origin": [7.5, 0.5, 12.75]},
			"faces": {
				"north": {"uv": [0, 0, 1, 0.75], "texture": "#3"},
				"east": {"uv": [0, 0, 1, 0.75], "texture": "#3"},
				"south": {"uv": [0, 0, 1, 0.75], "texture": "#3"},
				"west": {"uv": [0, 0, 1, 0.75], "texture": "#3"},
				"up": {"uv": [0, 0, 1, 1], "texture": "#3"},
				"down": {"uv": [0, 0, 1, 1], "texture": "#3"}
			}
		},
		{
			"from": [4.5, 0.25, 13.75],
			"to": [5.5, 1.5, 14.75],
			"rotation": {"angle": 45, "axis": "y", "origin": [7.5, 0.5, 12.75]},
			"faces": {
				"north": {"uv": [0, 0, 1, 1.25], "texture": "#4"},
				"east": {"uv": [0, 0, 1, 1.25], "texture": "#4"},
				"south": {"uv": [0, 0, 1, 1.25], "texture": "#4"},
				"west": {"uv": [0, 0, 1, 1.25], "texture": "#4"},
				"up": {"uv": [0, 0, 1, 1], "texture": "#4"},
				"down": {"uv": [0, 0, 1, 1], "texture": "#4"}
			}
		},
		{
			"from": [5.5, 0.25, 13.75],
			"to": [6.5, 1.5, 14.75],
			"rotation": {"angle": 45, "axis": "y", "origin": [7.5, 0.5, 12.75]},
			"faces": {
				"north": {"uv": [0, 0, 1, 1], "texture": "#3"},
				"east": {"uv": [0, 1, 1, 2], "texture": "#3"},
				"south": {"uv": [1, 0, 2, 1], "texture": "#3"},
				"west": {"uv": [1, 1, 2, 2], "texture": "#3"},
				"up": {"uv": [1, 3, 0, 2], "texture": "#3"},
				"down": {"uv": [3, 0, 2, 1], "texture": "#3"}
			}
		},
		{
			"from": [5.5, 0.25, 14.75],
			"to": [6.5, 1.5, 15.75],
			"rotation": {"angle": 45, "axis": "y", "origin": [7.5, 0.5, 12.75]},
			"faces": {
				"north": {"uv": [0, 0, 1, 1], "texture": "#4"},
				"east": {"uv": [0, 1, 1, 2], "texture": "#4"},
				"south": {"uv": [1, 0, 2, 1], "texture": "#4"},
				"west": {"uv": [1, 1, 2, 2], "texture": "#4"},
				"up": {"uv": [1, 3, 0, 2], "texture": "#4"},
				"down": {"uv": [3, 0, 2, 1], "texture": "#4"}
			}
		},
		{
			"from": [6.5, 0.5, 14.75],
			"to": [7.5, 1.25, 15.75],
			"rotation": {"angle": 45, "axis": "y", "origin": [7.5, 0.5, 12.75]},
			"faces": {
				"north": {"uv": [0, 0, 1, 0.75], "texture": "#4"},
				"east": {"uv": [0, 0, 1, 0.75], "texture": "#4"},
				"south": {"uv": [0, 0, 1, 0.75], "texture": "#4"},
				"west": {"uv": [0, 0, 1, 0.75], "texture": "#4"},
				"up": {"uv": [0, 0, 1, 1], "texture": "#4"},
				"down": {"uv": [0, 0, 1, 1], "texture": "#4"}
			}
		},
		{
			"from": [6.5, 0.5, 13.75],
			"to": [7.5, 1.25, 14.75],
			"rotation": {"angle": 45, "axis": "y", "origin": [7.5, 0.5, 12.75]},
			"faces": {
				"north": {"uv": [0, 0, 1, 0.75], "texture": "#3"},
				"east": {"uv": [0, 0, 1, 0.75], "texture": "#3"},
				"south": {"uv": [0, 0, 1, 0.75], "texture": "#3"},
				"west": {"uv": [0, 0, 1, 0.75], "texture": "#3"},
				"up": {"uv": [0, 0, 1, 1], "texture": "#3"},
				"down": {"uv": [0, 0, 1, 1], "texture": "#3"}
			}
		},
		{
			"from": [5.5, 0.5, 12.75],
			"to": [6.5, 1.25, 13.75],
			"rotation": {"angle": 45, "axis": "y", "origin": [7.5, 0.5, 12.75]},
			"faces": {
				"north": {"uv": [0, 0, 1, 0.75], "texture": "#3"},
				"east": {"uv": [0, 0, 1, 0.75], "texture": "#3"},
				"south": {"uv": [0, 0, 1, 0.75], "texture": "#3"},
				"west": {"uv": [0, 0, 1, 0.75], "texture": "#3"},
				"up": {"uv": [0, 0, 1, 1], "texture": "#3"},
				"down": {"uv": [0, 0, 1, 1], "texture": "#3"}
			}
		},
		{
			"from": [6.5, 0.5, 12.75],
			"to": [7.5, 1.3, 13.75],
			"rotation": {"angle": 45, "axis": "y", "origin": [7.5, 0.5, 12.75]},
			"faces": {
				"north": {"uv": [0, 0, 1, 0.8], "texture": "#5"},
				"east": {"uv": [0, 0, 1, 0.8], "texture": "#5"},
				"south": {"uv": [0, 0, 1, 0.8], "texture": "#5"},
				"west": {"uv": [0, 0, 1, 0.8], "texture": "#5"},
				"up": {"uv": [0, 0, 1, 1], "texture": "#5"},
				"down": {"uv": [0, 0, 1, 1], "texture": "#5"}
			}
		}
	],
	"display": {
		"thirdperson_righthand": {
			"rotation": [129, 180, -90],
			"translation": [-7.5, 3, 4.25]
		},
		"thirdperson_lefthand": {
			"rotation": [129, 180, 90],
			"translation": [7.5, 3, 4.25]
		},
		"firstperson_righthand": {
			"rotation": [-100, 0, 94],
			"translation": [0, -1.75, -9]
		},
		"firstperson_lefthand": {
			"rotation": [-100, 0, -94.5],
			"translation": [17, -1.75, -9]
		},
		"ground": {
			"translation": [0, 9.75, -1.5]
		},
		"gui": {
			"rotation": [90, 145, 0],
			"translation": [-0.5, 0, 0],
			"scale": [0.43, 0.43, 0.43]
		},
		"head": {
			"rotation": [90, 135, 0],
			"translation": [0, -16.75, 18.25],
			"scale": [1.5, 1.5, 1.5]
		},
		"fixed": {
			"rotation": [-90, -46, 0],
			"translation": [0, 0, -18.25],
			"scale": [2.5, 2.5, 2.5]
		}
	},
	"groups": [
		0,
		1,
		2,
		{
			"name": "group",
			"origin": [7.5, 0.5, 15.5],
			"color": 0,
			"children": [3, 4, 5, 6, 7, 8, 9, 10, 11, 12, 13, 14, 15, 16, 17, 18, 19, 20, 21, 22, 23, 24, 25, 26, 27, 28, 29, 30, 31, 32, 33, 34, 35, 36, 37, 38, 39, 40, 41, 42, 43, 44, 45]
		},
		{
			"name": "group",
			"origin": [7.5, 0.5, 15.5],
			"color": 0,
			"children": []
		}
	]
}