{
	"credit": "Made with Blockbench",
	"texture_size": [128, 128],
	"textures": {
		"0": "block/ScrapCannon",
		"particle": "block/ScrapCannon"
	},
	"elements": [
		{
			"from": [6.5, 8, -1],
			"to": [9.5, 10, 17],
			"rotation": {"angle": 0, "axis": "y", "origin": [7, 8, 7]},
			"faces": {
				"north": {"uv": [6.75, 7.75, 7.125, 8], "texture": "#0"},
				"east": {"uv": [2.875, 1.5, 5.125, 1.75], "texture": "#0"},
				"south": {"uv": [7.125, 7.75, 7.5, 8], "texture": "#0"},
				"west": {"uv": [2.875, 1.75, 5.125, 2], "texture": "#0"},
				"up": {"uv": [0.375, 2.25, 0, 0], "texture": "#0"},
				"down": {"uv": [0.75, 0, 0.375, 2.25], "texture": "#0"}
			}
		},
		{
			"from": [4.9588, 8.30656, -1],
			"to": [6.9588, 10.30656, 17],
			"rotation": {"angle": -22.5, "axis": "z", "origin": [5.9588, 9.30656, 8]},
			"faces": {
				"north": {"uv": [4.625, 7.125, 4.875, 7.375], "texture": "#0"},
				"east": {"uv": [2.875, 2, 5.125, 2.25], "texture": "#0"},
				"south": {"uv": [8.375, 6.625, 8.625, 6.875], "texture": "#0"},
				"west": {"uv": [2.875, 2.25, 5.125, 2.5], "texture": "#0"},
				"up": {"uv": [0.75, 4.5, 0.5, 2.25], "texture": "#0"},
				"down": {"uv": [2.625, 2.875, 2.375, 5.125], "texture": "#0"}
			}
		},
		{
			"from": [3.65224, 9.17958, -1],
			"to": [5.65224, 11.17958, 17],
			"rotation": {"angle": -45, "axis": "z", "origin": [4.65224, 10.17958, 8]},
			"faces": {
				"north": {"uv": [8.375, 6.875, 8.625, 7.125], "texture": "#0"},
				"east": {"uv": [2.875, 2.5, 5.125, 2.75], "texture": "#0"},
				"south": {"uv": [8.375, 7.125, 8.625, 7.375], "texture": "#0"},
				"west": {"uv": [2.625, 2.875, 4.875, 3.125], "texture": "#0"},
				"up": {"uv": [1, 5.25, 0.75, 3], "texture": "#0"},
				"down": {"uv": [1.25, 3, 1, 5.25], "texture": "#0"}
			}
		},
		{
			"from": [2.77922, 10.48614, -1],
			"to": [4.77922, 12.48614, 17],
			"rotation": {"angle": 22.5, "axis": "z", "origin": [3.77922, 11.48614, 8]},
			"faces": {
				"north": {"uv": [7.625, 8.375, 7.875, 8.625], "texture": "#0"},
				"east": {"uv": [3, 0, 5.25, 0.25], "texture": "#0"},
				"south": {"uv": [8.375, 7.75, 8.625, 8], "texture": "#0"},
				"west": {"uv": [3, 0.25, 5.25, 0.5], "texture": "#0"},
				"up": {"uv": [1.5, 5.25, 1.25, 3], "texture": "#0"},
				"down": {"uv": [2.875, 3.125, 2.625, 5.375], "texture": "#0"}
			}
		},
		{
			"from": [11.52734, 12.02734, -1],
			"to": [13.52734, 15.02734, 17],
			"rotation": {"angle": 0, "axis": "y", "origin": [12.52734, 13.52734, 8]},
			"faces": {
				"north": {"uv": [5.625, 3.75, 5.875, 4.125], "texture": "#0"},
				"east": {"uv": [0.75, 0, 3, 0.375], "texture": "#0"},
				"south": {"uv": [7.5, 7.75, 7.75, 8.125], "texture": "#0"},
				"west": {"uv": [0.75, 0.375, 3, 0.75], "texture": "#0"},
				"up": {"uv": [3.125, 5.375, 2.875, 3.125], "texture": "#0"},
				"down": {"uv": [3.375, 3.125, 3.125, 5.375], "texture": "#0"}
			}
		},
		{
			"from": [0.77922, 15.06854, -4],
			"to": [2.77922, 17.76854, -1],
			"rotation": {"angle": -22.5, "axis": "z", "origin": [1.77922, 16.06854, -10]},
			"faces": {
				"north": {"uv": [7.75, 7.75, 8, 8.125], "texture": "#0"},
				"east": {"uv": [5.625, 7, 6, 7.375], "texture": "#0"},
				"south": {"uv": [7.875, 0, 8.125, 0.375], "texture": "#0"},
				"west": {"uv": [7.125, 0.5, 7.5, 0.875], "texture": "#0"},
				"up": {"uv": [8.125, 0.75, 7.875, 0.375], "texture": "#0"},
				"down": {"uv": [0.75, 7.875, 0.5, 8.25], "texture": "#0"}
			}
		},
		{
			"from": [3.65224, 15.8751, -1],
			"to": [5.65224, 17.8751, 17],
			"rotation": {"angle": -45, "axis": "z", "origin": [4.65224, 16.8751, 8]},
			"faces": {
				"north": {"uv": [8.375, 8, 8.625, 8.25], "texture": "#0"},
				"east": {"uv": [3, 0.5, 5.25, 0.75], "texture": "#0"},
				"south": {"uv": [8.5, 0, 8.75, 0.25], "texture": "#0"},
				"west": {"uv": [3.375, 3.125, 5.625, 3.375], "texture": "#0"},
				"up": {"uv": [1.75, 5.5, 1.5, 3.25], "texture": "#0"},
				"down": {"uv": [2, 3.25, 1.75, 5.5], "texture": "#0"}
			}
		},
		{
			"from": [4.9588, 16.74812, -1],
			"to": [6.9588, 18.74812, 17],
			"rotation": {"angle": 22.5, "axis": "z", "origin": [5.9588, 17.74812, 8]},
			"faces": {
				"north": {"uv": [0.25, 8.5, 0.5, 8.75], "texture": "#0"},
				"east": {"uv": [3.375, 3.375, 5.625, 3.625], "texture": "#0"},
				"south": {"uv": [8.5, 0.25, 8.75, 0.5], "texture": "#0"},
				"west": {"uv": [3.375, 3.625, 5.625, 3.875], "texture": "#0"},
				"up": {"uv": [2.25, 5.5, 2, 3.25], "texture": "#0"},
				"down": {"uv": [0.25, 3.625, 0, 5.875], "texture": "#0"}
			}
		},
		{
			"from": [3.7588, 18.74812, -4],
			"to": [6.4588, 20.74812, -1],
			"rotation": {"angle": 22.5, "axis": "z", "origin": [5.4588, 19.74812, -10]},
			"faces": {
				"north": {"uv": [0.75, 7.875, 1.125, 8.125], "texture": "#0"},
				"east": {"uv": [7.875, 0.75, 8.25, 1], "texture": "#0"},
				"south": {"uv": [1.125, 7.875, 1.5, 8.125], "texture": "#0"},
				"west": {"uv": [1.5, 7.875, 1.875, 8.125], "texture": "#0"},
				"up": {"uv": [7.5, 1.25, 7.125, 0.875], "texture": "#0"},
				"down": {"uv": [4.25, 7.125, 3.875, 7.5], "texture": "#0"}
			}
		},
		{
			"from": [6.5, 17.05468, -1],
			"to": [9.5, 19.05468, 17],
			"rotation": {"angle": 0, "axis": "y", "origin": [7, 17.05468, 7]},
			"faces": {
				"north": {"uv": [2.125, 7.875, 2.5, 8.125], "texture": "#0"},
				"east": {"uv": [3.75, 0.75, 6, 1], "texture": "#0"},
				"south": {"uv": [3.5, 7.875, 3.875, 8.125], "texture": "#0"},
				"west": {"uv": [3.75, 1, 6, 1.25], "texture": "#0"},
				"up": {"uv": [1.125, 3, 0.75, 0.75], "texture": "#0"},
				"down": {"uv": [1.5, 0.75, 1.125, 3], "texture": "#0"}
			}
		},
		{
			"from": [9.0412, 8.30656, -1],
			"to": [11.0412, 10.30656, 17],
			"rotation": {"angle": 22.5, "axis": "z", "origin": [10.0412, 9.30656, 8]},
			"faces": {
				"north": {"uv": [8.5, 0.5, 8.75, 0.75], "texture": "#0"},
				"east": {"uv": [3.75, 1.25, 6, 1.5], "texture": "#0"},
				"south": {"uv": [8.5, 1.25, 8.75, 1.5], "texture": "#0"},
				"west": {"uv": [3.375, 3.875, 5.625, 4.125], "texture": "#0"},
				"up": {"uv": [0.5, 5.875, 0.25, 3.625], "texture": "#0"},
				"down": {"uv": [3.625, 4.125, 3.375, 6.375], "texture": "#0"}
			}
		},
		{
			"from": [10.34776, 9.17958, -1],
			"to": [12.34776, 11.17958, 17],
			"rotation": {"angle": 45, "axis": "z", "origin": [11.34776, 10.17958, 8]},
			"faces": {
				"north": {"uv": [8.5, 1.5, 8.75, 1.75], "texture": "#0"},
				"east": {"uv": [3.625, 4.125, 5.875, 4.375], "texture": "#0"},
				"south": {"uv": [8.5, 1.75, 8.75, 2], "texture": "#0"},
				"west": {"uv": [3.625, 4.375, 5.875, 4.625], "texture": "#0"},
				"up": {"uv": [0.75, 6.75, 0.5, 4.5], "texture": "#0"},
				"down": {"uv": [3.875, 4.625, 3.625, 6.875], "texture": "#0"}
			}
		},
		{
			"from": [11.22078, 10.48614, -1],
			"to": [13.22078, 12.48614, 17],
			"rotation": {"angle": -22.5, "axis": "z", "origin": [12.22078, 11.48614, 8]},
			"faces": {
				"north": {"uv": [8.5, 2, 8.75, 2.25], "texture": "#0"},
				"east": {"uv": [3.875, 4.625, 6.125, 4.875], "texture": "#0"},
				"south": {"uv": [8.5, 2.625, 8.75, 2.875], "texture": "#0"},
				"west": {"uv": [4.875, 2.75, 7.125, 3], "texture": "#0"},
				"up": {"uv": [4.125, 7.125, 3.875, 4.875], "texture": "#0"},
				"down": {"uv": [4.375, 4.875, 4.125, 7.125], "texture": "#0"}
			}
		},
		{
			"from": [2.47266, 12.02734, -1],
			"to": [4.47266, 15.02734, 17],
			"rotation": {"angle": 0, "axis": "y", "origin": [3.47266, 13.52734, 8]},
			"faces": {
				"north": {"uv": [3, 7.875, 3.25, 8.25], "texture": "#0"},
				"east": {"uv": [1.5, 0.75, 3.75, 1.125], "texture": "#0"},
				"south": {"uv": [3.875, 7.875, 4.125, 8.25], "texture": "#0"},
				"west": {"uv": [1.5, 1.125, 3.75, 1.5], "texture": "#0"},
				"up": {"uv": [4.625, 7.125, 4.375, 4.875], "texture": "#0"},
				"down": {"uv": [4.875, 4.875, 4.625, 7.125], "texture": "#0"}
			}
		},
		{
			"from": [11.22078, 14.56854, -1],
			"to": [13.22078, 16.56854, 17],
			"rotation": {"angle": 22.5, "axis": "z", "origin": [12.22078, 15.56854, 8]},
			"faces": {
				"north": {"uv": [8.5, 2.875, 8.75, 3.125], "texture": "#0"},
				"east": {"uv": [4.875, 4.875, 7.125, 5.125], "texture": "#0"},
				"south": {"uv": [8.5, 3.125, 8.75, 3.375], "texture": "#0"},
				"west": {"uv": [5.125, 1.5, 7.375, 1.75], "texture": "#0"},
				"up": {"uv": [2.5, 7.375, 2.25, 5.125], "texture": "#0"},
				"down": {"uv": [5.125, 5.125, 4.875, 7.375], "texture": "#0"}
			}
		},
		{
			"from": [10.34776, 15.8751, -1],
			"to": [12.34776, 17.8751, 17],
			"rotation": {"angle": 45, "axis": "z", "origin": [11.34776, 16.8751, 8]},
			"faces": {
				"north": {"uv": [3.625, 8.5, 3.875, 8.75], "texture": "#0"},
				"east": {"uv": [5.125, 1.75, 7.375, 2], "texture": "#0"},
				"south": {"uv": [3.875, 8.5, 4.125, 8.75], "texture": "#0"},
				"west": {"uv": [5.125, 2, 7.375, 2.25], "texture": "#0"},
				"up": {"uv": [5.375, 7.375, 5.125, 5.125], "texture": "#0"},
				"down": {"uv": [1, 5.25, 0.75, 7.5], "texture": "#0"}
			}
		},
		{
			"from": [9.0412, 16.74812, -1],
			"to": [11.0412, 18.74812, 17],
			"rotation": {"angle": -22.5, "axis": "z", "origin": [10.0412, 17.74812, 8]},
			"faces": {
				"north": {"uv": [5.375, 8.5, 5.625, 8.75], "texture": "#0"},
				"east": {"uv": [5.125, 2.25, 7.375, 2.5], "texture": "#0"},
				"south": {"uv": [5.625, 8.5, 5.875, 8.75], "texture": "#0"},
				"west": {"uv": [5.125, 2.5, 7.375, 2.75], "texture": "#0"},
				"up": {"uv": [1.25, 7.5, 1, 5.25], "texture": "#0"},
				"down": {"uv": [1.5, 5.25, 1.25, 7.5], "texture": "#0"}
			}
		},
		{
			"from": [6.65224, 16.09927, 17.4588],
			"to": [9.5, 18.64047, 18],
			"rotation": {"angle": -45, "axis": "x", "origin": [7.5, 17.64047, 17]},
			"faces": {
				"north": {"uv": [4.25, 7.125, 4.625, 7.5], "texture": "#0"},
				"east": {"uv": [3.25, 5.375, 3.375, 5.75], "texture": "#0"},
				"south": {"uv": [7.125, 5.625, 7.5, 6], "texture": "#0"},
				"west": {"uv": [3.25, 5.75, 3.375, 6.125], "texture": "#0"},
				"up": {"uv": [5.25, 3.125, 4.875, 3], "texture": "#0"},
				"down": {"uv": [5.625, 3, 5.25, 3.125], "texture": "#0"}
			}
		},
		{
			"from": [6.65224, 8.41421, 16],
			"to": [9.34776, 8.95541, 18.5412],
			"rotation": {"angle": -45, "axis": "x", "origin": [8.5, 9.41421, 17]},
			"faces": {
				"north": {"uv": [5.875, 4.5, 6.25, 4.625], "texture": "#0"},
				"east": {"uv": [6.125, 4.75, 6.5, 4.875], "texture": "#0"},
				"south": {"uv": [6.875, 3.5, 7.25, 3.625], "texture": "#0"},
				"west": {"uv": [7.25, 3.5, 7.625, 3.625], "texture": "#0"},
				"up": {"uv": [6.375, 7.5, 6, 7.125], "texture": "#0"},
				"down": {"uv": [7.5, 6, 7.125, 6.375], "texture": "#0"}
			}
		},
		{
			"from": [12.57193, 12.17958, 16],
			"to": [13.11313, 14.8751, 18.5412],
			"rotation": {"angle": -45, "axis": "y", "origin": [12.11313, 14.02734, 17]},
			"faces": {
				"north": {"uv": [0.375, 5.875, 0.5, 6.25], "texture": "#0"},
				"east": {"uv": [6.375, 7.125, 6.75, 7.5], "texture": "#0"},
				"south": {"uv": [0.375, 6.25, 0.5, 6.625], "texture": "#0"},
				"west": {"uv": [7.125, 6.375, 7.5, 6.75], "texture": "#0"},
				"up": {"uv": [0.75, 7.125, 0.625, 6.75], "texture": "#0"},
				"down": {"uv": [3.625, 7, 3.5, 7.375], "texture": "#0"}
			}
		},
		{
			"from": [3.65224, 14.8751, 16],
			"to": [5.65224, 16.8751, 18],
			"rotation": {"angle": 45, "axis": "y", "origin": [4.65224, 15.8751, 17]},
			"faces": {
				"north": {"uv": [5.875, 8.5, 6.125, 8.75], "texture": "#0"},
				"east": {"uv": [6.125, 8.5, 6.375, 8.75], "texture": "#0"},
				"south": {"uv": [6.625, 8.5, 6.875, 8.75], "texture": "#0"},
				"west": {"uv": [6.875, 8.5, 7.125, 8.75], "texture": "#0"},
				"up": {"uv": [7.375, 8.75, 7.125, 8.5], "texture": "#0"},
				"down": {"uv": [7.625, 8.5, 7.375, 8.75], "texture": "#0"}
			}
		},
		{
			"from": [4.65224, 15.8751, 16],
			"to": [6.65224, 17.8751, 18],
			"rotation": {"angle": 45, "axis": "x", "origin": [5.65224, 16.8751, 17]},
			"faces": {
				"north": {"uv": [8.5, 7.375, 8.75, 7.625], "texture": "#0"},
				"east": {"uv": [8.5, 8.25, 8.75, 8.5], "texture": "#0"},
				"south": {"uv": [8.5, 8.5, 8.75, 8.75], "texture": "#0"},
				"west": {"uv": [0.5, 8.625, 0.75, 8.875], "texture": "#0"},
				"up": {"uv": [1, 8.875, 0.75, 8.625], "texture": "#0"},
				"down": {"uv": [8.875, 0.75, 8.625, 1], "texture": "#0"}
			}
		},
		{
			"from": [4.65224, 9.17958, 16],
			"to": [6.65224, 11.17958, 18],
			"rotation": {"angle": -45, "axis": "x", "origin": [5.65224, 10.17958, 17]},
			"faces": {
				"north": {"uv": [1, 8.625, 1.25, 8.875], "texture": "#0"},
				"east": {"uv": [8.625, 1, 8.875, 1.25], "texture": "#0"},
				"south": {"uv": [1.25, 8.625, 1.5, 8.875], "texture": "#0"},
				"west": {"uv": [1.75, 8.625, 2, 8.875], "texture": "#0"},
				"up": {"uv": [2.25, 8.875, 2, 8.625], "texture": "#0"},
				"down": {"uv": [2.5, 8.625, 2.25, 8.875], "texture": "#0"}
			}
		},
		{
			"from": [3.65224, 10.17958, 16],
			"to": [5.65224, 12.17958, 18],
			"rotation": {"angle": 45, "axis": "y", "origin": [4.65224, 11.17958, 17]},
			"faces": {
				"north": {"uv": [8.625, 2.25, 8.875, 2.5], "texture": "#0"},
				"east": {"uv": [2.5, 8.625, 2.75, 8.875], "texture": "#0"},
				"south": {"uv": [2.75, 8.625, 3, 8.875], "texture": "#0"},
				"west": {"uv": [3, 8.625, 3.25, 8.875], "texture": "#0"},
				"up": {"uv": [3.5, 8.875, 3.25, 8.625], "texture": "#0"},
				"down": {"uv": [8.875, 3.375, 8.625, 3.625], "texture": "#0"}
			}
		},
		{
			"from": [4.65224, 10.17958, 16.41421],
			"to": [11.34776, 16.8751, 18.41421],
			"rotation": {"angle": 0, "axis": "y", "origin": [4.65224, 14.8751, 16.41421]},
			"faces": {
				"north": {"uv": [1.5, 1.5, 2.375, 2.375], "texture": "#0"},
				"east": {"uv": [2, 6.375, 2.25, 7.25], "texture": "#0"},
				"south": {"uv": [1.5, 2.375, 2.375, 3.25], "texture": "#0"},
				"west": {"uv": [0, 6.625, 0.25, 7.5], "texture": "#0"},
				"up": {"uv": [7.375, 1.5, 6.5, 1.25], "texture": "#0"},
				"down": {"uv": [7.625, 3.625, 6.75, 3.875], "texture": "#0"}
			}
		},
		{
			"from": [9.34776, 15.8751, 16],
			"to": [11.34776, 17.8751, 18],
			"rotation": {"angle": 45, "axis": "x", "origin": [10.34776, 16.8751, 17]},
			"faces": {
				"north": {"uv": [8.625, 3.625, 8.875, 3.875], "texture": "#0"},
				"east": {"uv": [8.625, 3.875, 8.875, 4.125], "texture": "#0"},
				"south": {"uv": [4.125, 8.625, 4.375, 8.875], "texture": "#0"},
				"west": {"uv": [8.625, 4.125, 8.875, 4.375], "texture": "#0"},
				"up": {"uv": [8.875, 4.625, 8.625, 4.375], "texture": "#0"},
				"down": {"uv": [8.875, 4.625, 8.625, 4.875], "texture": "#0"}
			}
		},
		{
			"from": [10.34776, 14.8751, 16],
			"to": [12.34776, 16.8751, 18],
			"rotation": {"angle": -45, "axis": "y", "origin": [11.34776, 15.8751, 17]},
			"faces": {
				"north": {"uv": [5, 8.625, 5.25, 8.875], "texture": "#0"},
				"east": {"uv": [8.625, 5.875, 8.875, 6.125], "texture": "#0"},
				"south": {"uv": [8.625, 6.125, 8.875, 6.375], "texture": "#0"},
				"west": {"uv": [6.375, 8.625, 6.625, 8.875], "texture": "#0"},
				"up": {"uv": [8.875, 6.625, 8.625, 6.375], "texture": "#0"},
				"down": {"uv": [8.875, 6.625, 8.625, 6.875], "texture": "#0"}
			}
		},
		{
			"from": [9.34776, 9.17958, 16],
			"to": [11.34776, 11.17958, 18],
			"rotation": {"angle": -45, "axis": "x", "origin": [10.34776, 10.17958, 17]},
			"faces": {
				"north": {"uv": [8.625, 6.875, 8.875, 7.125], "texture": "#0"},
				"east": {"uv": [8.625, 7.125, 8.875, 7.375], "texture": "#0"},
				"south": {"uv": [7.625, 8.625, 7.875, 8.875], "texture": "#0"},
				"west": {"uv": [8.625, 7.625, 8.875, 7.875], "texture": "#0"},
				"up": {"uv": [8.125, 8.875, 7.875, 8.625], "texture": "#0"},
				"down": {"uv": [8.875, 7.875, 8.625, 8.125], "texture": "#0"}
			}
		},
		{
			"from": [10.34776, 10.17958, 16],
			"to": [12.34776, 12.17958, 18],
			"rotation": {"angle": -45, "axis": "y", "origin": [11.34776, 11.17958, 17]},
			"faces": {
				"north": {"uv": [8.125, 8.625, 8.375, 8.875], "texture": "#0"},
				"east": {"uv": [0, 8.75, 0.25, 9], "texture": "#0"},
				"south": {"uv": [8.75, 0, 9, 0.25], "texture": "#0"},
				"west": {"uv": [0.25, 8.75, 0.5, 9], "texture": "#0"},
				"up": {"uv": [9, 0.5, 8.75, 0.25], "texture": "#0"},
				"down": {"uv": [9, 0.5, 8.75, 0.75], "texture": "#0"}
			}
		},
		{
			"from": [2.88687, 12.17958, 16],
			"to": [3.42807, 14.8751, 18.5412],
			"rotation": {"angle": 45, "axis": "y", "origin": [3.88687, 14.02734, 17]},
			"faces": {
				"north": {"uv": [0.625, 7.125, 0.75, 7.5], "texture": "#0"},
				"east": {"uv": [7.125, 6.75, 7.5, 7.125], "texture": "#0"},
				"south": {"uv": [4.25, 8.875, 4.375, 9.25], "texture": "#0"},
				"west": {"uv": [7.125, 7.125, 7.5, 7.5], "texture": "#0"},
				"up": {"uv": [5.25, 9.25, 5.125, 8.875], "texture": "#0"},
				"down": {"uv": [6.625, 8.875, 6.5, 9.25], "texture": "#0"}
			}
		},
		{
			"from": [6.65224, 9.7969, 18.41421],
			"to": [9.5, 17.25778, 18.7969],
			"rotation": {"angle": 0, "axis": "y", "origin": [6.65224, 14.8751, 18.41421]},
			"faces": {
				"north": {"uv": [1.5, 5.5, 1.875, 6.375], "texture": "#0"},
				"east": {"uv": [2.25, 3.25, 2.375, 4.125], "texture": "#0"},
				"south": {"uv": [1.875, 5.5, 2.25, 6.375], "texture": "#0"},
				"west": {"uv": [2.25, 4.125, 2.375, 5], "texture": "#0"},
				"up": {"uv": [8.125, 2.75, 7.75, 2.625], "texture": "#0"},
				"down": {"uv": [8.25, 1, 7.875, 1.125], "texture": "#0"}
			}
		},
		{
			"from": [4.26956, 12.17958, 18.41421],
			"to": [11.73044, 14.8751, 18.7969],
			"rotation": {"angle": 0, "axis": "y", "origin": [6.65224, 14.8751, 18.41421]},
			"faces": {
				"north": {"uv": [5.625, 3, 6.5, 3.375], "texture": "#0"},
				"east": {"uv": [4.375, 9, 4.5, 9.375], "texture": "#0"},
				"south": {"uv": [5.625, 3.375, 6.5, 3.75], "texture": "#0"},
				"west": {"uv": [4.5, 9, 4.625, 9.375], "texture": "#0"},
				"up": {"uv": [3.75, 2.875, 2.875, 2.75], "texture": "#0"},
				"down": {"uv": [4.625, 2.75, 3.75, 2.875], "texture": "#0"}
			}
		},
		{
			"from": [2.18733, 16.91113, -4],
			"to": [4.18733, 19.73902, -1],
			"rotation": {"angle": -45, "axis": "z", "origin": [3.18733, 18.28902, -7]},
			"faces": {
				"north": {"uv": [4.125, 7.875, 4.375, 8.25], "texture": "#0"},
				"east": {"uv": [0.25, 7.25, 0.625, 7.625], "texture": "#0"},
				"south": {"uv": [4.375, 7.875, 4.625, 8.25], "texture": "#0"},
				"west": {"uv": [1.5, 7.25, 1.875, 7.625], "texture": "#0"},
				"up": {"uv": [8.125, 4.875, 7.875, 4.5], "texture": "#0"},
				"down": {"uv": [8.125, 5.625, 7.875, 6], "texture": "#0"}
			}
		},
		{
			"from": [10.61313, 12.02734, -7],
			"to": [12.11313, 15.02734, -2],
			"rotation": {"angle": 45, "axis": "y", "origin": [11.11313, 13.52734, -3]},
			"faces": {
				"north": {"uv": [5.875, 7.875, 6.125, 8.25], "texture": "#0"},
				"east": {"uv": [6.5, 0.5, 7.125, 0.875], "texture": "#0"},
				"south": {"uv": [7.875, 6, 8.125, 6.375], "texture": "#0"},
				"west": {"uv": [6.5, 0.875, 7.125, 1.25], "texture": "#0"},
				"up": {"uv": [3.25, 7.375, 3, 6.75], "texture": "#0"},
				"down": {"uv": [3.875, 6.875, 3.625, 7.5], "texture": "#0"}
			}
		},
		{
			"from": [2.77922, 14.56854, -1],
			"to": [4.77922, 16.56854, 17],
			"rotation": {"angle": -22.5, "axis": "z", "origin": [3.77922, 15.56854, 8]},
			"faces": {
				"north": {"uv": [8.75, 1.25, 9, 1.5], "texture": "#0"},
				"east": {"uv": [5.25, 0, 7.5, 0.25], "texture": "#0"},
				"south": {"uv": [1.5, 8.75, 1.75, 9], "texture": "#0"},
				"west": {"uv": [5.25, 0.25, 7.5, 0.5], "texture": "#0"},
				"up": {"uv": [2.75, 7.625, 2.5, 5.375], "texture": "#0"},
				"down": {"uv": [3, 5.375, 2.75, 7.625], "texture": "#0"}
			}
		},
		{
			"from": [0.47266, 11.52734, -4],
			"to": [2.47266, 15.52734, -1],
			"rotation": {"angle": 0, "axis": "y", "origin": [1.47266, 13.52734, -10]},
			"faces": {
				"north": {"uv": [2.25, 7.375, 2.5, 7.875], "texture": "#0"},
				"east": {"uv": [6, 6.625, 6.375, 7.125], "texture": "#0"},
				"south": {"uv": [3, 7.375, 3.25, 7.875], "texture": "#0"},
				"west": {"uv": [0.25, 6.75, 0.625, 7.25], "texture": "#0"},
				"up": {"uv": [6.375, 8.25, 6.125, 7.875], "texture": "#0"},
				"down": {"uv": [6.625, 7.875, 6.375, 8.25], "texture": "#0"}
			}
		},
		{
			"from": [0.77922, 9.28614, -4],
			"to": [2.77922, 11.98614, -1],
			"rotation": {"angle": 22.5, "axis": "z", "origin": [1.77922, 10.98614, -10]},
			"faces": {
				"north": {"uv": [7.875, 6.375, 8.125, 6.75], "texture": "#0"},
				"east": {"uv": [1.875, 7.25, 2.25, 7.625], "texture": "#0"},
				"south": {"uv": [0, 8, 0.25, 8.375], "texture": "#0"},
				"west": {"uv": [7.25, 2.75, 7.625, 3.125], "texture": "#0"},
				"up": {"uv": [8.25, 2.25, 8, 1.875], "texture": "#0"},
				"down": {"uv": [4.875, 8, 4.625, 8.375], "texture": "#0"}
			}
		},
		{
			"from": [1.67764, 7.44746, -4],
			"to": [4.50553, 9.44746, -1],
			"rotation": {"angle": -45, "axis": "z", "origin": [3.50553, 8.44746, -13]},
			"faces": {
				"north": {"uv": [6.625, 8, 7, 8.25], "texture": "#0"},
				"east": {"uv": [8, 6.75, 8.375, 7], "texture": "#0"},
				"south": {"uv": [7, 8, 7.375, 8.25], "texture": "#0"},
				"west": {"uv": [8, 7, 8.375, 7.25], "texture": "#0"},
				"up": {"uv": [7.625, 3.5, 7.25, 3.125], "texture": "#0"},
				"down": {"uv": [7.625, 3.875, 7.25, 4.25], "texture": "#0"}
			}
		},
		{
			"from": [9.5412, 6.30656, -4],
			"to": [12.2412, 8.30656, -1],
			"rotation": {"angle": 22.5, "axis": "z", "origin": [10.5412, 7.30656, -10]},
			"faces": {
				"north": {"uv": [8, 7.25, 8.375, 7.5], "texture": "#0"},
				"east": {"uv": [8, 7.75, 8.375, 8], "texture": "#0"},
				"south": {"uv": [8, 8, 8.375, 8.25], "texture": "#0"},
				"west": {"uv": [8.125, 0, 8.5, 0.25], "texture": "#0"},
				"up": {"uv": [7.625, 4.625, 7.25, 4.25], "texture": "#0"},
				"down": {"uv": [7.625, 4.875, 7.25, 5.25], "texture": "#0"}
			}
		},
		{
			"from": [6, 19.05468, -4],
			"to": [10, 21.05468, -1],
			"rotation": {"angle": 0, "axis": "y", "origin": [7.5, 19.05468, -3]},
			"faces": {
				"north": {"uv": [7.375, 4.625, 7.875, 4.875], "texture": "#0"},
				"east": {"uv": [8.125, 0.25, 8.5, 0.5], "texture": "#0"},
				"south": {"uv": [7.5, 6.75, 8, 7], "texture": "#0"},
				"west": {"uv": [8.125, 0.5, 8.5, 0.75], "texture": "#0"},
				"up": {"uv": [7.25, 4.25, 6.75, 3.875], "texture": "#0"},
				"down": {"uv": [7.25, 4.25, 6.75, 4.625], "texture": "#0"}
			}
		},
		{
			"from": [6, 6, -4],
			"to": [10, 8, -1],
			"rotation": {"angle": 0, "axis": "y", "origin": [7, 6, -11]},
			"faces": {
				"north": {"uv": [7.5, 7, 8, 7.25], "texture": "#0"},
				"east": {"uv": [0.75, 8.125, 1.125, 8.375], "texture": "#0"},
				"south": {"uv": [7.125, 7.5, 7.625, 7.75], "texture": "#0"},
				"west": {"uv": [1.125, 8.125, 1.5, 8.375], "texture": "#0"},
				"up": {"uv": [6.875, 7.125, 6.375, 6.75], "texture": "#0"},
				"down": {"uv": [2, 6.875, 1.5, 7.25], "texture": "#0"}
			}
		},
		{
			"from": [3.7588, 6.30656, -4],
			"to": [6.4588, 8.30656, -1],
			"rotation": {"angle": -22.5, "axis": "z", "origin": [5.4588, 7.30656, -10]},
			"faces": {
				"north": {"uv": [1.5, 8.125, 1.875, 8.375], "texture": "#0"},
				"east": {"uv": [1.875, 8.125, 2.25, 8.375], "texture": "#0"},
				"south": {"uv": [2.25, 8.125, 2.625, 8.375], "texture": "#0"},
				"west": {"uv": [2.625, 8.125, 3, 8.375], "texture": "#0"},
				"up": {"uv": [7.625, 5.625, 7.25, 5.25], "texture": "#0"},
				"down": {"uv": [7.75, 1.25, 7.375, 1.625], "texture": "#0"}
			}
		},
		{
			"from": [11.25199, 8.03287, -4],
			"to": [14.07988, 10.03287, -1],
			"rotation": {"angle": 45, "axis": "z", "origin": [13.07988, 9.03287, -13]},
			"faces": {
				"north": {"uv": [8.125, 2.625, 8.5, 2.875], "texture": "#0"},
				"east": {"uv": [8.125, 2.875, 8.5, 3.125], "texture": "#0"},
				"south": {"uv": [8.125, 3.125, 8.5, 3.375], "texture": "#0"},
				"west": {"uv": [3.25, 8.125, 3.625, 8.375], "texture": "#0"},
				"up": {"uv": [7.75, 2, 7.375, 1.625], "texture": "#0"},
				"down": {"uv": [7.75, 2, 7.375, 2.375], "texture": "#0"}
			}
		},
		{
			"from": [13.22078, 9.28614, -4],
			"to": [15.22078, 11.98614, -1],
			"rotation": {"angle": -22.5, "axis": "z", "origin": [14.22078, 10.98614, -10]},
			"faces": {
				"north": {"uv": [4.875, 8, 5.125, 8.375], "texture": "#0"},
				"east": {"uv": [7.375, 2.375, 7.75, 2.75], "texture": "#0"},
				"south": {"uv": [0.25, 8.125, 0.5, 8.5], "texture": "#0"},
				"west": {"uv": [4.625, 7.375, 5, 7.75], "texture": "#0"},
				"up": {"uv": [8.375, 3.75, 8.125, 3.375], "texture": "#0"},
				"down": {"uv": [3.875, 8.125, 3.625, 8.5], "texture": "#0"}
			}
		},
		{
			"from": [13.52734, 11.52734, -4],
			"to": [15.52734, 15.52734, -1],
			"rotation": {"angle": 0, "axis": "y", "origin": [14.52734, 13.52734, -10]},
			"faces": {
				"north": {"uv": [0, 7.5, 0.25, 8], "texture": "#0"},
				"east": {"uv": [6.875, 3, 7.25, 3.5], "texture": "#0"},
				"south": {"uv": [0.25, 7.625, 0.5, 8.125], "texture": "#0"},
				"west": {"uv": [6.875, 5.125, 7.25, 5.625], "texture": "#0"},
				"up": {"uv": [8.375, 4.125, 8.125, 3.75], "texture": "#0"},
				"down": {"uv": [8.375, 4.125, 8.125, 4.5], "texture": "#0"}
			}
		},
		{
			"from": [13.22078, 15.06854, -4],
			"to": [15.22078, 17.76854, -1],
			"rotation": {"angle": 22.5, "axis": "z", "origin": [14.22078, 16.06854, -10]},
			"faces": {
				"north": {"uv": [8.125, 4.5, 8.375, 4.875], "texture": "#0"},
				"east": {"uv": [5, 7.375, 5.375, 7.75], "texture": "#0"},
				"south": {"uv": [8.125, 4.875, 8.375, 5.25], "texture": "#0"},
				"west": {"uv": [5.625, 7.375, 6, 7.75], "texture": "#0"},
				"up": {"uv": [8.375, 5.625, 8.125, 5.25], "texture": "#0"},
				"down": {"uv": [5.625, 8.125, 5.375, 8.5], "texture": "#0"}
			}
		},
		{
			"from": [11.49447, 16.77933, -4],
			"to": [13.49448, 19.60722, -1],
			"rotation": {"angle": 45, "axis": "z", "origin": [12.49447, 18.60722, -7]},
			"faces": {
				"north": {"uv": [8.125, 5.625, 8.375, 6], "texture": "#0"},
				"east": {"uv": [6.75, 7.375, 7.125, 7.75], "texture": "#0"},
				"south": {"uv": [8.125, 6, 8.375, 6.375], "texture": "#0"},
				"west": {"uv": [7.5, 0, 7.875, 0.375], "texture": "#0"},
				"up": {"uv": [8.375, 6.75, 8.125, 6.375], "texture": "#0"},
				"down": {"uv": [7.625, 8.125, 7.375, 8.5], "texture": "#0"}
			}
		},
		{
			"from": [9.5412, 18.74812, -4],
			"to": [12.2412, 20.74812, -1],
			"rotation": {"angle": -22.5, "axis": "z", "origin": [10.5412, 19.74812, -10]},
			"faces": {
				"north": {"uv": [8.125, 7.5, 8.5, 7.75], "texture": "#0"},
				"east": {"uv": [7.625, 8.125, 8, 8.375], "texture": "#0"},
				"south": {"uv": [8.25, 0.75, 8.625, 1], "texture": "#0"},
				"west": {"uv": [8.25, 1, 8.625, 1.25], "texture": "#0"},
				"up": {"uv": [7.875, 0.75, 7.5, 0.375], "texture": "#0"},
				"down": {"uv": [1, 7.5, 0.625, 7.875], "texture": "#0"}
			}
		},
		{
			"from": [3.49216, 17.08276, 11.5],
			"to": [5.24216, 19.49102, 13.5],
			"rotation": {"angle": -45, "axis": "z", "origin": [3.24216, 18.29102, 8]},
			"faces": {
				"north": {"uv": [8.75, 1.5, 9, 1.75], "texture": "#0"},
				"east": {"uv": [8.75, 1.75, 9, 2], "texture": "#0"},
				"south": {"uv": [8.75, 2, 9, 2.25], "texture": "#0"},
				"west": {"uv": [8.75, 2.5, 9, 2.75], "texture": "#0"},
				"up": {"uv": [9, 3, 8.75, 2.75], "texture": "#0"},
				"down": {"uv": [9, 3, 8.75, 3.25], "texture": "#0"}
			}
		},
		{
			"from": [6, 8, -3],
			"to": [10, 19.05468, -1],
			"rotation": {"angle": 0, "axis": "y", "origin": [6, 8, -3]},
			"faces": {
				"north": {"uv": [0, 2.25, 0.5, 3.625], "texture": "#0"},
				"east": {"uv": [3, 5.375, 3.25, 6.75], "texture": "#0"},
				"south": {"uv": [2.375, 1.5, 2.875, 2.875], "texture": "#0"},
				"west": {"uv": [5.375, 5.125, 5.625, 6.5], "texture": "#0"},
				"up": {"uv": [8, 7.5, 7.5, 7.25], "texture": "#0"},
				"down": {"uv": [1.875, 7.625, 1.375, 7.875], "texture": "#0"}
			}
		},
		{
			"from": [10, 11.52734, -3],
			"to": [13.52734, 15.52734, -1],
			"rotation": {"angle": 0, "axis": "y", "origin": [11.52734, 13.52734, -3]},
			"faces": {
				"north": {"uv": [6, 0.5, 6.5, 1], "texture": "#0"},
				"east": {"uv": [1.875, 7.625, 2.125, 8.125], "texture": "#0"},
				"south": {"uv": [6, 1, 6.5, 1.5], "texture": "#0"},
				"west": {"uv": [2.5, 7.625, 2.75, 8.125], "texture": "#0"},
				"up": {"uv": [8.125, 3, 7.625, 2.75], "texture": "#0"},
				"down": {"uv": [8.125, 3, 7.625, 3.25], "texture": "#0"}
			}
		},
		{
			"from": [2.12437, 15.24689, 11.5],
			"to": [3.87437, 17.44689, 13.5],
			"rotation": {"angle": -22.5, "axis": "z", "origin": [1.87437, 16.24689, 8]},
			"faces": {
				"north": {"uv": [3.5, 8.75, 3.75, 9], "texture": "#0"},
				"east": {"uv": [3.75, 8.75, 4, 9], "texture": "#0"},
				"south": {"uv": [4.375, 8.75, 4.625, 9], "texture": "#0"},
				"west": {"uv": [4.625, 8.75, 4.875, 9], "texture": "#0"},
				"up": {"uv": [9, 5.125, 8.75, 4.875], "texture": "#0"},
				"down": {"uv": [9, 5.125, 8.75, 5.375], "texture": "#0"}
			}
		},
		{
			"from": [2.12437, 9.60779, 11.5],
			"to": [3.87437, 11.80779, 13.5],
			"rotation": {"angle": 22.5, "axis": "z", "origin": [1.87437, 10.80779, 8]},
			"faces": {
				"north": {"uv": [5.25, 8.75, 5.5, 9], "texture": "#0"},
				"east": {"uv": [8.75, 5.375, 9, 5.625], "texture": "#0"},
				"south": {"uv": [5.5, 8.75, 5.75, 9], "texture": "#0"},
				"west": {"uv": [8.75, 5.625, 9, 5.875], "texture": "#0"},
				"up": {"uv": [6, 9, 5.75, 8.75], "texture": "#0"},
				"down": {"uv": [6.25, 8.75, 6, 9], "texture": "#0"}
			}
		},
		{
			"from": [1.72266, 11.82734, 11.5],
			"to": [2.47266, 15.22734, 13.5],
			"rotation": {"angle": 0, "axis": "y", "origin": [1.47266, 13.52734, 8]},
			"faces": {
				"north": {"uv": [4.625, 9, 4.75, 9.375], "texture": "#0"},
				"east": {"uv": [0.5, 8.25, 0.75, 8.625], "texture": "#0"},
				"south": {"uv": [4.75, 9, 4.875, 9.375], "texture": "#0"},
				"west": {"uv": [8.25, 1.25, 8.5, 1.625], "texture": "#0"},
				"up": {"uv": [2.625, 5.375, 2.5, 5.125], "texture": "#0"},
				"down": {"uv": [6, 0.5, 5.875, 0.75], "texture": "#0"}
			}
		},
		{
			"from": [2.09489, 9.16092, 11.5],
			"to": [4.50316, 10.91092, 13.5],
			"rotation": {"angle": -45, "axis": "z", "origin": [3.09489, 8.91092, 8]},
			"faces": {
				"north": {"uv": [6.625, 8.75, 6.875, 9], "texture": "#0"},
				"east": {"uv": [6.875, 8.75, 7.125, 9], "texture": "#0"},
				"south": {"uv": [7.125, 8.75, 7.375, 9], "texture": "#0"},
				"west": {"uv": [7.375, 8.75, 7.625, 9], "texture": "#0"},
				"up": {"uv": [9, 7.625, 8.75, 7.375], "texture": "#0"},
				"down": {"uv": [9, 8.125, 8.75, 8.375], "texture": "#0"}
			}
		},
		{
			"from": [2.47266, 11.52734, -3],
			"to": [6, 15.52734, -1],
			"rotation": {"angle": 0, "axis": "y", "origin": [4.47266, 13.52734, -3]},
			"faces": {
				"north": {"uv": [6, 5.125, 6.5, 5.625], "texture": "#0"},
				"east": {"uv": [2.75, 7.625, 3, 8.125], "texture": "#0"},
				"south": {"uv": [6, 5.625, 6.5, 6.125], "texture": "#0"},
				"west": {"uv": [3.25, 7.625, 3.5, 8.125], "texture": "#0"},
				"up": {"uv": [8.125, 3.5, 7.625, 3.25], "texture": "#0"},
				"down": {"uv": [8.125, 3.5, 7.625, 3.75], "texture": "#0"}
			}
		},
		{
			"from": [2.6, 15.52734, -3],
			"to": [6, 18.92734, -1],
			"rotation": {"angle": 0, "axis": "y", "origin": [4, 15.52734, -3]},
			"faces": {
				"north": {"uv": [7.5, 0.75, 7.875, 1.125], "texture": "#0"},
				"east": {"uv": [8.25, 1.625, 8.5, 2], "texture": "#0"},
				"south": {"uv": [1, 7.5, 1.375, 7.875], "texture": "#0"},
				"west": {"uv": [8.25, 2, 8.5, 2.375], "texture": "#0"},
				"up": {"uv": [8.625, 2.625, 8.25, 2.375], "texture": "#0"},
				"down": {"uv": [4.25, 8.25, 3.875, 8.5], "texture": "#0"}
			}
		},
		{
			"from": [10, 15.52734, -3],
			"to": [13.4, 18.92734, -1],
			"rotation": {"angle": 0, "axis": "y", "origin": [12, 15.52734, -3]},
			"faces": {
				"north": {"uv": [3.5, 7.5, 3.875, 7.875], "texture": "#0"},
				"east": {"uv": [3, 8.25, 3.25, 8.625], "texture": "#0"},
				"south": {"uv": [3.875, 7.5, 4.25, 7.875], "texture": "#0"},
				"west": {"uv": [4.25, 8.25, 4.5, 8.625], "texture": "#0"},
				"up": {"uv": [6, 8.5, 5.625, 8.25], "texture": "#0"},
				"down": {"uv": [6.375, 8.25, 6, 8.5], "texture": "#0"}
			}
		},
		{
			"from": [2.6, 8.12734, -3],
			"to": [6, 11.52734, -1],
			"rotation": {"angle": 0, "axis": "y", "origin": [4, 9.52734, -3]},
			"faces": {
				"north": {"uv": [4.25, 7.5, 4.625, 7.875], "texture": "#0"},
				"east": {"uv": [5.125, 8.25, 5.375, 8.625], "texture": "#0"},
				"south": {"uv": [7.5, 5.625, 7.875, 6], "texture": "#0"},
				"west": {"uv": [6.375, 8.25, 6.625, 8.625], "texture": "#0"},
				"up": {"uv": [7, 8.5, 6.625, 8.25], "texture": "#0"},
				"down": {"uv": [7.375, 8.25, 7, 8.5], "texture": "#0"}
			}
		},
		{
			"from": [4.08045, 17.65297, 11.5],
			"to": [6.28045, 19.40297, 13.5],
			"rotation": {"angle": 22.5, "axis": "z", "origin": [5.28045, 19.65297, 8]},
			"faces": {
				"north": {"uv": [8.375, 8.75, 8.625, 9], "texture": "#0"},
				"east": {"uv": [8.75, 8.375, 9, 8.625], "texture": "#0"},
				"south": {"uv": [8.625, 8.75, 8.875, 9], "texture": "#0"},
				"west": {"uv": [0.5, 8.875, 0.75, 9.125], "texture": "#0"},
				"up": {"uv": [1, 9.125, 0.75, 8.875], "texture": "#0"},
				"down": {"uv": [9.125, 0.75, 8.875, 1], "texture": "#0"}
			}
		},
		{
			"from": [10, 8.12734, -3],
			"to": [13.4, 11.52734, -1],
			"rotation": {"angle": 0, "axis": "y", "origin": [12, 9.52734, -3]},
			"faces": {
				"north": {"uv": [6, 7.5, 6.375, 7.875], "texture": "#0"},
				"east": {"uv": [8, 8.25, 8.25, 8.625], "texture": "#0"},
				"south": {"uv": [7.5, 6, 7.875, 6.375], "texture": "#0"},
				"west": {"uv": [8.25, 8.25, 8.5, 8.625], "texture": "#0"},
				"up": {"uv": [1.125, 8.625, 0.75, 8.375], "texture": "#0"},
				"down": {"uv": [1.5, 8.375, 1.125, 8.625], "texture": "#0"}
			}
		},
		{
			"from": [6.5, 4.58579, 15],
			"to": [9.5, 10.58579, 18],
			"rotation": {"angle": -45, "axis": "x", "origin": [8.5, 6.58579, 17]},
			"faces": {
				"north": {"uv": [5.625, 5.125, 6, 5.875], "texture": "#0"},
				"east": {"uv": [0, 5.875, 0.375, 6.625], "texture": "#0"},
				"south": {"uv": [5.875, 3.75, 6.25, 4.5], "texture": "#0"},
				"west": {"uv": [5.625, 5.875, 6, 6.625], "texture": "#0"},
				"up": {"uv": [6.75, 7.875, 6.375, 7.5], "texture": "#0"},
				"down": {"uv": [7.875, 6.375, 7.5, 6.75], "texture": "#0"}
			}
		},
		{
			"from": [13.52734, 11.82734, 11.5],
			"to": [14.27734, 15.22734, 13.5],
			"rotation": {"angle": 0, "axis": "y", "origin": [14.52734, 13.52734, 8]},
			"faces": {
				"north": {"uv": [9, 4.75, 9.125, 5.125], "texture": "#0"},
				"east": {"uv": [0, 8.375, 0.25, 8.75], "texture": "#0"},
				"south": {"uv": [9, 5.125, 9.125, 5.5], "texture": "#0"},
				"west": {"uv": [1.5, 8.375, 1.75, 8.75], "texture": "#0"},
				"up": {"uv": [3.375, 6.375, 3.25, 6.125], "texture": "#0"},
				"down": {"uv": [7.25, 2.75, 7.125, 3], "texture": "#0"}
			}
		},
		{
			"from": [12.12563, 15.24689, 11.5],
			"to": [13.87563, 17.44689, 13.5],
			"rotation": {"angle": 22.5, "axis": "z", "origin": [14.12563, 16.24689, 8]},
			"faces": {
				"north": {"uv": [1, 8.875, 1.25, 9.125], "texture": "#0"},
				"east": {"uv": [8.875, 1, 9.125, 1.25], "texture": "#0"},
				"south": {"uv": [1.25, 8.875, 1.5, 9.125], "texture": "#0"},
				"west": {"uv": [1.75, 8.875, 2, 9.125], "texture": "#0"},
				"up": {"uv": [2.25, 9.125, 2, 8.875], "texture": "#0"},
				"down": {"uv": [2.5, 8.875, 2.25, 9.125], "texture": "#0"}
			}
		},
		{
			"from": [10.75784, 17.08276, 11.5],
			"to": [12.50784, 19.49102, 13.5],
			"rotation": {"angle": 45, "axis": "z", "origin": [12.75784, 18.29102, 8]},
			"faces": {
				"north": {"uv": [8.875, 2.25, 9.125, 2.5], "texture": "#0"},
				"east": {"uv": [2.5, 8.875, 2.75, 9.125], "texture": "#0"},
				"south": {"uv": [2.75, 8.875, 3, 9.125], "texture": "#0"},
				"west": {"uv": [3, 8.875, 3.25, 9.125], "texture": "#0"},
				"up": {"uv": [3.5, 9.125, 3.25, 8.875], "texture": "#0"},
				"down": {"uv": [9.125, 3.25, 8.875, 3.5], "texture": "#0"}
			}
		},
		{
			"from": [12.12563, 9.60779, 11.5],
			"to": [13.87563, 11.80779, 13.5],
			"rotation": {"angle": -22.5, "axis": "z", "origin": [14.12563, 10.80779, 8]},
			"faces": {
				"north": {"uv": [8.875, 3.5, 9.125, 3.75], "texture": "#0"},
				"east": {"uv": [8.875, 3.75, 9.125, 4], "texture": "#0"},
				"south": {"uv": [4, 8.875, 4.25, 9.125], "texture": "#0"},
				"west": {"uv": [8.875, 4, 9.125, 4.25], "texture": "#0"},
				"up": {"uv": [9.125, 4.5, 8.875, 4.25], "texture": "#0"},
				"down": {"uv": [9.125, 4.5, 8.875, 4.75], "texture": "#0"}
			}
		},
		{
			"from": [11.49684, 9.16092, 11.5],
			"to": [13.90511, 10.91092, 13.5],
			"rotation": {"angle": 45, "axis": "z", "origin": [12.90511, 8.91092, 8]},
			"faces": {
				"north": {"uv": [4.875, 8.875, 5.125, 9.125], "texture": "#0"},
				"east": {"uv": [8.875, 5.875, 9.125, 6.125], "texture": "#0"},
				"south": {"uv": [8.875, 6.125, 9.125, 6.375], "texture": "#0"},
				"west": {"uv": [6.25, 8.875, 6.5, 9.125], "texture": "#0"},
				"up": {"uv": [9.125, 6.625, 8.875, 6.375], "texture": "#0"},
				"down": {"uv": [9.125, 6.625, 8.875, 6.875], "texture": "#0"}
			}
		},
		{
			"from": [9.71955, 7.65171, 11.5],
			"to": [11.91955, 9.40171, 13.5],
			"rotation": {"angle": 22.5, "axis": "z", "origin": [10.71955, 7.40171, 8]},
			"faces": {
				"north": {"uv": [8.875, 6.875, 9.125, 7.125], "texture": "#0"},
				"east": {"uv": [8.875, 7.125, 9.125, 7.375], "texture": "#0"},
				"south": {"uv": [7.625, 8.875, 7.875, 9.125], "texture": "#0"},
				"west": {"uv": [8.875, 7.625, 9.125, 7.875], "texture": "#0"},
				"up": {"uv": [8.125, 9.125, 7.875, 8.875], "texture": "#0"},
				"down": {"uv": [9.125, 7.875, 8.875, 8.125], "texture": "#0"}
			}
		},
		{
			"from": [9.71955, 17.65297, 11.5],
			"to": [11.91955, 19.40297, 13.5],
			"rotation": {"angle": -22.5, "axis": "z", "origin": [10.71955, 19.65297, 8]},
			"faces": {
				"north": {"uv": [8.125, 8.875, 8.375, 9.125], "texture": "#0"},
				"east": {"uv": [8.875, 8.625, 9.125, 8.875], "texture": "#0"},
				"south": {"uv": [8.875, 8.875, 9.125, 9.125], "texture": "#0"},
				"west": {"uv": [0, 9, 0.25, 9.25], "texture": "#0"},
				"up": {"uv": [9.25, 0.25, 9, 0], "texture": "#0"},
				"down": {"uv": [0.5, 9, 0.25, 9.25], "texture": "#0"}
			}
		},
		{
			"from": [6.3, 19.05468, 11.5],
			"to": [9.7, 19.80468, 13.5],
			"rotation": {"angle": 0, "axis": "y", "origin": [7, 19.05468, 7]},
			"faces": {
				"north": {"uv": [5.25, 9, 5.625, 9.125], "texture": "#0"},
				"east": {"uv": [4.625, 2.75, 4.875, 2.875], "texture": "#0"},
				"south": {"uv": [9, 5.5, 9.375, 5.625], "texture": "#0"},
				"west": {"uv": [6.5, 3.625, 6.75, 3.75], "texture": "#0"},
				"up": {"uv": [2.125, 8.625, 1.75, 8.375], "texture": "#0"},
				"down": {"uv": [2.5, 8.375, 2.125, 8.625], "texture": "#0"}
			}
		},
		{
			"from": [6.3, 7.25, 11.5],
			"to": [9.7, 8, 13.5],
			"rotation": {"angle": 0, "axis": "y", "origin": [7, 6, 7]},
			"faces": {
				"north": {"uv": [5.625, 9, 6, 9.125], "texture": "#0"},
				"east": {"uv": [6.5, 4.75, 6.75, 4.875], "texture": "#0"},
				"south": {"uv": [9, 5.625, 9.375, 5.75], "texture": "#0"},
				"west": {"uv": [5.375, 6.5, 5.625, 6.625], "texture": "#0"},
				"up": {"uv": [2.875, 8.625, 2.5, 8.375], "texture": "#0"},
				"down": {"uv": [3.625, 8.375, 3.25, 8.625], "texture": "#0"}
			}
		},
		{
			"from": [6, 7, 6],
			"to": [10, 9, 10],
			"rotation": {"angle": 0, "axis": "y", "origin": [7, 6, 7]},
			"faces": {
				"north": {"uv": [7.625, 3.75, 8.125, 4], "texture": "#0"},
				"east": {"uv": [7.625, 4, 8.125, 4.25], "texture": "#0"},
				"south": {"uv": [7.625, 4.25, 8.125, 4.5], "texture": "#0"},
				"west": {"uv": [7.625, 4.875, 8.125, 5.125], "texture": "#0"},
				"up": {"uv": [6.5, 6.625, 6, 6.125], "texture": "#0"},
				"down": {"uv": [6.75, 3.75, 6.25, 4.25], "texture": "#0"}
			}
		},
		{
			"from": [4.08045, 7.65171, 11.5],
			"to": [6.28045, 9.40171, 13.5],
			"rotation": {"angle": -22.5, "axis": "z", "origin": [5.28045, 7.40171, 8]},
			"faces": {
				"north": {"uv": [9, 0.25, 9.25, 0.5], "texture": "#0"},
				"east": {"uv": [9, 0.5, 9.25, 0.75], "texture": "#0"},
				"south": {"uv": [9, 1.25, 9.25, 1.5], "texture": "#0"},
				"west": {"uv": [1.5, 9, 1.75, 9.25], "texture": "#0"},
				"up": {"uv": [9.25, 1.75, 9, 1.5], "texture": "#0"},
				"down": {"uv": [9.25, 1.75, 9, 2], "texture": "#0"}
			}
		},
		{
			"from": [6, 7, 0],
			"to": [10, 9, 4],
			"rotation": {"angle": 0, "axis": "y", "origin": [7, 6, 1]},
			"faces": {
				"north": {"uv": [7.625, 5.125, 8.125, 5.375], "texture": "#0"},
				"east": {"uv": [7.625, 5.375, 8.125, 5.625], "texture": "#0"},
				"south": {"uv": [7.625, 7.5, 8.125, 7.75], "texture": "#0"},
				"west": {"uv": [7.75, 1.125, 8.25, 1.375], "texture": "#0"},
				"up": {"uv": [6.75, 4.75, 6.25, 4.25], "texture": "#0"},
				"down": {"uv": [2, 6.375, 1.5, 6.875], "texture": "#0"}
			}
		},
		{
			"from": [7, 5, 1.41421],
			"to": [9, 8, 2.91421],
			"rotation": {"angle": -45, "axis": "x", "origin": [8, 7, 2.41421]},
			"faces": {
				"north": {"uv": [8.375, 3.375, 8.625, 3.75], "texture": "#0"},
				"east": {"uv": [8.375, 3.75, 8.625, 4.125], "texture": "#0"},
				"south": {"uv": [8.375, 4.125, 8.625, 4.5], "texture": "#0"},
				"west": {"uv": [4.5, 8.375, 4.75, 8.75], "texture": "#0"},
				"up": {"uv": [9.25, 2.25, 9, 2], "texture": "#0"},
				"down": {"uv": [9.25, 2.5, 9, 2.75], "texture": "#0"}
			}
		},
		{
			"from": [7, 5, 7.08579],
			"to": [9, 8, 8.58579],
			"rotation": {"angle": 45, "axis": "x", "origin": [8, 7, 7.58579]},
			"faces": {
				"north": {"uv": [8.375, 4.5, 8.625, 4.875], "texture": "#0"},
				"east": {"uv": [6, 9, 6.125, 9.375], "texture": "#0"},
				"south": {"uv": [4.75, 8.375, 5, 8.75], "texture": "#0"},
				"west": {"uv": [6.125, 9, 6.25, 9.375], "texture": "#0"},
				"up": {"uv": [0.5, 6.75, 0.25, 6.625], "texture": "#0"},
				"down": {"uv": [7.125, 6.25, 6.875, 6.375], "texture": "#0"}
			}
		},
		{
			"from": [7, 4.87868, 3.12132],
			"to": [9, 6.37868, 6.87868],
			"rotation": {"angle": 0, "axis": "y", "origin": [7, 4.87868, 4.87868]},
			"faces": {
				"north": {"uv": [9, 2.75, 9.25, 3], "texture": "#0"},
				"east": {"uv": [7.75, 1.375, 8.25, 1.625], "texture": "#0"},
				"south": {"uv": [9, 3, 9.25, 3.25], "texture": "#0"},
				"west": {"uv": [7.75, 1.625, 8.25, 1.875], "texture": "#0"},
				"up": {"uv": [5.625, 8.125, 5.375, 7.625], "texture": "#0"},
				"down": {"uv": [8, 1.875, 7.75, 2.375], "texture": "#0"}
			}
		},
		{
			"from": [6.5, 9.41421, -4],
			"to": [9.5, 14.41421, -2.5],
			"rotation": {"angle": -45, "axis": "x", "origin": [8, 10.41421, -3]},
			"faces": {
				"north": {"uv": [3.25, 6.375, 3.625, 7], "texture": "#0"},
				"east": {"uv": [6.875, 5.625, 7.125, 6.25], "texture": "#0"},
				"south": {"uv": [6.5, 3, 6.875, 3.625], "texture": "#0"},
				"west": {"uv": [6.875, 6.75, 7.125, 7.375], "texture": "#0"},
				"up": {"uv": [8.75, 5.125, 8.375, 4.875], "texture": "#0"},
				"down": {"uv": [8.75, 5.125, 8.375, 5.375], "texture": "#0"}
			}
		},
		{
			"from": [6.5, 16.14047, -7],
			"to": [9.5, 17.64047, -2],
			"rotation": {"angle": -45, "axis": "x", "origin": [8, 16.64047, -3]},
			"faces": {
				"north": {"uv": [8.375, 5.375, 8.75, 5.625], "texture": "#0"},
				"east": {"uv": [5.25, 0.5, 5.875, 0.75], "texture": "#0"},
				"south": {"uv": [8.375, 5.625, 8.75, 5.875], "texture": "#0"},
				"west": {"uv": [6.75, 4.625, 7.375, 4.875], "texture": "#0"},
				"up": {"uv": [6.875, 5.75, 6.5, 5.125], "texture": "#0"},
				"down": {"uv": [6.875, 5.75, 6.5, 6.375], "texture": "#0"}
			}
		},
		{
			"from": [3.88687, 12.02734, -7],
			"to": [5.38687, 15.02734, -2],
			"rotation": {"angle": -45, "axis": "y", "origin": [4.88687, 13.52734, -3]},
			"faces": {
				"north": {"uv": [8.375, 5.875, 8.625, 6.25], "texture": "#0"},
				"east": {"uv": [6.5, 6.375, 7.125, 6.75], "texture": "#0"},
				"south": {"uv": [8.375, 6.25, 8.625, 6.625], "texture": "#0"},
				"west": {"uv": [5.375, 6.625, 6, 7], "texture": "#0"},
				"up": {"uv": [3.5, 7.625, 3.25, 7], "texture": "#0"},
				"down": {"uv": [5.625, 7, 5.375, 7.625], "texture": "#0"}
			}
		},
		{
			"from": [7, 12.52734, -6.53553],
			"to": [9, 14.51915, -3],
			"rotation": {"angle": 0, "axis": "y", "origin": [7, 8, -5]},
			"faces": {
				"north": {"uv": [3.5, 9, 3.75, 9.25], "texture": "#0"},
				"east": {"uv": [7.75, 2.375, 8.25, 2.625], "texture": "#0"},
				"south": {"uv": [3.75, 9, 4, 9.25], "texture": "#0"},
				"west": {"uv": [4.625, 7.75, 5.125, 8], "texture": "#0"},
				"up": {"uv": [5.375, 8.25, 5.125, 7.75], "texture": "#0"},
				"down": {"uv": [5.875, 7.75, 5.625, 8.25], "texture": "#0"}
			}
		},
		{
			"from": [6.58579, 12.51915, -7.53553],
			"to": [8, 14.51915, -6.12132],
			"rotation": {"angle": 45, "axis": "y", "origin": [8, 13.51915, -7.53553]},
			"faces": {
				"north": {"uv": [7.125, 4.875, 7.25, 5.125], "texture": "#0"},
				"east": {"uv": [6.75, 7.125, 6.875, 7.375], "texture": "#0"},
				"south": {"uv": [0.5, 7.625, 0.625, 7.875], "texture": "#0"},
				"west": {"uv": [2.125, 7.625, 2.25, 7.875], "texture": "#0"},
				"up": {"uv": [2.375, 5.125, 2.25, 5], "texture": "#0"},
				"down": {"uv": [6.25, 4.625, 6.125, 4.75], "texture": "#0"}
			}
		},
		{
			"from": [7, 12.69072, -7.53553],
			"to": [9, 14.10493, -6.12132],
			"rotation": {"angle": 45, "axis": "x", "origin": [8, 13.10493, -6.53553]},
			"faces": {
				"north": {"uv": [7.5, 1.125, 7.75, 1.25], "texture": "#0"},
				"east": {"uv": [6.375, 6.625, 6.5, 6.75], "texture": "#0"},
				"south": {"uv": [7.625, 4.5, 7.875, 4.625], "texture": "#0"},
				"west": {"uv": [3.5, 7.375, 3.625, 7.5], "texture": "#0"},
				"up": {"uv": [8.25, 2.375, 8, 2.25], "texture": "#0"},
				"down": {"uv": [9.25, 5.75, 9, 5.875], "texture": "#0"}
			}
		}
	],
	"display": {
		"thirdperson_righthand": {
			"rotation": [36, 0, 0],
			"translation": [0, 3.75, -3],
			"scale": [0.7, 0.7, 0.7]
		},
		"thirdperson_lefthand": {
			"rotation": [36, 0, 0],
			"translation": [0, 3.75, -3],
			"scale": [0.7, 0.7, 0.7]
		},
		"firstperson_righthand": {
			"translation": [1.5, -4.75, -1.5],
			"scale": [0.75, 0.75, 0.75]
		},
		"firstperson_lefthand": {
			"translation": [1.5, -4.75, -1.5],
			"scale": [0.75, 0.75, 0.75]
		}
	},
	"groups": [
		{
			"name": "ScrapCannon",
			"origin": [8, 8, 8],
			"color": 0,
			"children": [
				0,
				1,
				2,
				3,
				4,
				5,
				6,
				7,
				8,
				9,
				10,
				11,
				12,
				13,
				14,
				15,
				16,
				17,
				18,
				19,
				20,
				21,
				22,
				23,
				24,
				25,
				26,
				27,
				28,
				29,
				30,
				31,
				32,
				33,
				34,
				35,
				36,
				37,
				38,
				39,
				40,
				41,
				42,
				43,
				44,
				45,
				46,
				47,
				48,
				49,
				50,
				51,
				52,
				53,
				54,
				55,
				56,
				57,
				58,
				59,
				60,
				61,
				62,
				63,
				64,
				65,
				66,
				67,
				68,
				69,
				70,
				71,
				72,
				73,
				74,
				75,
				76,
				77,
				78,
				79,
				80,
				81,
				82
			]
		}
	]
}