{
	"credit": "Made with Blockbench",
	"texture_size": [64, 64],
	"textures": {
		"0": "item/seelescythe",
		"particle": "item/seelescythe"
	},
	"elements": [
		{
			"from": [7.6, -4, 7.6],
			"to": [8.4, 2, 8.5],
			"faces": {
				"north": {"uv": [4, 3, 4.1875, 4.5], "texture": "#0"},
				"east": {"uv": [2.25, 3.5, 2.46875, 5], "texture": "#0"},
				"south": {"uv": [3.25, 4, 3.4375, 5.5], "texture": "#0"},
				"west": {"uv": [2.5, 3.5, 2.71875, 5], "texture": "#0"},
				"up": {"uv": [9.4375, 7.71875, 9.25, 7.5], "texture": "#0"},
				"down": {"uv": [7.9375, 9.25, 7.75, 9.46875], "texture": "#0"}
			}
		},
		{
			"from": [7.9, -4, 7.5],
			"to": [8.1, 2, 8.4],
			"faces": {
				"north": {"uv": [1, 7.75, 1.0625, 9.25], "texture": "#0"},
				"east": {"uv": [2.75, 3.5, 2.96875, 5], "texture": "#0"},
				"south": {"uv": [3.75, 7.75, 3.8125, 9.25], "texture": "#0"},
				"west": {"uv": [3.5, 3, 3.71875, 4.5], "texture": "#0"},
				"up": {"uv": [10.3125, 6.21875, 10.25, 6], "texture": "#0"},
				"down": {"uv": [6.3125, 10.25, 6.25, 10.46875], "texture": "#0"}
			}
		},
		{
			"from": [7.6, -12, 7.5],
			"to": [8.4, -4, 8.5],
			"faces": {
				"north": {"uv": [1.5, 3, 1.6875, 5], "texture": "#0"},
				"east": {"uv": [0.5, 3, 0.75, 5], "texture": "#0"},
				"south": {"uv": [1.75, 3, 1.9375, 5], "texture": "#0"},
				"west": {"uv": [0.75, 3, 1, 5], "texture": "#0"},
				"up": {"uv": [2.4375, 9.5, 2.25, 9.25], "texture": "#0"},
				"down": {"uv": [9.4375, 2.25, 9.25, 2.5], "texture": "#0"}
			}
		},
		{
			"from": [7.625, -10.06893, 6.63813],
			"to": [8.375, -8.76893, 8.68813],
			"rotation": {"angle": -45, "axis": "x", "origin": [8, -9.91689, 7.58941]},
			"faces": {
				"north": {"uv": [4.5, 8.75, 4.6875, 9.0625], "texture": "#0"},
				"east": {"uv": [6, 2.5, 6.5, 2.8125], "texture": "#0"},
				"south": {"uv": [4.75, 8.75, 4.9375, 9.0625], "texture": "#0"},
				"west": {"uv": [6, 5.75, 6.5, 6.0625], "texture": "#0"},
				"up": {"uv": [7.9375, 4.75, 7.75, 4.25], "texture": "#0"},
				"down": {"uv": [7.9375, 4.75, 7.75, 5.25], "texture": "#0"}
			}
		},
		{
			"from": [7.625, -12.08925, 6.27487],
			"to": [8.375, -11.38214, 6.98198],
			"rotation": {"angle": -45, "axis": "x", "origin": [8.025, -10.21221, 7.63326]},
			"faces": {
				"north": {"uv": [2.25, 9.5, 2.4375, 9.6875], "texture": "#0"},
				"east": {"uv": [2.5, 9.5, 2.6875, 9.6875], "texture": "#0"},
				"south": {"uv": [2.75, 9.5, 2.9375, 9.6875], "texture": "#0"},
				"west": {"uv": [9.5, 2.75, 9.6875, 2.9375], "texture": "#0"},
				"up": {"uv": [3.1875, 9.6875, 3, 9.5], "texture": "#0"},
				"down": {"uv": [9.6875, 3, 9.5, 3.1875], "texture": "#0"}
			}
		},
		{
			"from": [7.65, -10.92489, 6.06684],
			"to": [8.35, -9.77489, 7.96684],
			"rotation": {"angle": 22.5, "axis": "x", "origin": [7.975, -10.05299, 6.38406]},
			"faces": {
				"north": {"uv": [1.5, 9, 1.6875, 9.28125], "texture": "#0"},
				"east": {"uv": [4.25, 6.75, 4.71875, 7.03125], "texture": "#0"},
				"south": {"uv": [9, 2, 9.1875, 2.28125], "texture": "#0"},
				"west": {"uv": [6.75, 4.25, 7.21875, 4.53125], "texture": "#0"},
				"up": {"uv": [0.4375, 8.46875, 0.25, 8], "texture": "#0"},
				"down": {"uv": [0.9375, 8, 0.75, 8.46875], "texture": "#0"}
			}
		},
		{
			"from": [7.5, 2, 7.4],
			"to": [8.5, 5, 8.6],
			"faces": {
				"north": {"uv": [2.25, 5.5, 2.5, 6.25], "texture": "#0"},
				"east": {"uv": [4.75, 1, 5.0625, 1.75], "texture": "#0"},
				"south": {"uv": [3.25, 5.5, 3.5, 6.25], "texture": "#0"},
				"west": {"uv": [4.75, 1.75, 5.0625, 2.5], "texture": "#0"},
				"up": {"uv": [1.5, 8.5625, 1.25, 8.25], "texture": "#0"},
				"down": {"uv": [1.75, 8.25, 1.5, 8.5625], "texture": "#0"}
			}
		},
		{
			"from": [7.5, 2.11543, 8.5197],
			"to": [8.5, 8.11543, 9.2197],
			"rotation": {"angle": 22.5, "axis": "x", "origin": [8, 3.61543, 8.6197]},
			"faces": {
				"north": {"uv": [3, 2.5, 3.25, 4], "texture": "#0"},
				"east": {"uv": [4.25, 3, 4.4375, 4.5], "texture": "#0"},
				"south": {"uv": [3.25, 2.5, 3.5, 4], "texture": "#0"},
				"west": {"uv": [0, 4.5, 0.1875, 6], "texture": "#0"},
				"up": {"uv": [2.75, 9.4375, 2.5, 9.25], "texture": "#0"},
				"down": {"uv": [9.5, 2.5, 9.25, 2.6875], "texture": "#0"}
			}
		},
		{
			"from": [7.5, 2.11733, 9.21013],
			"to": [8.5, 7.91733, 9.31013],
			"rotation": {"angle": 22.5, "axis": "x", "origin": [8, 3.59233, 8.61013]},
			"faces": {
				"north": {"uv": [3.5, 0, 3.75, 1.4375], "texture": "#0"},
				"east": {"uv": [9.25, 4.25, 9.28125, 5.6875], "texture": "#0"},
				"south": {"uv": [2, 3.5, 2.25, 4.9375], "texture": "#0"},
				"west": {"uv": [4.75, 9.25, 4.78125, 10.6875], "texture": "#0"},
				"up": {"uv": [7, 10.53125, 6.75, 10.5], "texture": "#0"},
				"down": {"uv": [10.75, 6.75, 10.5, 6.78125], "texture": "#0"}
			}
		},
		{
			"from": [7.5, 2.44043, 9.3197],
			"to": [8.5, 5.94043, 9.4197],
			"rotation": {"angle": 22.5, "axis": "x", "origin": [8, 3.61543, 8.6197]},
			"faces": {
				"north": {"uv": [3.75, 4.75, 4, 5.625], "texture": "#0"},
				"east": {"uv": [2.5, 9.75, 2.53125, 10.625], "texture": "#0"},
				"south": {"uv": [2.5, 5, 2.75, 5.875], "texture": "#0"},
				"west": {"uv": [9.75, 2.5, 9.78125, 3.375], "texture": "#0"},
				"up": {"uv": [7.25, 10.53125, 7, 10.5], "texture": "#0"},
				"down": {"uv": [10.75, 7, 10.5, 7.03125], "texture": "#0"}
			}
		},
		{
			"from": [7.525, 2.11543, 8.0197],
			"to": [8.475, 5.11543, 8.5197],
			"rotation": {"angle": 22.5, "axis": "x", "origin": [8, 3.61543, 8.6197]},
			"faces": {
				"north": {"uv": [3.5, 5.5, 3.75, 6.25], "texture": "#0"},
				"east": {"uv": [6.25, 7.75, 6.375, 8.5], "texture": "#0"},
				"south": {"uv": [5.5, 3.5, 5.75, 4.25], "texture": "#0"},
				"west": {"uv": [7.75, 6.25, 7.875, 7], "texture": "#0"},
				"up": {"uv": [9.75, 4.375, 9.5, 4.25], "texture": "#0"},
				"down": {"uv": [4.75, 9.5, 4.5, 9.625], "texture": "#0"}
			}
		},
		{
			"from": [7.5, 5.11543, 8.2197],
			"to": [8.5, 6.41543, 8.5197],
			"rotation": {"angle": 22.5, "axis": "x", "origin": [8, 3.61543, 8.6197]},
			"faces": {
				"north": {"uv": [8.25, 1.5, 8.5, 1.8125], "texture": "#0"},
				"east": {"uv": [7.25, 10, 7.3125, 10.3125], "texture": "#0"},
				"south": {"uv": [1.75, 8.25, 2, 8.5625], "texture": "#0"},
				"west": {"uv": [10, 7.25, 10.0625, 7.5625], "texture": "#0"},
				"up": {"uv": [2, 10.3125, 1.75, 10.25], "texture": "#0"},
				"down": {"uv": [10.5, 1.75, 10.25, 1.8125], "texture": "#0"}
			}
		},
		{
			"from": [7.5, 6.41543, 8.3197],
			"to": [8.5, 8.11543, 8.5197],
			"rotation": {"angle": 22.5, "axis": "x", "origin": [8, 3.61543, 8.6197]},
			"faces": {
				"north": {"uv": [7.25, 6.25, 7.5, 6.6875], "texture": "#0"},
				"east": {"uv": [2.75, 9.75, 2.8125, 10.1875], "texture": "#0"},
				"south": {"uv": [6.75, 7.25, 7, 7.6875], "texture": "#0"},
				"west": {"uv": [3, 9.75, 3.0625, 10.1875], "texture": "#0"},
				"up": {"uv": [2.25, 10.3125, 2, 10.25], "texture": "#0"},
				"down": {"uv": [10.5, 2, 10.25, 2.0625], "texture": "#0"}
			}
		},
		{
			"from": [7.5, 7.06413, 9.53172],
			"to": [8.5, 7.61413, 9.73172],
			"rotation": {"angle": 22.5, "axis": "x", "origin": [8, 7.06413, 9.83172]},
			"faces": {
				"north": {"uv": [9.5, 4.5, 9.75, 4.625], "texture": "#0"},
				"east": {"uv": [7.25, 10.5, 7.3125, 10.625], "texture": "#0"},
				"south": {"uv": [9.5, 4.75, 9.75, 4.875], "texture": "#0"},
				"west": {"uv": [10.5, 7.25, 10.5625, 7.375], "texture": "#0"},
				"up": {"uv": [3, 10.3125, 2.75, 10.25], "texture": "#0"},
				"down": {"uv": [10.5, 2.75, 10.25, 2.8125], "texture": "#0"}
			}
		},
		{
			"from": [7.5, 7.61413, 8.78172],
			"to": [8.5, 7.91413, 9.73172],
			"rotation": {"angle": 22.5, "axis": "x", "origin": [8, 7.06413, 9.83172]},
			"faces": {
				"north": {"uv": [3, 10.25, 3.25, 10.3125], "texture": "#0"},
				"east": {"uv": [10.25, 3, 10.5, 3.0625], "texture": "#0"},
				"south": {"uv": [3.25, 10.25, 3.5, 10.3125], "texture": "#0"},
				"west": {"uv": [3.5, 10.25, 3.75, 10.3125], "texture": "#0"},
				"up": {"uv": [5.25, 1, 5, 0.75], "texture": "#0"},
				"down": {"uv": [2.25, 6, 2, 6.25], "texture": "#0"}
			}
		},
		{
			"from": [7.5, 8.66469, 7.4084],
			"to": [8.5, 9.36469, 11.2584],
			"rotation": {"angle": 22.5, "axis": "x", "origin": [8, 9.01469, 8.2584]},
			"faces": {
				"north": {"uv": [2.75, 9.25, 3, 9.4375], "texture": "#0"},
				"east": {"uv": [5.5, 4.75, 6.46875, 4.9375], "texture": "#0"},
				"south": {"uv": [9.25, 2.75, 9.5, 2.9375], "texture": "#0"},
				"west": {"uv": [5.5, 5, 6.46875, 5.1875], "texture": "#0"},
				"up": {"uv": [3.75, 5.46875, 3.5, 4.5], "texture": "#0"},
				"down": {"uv": [5, 0, 4.75, 0.96875], "texture": "#0"}
			}
		},
		{
			"from": [7.5, 9.36469, 10.5084],
			"to": [8.5, 9.56469, 11.2584],
			"rotation": {"angle": 22.5, "axis": "x", "origin": [8, 9.01469, 8.2584]},
			"faces": {
				"north": {"uv": [10.25, 3.5, 10.5, 3.5625], "texture": "#0"},
				"east": {"uv": [10, 10.25, 10.1875, 10.3125], "texture": "#0"},
				"south": {"uv": [3.75, 10.25, 4, 10.3125], "texture": "#0"},
				"west": {"uv": [10.25, 10, 10.4375, 10.0625], "texture": "#0"},
				"up": {"uv": [3.25, 9.4375, 3, 9.25], "texture": "#0"},
				"down": {"uv": [9.5, 3, 9.25, 3.1875], "texture": "#0"}
			}
		},
		{
			"from": [7.5, 9.35512, 9.7565],
			"to": [8.5, 9.50512, 10.5065],
			"rotation": {"angle": 22.5, "axis": "x", "origin": [8, 9.00512, 8.2815]},
			"faces": {
				"north": {"uv": [7.5, 10.5, 7.75, 10.53125], "texture": "#0"},
				"east": {"uv": [10.5, 9.25, 10.6875, 9.28125], "texture": "#0"},
				"south": {"uv": [10.5, 7.5, 10.75, 7.53125], "texture": "#0"},
				"west": {"uv": [9.5, 10.5, 9.6875, 10.53125], "texture": "#0"},
				"up": {"uv": [3.5, 9.4375, 3.25, 9.25], "texture": "#0"},
				"down": {"uv": [9.5, 3.25, 9.25, 3.4375], "texture": "#0"}
			}
		},
		{
			"from": [7.5, 9.64213, 9.51359],
			"to": [8.5, 9.74213, 9.81359],
			"rotation": {"angle": 22.5, "axis": "x", "origin": [8, 9.29213, 7.58859]},
			"faces": {
				"north": {"uv": [7.75, 10.5, 8, 10.53125], "texture": "#0"},
				"east": {"uv": [10.75, 5.5, 10.8125, 5.53125], "texture": "#0"},
				"south": {"uv": [10.5, 7.75, 10.75, 7.78125], "texture": "#0"},
				"west": {"uv": [5.75, 10.75, 5.8125, 10.78125], "texture": "#0"},
				"up": {"uv": [10.5, 3.8125, 10.25, 3.75], "texture": "#0"},
				"down": {"uv": [10.5, 4.25, 10.25, 4.3125], "texture": "#0"}
			}
		},
		{
			"from": [7.5, 9.36469, 8.7084],
			"to": [8.5, 9.56469, 9.4584],
			"rotation": {"angle": 22.5, "axis": "x", "origin": [8, 9.01469, 8.2584]},
			"faces": {
				"north": {"uv": [4.5, 10.25, 4.75, 10.3125], "texture": "#0"},
				"east": {"uv": [10.25, 10.25, 10.4375, 10.3125], "texture": "#0"},
				"south": {"uv": [10.25, 4.5, 10.5, 4.5625], "texture": "#0"},
				"west": {"uv": [10.5, 0, 10.6875, 0.0625], "texture": "#0"},
				"up": {"uv": [3.75, 9.4375, 3.5, 9.25], "texture": "#0"},
				"down": {"uv": [9.5, 3.5, 9.25, 3.6875], "texture": "#0"}
			}
		},
		{
			"from": [7.5, 5, 7.1],
			"to": [8.5, 7, 8.3],
			"faces": {
				"north": {"uv": [4.25, 1, 4.5, 1.5], "texture": "#0"},
				"east": {"uv": [6.25, 1.5, 6.5625, 2], "texture": "#0"},
				"south": {"uv": [3, 5.75, 3.25, 6.25], "texture": "#0"},
				"west": {"uv": [2, 6.25, 2.3125, 6.75], "texture": "#0"},
				"up": {"uv": [2.25, 8.5625, 2, 8.25], "texture": "#0"},
				"down": {"uv": [2.5, 8.25, 2.25, 8.5625], "texture": "#0"}
			}
		},
		{
			"from": [7.4, 7, 6.4],
			"to": [8.6, 14, 7.8],
			"faces": {
				"north": {"uv": [2.5, 0, 2.8125, 1.75], "texture": "#0"},
				"east": {"uv": [2, 0, 2.34375, 1.75], "texture": "#0"},
				"south": {"uv": [2.5, 1.75, 2.8125, 3.5], "texture": "#0"},
				"west": {"uv": [2, 1.75, 2.34375, 3.5], "texture": "#0"},
				"up": {"uv": [2.3125, 7.84375, 2, 7.5], "texture": "#0"},
				"down": {"uv": [7.8125, 2.75, 7.5, 3.09375], "texture": "#0"}
			}
		},
		{
			"from": [7.425, 11.36651, 11.84474],
			"to": [8.575, 12.61651, 13.24474],
			"rotation": {"angle": -22.5, "axis": "x", "origin": [0.1, -1.38349, 5.44474]},
			"faces": {
				"north": {"uv": [8, 2.75, 8.28125, 3.0625], "texture": "#0"},
				"east": {"uv": [4, 7.5, 4.34375, 7.8125], "texture": "#0"},
				"south": {"uv": [4, 8, 4.28125, 8.3125], "texture": "#0"},
				"west": {"uv": [4.5, 7.5, 4.84375, 7.8125], "texture": "#0"},
				"up": {"uv": [8.03125, 0.84375, 7.75, 0.5], "texture": "#0"},
				"down": {"uv": [1.78125, 7.75, 1.5, 8.09375], "texture": "#0"}
			}
		},
		{
			"from": [7.525, 3.69151, 12.24474],
			"to": [8.475, 5.61651, 13.44474],
			"rotation": {"angle": -22.5, "axis": "x", "origin": [0.125, -8.38349, 5.84474]},
			"faces": {
				"north": {"uv": [0.5, 7.25, 0.75, 7.71875], "texture": "#0"},
				"east": {"uv": [6.5, 0.5, 6.8125, 0.96875], "texture": "#0"},
				"south": {"uv": [1, 7.25, 1.25, 7.71875], "texture": "#0"},
				"west": {"uv": [6.5, 1, 6.8125, 1.46875], "texture": "#0"},
				"up": {"uv": [2.75, 8.5625, 2.5, 8.25], "texture": "#0"},
				"down": {"uv": [3, 8.25, 2.75, 8.5625], "texture": "#0"}
			}
		},
		{
			"from": [7.55, 1.69151, 12.94474],
			"to": [8.475, 3.61651, 14.04474],
			"rotation": {"angle": -22.5, "axis": "x", "origin": [0.15, -10.38349, 6.54474]},
			"faces": {
				"north": {"uv": [7.5, 4.75, 7.71875, 5.21875], "texture": "#0"},
				"east": {"uv": [5.25, 6.75, 5.53125, 7.21875], "texture": "#0"},
				"south": {"uv": [5.5, 7.5, 5.71875, 7.96875], "texture": "#0"},
				"west": {"uv": [6.75, 5.25, 7.03125, 5.71875], "texture": "#0"},
				"up": {"uv": [8.96875, 3.53125, 8.75, 3.25], "texture": "#0"},
				"down": {"uv": [8.96875, 4.25, 8.75, 4.53125], "texture": "#0"}
			}
		},
		{
			"from": [7.475, 11.08024, 7.7235],
			"to": [8.525, 12.78456, 8.89389],
			"rotation": {"angle": 0, "axis": "y", "origin": [-0.075, 4.63456, -0.0765]},
			"faces": {
				"north": {"uv": [7.25, 6.75, 7.5, 7.1875], "texture": "#0"},
				"east": {"uv": [0, 7, 0.28125, 7.4375], "texture": "#0"},
				"south": {"uv": [7, 7.25, 7.25, 7.6875], "texture": "#0"},
				"west": {"uv": [4.75, 7, 5.03125, 7.4375], "texture": "#0"},
				"up": {"uv": [5.75, 8.78125, 5.5, 8.5], "texture": "#0"},
				"down": {"uv": [6, 8.5, 5.75, 8.78125], "texture": "#0"}
			}
		},
		{
			"from": [7.475, 12.78456, 8.1235],
			"to": [8.525, 16.08889, 8.49389],
			"rotation": {"angle": 0, "axis": "y", "origin": [-0.075, 4.83889, 0.2235]},
			"faces": {
				"north": {"uv": [2.75, 5, 3, 5.8125], "texture": "#0"},
				"east": {"uv": [3.5, 8.25, 3.59375, 9.0625], "texture": "#0"},
				"south": {"uv": [5, 5, 5.25, 5.8125], "texture": "#0"},
				"west": {"uv": [7, 8.25, 7.09375, 9.0625], "texture": "#0"},
				"up": {"uv": [10, 6.84375, 9.75, 6.75], "texture": "#0"},
				"down": {"uv": [7.25, 9.75, 7, 9.84375], "texture": "#0"}
			}
		},
		{
			"from": [7.475, 13.98456, 7.7235],
			"to": [8.525, 16.08889, 8.11889],
			"rotation": {"angle": 0, "axis": "y", "origin": [-0.075, 4.83889, 0.2235]},
			"faces": {
				"north": {"uv": [2.25, 6.75, 2.5, 7.28125], "texture": "#0"},
				"east": {"uv": [5.5, 9, 5.59375, 9.53125], "texture": "#0"},
				"south": {"uv": [3.5, 6.75, 3.75, 7.28125], "texture": "#0"},
				"west": {"uv": [9, 5.5, 9.09375, 6.03125], "texture": "#0"},
				"up": {"uv": [10, 7.09375, 9.75, 7], "texture": "#0"},
				"down": {"uv": [7.5, 9.75, 7.25, 9.84375], "texture": "#0"}
			}
		},
		{
			"from": [7.45, 9, 7.4],
			"to": [8.55, 10.9, 8.5],
			"rotation": {"angle": 22.5, "axis": "x", "origin": [8, 10, 9.15]},
			"faces": {
				"north": {"uv": [5.75, 6.75, 6.03125, 7.21875], "texture": "#0"},
				"east": {"uv": [6.75, 5.75, 7.03125, 6.21875], "texture": "#0"},
				"south": {"uv": [6.75, 6.25, 7.03125, 6.71875], "texture": "#0"},
				"west": {"uv": [6.75, 6.75, 7.03125, 7.21875], "texture": "#0"},
				"up": {"uv": [8.28125, 8.28125, 8, 8], "texture": "#0"},
				"down": {"uv": [8.53125, 0.5, 8.25, 0.78125], "texture": "#0"}
			}
		},
		{
			"from": [7.3, 14, 6],
			"to": [8.7, 20, 7.8],
			"faces": {
				"north": {"uv": [0, 3, 0.34375, 4.5], "texture": "#0"},
				"east": {"uv": [0, 1.5, 0.4375, 3], "texture": "#0"},
				"south": {"uv": [3, 0, 3.34375, 1.5], "texture": "#0"},
				"west": {"uv": [0.5, 1.5, 0.9375, 3], "texture": "#0"},
				"up": {"uv": [4.59375, 6.6875, 4.25, 6.25], "texture": "#0"},
				"down": {"uv": [6.59375, 4.25, 6.25, 4.6875], "texture": "#0"}
			}
		},
		{
			"from": [7.625, 8.3, 6],
			"to": [8.375, 14, 7.8],
			"faces": {
				"north": {"uv": [4.5, 0, 4.6875, 1.4375], "texture": "#0"},
				"east": {"uv": [1, 1.5, 1.4375, 2.9375], "texture": "#0"},
				"south": {"uv": [0.25, 4.5, 0.4375, 5.9375], "texture": "#0"},
				"west": {"uv": [1.5, 1.5, 1.9375, 2.9375], "texture": "#0"},
				"up": {"uv": [4.6875, 8.4375, 4.5, 8], "texture": "#0"},
				"down": {"uv": [4.9375, 8, 4.75, 8.4375], "texture": "#0"}
			}
		},
		{
			"from": [7.525, 9, 5.9],
			"to": [8.475, 9.6, 7.8],
			"faces": {
				"north": {"uv": [9.5, 0, 9.75, 0.15625], "texture": "#0"},
				"east": {"uv": [8.25, 7.25, 8.71875, 7.40625], "texture": "#0"},
				"south": {"uv": [0.25, 9.5, 0.5, 9.65625], "texture": "#0"},
				"west": {"uv": [8.5, 2.25, 8.96875, 2.40625], "texture": "#0"},
				"up": {"uv": [7.5, 3.21875, 7.25, 2.75], "texture": "#0"},
				"down": {"uv": [3.25, 7.25, 3, 7.71875], "texture": "#0"}
			}
		},
		{
			"from": [7.525, 9.7, 5.9],
			"to": [8.475, 10.3, 7.8],
			"faces": {
				"north": {"uv": [9.5, 0.25, 9.75, 0.40625], "texture": "#0"},
				"east": {"uv": [8.5, 2.75, 8.96875, 2.90625], "texture": "#0"},
				"south": {"uv": [0.5, 9.5, 0.75, 9.65625], "texture": "#0"},
				"west": {"uv": [8.5, 3, 8.96875, 3.15625], "texture": "#0"},
				"up": {"uv": [3.5, 7.71875, 3.25, 7.25], "texture": "#0"},
				"down": {"uv": [4, 7.25, 3.75, 7.71875], "texture": "#0"}
			}
		},
		{
			"from": [7.575, 11.8, 5.9],
			"to": [8.425, 13.2, 7.7],
			"faces": {
				"north": {"uv": [0.75, 8.5, 0.96875, 8.84375], "texture": "#0"},
				"east": {"uv": [5.75, 1.5, 6.21875, 1.84375], "texture": "#0"},
				"south": {"uv": [8.5, 1.5, 8.71875, 1.84375], "texture": "#0"},
				"west": {"uv": [5.75, 3.5, 6.21875, 3.84375], "texture": "#0"},
				"up": {"uv": [5.96875, 7.96875, 5.75, 7.5], "texture": "#0"},
				"down": {"uv": [6.21875, 7.5, 6, 7.96875], "texture": "#0"}
			}
		},
		{
			"from": [7.5, 14.16965, 12.6452],
			"to": [8.5, 16.16965, 14.4452],
			"rotation": {"angle": -22.5, "axis": "x", "origin": [-0.175, 0.16965, 6.6452]},
			"faces": {
				"north": {"uv": [3.75, 6.75, 4, 7.25], "texture": "#0"},
				"east": {"uv": [5, 3.5, 5.4375, 4], "texture": "#0"},
				"south": {"uv": [6.25, 6.75, 6.5, 7.25], "texture": "#0"},
				"west": {"uv": [5, 4, 5.4375, 4.5], "texture": "#0"},
				"up": {"uv": [7.5, 7.6875, 7.25, 7.25], "texture": "#0"},
				"down": {"uv": [0.25, 7.5, 0, 7.9375], "texture": "#0"}
			}
		},
		{
			"from": [7.4, 21.38492, 5.34228],
			"to": [8.6, 22.38492, 8.34228],
			"rotation": {"angle": 45, "axis": "x", "origin": [8, 21.48492, 3.24228]},
			"faces": {
				"north": {"uv": [8.25, 2.5, 8.5625, 2.75], "texture": "#0"},
				"east": {"uv": [5.5, 2.25, 6.25, 2.5], "texture": "#0"},
				"south": {"uv": [3, 8.25, 3.3125, 8.5], "texture": "#0"},
				"west": {"uv": [4, 5.5, 4.75, 5.75], "texture": "#0"},
				"up": {"uv": [5.3125, 0.75, 5, 0], "texture": "#0"},
				"down": {"uv": [0.8125, 5, 0.5, 5.75], "texture": "#0"}
			}
		},
		{
			"from": [8.3, 18.12218, 5.37071],
			"to": [8.8, 20.42218, 6.37071],
			"rotation": {"angle": 45, "axis": "x", "origin": [8, 19.22218, 6.07071]},
			"faces": {
				"north": {"uv": [6, 8.5, 6.125, 9.0625], "texture": "#0"},
				"east": {"uv": [4.75, 6.25, 5, 6.8125], "texture": "#0"},
				"south": {"uv": [6.25, 8.5, 6.375, 9.0625], "texture": "#0"},
				"west": {"uv": [0.5, 6.5, 0.75, 7.0625], "texture": "#0"},
				"up": {"uv": [9.625, 5.25, 9.5, 5], "texture": "#0"},
				"down": {"uv": [5.375, 9.5, 5.25, 9.75], "texture": "#0"}
			}
		},
		{
			"from": [7.2, 18.12218, 5.37071],
			"to": [7.7, 20.42218, 6.37071],
			"rotation": {"angle": 45, "axis": "x", "origin": [8, 19.22218, 6.07071]},
			"faces": {
				"north": {"uv": [6.5, 8.5, 6.625, 9.0625], "texture": "#0"},
				"east": {"uv": [1, 6.5, 1.25, 7.0625], "texture": "#0"},
				"south": {"uv": [6.75, 8.5, 6.875, 9.0625], "texture": "#0"},
				"west": {"uv": [1.5, 6.5, 1.75, 7.0625], "texture": "#0"},
				"up": {"uv": [9.625, 5.5, 9.5, 5.25], "texture": "#0"},
				"down": {"uv": [9.625, 5.5, 9.5, 5.75], "texture": "#0"}
			}
		},
		{
			"from": [7.3, 20, 6.125],
			"to": [8.7, 20.25, 7.875],
			"rotation": {"angle": 0, "axis": "y", "origin": [8, 21.25625, 8.2375]},
			"faces": {
				"north": {"uv": [10, 1, 10.34375, 1.0625], "texture": "#0"},
				"east": {"uv": [9.75, 4.25, 10.1875, 4.3125], "texture": "#0"},
				"south": {"uv": [10, 1.25, 10.34375, 1.3125], "texture": "#0"},
				"west": {"uv": [9.75, 4.5, 10.1875, 4.5625], "texture": "#0"},
				"up": {"uv": [6.59375, 5.6875, 6.25, 5.25], "texture": "#0"},
				"down": {"uv": [5.84375, 6.25, 5.5, 6.6875], "texture": "#0"}
			}
		},
		{
			"from": [7.3, 20.25, 6.375],
			"to": [8.7, 20.5, 8.225],
			"rotation": {"angle": 0, "axis": "y", "origin": [8, 21.25625, 8.2375]},
			"faces": {
				"north": {"uv": [1.5, 10, 1.84375, 10.0625], "texture": "#0"},
				"east": {"uv": [7, 9.5, 7.46875, 9.5625], "texture": "#0"},
				"south": {"uv": [10, 1.5, 10.34375, 1.5625], "texture": "#0"},
				"west": {"uv": [7.5, 9.5, 7.96875, 9.5625], "texture": "#0"},
				"up": {"uv": [4.09375, 6.21875, 3.75, 5.75], "texture": "#0"},
				"down": {"uv": [4.59375, 5.75, 4.25, 6.21875], "texture": "#0"}
			}
		},
		{
			"from": [7.3, 20.5, 6.675],
			"to": [8.7, 21, 8.575],
			"rotation": {"angle": 0, "axis": "y", "origin": [8, 21.25625, 8.2375]},
			"faces": {
				"north": {"uv": [6.25, 9.25, 6.59375, 9.375], "texture": "#0"},
				"east": {"uv": [8.75, 2.5, 9.21875, 2.625], "texture": "#0"},
				"south": {"uv": [6.75, 9.25, 7.09375, 9.375], "texture": "#0"},
				"west": {"uv": [8.75, 3.75, 9.21875, 3.875], "texture": "#0"},
				"up": {"uv": [5.84375, 6.21875, 5.5, 5.75], "texture": "#0"},
				"down": {"uv": [0.34375, 6, 0, 6.46875], "texture": "#0"}
			}
		},
		{
			"from": [7.3, 21, 6.925],
			"to": [8.7, 21.525, 8.825],
			"rotation": {"angle": 0, "axis": "y", "origin": [8, 21.25625, 8.2375]},
			"faces": {
				"north": {"uv": [9.25, 6.75, 9.59375, 6.875], "texture": "#0"},
				"east": {"uv": [8.75, 4.75, 9.21875, 4.875], "texture": "#0"},
				"south": {"uv": [9.25, 7, 9.59375, 7.125], "texture": "#0"},
				"west": {"uv": [5, 8.75, 5.46875, 8.875], "texture": "#0"},
				"up": {"uv": [6.34375, 0.96875, 6, 0.5], "texture": "#0"},
				"down": {"uv": [6.34375, 1, 6, 1.46875], "texture": "#0"}
			}
		},
		{
			"from": [7.3, 21.5, 7],
			"to": [8.7, 23.275, 8.9],
			"rotation": {"angle": 0, "axis": "y", "origin": [8, 21.25625, 8.2375]},
			"faces": {
				"north": {"uv": [6, 6.25, 6.34375, 6.6875], "texture": "#0"},
				"east": {"uv": [4.5, 5, 4.96875, 5.4375], "texture": "#0"},
				"south": {"uv": [0, 6.5, 0.34375, 6.9375], "texture": "#0"},
				"west": {"uv": [5, 4.5, 5.46875, 4.9375], "texture": "#0"},
				"up": {"uv": [1.84375, 6.46875, 1.5, 6], "texture": "#0"},
				"down": {"uv": [2.84375, 6, 2.5, 6.46875], "texture": "#0"}
			}
		},
		{
			"from": [7.4, 23.275, 7.1],
			"to": [8.6, 23.35, 8.8],
			"rotation": {"angle": 0, "axis": "y", "origin": [8, 21.25625, 8.2375]},
			"faces": {
				"north": {"uv": [2, 10.5, 2.3125, 10.53125], "texture": "#0"},
				"east": {"uv": [10.25, 6.25, 10.6875, 6.28125], "texture": "#0"},
				"south": {"uv": [10.5, 2, 10.8125, 2.03125], "texture": "#0"},
				"west": {"uv": [6.5, 10.25, 6.9375, 10.28125], "texture": "#0"},
				"up": {"uv": [6.8125, 5.1875, 6.5, 4.75], "texture": "#0"},
				"down": {"uv": [7.0625, 1.5, 6.75, 1.9375], "texture": "#0"}
			}
		},
		{
			"from": [7.65, 23.35, 7.35],
			"to": [8.35, 24.725, 8.05],
			"rotation": {"angle": 0, "axis": "y", "origin": [8, 21.25625, 8.2375]},
			"faces": {
				"north": {"uv": [2, 8.75, 2.1875, 9.09375], "texture": "#0"},
				"east": {"uv": [2.25, 8.75, 2.4375, 9.09375], "texture": "#0"},
				"south": {"uv": [2.5, 8.75, 2.6875, 9.09375], "texture": "#0"},
				"west": {"uv": [2.75, 8.75, 2.9375, 9.09375], "texture": "#0"},
				"up": {"uv": [3.4375, 9.6875, 3.25, 9.5], "texture": "#0"},
				"down": {"uv": [9.6875, 3.25, 9.5, 3.4375], "texture": "#0"}
			}
		},
		{
			"from": [7.55, 23.85, 7.25],
			"to": [8.45, 24.225, 8.15],
			"rotation": {"angle": 0, "axis": "y", "origin": [8, 21.25625, 8.2375]},
			"faces": {
				"north": {"uv": [6.25, 10, 6.46875, 10.09375], "texture": "#0"},
				"east": {"uv": [10, 6.25, 10.21875, 6.34375], "texture": "#0"},
				"south": {"uv": [6.5, 10, 6.71875, 10.09375], "texture": "#0"},
				"west": {"uv": [10, 6.5, 10.21875, 6.59375], "texture": "#0"},
				"up": {"uv": [9.46875, 0.21875, 9.25, 0], "texture": "#0"},
				"down": {"uv": [9.46875, 1.25, 9.25, 1.46875], "texture": "#0"}
			}
		},
		{
			"from": [7.55, 24.35, 7.25],
			"to": [8.45, 24.8, 8.15],
			"rotation": {"angle": 0, "axis": "y", "origin": [8, 21.25625, 8.2375]},
			"faces": {
				"north": {"uv": [6.75, 10, 6.96875, 10.09375], "texture": "#0"},
				"east": {"uv": [10, 6.75, 10.21875, 6.84375], "texture": "#0"},
				"south": {"uv": [7, 10, 7.21875, 10.09375], "texture": "#0"},
				"west": {"uv": [10, 7, 10.21875, 7.09375], "texture": "#0"},
				"up": {"uv": [2.21875, 9.46875, 2, 9.25], "texture": "#0"},
				"down": {"uv": [9.46875, 2, 9.25, 2.21875], "texture": "#0"}
			}
		},
		{
			"from": [7.35, 22.125, 8.625],
			"to": [8.65, 23.075, 9.575],
			"rotation": {"angle": 45, "axis": "x", "origin": [8, 22.3875, 8.95]},
			"faces": {
				"north": {"uv": [8.25, 3.25, 8.5625, 3.5], "texture": "#0"},
				"east": {"uv": [6.5, 2.75, 6.75, 3], "texture": "#0"},
				"south": {"uv": [8.25, 3.5, 8.5625, 3.75], "texture": "#0"},
				"west": {"uv": [8.75, 2, 9, 2.25], "texture": "#0"},
				"up": {"uv": [5.3125, 8.5, 5, 8.25], "texture": "#0"},
				"down": {"uv": [8.5625, 5, 8.25, 5.25], "texture": "#0"}
			}
		},
		{
			"from": [7.4, 21.8, 5.65],
			"to": [8.6, 23.8, 7.65],
			"rotation": {"angle": 45, "axis": "x", "origin": [8, 22.3875, 4.95]},
			"faces": {
				"north": {"uv": [3, 6.25, 3.3125, 6.75], "texture": "#0"},
				"east": {"uv": [3.75, 1, 4.25, 1.5], "texture": "#0"},
				"south": {"uv": [6.25, 3, 6.5625, 3.5], "texture": "#0"},
				"west": {"uv": [4.5, 4.5, 5, 5], "texture": "#0"},
				"up": {"uv": [3.8125, 6.75, 3.5, 6.25], "texture": "#0"},
				"down": {"uv": [6.5625, 3.5, 6.25, 4], "texture": "#0"}
			}
		},
		{
			"from": [7.675, 21.85, 4.85],
			"to": [8.325, 22.15, 5],
			"rotation": {"angle": 45, "axis": "x", "origin": [8, 22.0875, 4.55]},
			"faces": {
				"north": {"uv": [10.5, 2.25, 10.65625, 2.3125], "texture": "#0"},
				"east": {"uv": [10.75, 5.75, 10.78125, 5.8125], "texture": "#0"},
				"south": {"uv": [10.5, 2.5, 10.65625, 2.5625], "texture": "#0"},
				"west": {"uv": [6, 10.75, 6.03125, 10.8125], "texture": "#0"},
				"up": {"uv": [1.15625, 10.78125, 1, 10.75], "texture": "#0"},
				"down": {"uv": [10.90625, 1, 10.75, 1.03125], "texture": "#0"}
			}
		},
		{
			"from": [7.425, 21.35, 4],
			"to": [8.575, 22.75, 5.4],
			"rotation": {"angle": 45, "axis": "x", "origin": [8, 22.0875, 4.55]},
			"faces": {
				"north": {"uv": [7.75, 1.5, 8.03125, 1.84375], "texture": "#0"},
				"east": {"uv": [7.25, 1.5, 7.59375, 1.84375], "texture": "#0"},
				"south": {"uv": [2.5, 7.75, 2.78125, 8.09375], "texture": "#0"},
				"west": {"uv": [2.5, 7.25, 2.84375, 7.59375], "texture": "#0"},
				"up": {"uv": [3.28125, 8.09375, 3, 7.75], "texture": "#0"},
				"down": {"uv": [8.03125, 3.25, 7.75, 3.59375], "texture": "#0"}
			}
		},
		{
			"from": [7.625, 21.45, 3.925],
			"to": [8.375, 22.65, 4],
			"rotation": {"angle": 45, "axis": "x", "origin": [8, 22.0875, 4.55]},
			"faces": {
				"north": {"uv": [8.75, 5, 8.9375, 5.3125], "texture": "#0"},
				"east": {"uv": [2.75, 10.5, 2.78125, 10.8125], "texture": "#0"},
				"south": {"uv": [8.75, 5.5, 8.9375, 5.8125], "texture": "#0"},
				"west": {"uv": [10.5, 2.75, 10.53125, 3.0625], "texture": "#0"},
				"up": {"uv": [10.6875, 9.53125, 10.5, 9.5], "texture": "#0"},
				"down": {"uv": [10.6875, 9.75, 10.5, 9.78125], "texture": "#0"}
			}
		},
		{
			"from": [7.625, 21.275, 4.1],
			"to": [8.375, 21.35, 5.3],
			"rotation": {"angle": 45, "axis": "x", "origin": [8, 22.0875, 4.55]},
			"faces": {
				"north": {"uv": [10, 10.5, 10.1875, 10.53125], "texture": "#0"},
				"east": {"uv": [3, 10.5, 3.3125, 10.53125], "texture": "#0"},
				"south": {"uv": [10.5, 10, 10.6875, 10.03125], "texture": "#0"},
				"west": {"uv": [10.5, 3.25, 10.8125, 3.28125], "texture": "#0"},
				"up": {"uv": [8.9375, 6.3125, 8.75, 6], "texture": "#0"},
				"down": {"uv": [8.9375, 6.5, 8.75, 6.8125], "texture": "#0"}
			}
		},
		{
			"from": [7.625, 22.75, 4.1],
			"to": [8.375, 22.825, 5.3],
			"rotation": {"angle": 45, "axis": "x", "origin": [8, 22.0875, 4.55]},
			"faces": {
				"north": {"uv": [10.25, 10.5, 10.4375, 10.53125], "texture": "#0"},
				"east": {"uv": [3.5, 10.5, 3.8125, 10.53125], "texture": "#0"},
				"south": {"uv": [10.5, 10.25, 10.6875, 10.28125], "texture": "#0"},
				"west": {"uv": [10.5, 3.5, 10.8125, 3.53125], "texture": "#0"},
				"up": {"uv": [8.9375, 7.3125, 8.75, 7], "texture": "#0"},
				"down": {"uv": [7.4375, 8.75, 7.25, 9.0625], "texture": "#0"}
			}
		},
		{
			"from": [7.625, 21.45, 5.4],
			"to": [8.375, 22.65, 5.475],
			"rotation": {"angle": 45, "axis": "x", "origin": [8, 22.0875, 4.55]},
			"faces": {
				"north": {"uv": [7.5, 8.75, 7.6875, 9.0625], "texture": "#0"},
				"east": {"uv": [10.5, 3.75, 10.53125, 4.0625], "texture": "#0"},
				"south": {"uv": [7.75, 8.75, 7.9375, 9.0625], "texture": "#0"},
				"west": {"uv": [10.5, 4.25, 10.53125, 4.5625], "texture": "#0"},
				"up": {"uv": [10.6875, 10.53125, 10.5, 10.5], "texture": "#0"},
				"down": {"uv": [10.9375, 0, 10.75, 0.03125], "texture": "#0"}
			}
		},
		{
			"from": [7.95, 20.6, 3.75],
			"to": [8.05, 20.975, 4.15],
			"rotation": {"angle": 45, "axis": "x", "origin": [8, 22.0875, 4.55]},
			"faces": {
				"north": {"uv": [3, 10.75, 3.03125, 10.84375], "texture": "#0"},
				"east": {"uv": [10.5, 6, 10.59375, 6.09375], "texture": "#0"},
				"south": {"uv": [10.75, 3, 10.78125, 3.09375], "texture": "#0"},
				"west": {"uv": [6.25, 10.5, 6.34375, 10.59375], "texture": "#0"},
				"up": {"uv": [3.28125, 10.84375, 3.25, 10.75], "texture": "#0"},
				"down": {"uv": [3.53125, 10.75, 3.5, 10.84375], "texture": "#0"}
			}
		},
		{
			"from": [7.95, 19.925, 3.25],
			"to": [8.05, 20.6, 3.85],
			"rotation": {"angle": 45, "axis": "x", "origin": [8, 22.0875, 4.55]},
			"faces": {
				"north": {"uv": [10.75, 1.25, 10.78125, 1.40625], "texture": "#0"},
				"east": {"uv": [6.5, 9.75, 6.65625, 9.90625], "texture": "#0"},
				"south": {"uv": [10.75, 1.5, 10.78125, 1.65625], "texture": "#0"},
				"west": {"uv": [6.75, 9.75, 6.90625, 9.90625], "texture": "#0"},
				"up": {"uv": [1.78125, 10.90625, 1.75, 10.75], "texture": "#0"},
				"down": {"uv": [10.78125, 1.75, 10.75, 1.90625], "texture": "#0"}
			}
		},
		{
			"from": [7.95, 20.9, 3.85],
			"to": [8.05, 21.275, 4.85],
			"rotation": {"angle": 45, "axis": "x", "origin": [8, 22.0875, 4.55]},
			"faces": {
				"north": {"uv": [3.75, 10.75, 3.78125, 10.84375], "texture": "#0"},
				"east": {"uv": [9.75, 7.25, 10, 7.34375], "texture": "#0"},
				"south": {"uv": [10.75, 3.75, 10.78125, 3.84375], "texture": "#0"},
				"west": {"uv": [7.5, 9.75, 7.75, 9.84375], "texture": "#0"},
				"up": {"uv": [10.53125, 8.25, 10.5, 8], "texture": "#0"},
				"down": {"uv": [8.28125, 10.5, 8.25, 10.75], "texture": "#0"}
			}
		},
		{
			"from": [7.95, 19.55, 3.55],
			"to": [8.05, 19.925, 3.85],
			"rotation": {"angle": 45, "axis": "x", "origin": [8, 22.0875, 4.55]},
			"faces": {
				"north": {"uv": [4, 10.75, 4.03125, 10.84375], "texture": "#0"},
				"east": {"uv": [0.25, 10.75, 0.3125, 10.84375], "texture": "#0"},
				"south": {"uv": [10.75, 4, 10.78125, 4.09375], "texture": "#0"},
				"west": {"uv": [10.75, 0.25, 10.8125, 0.34375], "texture": "#0"},
				"up": {"uv": [10.78125, 6.0625, 10.75, 6], "texture": "#0"},
				"down": {"uv": [6.28125, 10.75, 6.25, 10.8125], "texture": "#0"}
			}
		},
		{
			"from": [7.95, 20.78819, -1.81489],
			"to": [8.05, 21.19148, 2.26074],
			"rotation": {"angle": 0, "axis": "x", "origin": [8, 20.99148, 2.32261]},
			"faces": {
				"north": {"uv": [4.25, 10.75, 4.28125, 10.84375], "texture": "#0"},
				"east": {"uv": [7.75, 1, 8.78125, 1.09375], "texture": "#0"},
				"south": {"uv": [10.75, 4.25, 10.78125, 4.34375], "texture": "#0"},
				"west": {"uv": [7.75, 4, 8.78125, 4.09375], "texture": "#0"},
				"up": {"uv": [4.03125, 10.53125, 4, 9.5], "texture": "#0"},
				"down": {"uv": [4.28125, 9.5, 4.25, 10.53125], "texture": "#0"}
			}
		},
		{
			"from": [7.875, 20.99148, -1.76489],
			"to": [8.125, 21.39148, 0.33511],
			"rotation": {"angle": 0, "axis": "x", "origin": [8, 20.99148, 2.32261]},
			"faces": {
				"north": {"uv": [0.5, 10.75, 0.5625, 10.84375], "texture": "#0"},
				"east": {"uv": [9, 6.25, 9.53125, 6.34375], "texture": "#0"},
				"south": {"uv": [10.75, 0.5, 10.8125, 0.59375], "texture": "#0"},
				"west": {"uv": [9, 6.5, 9.53125, 6.59375], "texture": "#0"},
				"up": {"uv": [3.5625, 10.03125, 3.5, 9.5], "texture": "#0"},
				"down": {"uv": [3.8125, 9.5, 3.75, 10.03125], "texture": "#0"}
			}
		},
		{
			"from": [7.85, 21.39148, -0.63989],
			"to": [8.15, 21.84148, 1.13511],
			"rotation": {"angle": 0, "axis": "x", "origin": [8, 20.99148, 2.32261]},
			"faces": {
				"north": {"uv": [10.5, 8.25, 10.5625, 8.375], "texture": "#0"},
				"east": {"uv": [9, 0.25, 9.4375, 0.375], "texture": "#0"},
				"south": {"uv": [10.5, 8.5, 10.5625, 8.625], "texture": "#0"},
				"west": {"uv": [9, 0.5, 9.4375, 0.625], "texture": "#0"},
				"up": {"uv": [3.3125, 10.1875, 3.25, 9.75], "texture": "#0"},
				"down": {"uv": [4.5625, 9.75, 4.5, 10.1875], "texture": "#0"}
			}
		},
		{
			"from": [7.825, 22.19148, 2.46011],
			"to": [8.175, 22.91648, 4.63511],
			"rotation": {"angle": 0, "axis": "x", "origin": [8, 20.99148, 2.32261]},
			"faces": {
				"north": {"uv": [0.25, 10.25, 0.34375, 10.4375], "texture": "#0"},
				"east": {"uv": [7.75, 0, 8.28125, 0.1875], "texture": "#0"},
				"south": {"uv": [10.25, 0.25, 10.34375, 0.4375], "texture": "#0"},
				"west": {"uv": [7.75, 0.25, 8.28125, 0.4375], "texture": "#0"},
				"up": {"uv": [5.84375, 9.53125, 5.75, 9], "texture": "#0"},
				"down": {"uv": [9.09375, 6.75, 9, 7.28125], "texture": "#0"}
			}
		},
		{
			"from": [7.825, 21.79148, 0.76011],
			"to": [8.175, 22.19148, 2.53511],
			"rotation": {"angle": 0, "axis": "x", "origin": [8, 20.99148, 2.32261]},
			"faces": {
				"north": {"uv": [6.5, 10.5, 6.59375, 10.59375], "texture": "#0"},
				"east": {"uv": [9.25, 7.75, 9.6875, 7.84375], "texture": "#0"},
				"south": {"uv": [10.5, 6.5, 10.59375, 6.59375], "texture": "#0"},
				"west": {"uv": [8, 9.25, 8.4375, 9.34375], "texture": "#0"},
				"up": {"uv": [9.34375, 8.4375, 9.25, 8], "texture": "#0"},
				"down": {"uv": [9.34375, 8.5, 9.25, 8.9375], "texture": "#0"}
			}
		},
		{
			"from": [7.725, 21.19148, 0.26011],
			"to": [8.275, 21.79148, 2.43511],
			"rotation": {"angle": 0, "axis": "x", "origin": [8, 20.99148, 2.32261]},
			"faces": {
				"north": {"uv": [7.5, 10, 7.625, 10.15625], "texture": "#0"},
				"east": {"uv": [8, 4.5, 8.53125, 4.65625], "texture": "#0"},
				"south": {"uv": [10, 7.75, 10.125, 7.90625], "texture": "#0"},
				"west": {"uv": [8, 4.75, 8.53125, 4.90625], "texture": "#0"},
				"up": {"uv": [8.875, 1.78125, 8.75, 1.25], "texture": "#0"},
				"down": {"uv": [1.875, 8.75, 1.75, 9.28125], "texture": "#0"}
			}
		},
		{
			"from": [7.725, 21.59148, 2.46011],
			"to": [8.275, 22.19148, 4.23511],
			"rotation": {"angle": 0, "axis": "x", "origin": [8, 20.99148, 2.32261]},
			"faces": {
				"north": {"uv": [8, 10, 8.125, 10.15625], "texture": "#0"},
				"east": {"uv": [8.25, 8.5, 8.6875, 8.65625], "texture": "#0"},
				"south": {"uv": [10, 8.5, 10.125, 8.65625], "texture": "#0"},
				"west": {"uv": [8.75, 0, 9.1875, 0.15625], "texture": "#0"},
				"up": {"uv": [0.375, 9.4375, 0.25, 9], "texture": "#0"},
				"down": {"uv": [0.875, 9, 0.75, 9.4375], "texture": "#0"}
			}
		},
		{
			"from": [8, 20.8, 3.9],
			"to": [8, 21.175, 4.4],
			"rotation": {"angle": 45, "axis": "x", "origin": [8, 22.0875, 4.55]},
			"faces": {
				"north": {"uv": [0, 0, 0, 0.09375], "texture": "#0"},
				"east": {"uv": [0.25, 10.5, 0.375, 10.59375], "texture": "#0"},
				"south": {"uv": [0, 0, 0, 0.09375], "texture": "#0"},
				"west": {"uv": [10.5, 0.25, 10.625, 0.34375], "texture": "#0"},
				"up": {"uv": [0, 0.125, 0, 0], "texture": "#0"},
				"down": {"uv": [0, 0, 0, 0.125], "texture": "#0"}
			}
		},
		{
			"from": [8, 21.85325, 3.06612],
			"to": [8, 22.22825, 3.56612],
			"rotation": {"angle": -45, "axis": "x", "origin": [8, 21.41575, 3.66612]},
			"faces": {
				"north": {"uv": [0, 0, 0, 0.09375], "texture": "#0"},
				"east": {"uv": [10.5, 0.5, 10.625, 0.59375], "texture": "#0"},
				"south": {"uv": [0, 0, 0, 0.09375], "texture": "#0"},
				"west": {"uv": [0.75, 10.5, 0.875, 10.59375], "texture": "#0"},
				"up": {"uv": [0, 0.125, 0, 0], "texture": "#0"},
				"down": {"uv": [0, 0, 0, 0.125], "texture": "#0"}
			}
		},
		{
			"from": [7.9, 21.39148, -0.06489],
			"to": [8.1, 22.01707, 1.36194],
			"rotation": {"angle": -22.5, "axis": "x", "origin": [8.05, 20.59148, 0.62261]},
			"faces": {
				"north": {"uv": [4.5, 10.5, 4.5625, 10.65625], "texture": "#0"},
				"east": {"uv": [9, 1.5, 9.34375, 1.65625], "texture": "#0"},
				"south": {"uv": [10.5, 4.75, 10.5625, 4.90625], "texture": "#0"},
				"west": {"uv": [9, 1.75, 9.34375, 1.90625], "texture": "#0"},
				"up": {"uv": [0.8125, 10.34375, 0.75, 10], "texture": "#0"},
				"down": {"uv": [10.0625, 1.75, 10, 2.09375], "texture": "#0"}
			}
		},
		{
			"from": [7.875, 21.79148, 1.33511],
			"to": [8.125, 22.66707, 3.26194],
			"rotation": {"angle": -22.5, "axis": "x", "origin": [8, 20.99148, 2.32261]},
			"faces": {
				"north": {"uv": [10.25, 6.5, 10.3125, 6.71875], "texture": "#0"},
				"east": {"uv": [7.5, 3.75, 7.96875, 3.96875], "texture": "#0"},
				"south": {"uv": [10.25, 6.75, 10.3125, 6.96875], "texture": "#0"},
				"west": {"uv": [6.25, 7.5, 6.71875, 7.71875], "texture": "#0"},
				"up": {"uv": [8.0625, 9.96875, 8, 9.5], "texture": "#0"},
				"down": {"uv": [9.5625, 8, 9.5, 8.46875], "texture": "#0"}
			}
		},
		{
			"from": [7.9, 21.39373, -0.42452],
			"to": [8.1, 21.81931, 0.72731],
			"rotation": {"angle": -22.5, "axis": "x", "origin": [8.075, 18.39373, -0.01202]},
			"faces": {
				"north": {"uv": [0.75, 10.75, 0.8125, 10.84375], "texture": "#0"},
				"east": {"uv": [9.75, 5.75, 10.03125, 5.84375], "texture": "#0"},
				"south": {"uv": [10.75, 0.75, 10.8125, 0.84375], "texture": "#0"},
				"west": {"uv": [9.75, 6, 10.03125, 6.09375], "texture": "#0"},
				"up": {"uv": [10.3125, 0.78125, 10.25, 0.5], "texture": "#0"},
				"down": {"uv": [1.0625, 10.25, 1, 10.53125], "texture": "#0"}
			}
		},
		{
			"from": [7.575, 22.05, 5.4],
			"to": [8.425, 23.55, 5.65],
			"rotation": {"angle": 45, "axis": "x", "origin": [8, 22.3875, 4.95]},
			"faces": {
				"north": {"uv": [8, 5, 8.21875, 5.375], "texture": "#0"},
				"east": {"uv": [9.75, 7.5, 9.8125, 7.875], "texture": "#0"},
				"south": {"uv": [5.5, 8, 5.71875, 8.375], "texture": "#0"},
				"west": {"uv": [7.75, 9.75, 7.8125, 10.125], "texture": "#0"},
				"up": {"uv": [7.21875, 10.3125, 7, 10.25], "texture": "#0"},
				"down": {"uv": [10.46875, 7, 10.25, 7.0625], "texture": "#0"}
			}
		},
		{
			"from": [7.575, 23.8, 5.9],
			"to": [8.425, 24.05, 7.4],
			"rotation": {"angle": 45, "axis": "x", "origin": [8, 22.3875, 4.95]},
			"faces": {
				"north": {"uv": [10.25, 7.25, 10.46875, 7.3125], "texture": "#0"},
				"east": {"uv": [9.75, 8, 10.125, 8.0625], "texture": "#0"},
				"south": {"uv": [7.5, 10.25, 7.71875, 10.3125], "texture": "#0"},
				"west": {"uv": [9.75, 8.25, 10.125, 8.3125], "texture": "#0"},
				"up": {"uv": [8.21875, 5.875, 8, 5.5], "texture": "#0"},
				"down": {"uv": [5.96875, 8, 5.75, 8.375], "texture": "#0"}
			}
		},
		{
			"from": [7.575, 21.55, 5.9],
			"to": [8.425, 21.8, 7.4],
			"rotation": {"angle": 45, "axis": "x", "origin": [8, 22.3875, 4.95]},
			"faces": {
				"north": {"uv": [10.25, 7.5, 10.46875, 7.5625], "texture": "#0"},
				"east": {"uv": [9.75, 9, 10.125, 9.0625], "texture": "#0"},
				"south": {"uv": [7.75, 10.25, 7.96875, 10.3125], "texture": "#0"},
				"west": {"uv": [9.25, 9.75, 9.625, 9.8125], "texture": "#0"},
				"up": {"uv": [6.21875, 8.375, 6, 8], "texture": "#0"},
				"down": {"uv": [8.21875, 6, 8, 6.375], "texture": "#0"}
			}
		},
		{
			"from": [7.375, 21.5, 8.9],
			"to": [8.625, 23.275, 9.9],
			"rotation": {"angle": 0, "axis": "y", "origin": [8, 22.3875, 8.95]},
			"faces": {
				"north": {"uv": [6.75, 2.75, 7.0625, 3.1875], "texture": "#0"},
				"east": {"uv": [0.25, 7.5, 0.5, 7.9375], "texture": "#0"},
				"south": {"uv": [3, 6.75, 3.3125, 7.1875], "texture": "#0"},
				"west": {"uv": [0.75, 7.5, 1, 7.9375], "texture": "#0"},
				"up": {"uv": [8.5625, 5.5, 8.25, 5.25], "texture": "#0"},
				"down": {"uv": [8.5625, 5.5, 8.25, 5.75], "texture": "#0"}
			}
		},
		{
			"from": [7.75, 22.65, 8.125],
			"to": [8.25, 24.425, 8.775],
			"rotation": {"angle": 22.5, "axis": "x", "origin": [8, 21.9875, 8.95]},
			"faces": {
				"north": {"uv": [9, 1, 9.125, 1.4375], "texture": "#0"},
				"east": {"uv": [0, 8.75, 0.15625, 9.1875], "texture": "#0"},
				"south": {"uv": [1.25, 9, 1.375, 9.4375], "texture": "#0"},
				"west": {"uv": [8.75, 0.25, 8.90625, 0.6875], "texture": "#0"},
				"up": {"uv": [10.125, 8.90625, 10, 8.75], "texture": "#0"},
				"down": {"uv": [9.125, 10, 9, 10.15625], "texture": "#0"}
			}
		},
		{
			"from": [7.675, 23.78555, 11.45559],
			"to": [8.325, 24.55176, 14.15004],
			"rotation": {"angle": -45, "axis": "x", "origin": [8, 23.32305, 13.27504]},
			"faces": {
				"north": {"uv": [9.5, 7.5, 9.65625, 7.6875], "texture": "#0"},
				"east": {"uv": [7, 0.75, 7.6875, 0.9375], "texture": "#0"},
				"south": {"uv": [8.25, 9.5, 8.40625, 9.6875], "texture": "#0"},
				"west": {"uv": [7, 1, 7.6875, 1.1875], "texture": "#0"},
				"up": {"uv": [1.40625, 8.1875, 1.25, 7.5], "texture": "#0"},
				"down": {"uv": [3.65625, 7.5, 3.5, 8.1875], "texture": "#0"}
			}
		},
		{
			"from": [7.95, 22.84077, 13.61976],
			"to": [8.05, 23.14077, 15.36976],
			"rotation": {"angle": 0, "axis": "y", "origin": [8, 23.52827, 12.66976]},
			"faces": {
				"north": {"uv": [10.75, 6.25, 10.78125, 6.3125], "texture": "#0"},
				"east": {"uv": [9.75, 4.75, 10.1875, 4.8125], "texture": "#0"},
				"south": {"uv": [6.5, 10.75, 6.53125, 10.8125], "texture": "#0"},
				"west": {"uv": [5, 9.75, 5.4375, 9.8125], "texture": "#0"},
				"up": {"uv": [10.28125, 8.1875, 10.25, 7.75], "texture": "#0"},
				"down": {"uv": [8.03125, 10.25, 8, 10.6875], "texture": "#0"}
			}
		},
		{
			"from": [7.65, 23.39077, 15.36976],
			"to": [8.35, 24.36577, 18.36976],
			"rotation": {"angle": 0, "axis": "y", "origin": [8, 23.52827, 12.66976]},
			"faces": {
				"north": {"uv": [3.75, 9.25, 3.9375, 9.5], "texture": "#0"},
				"east": {"uv": [5.5, 4.25, 6.25, 4.5], "texture": "#0"},
				"south": {"uv": [9.25, 3.75, 9.4375, 4], "texture": "#0"},
				"west": {"uv": [5.5, 4.5, 6.25, 4.75], "texture": "#0"},
				"up": {"uv": [1.9375, 7.25, 1.75, 6.5], "texture": "#0"},
				"down": {"uv": [2.6875, 6.5, 2.5, 7.25], "texture": "#0"}
			}
		},
		{
			"from": [7.95, 22.33555, 11.65004],
			"to": [8.05, 22.63555, 13.72504],
			"rotation": {"angle": -45, "axis": "x", "origin": [8, 23.02305, 13.27504]},
			"faces": {
				"north": {"uv": [10.75, 6.5, 10.78125, 6.5625], "texture": "#0"},
				"east": {"uv": [9.5, 3.5, 10.03125, 3.5625], "texture": "#0"},
				"south": {"uv": [6.75, 10.75, 6.78125, 10.8125], "texture": "#0"},
				"west": {"uv": [9.5, 3.75, 10.03125, 3.8125], "texture": "#0"},
				"up": {"uv": [1.28125, 10.78125, 1.25, 10.25], "texture": "#0"},
				"down": {"uv": [1.53125, 10.25, 1.5, 10.78125], "texture": "#0"}
			}
		},
		{
			"from": [7.65, 23.14077, 13.61976],
			"to": [8.35, 24.21577, 15.36976],
			"rotation": {"angle": 0, "axis": "y", "origin": [8, 23.52827, 12.66976]},
			"faces": {
				"north": {"uv": [9, 2.75, 9.1875, 3.03125], "texture": "#0"},
				"east": {"uv": [7, 4.75, 7.4375, 5.03125], "texture": "#0"},
				"south": {"uv": [9, 3.25, 9.1875, 3.53125], "texture": "#0"},
				"west": {"uv": [1.5, 7.25, 1.9375, 7.53125], "texture": "#0"},
				"up": {"uv": [8.1875, 6.9375, 8, 6.5], "texture": "#0"},
				"down": {"uv": [8.1875, 7, 8, 7.4375], "texture": "#0"}
			}
		},
		{
			"from": [7.95, 22.96577, 15.36976],
			"to": [8.05, 23.39077, 18.36976],
			"rotation": {"angle": 0, "axis": "y", "origin": [8, 23.52827, 12.66976]},
			"faces": {
				"north": {"uv": [4.5, 10.75, 4.53125, 10.84375], "texture": "#0"},
				"east": {"uv": [7.25, 8.5, 8, 8.59375], "texture": "#0"},
				"south": {"uv": [10.75, 4.5, 10.78125, 4.59375], "texture": "#0"},
				"west": {"uv": [8.5, 7.5, 9.25, 7.59375], "texture": "#0"},
				"up": {"uv": [8.28125, 10.5, 8.25, 9.75], "texture": "#0"},
				"down": {"uv": [9.78125, 9.25, 9.75, 10], "texture": "#0"}
			}
		},
		{
			"from": [7.95, 23.21577, 18.36976],
			"to": [8.05, 23.64077, 24.61976],
			"rotation": {"angle": 0, "axis": "y", "origin": [8, 23.52827, 12.66976]},
			"faces": {
				"north": {"uv": [4.75, 10.75, 4.78125, 10.84375], "texture": "#0"},
				"east": {"uv": [6.25, 2.25, 7.8125, 2.34375], "texture": "#0"},
				"south": {"uv": [10.75, 4.75, 10.78125, 4.84375], "texture": "#0"},
				"west": {"uv": [6.5, 2.5, 8.0625, 2.59375], "texture": "#0"},
				"up": {"uv": [9.03125, 9.8125, 9, 8.25], "texture": "#0"},
				"down": {"uv": [0.03125, 9.25, 0, 10.8125], "texture": "#0"}
			}
		},
		{
			"from": [7.95, 22.96577, 18.36976],
			"to": [8.05, 23.21577, 20.11976],
			"rotation": {"angle": 0, "axis": "y", "origin": [8, 23.52827, 12.66976]},
			"faces": {
				"north": {"uv": [10.75, 6.75, 10.78125, 6.8125], "texture": "#0"},
				"east": {"uv": [9.75, 5, 10.1875, 5.0625], "texture": "#0"},
				"south": {"uv": [7, 10.75, 7.03125, 10.8125], "texture": "#0"},
				"west": {"uv": [9.75, 5.25, 10.1875, 5.3125], "texture": "#0"},
				"up": {"uv": [10.28125, 8.6875, 10.25, 8.25], "texture": "#0"},
				"down": {"uv": [10.28125, 8.75, 10.25, 9.1875], "texture": "#0"}
			}
		},
		{
			"from": [7.95, 22.86577, 20.11976],
			"to": [8.05, 23.21577, 21.36976],
			"rotation": {"angle": 0, "axis": "y", "origin": [8, 23.52827, 12.66976]},
			"faces": {
				"north": {"uv": [10.75, 5, 10.78125, 5.09375], "texture": "#0"},
				"east": {"uv": [9.5, 8.5, 9.8125, 8.59375], "texture": "#0"},
				"south": {"uv": [5.25, 10.75, 5.28125, 10.84375], "texture": "#0"},
				"west": {"uv": [9.5, 8.75, 9.8125, 8.84375], "texture": "#0"},
				"up": {"uv": [5.03125, 10.8125, 5, 10.5], "texture": "#0"},
				"down": {"uv": [10.53125, 5, 10.5, 5.3125], "texture": "#0"}
			}
		},
		{
			"from": [7.95, 22.79077, 21.36976],
			"to": [8.05, 23.21577, 28.79476],
			"rotation": {"angle": 0, "axis": "y", "origin": [8, 23.52827, 12.66976]},
			"faces": {
				"north": {"uv": [10.75, 5.25, 10.78125, 5.34375], "texture": "#0"},
				"east": {"uv": [5.75, 0, 7.59375, 0.09375], "texture": "#0"},
				"south": {"uv": [5.5, 10.75, 5.53125, 10.84375], "texture": "#0"},
				"west": {"uv": [5.75, 0.25, 7.59375, 0.34375], "texture": "#0"},
				"up": {"uv": [8.53125, 10.59375, 8.5, 8.75], "texture": "#0"},
				"down": {"uv": [8.78125, 8.75, 8.75, 10.59375], "texture": "#0"}
			}
		},
		{
			"from": [7.95, 21.96225, 28.5],
			"to": [8.05, 22.53725, 31.4],
			"rotation": {"angle": 22.5, "axis": "x", "origin": [8, 22.34975, 30.33023]},
			"faces": {
				"north": {"uv": [2, 10.75, 2.03125, 10.90625], "texture": "#0"},
				"east": {"uv": [6, 7.25, 6.71875, 7.40625], "texture": "#0"},
				"south": {"uv": [2.25, 10.75, 2.28125, 10.90625], "texture": "#0"},
				"west": {"uv": [7.25, 6, 7.96875, 6.15625], "texture": "#0"},
				"up": {"uv": [10.03125, 0.96875, 10, 0.25], "texture": "#0"},
				"down": {"uv": [0.53125, 10, 0.5, 10.71875], "texture": "#0"}
			}
		},
		{
			"from": [7.65, 23.19077, 24.61976],
			"to": [8.35, 23.84077, 28.76976],
			"rotation": {"angle": 0, "axis": "y", "origin": [8, 23.52827, 12.66976]},
			"faces": {
				"north": {"uv": [9.5, 9, 9.6875, 9.15625], "texture": "#0"},
				"east": {"uv": [5.75, 2, 6.78125, 2.15625], "texture": "#0"},
				"south": {"uv": [9.25, 9.5, 9.4375, 9.65625], "texture": "#0"},
				"west": {"uv": [5.75, 4, 6.78125, 4.15625], "texture": "#0"},
				"up": {"uv": [5.6875, 2.03125, 5.5, 1], "texture": "#0"},
				"down": {"uv": [1.4375, 5.5, 1.25, 6.53125], "texture": "#0"}
			}
		},
		{
			"from": [7.8, 22.85794, 28.54442],
			"to": [8.2, 23.43294, 30.79442],
			"rotation": {"angle": 22.5, "axis": "x", "origin": [8, 23.18294, 29.61942]},
			"faces": {
				"north": {"uv": [10.25, 5.75, 10.34375, 5.90625], "texture": "#0"},
				"east": {"uv": [8, 3.75, 8.5625, 3.90625], "texture": "#0"},
				"south": {"uv": [6, 10.25, 6.09375, 10.40625], "texture": "#0"},
				"west": {"uv": [8, 4.25, 8.5625, 4.40625], "texture": "#0"},
				"up": {"uv": [9.09375, 4.5625, 9, 4], "texture": "#0"},
				"down": {"uv": [5.09375, 9, 5, 9.5625], "texture": "#0"}
			}
		},
		{
			"from": [7.9, 22.93294, 28.44442],
			"to": [8.1, 23.50794, 30.49442],
			"rotation": {"angle": 22.5, "axis": "x", "origin": [8, 23.18294, 29.61942]},
			"faces": {
				"north": {"uv": [5.25, 10.5, 5.3125, 10.65625], "texture": "#0"},
				"east": {"uv": [8.25, 5.75, 8.75, 5.90625], "texture": "#0"},
				"south": {"uv": [5.5, 10.5, 5.5625, 10.65625], "texture": "#0"},
				"west": {"uv": [8.25, 6, 8.75, 6.15625], "texture": "#0"},
				"up": {"uv": [9.5625, 6.25, 9.5, 5.75], "texture": "#0"},
				"down": {"uv": [6.3125, 9.5, 6.25, 10], "texture": "#0"}
			}
		},
		{
			"from": [7.65, 23.64077, 18.36976],
			"to": [8.35, 24.51577, 24.86976],
			"rotation": {"angle": 0, "axis": "y", "origin": [8, 23.52827, 12.66976]},
			"faces": {
				"north": {"uv": [9.25, 9, 9.4375, 9.21875], "texture": "#0"},
				"east": {"uv": [3.5, 2.5, 5.125, 2.71875], "texture": "#0"},
				"south": {"uv": [9.25, 9.25, 9.4375, 9.46875], "texture": "#0"},
				"west": {"uv": [3.5, 2.75, 5.125, 2.96875], "texture": "#0"},
				"up": {"uv": [3.9375, 4.625, 3.75, 3], "texture": "#0"},
				"down": {"uv": [3.1875, 4, 3, 5.625], "texture": "#0"}
			}
		},
		{
			"from": [7.65, 24.36577, 15.41976],
			"to": [8.35, 24.64077, 18.36976],
			"rotation": {"angle": 0, "axis": "y", "origin": [8, 23.82827, 12.66976]},
			"faces": {
				"north": {"uv": [10.5, 0.75, 10.6875, 0.8125], "texture": "#0"},
				"east": {"uv": [4, 9.25, 4.75, 9.3125], "texture": "#0"},
				"south": {"uv": [10.5, 1, 10.6875, 1.0625], "texture": "#0"},
				"west": {"uv": [9.25, 4, 10, 4.0625], "texture": "#0"},
				"up": {"uv": [2.9375, 7.25, 2.75, 6.5], "texture": "#0"},
				"down": {"uv": [6.6875, 5.75, 6.5, 6.5], "texture": "#0"}
			}
		},
		{
			"from": [7.75, 24.21577, 13.08943],
			"to": [8.25, 24.81577, 15.41976],
			"rotation": {"angle": 0, "axis": "y", "origin": [8, 23.82827, 13.91976]},
			"faces": {
				"north": {"uv": [9.25, 10, 9.375, 10.15625], "texture": "#0"},
				"east": {"uv": [7.75, 7.5, 8.34375, 7.65625], "texture": "#0"},
				"south": {"uv": [10, 9.25, 10.125, 9.40625], "texture": "#0"},
				"west": {"uv": [7.75, 7.75, 8.34375, 7.90625], "texture": "#0"},
				"up": {"uv": [3.125, 9.09375, 3, 8.5], "texture": "#0"},
				"down": {"uv": [3.375, 8.5, 3.25, 9.09375], "texture": "#0"}
			}
		},
		{
			"from": [7.675, 22.63555, 11.65004],
			"to": [8.325, 23.71055, 14.35004],
			"rotation": {"angle": -45, "axis": "x", "origin": [8, 23.02305, 13.27504]},
			"faces": {
				"north": {"uv": [9.25, 5.75, 9.40625, 6.03125], "texture": "#0"},
				"east": {"uv": [5.25, 2.5, 5.9375, 2.78125], "texture": "#0"},
				"south": {"uv": [6, 9.25, 6.15625, 9.53125], "texture": "#0"},
				"west": {"uv": [1.5, 5.5, 2.1875, 5.78125], "texture": "#0"},
				"up": {"uv": [5.15625, 8.1875, 5, 7.5], "texture": "#0"},
				"down": {"uv": [5.40625, 7.5, 5.25, 8.1875], "texture": "#0"}
			}
		},
		{
			"from": [7.75, 23.81577, 24.84476],
			"to": [8.25, 25.44077, 27.11976],
			"rotation": {"angle": 0, "axis": "y", "origin": [8, 23.82827, 12.66976]},
			"faces": {
				"north": {"uv": [9, 5, 9.125, 5.40625], "texture": "#0"},
				"east": {"uv": [1, 5, 1.5625, 5.40625], "texture": "#0"},
				"south": {"uv": [5.25, 9, 5.375, 9.40625], "texture": "#0"},
				"west": {"uv": [1.75, 5, 2.3125, 5.40625], "texture": "#0"},
				"up": {"uv": [8.625, 8.3125, 8.5, 7.75], "texture": "#0"},
				"down": {"uv": [8.125, 8.5, 8, 9.0625], "texture": "#0"}
			}
		},
		{
			"from": [7.725, 24.51577, 18.36976],
			"to": [8.275, 25.81577, 24.86976],
			"rotation": {"angle": 0, "axis": "y", "origin": [8, 23.82827, 12.66976]},
			"faces": {
				"north": {"uv": [9.5, 0.5, 9.625, 0.8125], "texture": "#0"},
				"east": {"uv": [3, 1.5, 4.625, 1.8125], "texture": "#0"},
				"south": {"uv": [0.75, 9.5, 0.875, 9.8125], "texture": "#0"},
				"west": {"uv": [3, 2, 4.625, 2.3125], "texture": "#0"},
				"up": {"uv": [5.375, 2.375, 5.25, 0.75], "texture": "#0"},
				"down": {"uv": [5.375, 5, 5.25, 6.625], "texture": "#0"}
			}
		},
		{
			"from": [7.65, 24.64077, 15.41976],
			"to": [8.35, 26.24077, 18.36976],
			"rotation": {"angle": 0, "axis": "y", "origin": [8, 23.52827, 12.66976]},
			"faces": {
				"north": {"uv": [8.5, 0, 8.6875, 0.40625], "texture": "#0"},
				"east": {"uv": [3.75, 0, 4.5, 0.40625], "texture": "#0"},
				"south": {"uv": [0.25, 8.5, 0.4375, 8.90625], "texture": "#0"},
				"west": {"uv": [3.75, 0.5, 4.5, 0.90625], "texture": "#0"},
				"up": {"uv": [6.6875, 7.25, 6.5, 6.5], "texture": "#0"},
				"down": {"uv": [0.9375, 6.75, 0.75, 7.5], "texture": "#0"}
			}
		},
		{
			"from": [7.85, 25.21577, 24.84476],
			"to": [8.15, 25.89077, 26.71976],
			"rotation": {"angle": 0, "axis": "y", "origin": [8, 24.12827, 12.66976]},
			"faces": {
				"north": {"uv": [10.5, 5.5, 10.5625, 5.65625], "texture": "#0"},
				"east": {"uv": [4.5, 8.5, 4.96875, 8.65625], "texture": "#0"},
				"south": {"uv": [5.75, 10.5, 5.8125, 10.65625], "texture": "#0"},
				"west": {"uv": [5, 8.5, 5.46875, 8.65625], "texture": "#0"},
				"up": {"uv": [9.5625, 9.71875, 9.5, 9.25], "texture": "#0"},
				"down": {"uv": [9.8125, 0, 9.75, 0.46875], "texture": "#0"}
			}
		},
		{
			"from": [7.85, 25.81577, 18.36976],
			"to": [8.15, 26.41577, 24.86976],
			"rotation": {"angle": 0, "axis": "y", "origin": [8, 24.12827, 12.66976]},
			"faces": {
				"north": {"uv": [10.5, 5.75, 10.5625, 5.90625], "texture": "#0"},
				"east": {"uv": [4.5, 3, 6.125, 3.15625], "texture": "#0"},
				"south": {"uv": [6, 10.5, 6.0625, 10.65625], "texture": "#0"},
				"west": {"uv": [4.5, 3.25, 6.125, 3.40625], "texture": "#0"},
				"up": {"uv": [7.5625, 7.875, 7.5, 6.25], "texture": "#0"},
				"down": {"uv": [0.5625, 7.75, 0.5, 9.375], "texture": "#0"}
			}
		},
		{
			"from": [7.875, 21.80555, 26.43072],
			"to": [8.125, 22.70555, 28.05572],
			"rotation": {"angle": 45, "axis": "x", "origin": [8.025, 22.40555, 29.78072]},
			"faces": {
				"north": {"uv": [9, 10.25, 9.0625, 10.46875], "texture": "#0"},
				"east": {"uv": [2, 8, 2.40625, 8.21875], "texture": "#0"},
				"south": {"uv": [9.25, 10.25, 9.3125, 10.46875], "texture": "#0"},
				"west": {"uv": [8, 2.25, 8.40625, 2.46875], "texture": "#0"},
				"up": {"uv": [6.0625, 10.15625, 6, 9.75], "texture": "#0"},
				"down": {"uv": [9.8125, 6.25, 9.75, 6.65625], "texture": "#0"}
			}
		},
		{
			"from": [7.875, 21.50555, 26.43072],
			"to": [8.125, 21.80555, 27.75572],
			"rotation": {"angle": 45, "axis": "x", "origin": [8.025, 22.40555, 29.78072]},
			"faces": {
				"north": {"uv": [10.75, 2.25, 10.8125, 2.3125], "texture": "#0"},
				"east": {"uv": [10, 2.25, 10.34375, 2.3125], "texture": "#0"},
				"south": {"uv": [2.5, 10.75, 2.5625, 10.8125], "texture": "#0"},
				"west": {"uv": [10, 2.5, 10.34375, 2.5625], "texture": "#0"},
				"up": {"uv": [2.3125, 10.34375, 2.25, 10], "texture": "#0"},
				"down": {"uv": [10.0625, 2.75, 10, 3.09375], "texture": "#0"}
			}
		},
		{
			"from": [7.875, 24.59489, 27.69155],
			"to": [8.15, 24.89015, 26.30756],
			"rotation": {"angle": 22.5, "axis": "x", "origin": [8, 24.89489, 27.75756]},
			"faces": {
				"north": {"uv": [10.75, 2.5, 10.8125, 2.5625], "texture": "#0"},
				"east": {"uv": [10, 3.25, 10.34375, 3.3125], "texture": "#0"},
				"south": {"uv": [10.75, 2.75, 10.8125, 2.8125], "texture": "#0"},
				"west": {"uv": [10, 4, 10.34375, 4.0625], "texture": "#0"},
				"up": {"uv": [5.0625, 10.34375, 5, 10], "texture": "#0"},
				"down": {"uv": [5.3125, 10, 5.25, 10.34375], "texture": "#0"}
			}
		},
		{
			"from": [7.85, 24.67613, 26.25199],
			"to": [8.15, 25.19077, 27.63085],
			"rotation": {"angle": 45, "axis": "x", "origin": [8, 24.97613, 27.33085]},
			"faces": {
				"north": {"uv": [10.5, 8.75, 10.5625, 8.875], "texture": "#0"},
				"east": {"uv": [7.25, 9.25, 7.59375, 9.375], "texture": "#0"},
				"south": {"uv": [9, 10.5, 9.0625, 10.625], "texture": "#0"},
				"west": {"uv": [9.25, 7.25, 9.59375, 7.375], "texture": "#0"},
				"up": {"uv": [5.5625, 10.34375, 5.5, 10], "texture": "#0"},
				"down": {"uv": [5.8125, 10, 5.75, 10.34375], "texture": "#0"}
			}
		},
		{
			"from": [7.725, 26.24077, 15.41976],
			"to": [8.275, 26.84077, 18.36976],
			"rotation": {"angle": 0, "axis": "y", "origin": [8, 24.12827, 12.66976]},
			"faces": {
				"north": {"uv": [9.5, 10, 9.625, 10.15625], "texture": "#0"},
				"east": {"uv": [7, 4, 7.75, 4.15625], "texture": "#0"},
				"south": {"uv": [10, 9.5, 10.125, 9.65625], "texture": "#0"},
				"west": {"uv": [4, 7.25, 4.75, 7.40625], "texture": "#0"},
				"up": {"uv": [6.625, 8.5, 6.5, 7.75], "texture": "#0"},
				"down": {"uv": [6.875, 7.75, 6.75, 8.5], "texture": "#0"}
			}
		},
		{
			"from": [7.85, 24.51577, 13.08943],
			"to": [8.15, 25.4461, 15.41976],
			"rotation": {"angle": 0, "axis": "y", "origin": [8, 24.12827, 13.91976]},
			"faces": {
				"north": {"uv": [10.25, 9.25, 10.3125, 9.46875], "texture": "#0"},
				"east": {"uv": [6.75, 3.75, 7.34375, 3.96875], "texture": "#0"},
				"south": {"uv": [9.5, 10.25, 9.5625, 10.46875], "texture": "#0"},
				"west": {"uv": [7, 0.5, 7.59375, 0.71875], "texture": "#0"},
				"up": {"uv": [2.0625, 10.09375, 2, 9.5], "texture": "#0"},
				"down": {"uv": [9.5625, 2, 9.5, 2.59375], "texture": "#0"}
			}
		},
		{
			"from": [7.775, 24.28555, 12.25004],
			"to": [8.225, 24.76055, 14.15004],
			"rotation": {"angle": -45, "axis": "x", "origin": [8, 23.62305, 13.27504]},
			"faces": {
				"north": {"uv": [10.25, 4.75, 10.375, 4.875], "texture": "#0"},
				"east": {"uv": [8.75, 7.75, 9.21875, 7.875], "texture": "#0"},
				"south": {"uv": [10.25, 5, 10.375, 5.125], "texture": "#0"},
				"west": {"uv": [8.75, 8, 9.21875, 8.125], "texture": "#0"},
				"up": {"uv": [8.375, 9.21875, 8.25, 8.75], "texture": "#0"},
				"down": {"uv": [8.875, 8.25, 8.75, 8.71875], "texture": "#0"}
			}
		},
		{
			"from": [7.575, 24.22332, 8.29436],
			"to": [8.425, 27.19832, 15.59436],
			"rotation": {"angle": 0, "axis": "x", "origin": [8, 25.11082, 10.11936]},
			"faces": {
				"north": {"uv": [4.75, 5.5, 4.96875, 6.25], "texture": "#0"},
				"east": {"uv": [0, 0, 1.8125, 0.75], "texture": "#0"},
				"south": {"uv": [0.5, 5.75, 0.71875, 6.5], "texture": "#0"},
				"west": {"uv": [0, 0.75, 1.8125, 1.5], "texture": "#0"},
				"up": {"uv": [1.21875, 4.8125, 1, 3], "texture": "#0"},
				"down": {"uv": [1.46875, 3, 1.25, 4.8125], "texture": "#0"}
			}
		},
		{
			"from": [7.775, 23.91577, 10.83943],
			"to": [8.225, 24.51577, 13.16976],
			"rotation": {"angle": 0, "axis": "y", "origin": [8, 23.52827, 13.91976]},
			"faces": {
				"north": {"uv": [9.75, 10, 9.875, 10.15625], "texture": "#0"},
				"east": {"uv": [8, 1.25, 8.59375, 1.40625], "texture": "#0"},
				"south": {"uv": [10, 9.75, 10.125, 9.90625], "texture": "#0"},
				"west": {"uv": [8, 2, 8.59375, 2.15625], "texture": "#0"},
				"up": {"uv": [4.125, 9.09375, 4, 8.5], "texture": "#0"},
				"down": {"uv": [4.375, 8.5, 4.25, 9.09375], "texture": "#0"}
			}
		},
		{
			"from": [7.6, 27.17332, 8.39436],
			"to": [8.4, 27.74832, 11.89436],
			"rotation": {"angle": 0, "axis": "x", "origin": [8, 25.11082, 10.11936]},
			"faces": {
				"north": {"uv": [0.25, 9.75, 0.4375, 9.90625], "texture": "#0"},
				"east": {"uv": [6.75, 3.25, 7.625, 3.40625], "texture": "#0"},
				"south": {"uv": [0.5, 9.75, 0.6875, 9.90625], "texture": "#0"},
				"west": {"uv": [6.75, 3.5, 7.625, 3.65625], "texture": "#0"},
				"up": {"uv": [5.9375, 1.375, 5.75, 0.5], "texture": "#0"},
				"down": {"uv": [0.9375, 5.75, 0.75, 6.625], "texture": "#0"}
			}
		},
		{
			"from": [7.6, 27.35079, 10.21583],
			"to": [8.4, 27.92579, 12.01583],
			"rotation": {"angle": 22.5, "axis": "x", "origin": [8, 27.63829, 11.11583]},
			"faces": {
				"north": {"uv": [9.75, 0.5, 9.9375, 0.65625], "texture": "#0"},
				"east": {"uv": [8.75, 0.75, 9.1875, 0.90625], "texture": "#0"},
				"south": {"uv": [9.75, 0.75, 9.9375, 0.90625], "texture": "#0"},
				"west": {"uv": [1.25, 8.75, 1.6875, 8.90625], "texture": "#0"},
				"up": {"uv": [7.6875, 8.4375, 7.5, 8], "texture": "#0"},
				"down": {"uv": [7.9375, 8, 7.75, 8.4375], "texture": "#0"}
			}
		},
		{
			"from": [7.85, 24.41577, 26.94476],
			"to": [8.15, 24.91577, 27.69476],
			"rotation": {"angle": 0, "axis": "y", "origin": [8, 23.82827, 12.66976]},
			"faces": {
				"north": {"uv": [10.5, 9, 10.5625, 9.125], "texture": "#0"},
				"east": {"uv": [10, 0, 10.1875, 0.125], "texture": "#0"},
				"south": {"uv": [9.25, 10.5, 9.3125, 10.625], "texture": "#0"},
				"west": {"uv": [0.25, 10, 0.4375, 10.125], "texture": "#0"},
				"up": {"uv": [10.5625, 1.4375, 10.5, 1.25], "texture": "#0"},
				"down": {"uv": [10.5625, 1.5, 10.5, 1.6875], "texture": "#0"}
			}
		},
		{
			"from": [7.75, 24.66989, 18.00756],
			"to": [8.225, 25.61989, 20.93256],
			"rotation": {"angle": 22.5, "axis": "x", "origin": [8.1, 25.31989, 21.25756]},
			"faces": {
				"north": {"uv": [6.5, 9.5, 6.625, 9.75], "texture": "#0"},
				"east": {"uv": [5.5, 5.25, 6.21875, 5.5], "texture": "#0"},
				"south": {"uv": [6.75, 9.5, 6.875, 9.75], "texture": "#0"},
				"west": {"uv": [5.5, 5.5, 6.21875, 5.75], "texture": "#0"},
				"up": {"uv": [7.375, 8.46875, 7.25, 7.75], "texture": "#0"},
				"down": {"uv": [0.125, 8, 0, 8.71875], "texture": "#0"}
			}
		},
		{
			"from": [7.875, 24.24489, 24.50756],
			"to": [8.125, 25.19489, 26.40756],
			"rotation": {"angle": 22.5, "axis": "x", "origin": [8.225, 24.89489, 27.75756]},
			"faces": {
				"north": {"uv": [10.25, 5.25, 10.3125, 5.5], "texture": "#0"},
				"east": {"uv": [7.25, 4.25, 7.71875, 4.5], "texture": "#0"},
				"south": {"uv": [10.25, 5.5, 10.3125, 5.75], "texture": "#0"},
				"west": {"uv": [7.25, 4.5, 7.71875, 4.75], "texture": "#0"},
				"up": {"uv": [1.0625, 10.21875, 1, 9.75], "texture": "#0"},
				"down": {"uv": [9.8125, 1, 9.75, 1.46875], "texture": "#0"}
			}
		},
		{
			"from": [7.6, 26.0567, 15.36728],
			"to": [8.4, 26.6567, 18.31728],
			"rotation": {"angle": 22.5, "axis": "x", "origin": [8.125, 26.3567, 16.84228]},
			"faces": {
				"north": {"uv": [1.5, 9.75, 1.6875, 9.90625], "texture": "#0"},
				"east": {"uv": [5.25, 7.25, 6, 7.40625], "texture": "#0"},
				"south": {"uv": [9.75, 1.5, 9.9375, 1.65625], "texture": "#0"},
				"west": {"uv": [7.25, 5.25, 8, 5.40625], "texture": "#0"},
				"up": {"uv": [1.4375, 7.5, 1.25, 6.75], "texture": "#0"},
				"down": {"uv": [2.1875, 6.75, 2, 7.5], "texture": "#0"}
			}
		},
		{
			"from": [7.6, 26.56378, 11.65874],
			"to": [8.4, 27.13878, 14.95874],
			"rotation": {"angle": 22.5, "axis": "x", "origin": [8, 26.85128, 13.30874]},
			"faces": {
				"north": {"uv": [1.75, 9.75, 1.9375, 9.90625], "texture": "#0"},
				"east": {"uv": [7, 1.25, 7.8125, 1.40625], "texture": "#0"},
				"south": {"uv": [9.75, 2, 9.9375, 2.15625], "texture": "#0"},
				"west": {"uv": [7, 2, 7.8125, 2.15625], "texture": "#0"},
				"up": {"uv": [5.1875, 6.8125, 5, 6], "texture": "#0"},
				"down": {"uv": [4.1875, 6.25, 4, 7.0625], "texture": "#0"}
			}
		},
		{
			"from": [7.6, 27.67332, 8.49436],
			"to": [8.4, 28.24832, 10.39436],
			"rotation": {"angle": 0, "axis": "x", "origin": [8, 25.11082, 10.11936]},
			"faces": {
				"north": {"uv": [2.25, 9.75, 2.4375, 9.90625], "texture": "#0"},
				"east": {"uv": [8.25, 6.25, 8.75, 6.40625], "texture": "#0"},
				"south": {"uv": [9.75, 2.25, 9.9375, 2.40625], "texture": "#0"},
				"west": {"uv": [8.25, 6.5, 8.75, 6.65625], "texture": "#0"},
				"up": {"uv": [7.1875, 8.25, 7, 7.75], "texture": "#0"},
				"down": {"uv": [7.9375, 7, 7.75, 7.5], "texture": "#0"}
			}
		},
		{
			"from": [7.85, 21.6, 9.9],
			"to": [8.15, 22.375, 12.4],
			"rotation": {"angle": 0, "axis": "y", "origin": [8, 21.9875, 8.95]},
			"faces": {
				"north": {"uv": [1.75, 10.5, 1.8125, 10.6875], "texture": "#0"},
				"east": {"uv": [7.25, 5.5, 7.875, 5.6875], "texture": "#0"},
				"south": {"uv": [10.5, 1.75, 10.5625, 1.9375], "texture": "#0"},
				"west": {"uv": [7.25, 5.75, 7.875, 5.9375], "texture": "#0"},
				"up": {"uv": [9.5625, 1.625, 9.5, 1], "texture": "#0"},
				"down": {"uv": [1.3125, 9.5, 1.25, 10.125], "texture": "#0"}
			}
		},
		{
			"from": [7.7, 22.375, 11.11967],
			"to": [8.3, 22.90533, 12.4],
			"rotation": {"angle": 0, "axis": "y", "origin": [8, 21.9875, 13.45]},
			"faces": {
				"north": {"uv": [10, 10, 10.15625, 10.125], "texture": "#0"},
				"east": {"uv": [1.5, 9.5, 1.8125, 9.625], "texture": "#0"},
				"south": {"uv": [10.25, 0, 10.40625, 0.125], "texture": "#0"},
				"west": {"uv": [9.5, 1.75, 9.8125, 1.875], "texture": "#0"},
				"up": {"uv": [9.40625, 1.0625, 9.25, 0.75], "texture": "#0"},
				"down": {"uv": [1.15625, 9.25, 1, 9.5625], "texture": "#0"}
			}
		},
		{
			"from": [7.95, 22.71577, 17.11976],
			"to": [8.05, 22.96577, 18.86976],
			"rotation": {"angle": 0, "axis": "y", "origin": [8, 23.52827, 12.66976]},
			"faces": {
				"north": {"uv": [10.75, 7, 10.78125, 7.0625], "texture": "#0"},
				"east": {"uv": [5.5, 9.75, 5.9375, 9.8125], "texture": "#0"},
				"south": {"uv": [7.25, 10.75, 7.28125, 10.8125], "texture": "#0"},
				"west": {"uv": [9.75, 5.5, 10.1875, 5.5625], "texture": "#0"},
				"up": {"uv": [10.28125, 9.9375, 10.25, 9.5], "texture": "#0"},
				"down": {"uv": [9.78125, 10.25, 9.75, 10.6875], "texture": "#0"}
			}
		},
		{
			"from": [7.4, 18.8385, 8.41889],
			"to": [8.6, 22.1135, 9.41889],
			"rotation": {"angle": 45, "axis": "x", "origin": [8, 21.226, 8.91889]},
			"faces": {
				"north": {"uv": [4.5, 3.5, 4.8125, 4.3125], "texture": "#0"},
				"east": {"uv": [5.5, 0, 5.75, 0.8125], "texture": "#0"},
				"south": {"uv": [4, 4.5, 4.3125, 5.3125], "texture": "#0"},
				"west": {"uv": [1, 5.5, 1.25, 6.3125], "texture": "#0"},
				"up": {"uv": [8.5625, 7, 8.25, 6.75], "texture": "#0"},
				"down": {"uv": [8.5625, 7, 8.25, 7.25], "texture": "#0"}
			}
		}
	],
	"display": {
		"thirdperson_righthand": {
			"rotation": [-180, 0, -180],
			"translation": [-0.25, 8.75, 1.75]
		},
		"thirdperson_lefthand": {
			"rotation": [-180, 0, -180],
			"translation": [0, 8.75, 1.5]
		},
		"firstperson_righthand": {
			"rotation": [-180, 0, -180],
			"translation": [0, 0.75, 0],
			"scale": [0.75, 0.75, 0.75]
		},
		"firstperson_lefthand": {
			"rotation": [-180, 0, -180],
			"scale": [0.73, 0.73, 0.73]
		},
		"ground": {
			"rotation": [90, 90, 0],
			"translation": [0, -3, 0]
		},
		"gui": {
			"rotation": [0, 90, 0],
			"translation": [-2.75, 0, 0],
			"scale": [0.34, 0.34, 0.34]
		},
		"head": {
			"rotation": [90, 52, 90],
			"translation": [-0.75, -4.75, 4.25],
			"scale": [1.51, 1.51, 1.51]
		},
		"fixed": {
			"rotation": [0, -90, 0],
			"translation": [0, 1.75, 0],
			"scale": [1.6, 1.6, 1.6]
		}
	},
	"groups": [
		{
			"name": "group",
			"origin": [0, 0, 0],
			"color": 0,
			"children": [
				0,
				1,
				2,
				3,
				4,
				5,
				6,
				7,
				8,
				9,
				10,
				11,
				12,
				13,
				14,
				15,
				16,
				17,
				18,
				19,
				20,
				21,
				22,
				23,
				24,
				25,
				26,
				27,
				28,
				29,
				30,
				31,
				32,
				33,
				34,
				35,
				36,
				37,
				38,
				39,
				40,
				41,
				42,
				43,
				44,
				45,
				46,
				47,
				48,
				{
					"name": "group",
					"origin": [8.075, 18.69373, 0.38798],
					"color": 0,
					"children": [49, 50, 51, 52, 53, 54, 55, 56, 57, 58, 59, 60, 61, 62, 63, 64, 65, 66, 67, 68, 69, 70]
				},
				71,
				72,
				73,
				74,
				{
					"name": "group",
					"origin": [8, 23.92827, 12.66976],
					"color": 0,
					"children": [75, 76, 77, 78, 79, 80, 81, 82, 83, 84, 85, 86, 87, 88, 89, 90, 91, 92, 93, 94, 95, 96, 97, 98, 99, 100, 101, 102, 103, 104, 105, 106, 107, 108, 109, 110, 111, 112, 113, 114, 115, 116, 117, 118]
				},
				{
					"name": "group",
					"origin": [8, 22.3875, 13.45],
					"color": 0,
					"children": []
				},
				119
			]
		}
	]
}