{"credit":"Made with Blockbench","texture_size":[256,256],"textures":{"main":"item/shishkebab"},"elements":[{"name":"0","from":[7.75,-0.25,-0.25],"to":[8.25,0.25,0],"faces":{"north":{"uv":[0.5,15,1,15.5],"texture":"#main","cullface":"north"},"east":{"uv":[0.5,15,0.75,15.5],"rotation":180,"texture":"#main","cullface":"north"},"south":{"uv":[0,0,0.5,0.5],"texture":"#main"},"west":{"uv":[0.5,15,0.75,15.5],"texture":"#main","cullface":"north"},"up":{"uv":[0.5,15,1,15.25],"texture":"#main","cullface":"north"},"down":{"uv":[0.5,15,1,15.25],"rotation":180,"texture":"#main","cullface":"down"}}},{"name":"1","from":[7.5,-0.5,0],"to":[8.5,0.5,5.5],"faces":{"north":{"uv":[0,15,1,16],"texture":"#main","cullface":"north"},"east":{"uv":[0,9.5,1,15],"rotation":270,"texture":"#main"},"south":{"uv":[0,0,1,1],"texture":"#main"},"west":{"uv":[0,9.5,1,15],"rotation":90,"texture":"#main"},"up":{"uv":[0,9.5,1,15],"rotation":180,"texture":"#main"},"down":{"uv":[0,9.5,1,15],"texture":"#main","cullface":"down"}}},{"name":"2","from":[9,0,2.5],"to":[9.75,0,6.75],"faces":{"north":{"uv":[0,0,0.75,0],"texture":"#main"},"east":{"uv":[0,0,4.25,0],"texture":"#main"},"south":{"uv":[0,0,0.75,0],"texture":"#main"},"west":{"uv":[0,0,4.25,0],"texture":"#main"},"up":{"uv":[1,16,1.75,11.75],"texture":"#main","cullface":"up"},"down":{"uv":[1,11.75,1.75,16],"texture":"#main","cullface":"down"}}},{"name":"3","from":[9,-0.125,3],"to":[9.25,0.125,5],"faces":{"north":{"uv":[1,9.5,1.25,9.75],"texture":"#main"},"east":{"uv":[1,9.75,1.25,11.75],"rotation":90,"texture":"#main"},"south":{"uv":[1,9.5,1.25,9.75],"texture":"#main"},"west":{"uv":[1,9.75,1.25,11.75],"rotation":90,"texture":"#main"},"up":{"uv":[1,9.75,1.25,11.75],"texture":"#main"},"down":{"uv":[1,9.75,1.25,11.75],"texture":"#main","cullface":"down"}}},{"name":"4","from":[9.25,-0.125,4.75],"to":[9.5,0.125,6.75],"faces":{"north":{"uv":[1,9.5,1.25,9.75],"texture":"#main"},"east":{"uv":[1,9.75,1.25,11.75],"rotation":270,"texture":"#main"},"south":{"uv":[1,9.5,1.25,9.75],"texture":"#main"},"west":{"uv":[1,9.75,1.25,11.75],"rotation":90,"texture":"#main"},"up":{"uv":[1,9.75,1.25,11.75],"rotation":180,"texture":"#main"},"down":{"uv":[1,9.75,1.25,11.75],"texture":"#main","cullface":"down"}}},{"name":"5","from":[6.25,-0.5,4.5],"to":[7.75,1,5],"rotation":{"angle":-45,"axis":"z","origin":[6.5,0.5,5.5]},"faces":{"north":{"uv":[0,6.25,1.5,7.75],"rotation":90,"texture":"#main"},"east":{"uv":[0,6.25,1.5,5.75],"rotation":270,"texture":"#main","cullface":"down"},"south":{"uv":[1.5,6.25,3,7.75],"rotation":270,"texture":"#main"},"west":{"uv":[0,5.75,1.5,6.25],"rotation":270,"texture":"#main"},"up":{"uv":[0,6.25,1.5,5.75],"rotation":180,"texture":"#main"},"down":{"uv":[0,6.25,1.5,5.75],"texture":"#main","cullface":"down"}}},{"name":"6","from":[6.5,-0.25,5],"to":[7.5,0.75,8],"rotation":{"angle":-45,"axis":"z","origin":[6.5,0.5,5.5]},"faces":{"north":{"uv":[0,0,1,1],"rotation":90,"texture":"#main"},"east":{"uv":[3,13,4,16],"rotation":270,"texture":"#main","cullface":"down"},"south":{"uv":[4,14,5,15],"rotation":270,"texture":"#main"},"west":{"uv":[3,10,4,13],"rotation":270,"texture":"#main"},"up":{"uv":[3,10,4,13],"texture":"#main"},"down":{"uv":[3,10,4,13],"rotation":180,"texture":"#main","cullface":"down"}}},{"name":"7","from":[7.5,-0.75,5.5],"to":[8.75,0.75,5.75],"faces":{"north":{"uv":[0,8.25,1.5,9.5],"rotation":270,"texture":"#main"},"east":{"uv":[0,7.75,1.5,8],"rotation":90,"texture":"#main"},"south":{"uv":[0,8.25,1.5,9.5],"rotation":90,"texture":"#main"},"west":{"uv":[0,7.75,1.5,8],"rotation":90,"texture":"#main"},"up":{"uv":[0,8,1.25,8.25],"texture":"#main"},"down":{"uv":[0,8,1.25,8.25],"texture":"#main","cullface":"down"}}},{"name":"8","from":[7.5,-0.125,5.75],"to":[8.25,0.125,7.25],"rotation":{"angle":0,"axis":"y","origin":[6.5,0.5,5.5]},"faces":{"north":{"uv":[0,0,0.75,0.25],"texture":"#main"},"east":{"uv":[0,0,1.5,0.25],"texture":"#main"},"south":{"uv":[15.25,0,15.5,0.75],"rotation":90,"texture":"#main"},"west":{"uv":[13,0,13.25,1.5],"rotation":90,"texture":"#main"},"up":{"uv":[14.5,0,13.75,1.5],"rotation":180,"texture":"#main"},"down":{"uv":[13.75,0,14.5,1.5],"texture":"#main","cullface":"down"}}},{"name":"9","from":[7.25,0,6.75],"to":[9.25,0,21.25],"rotation":{"angle":0,"axis":"z","origin":[8.25,0,14]},"faces":{"north":{"uv":[0,0,0.125,0],"texture":"#main"},"east":{"uv":[0,0,0.90625,0],"texture":"#main"},"south":{"uv":[0,0,0.125,0],"texture":"#main"},"west":{"uv":[0,0,0.90625,0],"texture":"#main"},"up":{"uv":[14,16,16,1.5],"texture":"#main","cullface":"down"},"down":{"uv":[14,1.5,16,16],"texture":"#main","cullface":"down"}}},{"name":"10","from":[8.25,-0.25,5.75],"to":[8.75,0.25,20.5],"faces":{"north":{"uv":[0,0,0.5,0.5],"texture":"#main"},"east":{"uv":[13.25,1.25,13.75,16],"rotation":90,"texture":"#main"},"south":{"uv":[15.5,1,16,1.5],"texture":"#main","cullface":"south"},"west":{"uv":[13.25,1.25,13.75,16],"rotation":270,"texture":"#main"},"up":{"uv":[13.25,1.25,13.75,16],"texture":"#main"},"down":{"uv":[13.75,16,13.25,1.25],"texture":"#main","cullface":"down"}}},{"name":"11","from":[7.325,-0.045,7.25],"to":[8.325,-0.045,8.25],"faces":{"north":{"uv":[0,0,0.0625,0],"texture":"#main"},"east":{"uv":[0,0,0.0625,0],"texture":"#main"},"south":{"uv":[0,0,0.0625,0],"texture":"#main"},"west":{"uv":[0,0,0.0625,0],"texture":"#main"},"up":{"uv":[0,0,0,0],"texture":"#main"},"down":{"uv":[1.75,12.25,2.75,13.25],"texture":"#main"}}},{"name":"12","from":[8.75,-0.125,5.75],"to":[9,0.125,20],"faces":{"north":{"uv":[13.75,1.5,14,1.75],"texture":"#main"},"east":{"uv":[13.75,1.75,14,16],"rotation":90,"texture":"#main"},"south":{"uv":[13.75,1.5,14,1.75],"texture":"#main","cullface":"south"},"west":{"uv":[0,0,14.25,0.25],"texture":"#main"},"up":{"uv":[13.75,1.75,14,16],"texture":"#main"},"down":{"uv":[13.75,1.75,14,16],"rotation":180,"texture":"#main","cullface":"down"}}},{"name":"13","from":[8.75,0.0125,7.25],"to":[10,0.0125,10],"rotation":{"angle":22.5,"axis":"y","origin":[9.5,0,8.5]},"faces":{"north":{"uv":[0,0,0.07813,0],"texture":"#main"},"east":{"uv":[0,0,0.17188,0],"texture":"#main"},"south":{"uv":[0,0,0.07813,0],"texture":"#main"},"west":{"uv":[0,0,0.17188,0],"texture":"#main"},"up":{"uv":[3,13.25,1.75,16],"rotation":180,"texture":"#main","cullface":"down"},"down":{"uv":[1.75,13.25,3,16],"texture":"#main","cullface":"down"}}},{"name":"14","from":[9,-0.25,8],"to":[9.5,0.25,9],"rotation":{"angle":22.5,"axis":"y","origin":[9.5,0,8.5]},"faces":{"north":{"uv":[15,1,15.5,1.5],"texture":"#main"},"east":{"uv":[16,1,15.5,0],"rotation":90,"texture":"#main"},"south":{"uv":[14.5,1,15,1.5],"texture":"#main"},"west":{"uv":[16,0,15.5,1],"rotation":90,"texture":"#main"},"up":{"uv":[15.5,1,16,0],"texture":"#main"},"down":{"uv":[15.5,0,16,1],"texture":"#main","cullface":"down"}}},{"name":"15","from":[6.75,0,8],"to":[7.75,1,8.25],"rotation":{"angle":-45,"axis":"z","origin":[6.5,0.5,5.5]},"faces":{"north":{"uv":[4,15,5,16],"rotation":90,"texture":"#main"},"east":{"uv":[5,15,5.25,16],"texture":"#main","cullface":"down"},"south":{"uv":[4,15,5,16],"rotation":270,"texture":"#main"},"west":{"uv":[5,15,5.25,16],"rotation":180,"texture":"#main"},"up":{"uv":[5,15,5.25,16],"rotation":270,"texture":"#main"},"down":{"uv":[5,15,5.25,16],"rotation":270,"texture":"#main","cullface":"down"}}},{"name":"16","from":[7,0.25,8.25],"to":[7.5,0.75,10.25],"rotation":{"angle":-45,"axis":"z","origin":[6.5,0.5,5.5]},"faces":{"north":{"uv":[0,0,0.5,0.5],"rotation":90,"texture":"#main"},"east":{"uv":[5.25,14,5.75,16],"rotation":270,"texture":"#main","cullface":"down"},"south":{"uv":[0,0,0.5,0.5],"rotation":270,"texture":"#main"},"west":{"uv":[5.25,14,5.75,16],"rotation":270,"texture":"#main"},"up":{"uv":[5.25,14,5.75,16],"rotation":180,"texture":"#main"},"down":{"uv":[5.25,14,5.75,16],"texture":"#main","cullface":"down"}}},{"name":"17","from":[7,0.25,10.25],"to":[8,1.25,10.5],"rotation":{"angle":-45,"axis":"z","origin":[6.5,0.5,5.5]},"faces":{"north":{"uv":[5.75,15,6.75,16],"rotation":90,"texture":"#main"},"east":{"uv":[7.75,15,8,16],"texture":"#main","cullface":"down"},"south":{"uv":[6.75,15,7.75,16],"rotation":270,"texture":"#main"},"west":{"uv":[7.75,15,8,16],"texture":"#main"},"up":{"uv":[7.75,15,8,16],"rotation":270,"texture":"#main"},"down":{"uv":[7.75,15,8,16],"rotation":270,"texture":"#main","cullface":"down"}}},{"name":"18","from":[7.25,0.5,10.5],"to":[7.75,1,12.5],"rotation":{"angle":-45,"axis":"z","origin":[6.5,0.5,5.5]},"faces":{"north":{"uv":[0,0,0.03125,0.03125],"rotation":90,"texture":"#main"},"east":{"uv":[8,14,8.5,16],"rotation":270,"texture":"#main","cullface":"down"},"south":{"uv":[8.5,15.5,9,16],"rotation":270,"texture":"#main"},"west":{"uv":[8,14,8.5,16],"rotation":270,"texture":"#main"},"up":{"uv":[8,14,8.5,16],"rotation":180,"texture":"#main"},"down":{"uv":[8,14,8.5,16],"texture":"#main","cullface":"down"}}}],"display":{"thirdperson_righthand":{"rotation":[-92.5,0,90],"translation":[-8,3.5,0]},"thirdperson_lefthand":{"rotation":[-92.5,0,-90],"translation":[8,3.5,0]},"firstperson_righthand":{"rotation":[-105,11,85],"translation":[-6.75,6.25,1]},"firstperson_lefthand":{"rotation":[-105,11,-85],"translation":[9.5,3.25,1]},"ground":{"translation":[0,0.25,0],"scale":[0.5,0.5,0.5]},"gui":{"rotation":[-90,45,0],"translation":[-1.75,-1.5,9]},"head":{"rotation":[0,0,-90],"translation":[15.75,0.75,-9.75],"scale":[2,2,2]},"fixed":{"rotation":[-90,-45,-180],"translation":[2,-1.5,9],"scale":[1.15,1.15,1.15]}},"groups":[{"name":"shishkebab","origin":[8,8,8],"children":[0,1,2,3,4,5,6,7,8,9,10,11,12,13,14,15,16,17,18]}]}