{
	"credit": "Made with Blockbench",
	"texture_size": [32, 32],
	"textures": {
		"0": "block/SnowballLauncher",
		"particle": "block/SnowballLauncher"
	},
	"elements": [
		{
			"from": [5.499, 3.749, 7],
			"to": [10.001, 8.251, 13],
			"rotation": {"angle": 0, "axis": "y", "origin": [7, 5, 7]},
			"faces": {
				"north": {"uv": [0, 5, 2.5, 7.5], "texture": "#0"},
				"east": {"uv": [0, 0, 3, 2.5], "texture": "#0"},
				"south": {"uv": [5.5, 0, 8, 2.5], "texture": "#0"},
				"west": {"uv": [0, 2.5, 3, 5], "texture": "#0"},
				"up": {"uv": [5.5, 3, 3, 0], "texture": "#0"},
				"down": {"uv": [5.5, 3, 3, 6], "texture": "#0"}
			}
		},
		{
			"from": [5.5, 4.25, 6.5],
			"to": [10, 7.75, 7],
			"rotation": {"angle": 0, "axis": "y", "origin": [7, 5, 5]},
			"faces": {
				"north": {"uv": [5.5, 2.5, 8, 4.5], "texture": "#0"},
				"east": {"uv": [9, 10, 9.5, 12], "texture": "#0"},
				"south": {"uv": [5.5, 4.5, 8, 6.5], "texture": "#0"},
				"west": {"uv": [9.5, 10, 10, 12], "texture": "#0"},
				"up": {"uv": [10.5, 6.5, 8, 6], "texture": "#0"},
				"down": {"uv": [11.5, 8.5, 9, 9], "texture": "#0"}
			}
		},
		{
			"from": [6.30239, 4.25, 5.46613],
			"to": [10.80239, 7.75, 5.96613],
			"rotation": {"angle": -22.5, "axis": "y", "origin": [7.80239, 5, 3.96613]},
			"faces": {
				"north": {"uv": [2.5, 6, 5, 8], "texture": "#0"},
				"east": {"uv": [10, 10, 10.5, 12], "texture": "#0"},
				"south": {"uv": [5, 6.5, 7.5, 8.5], "texture": "#0"},
				"west": {"uv": [0, 10.5, 0.5, 12.5], "texture": "#0"},
				"up": {"uv": [11.5, 9.5, 9, 9], "texture": "#0"},
				"down": {"uv": [2.5, 9.5, 0, 10], "texture": "#0"}
			}
		},
		{
			"from": [5.69134, 4.25, 3.01779],
			"to": [9.80866, 7.75, 3.51779],
			"rotation": {"angle": 0, "axis": "y", "origin": [5.69134, 5.75, 1.51779]},
			"faces": {
				"north": {"uv": [5, 8.5, 7, 10.5], "texture": "#0"},
				"east": {"uv": [10.5, 0, 11, 2], "texture": "#0"},
				"south": {"uv": [7, 8.5, 9, 10.5], "texture": "#0"},
				"west": {"uv": [0.5, 10.5, 1, 12.5], "texture": "#0"},
				"up": {"uv": [12, 8.5, 10, 8], "texture": "#0"},
				"down": {"uv": [3, 10.5, 1, 11], "texture": "#0"}
			}
		},
		{
			"from": [4.81179, 4.25, 6.04016],
			"to": [9.31179, 7.75, 6.54016],
			"rotation": {"angle": 22.5, "axis": "y", "origin": [6.31179, 5, 4.54016]},
			"faces": {
				"north": {"uv": [0, 7.5, 2.5, 9.5], "texture": "#0"},
				"east": {"uv": [10.5, 2, 11, 4], "texture": "#0"},
				"south": {"uv": [7.5, 6.5, 10, 8.5], "texture": "#0"},
				"west": {"uv": [3, 10.5, 3.5, 12.5], "texture": "#0"},
				"up": {"uv": [11.5, 10, 9, 9.5], "texture": "#0"},
				"down": {"uv": [2.5, 10, 0, 10.5], "texture": "#0"}
			}
		},
		{
			"from": [6.34253, 4.25, 3.74405],
			"to": [10.84253, 7.75, 4.24405],
			"rotation": {"angle": -22.5, "axis": "y", "origin": [7.84253, 5, 2.24405]},
			"faces": {
				"north": {"uv": [8, 0, 10.5, 2], "texture": "#0"},
				"east": {"uv": [3.5, 10.5, 4, 12.5], "texture": "#0"},
				"south": {"uv": [8, 2, 10.5, 4], "texture": "#0"},
				"west": {"uv": [4, 10.5, 4.5, 12.5], "texture": "#0"},
				"up": {"uv": [5, 10.5, 2.5, 10], "texture": "#0"},
				"down": {"uv": [12.5, 6.5, 10, 7], "texture": "#0"}
			}
		},
		{
			"from": [4.77165, 4.25, 4.31808],
			"to": [9.27165, 7.75, 4.81808],
			"rotation": {"angle": 22.5, "axis": "y", "origin": [6.27165, 5, 2.81808]},
			"faces": {
				"north": {"uv": [2.5, 8, 5, 10], "texture": "#0"},
				"east": {"uv": [10.5, 4, 11, 6], "texture": "#0"},
				"south": {"uv": [8, 4, 10.5, 6], "texture": "#0"},
				"west": {"uv": [4.5, 10.5, 5, 12.5], "texture": "#0"},
				"up": {"uv": [12.5, 7.5, 10, 7], "texture": "#0"},
				"down": {"uv": [12.5, 7.5, 10, 8], "texture": "#0"}
			}
		},
		{
			"from": [7.29329, 4.25, 3.17003],
			"to": [8.29329, 7.75, 3.67003],
			"rotation": {"angle": 22.5, "axis": "y", "origin": [7.29329, 5.75, 1.67003]},
			"faces": {
				"north": {"uv": [5, 10.5, 5.5, 12.5], "texture": "#0"},
				"east": {"uv": [5.5, 10.5, 6, 12.5], "texture": "#0"},
				"south": {"uv": [6, 10.5, 6.5, 12.5], "texture": "#0"},
				"west": {"uv": [6.5, 10.5, 7, 12.5], "texture": "#0"},
				"up": {"uv": [3, 5.5, 2.5, 5], "texture": "#0"},
				"down": {"uv": [3, 5.5, 2.5, 6], "texture": "#0"}
			}
		},
		{
			"from": [7.35895, 4.25, 2.40466],
			"to": [8.35895, 7.75, 2.90466],
			"rotation": {"angle": -22.5, "axis": "y", "origin": [6.35895, 5.75, 0.90466]},
			"faces": {
				"north": {"uv": [7, 10.5, 7.5, 12.5], "texture": "#0"},
				"east": {"uv": [7.5, 10.5, 8, 12.5], "texture": "#0"},
				"south": {"uv": [8, 10.5, 8.5, 12.5], "texture": "#0"},
				"west": {"uv": [8.5, 10.5, 9, 12.5], "texture": "#0"},
				"up": {"uv": [5.5, 6.5, 5, 6], "texture": "#0"},
				"down": {"uv": [11, 6, 10.5, 6.5], "texture": "#0"}
			}
		},
		{
			"from": [7.51746, 4.25, 1.80668],
			"to": [8.51746, 7.75, 2.30668],
			"rotation": {"angle": -45, "axis": "y", "origin": [6.51746, 5.75, 0.30668]},
			"faces": {
				"north": {"uv": [10.5, 10, 11, 12], "texture": "#0"},
				"east": {"uv": [11, 0, 11.5, 2], "texture": "#0"},
				"south": {"uv": [1, 11, 1.5, 13], "texture": "#0"},
				"west": {"uv": [1.5, 11, 2, 13], "texture": "#0"},
				"up": {"uv": [11.5, 6.5, 11, 6], "texture": "#0"},
				"down": {"uv": [12, 6, 11.5, 6.5], "texture": "#0"}
			}
		},
		{
			"from": [4.89275, 4.25, 0.81487],
			"to": [5.39275, 7.75, 1.81487],
			"rotation": {"angle": 22.5, "axis": "y", "origin": [6.89275, 5.75, -0.18513]},
			"faces": {
				"north": {"uv": [2, 11, 2.5, 13], "texture": "#0"},
				"east": {"uv": [11, 2, 11.5, 4], "texture": "#0"},
				"south": {"uv": [2.5, 11, 3, 13], "texture": "#0"},
				"west": {"uv": [11, 4, 11.5, 6], "texture": "#0"},
				"up": {"uv": [12.5, 6.5, 12, 6], "texture": "#0"},
				"down": {"uv": [13, 4, 12.5, 4.5], "texture": "#0"}
			}
		},
		{
			"from": [5.42767, 4.25, 0.50412],
			"to": [5.92767, 7.75, 1.50412],
			"rotation": {"angle": 0, "axis": "y", "origin": [7.42767, 5.75, -0.49588]},
			"faces": {
				"north": {"uv": [11, 10, 11.5, 12], "texture": "#0"},
				"east": {"uv": [11.5, 0, 12, 2], "texture": "#0"},
				"south": {"uv": [11.5, 2, 12, 4], "texture": "#0"},
				"west": {"uv": [11.5, 4, 12, 6], "texture": "#0"},
				"up": {"uv": [5, 13, 4.5, 12.5], "texture": "#0"},
				"down": {"uv": [13, 4.5, 12.5, 5], "texture": "#0"}
			}
		},
		{
			"from": [6.0408, 4.25, 0.42173],
			"to": [6.5408, 7.75, 1.42173],
			"rotation": {"angle": -22.5, "axis": "y", "origin": [8.0408, 5.75, -0.57827]},
			"faces": {
				"north": {"uv": [11.5, 8.5, 12, 10.5], "texture": "#0"},
				"east": {"uv": [11.5, 10.5, 12, 12.5], "texture": "#0"},
				"south": {"uv": [12, 0, 12.5, 2], "texture": "#0"},
				"west": {"uv": [12, 2, 12.5, 4], "texture": "#0"},
				"up": {"uv": [5.5, 13, 5, 12.5], "texture": "#0"},
				"down": {"uv": [13, 5, 12.5, 5.5], "texture": "#0"}
			}
		},
		{
			"from": [7.56832, 4.25, 3.22089],
			"to": [8.56832, 7.75, 3.72089],
			"rotation": {"angle": 45, "axis": "y", "origin": [7.56832, 5.75, 1.72089]},
			"faces": {
				"north": {"uv": [12, 4, 12.5, 6], "texture": "#0"},
				"east": {"uv": [12, 8, 12.5, 10], "texture": "#0"},
				"south": {"uv": [9, 12, 9.5, 14], "texture": "#0"},
				"west": {"uv": [9.5, 12, 10, 14], "texture": "#0"},
				"up": {"uv": [6, 13, 5.5, 12.5], "texture": "#0"},
				"down": {"uv": [13, 5.5, 12.5, 6], "texture": "#0"}
			}
		},
		{
			"from": [9.34189, 4.25, 0.66263],
			"to": [9.84189, 7.75, 1.66263],
			"rotation": {"angle": -22.5, "axis": "y", "origin": [7.84189, 5.75, 1.66263]},
			"faces": {
				"north": {"uv": [10, 12, 10.5, 14], "texture": "#0"},
				"east": {"uv": [12, 10, 12.5, 12], "texture": "#0"},
				"south": {"uv": [10.5, 12, 11, 14], "texture": "#0"},
				"west": {"uv": [11, 12, 11.5, 14], "texture": "#0"},
				"up": {"uv": [6.5, 13, 6, 12.5], "texture": "#0"},
				"down": {"uv": [13, 6, 12.5, 6.5], "texture": "#0"}
			}
		},
		{
			"from": [9.57233, 4.25, 0.50412],
			"to": [10.07233, 7.75, 1.50412],
			"rotation": {"angle": 0, "axis": "y", "origin": [8.07233, 5.75, 1.50412]},
			"faces": {
				"north": {"uv": [12, 12, 12.5, 14], "texture": "#0"},
				"east": {"uv": [0, 12.5, 0.5, 14.5], "texture": "#0"},
				"south": {"uv": [12.5, 0, 13, 2], "texture": "#0"},
				"west": {"uv": [0.5, 12.5, 1, 14.5], "texture": "#0"},
				"up": {"uv": [7, 13, 6.5, 12.5], "texture": "#0"},
				"down": {"uv": [13, 6.5, 12.5, 7], "texture": "#0"}
			}
		},
		{
			"from": [9.72457, 4.25, 0.26949],
			"to": [10.22457, 7.75, 1.26949],
			"rotation": {"angle": 22.5, "axis": "y", "origin": [8.22457, 5.75, 1.26949]},
			"faces": {
				"north": {"uv": [12.5, 2, 13, 4], "texture": "#0"},
				"east": {"uv": [3, 12.5, 3.5, 14.5], "texture": "#0"},
				"south": {"uv": [3.5, 12.5, 4, 14.5], "texture": "#0"},
				"west": {"uv": [4, 12.5, 4.5, 14.5], "texture": "#0"},
				"up": {"uv": [7.5, 13, 7, 12.5], "texture": "#0"},
				"down": {"uv": [13, 7, 12.5, 7.5], "texture": "#0"}
			}
		}
	],
	"display": {
		"thirdperson_righthand": {
			"translation": [0.25, 0, 0.75]
		},
		"thirdperson_lefthand": {
			"translation": [0, 0.25, 0.75]
		},
		"firstperson_righthand": {
			"translation": [0.75, 2.75, 3]
		},
		"firstperson_lefthand": {
			"translation": [0.75, 2.75, 3]
		},
		"gui": {
			"rotation": [0, 90, 0],
			"translation": [2, 2, 2]
		},
		"fixed": {
			"rotation": [0, 90, 0],
			"translation": [2, 2, 0]
		}
	},
	"groups": [
		{
			"name": "SnowballLauncher",
			"origin": [8, 8, 8],
			"color": 0,
			"children": [0, 1, 2, 3, 4, 5, 6, 7, 8, 9, 10, 11, 12, 13, 14, 15, 16]
		}
	]
}