{
	"credit": "Made with Blockbench",
	"texture_size": [32, 32],
	"textures": {
		"0": "block/SovereignSword",
		"particle": "block/SovereignSword"
	},
	"elements": [
		{
			"from": [7.5, 0, 7.25],
			"to": [8.5, 4.75, 8.75],
			"rotation": {"angle": 0, "axis": "y", "origin": [7, 0, 7]},
			"faces": {
				"north": {"uv": [3, 0, 3.5, 2.375], "texture": "#0"},
				"east": {"uv": [2, 0, 2.75, 2.375], "texture": "#0"},
				"south": {"uv": [3, 2.5, 3.5, 4.875], "texture": "#0"},
				"west": {"uv": [2, 2.5, 2.75, 4.875], "texture": "#0"},
				"up": {"uv": [6.5, 4.75, 6, 4], "texture": "#0"},
				"down": {"uv": [5, 6, 4.5, 6.75], "texture": "#0"}
			}
		},
		{
			"from": [7.5, 0, 6.75],
			"to": [8.5, 0.5, 7.25],
			"rotation": {"angle": 0, "axis": "y", "origin": [7, 0, 5.5]},
			"faces": {
				"north": {"uv": [8.5, 2, 9, 2.25], "texture": "#0"},
				"east": {"uv": [2, 9.5, 2.25, 9.75], "texture": "#0"},
				"south": {"uv": [2.5, 8.5, 3, 8.75], "texture": "#0"},
				"west": {"uv": [9.5, 2, 9.75, 2.25], "texture": "#0"},
				"up": {"uv": [9, 2.75, 8.5, 2.5], "texture": "#0"},
				"down": {"uv": [9, 3, 8.5, 3.25], "texture": "#0"}
			}
		},
		{
			"from": [7.5, 4.75, 5.75],
			"to": [8.5, 5.25, 9],
			"rotation": {"angle": 0, "axis": "y", "origin": [7, 4.75, 7.25]},
			"faces": {
				"north": {"uv": [8.5, 3.5, 9, 3.75], "texture": "#0"},
				"east": {"uv": [6, 1, 7.625, 1.25], "texture": "#0"},
				"south": {"uv": [8.5, 4, 9, 4.25], "texture": "#0"},
				"west": {"uv": [6, 1.5, 7.625, 1.75], "texture": "#0"},
				"up": {"uv": [4, 1.625, 3.5, 0], "texture": "#0"},
				"down": {"uv": [4, 2, 3.5, 3.625], "texture": "#0"}
			}
		},
		{
			"from": [7.5, 5.25, 8.5],
			"to": [8.5, 8.5, 9],
			"rotation": {"angle": 0, "axis": "y", "origin": [7, 5.25, 7.25]},
			"faces": {
				"north": {"uv": [4, 0, 4.5, 1.625], "texture": "#0"},
				"east": {"uv": [6, 2, 6.25, 3.625], "texture": "#0"},
				"south": {"uv": [4, 2, 4.5, 3.625], "texture": "#0"},
				"west": {"uv": [3, 6, 3.25, 7.625], "texture": "#0"},
				"up": {"uv": [5, 8.75, 4.5, 8.5], "texture": "#0"},
				"down": {"uv": [9, 4.5, 8.5, 4.75], "texture": "#0"}
			}
		},
		{
			"from": [7.75, 5.25, 8.25],
			"to": [8.25, 8.5, 8.5],
			"rotation": {"angle": 0, "axis": "y", "origin": [7, 5.25, 6.75]},
			"faces": {
				"north": {"uv": [3.5, 6, 3.75, 7.625], "texture": "#0"},
				"east": {"uv": [8, 3.5, 8.125, 5.125], "texture": "#0"},
				"south": {"uv": [4, 6, 4.25, 7.625], "texture": "#0"},
				"west": {"uv": [4, 8, 4.125, 9.625], "texture": "#0"},
				"up": {"uv": [4.25, 11.125, 4, 11], "texture": "#0"},
				"down": {"uv": [11.25, 4, 11, 4.125], "texture": "#0"}
			}
		},
		{
			"from": [7.75, 8.5, 8.25],
			"to": [8.25, 24, 8.75],
			"rotation": {"angle": 0, "axis": "y", "origin": [7, 8.5, 7]},
			"faces": {
				"north": {"uv": [0, 0, 0.25, 7.75], "texture": "#0"},
				"east": {"uv": [0.5, 0, 0.75, 7.75], "texture": "#0"},
				"south": {"uv": [1, 0, 1.25, 7.75], "texture": "#0"},
				"west": {"uv": [1.5, 0, 1.75, 7.75], "texture": "#0"},
				"up": {"uv": [2.75, 9.75, 2.5, 9.5], "texture": "#0"},
				"down": {"uv": [9.75, 2.5, 9.5, 2.75], "texture": "#0"}
			}
		},
		{
			"from": [7.75, 5.04653, 7.25925],
			"to": [8.25, 5.54653, 8.25925],
			"rotation": {"angle": 22.5, "axis": "x", "origin": [8, 5.42153, 7.50925]},
			"faces": {
				"north": {"uv": [3, 9.5, 3.25, 9.75], "texture": "#0"},
				"east": {"uv": [8.5, 5, 9, 5.25], "texture": "#0"},
				"south": {"uv": [9.5, 3, 9.75, 3.25], "texture": "#0"},
				"west": {"uv": [8.5, 5.5, 9, 5.75], "texture": "#0"},
				"up": {"uv": [8.75, 6.5, 8.5, 6], "texture": "#0"},
				"down": {"uv": [8.75, 6.5, 8.5, 7], "texture": "#0"}
			}
		},
		{
			"from": [7.75, 4.88294, 7.32481],
			"to": [8.25, 8.86563, 7.65093],
			"rotation": {"angle": 22.5, "axis": "x", "origin": [8, 6.44929, 7.48787]},
			"faces": {
				"north": {"uv": [2, 5, 2.25, 7], "texture": "#0"},
				"east": {"uv": [7.5, 3.5, 7.625, 5.5], "texture": "#0"},
				"south": {"uv": [2.5, 5, 2.75, 7], "texture": "#0"},
				"west": {"uv": [7.5, 5.5, 7.625, 7.5], "texture": "#0"},
				"up": {"uv": [4.75, 11.125, 4.5, 11], "texture": "#0"},
				"down": {"uv": [11.25, 4.5, 11, 4.625], "texture": "#0"}
			}
		},
		{
			"from": [7.75, 5.25, 6.25],
			"to": [8.25, 6.25, 7.25],
			"rotation": {"angle": 0, "axis": "y", "origin": [7, 5.25, 4.75]},
			"faces": {
				"north": {"uv": [8.5, 7, 8.75, 7.5], "texture": "#0"},
				"east": {"uv": [7, 0, 7.5, 0.5], "texture": "#0"},
				"south": {"uv": [7.5, 8.5, 7.75, 9], "texture": "#0"},
				"west": {"uv": [7, 0.5, 7.5, 1], "texture": "#0"},
				"up": {"uv": [8.75, 8, 8.5, 7.5], "texture": "#0"},
				"down": {"uv": [8.25, 8.5, 8, 9], "texture": "#0"}
			}
		},
		{
			"from": [7.75, 6.25, 6.375],
			"to": [8.25, 7.25, 7.575],
			"rotation": {"angle": 0, "axis": "y", "origin": [7, 6.25, 5]},
			"faces": {
				"north": {"uv": [8.5, 8, 8.75, 8.5], "texture": "#0"},
				"east": {"uv": [6.5, 3, 7.125, 3.5], "texture": "#0"},
				"south": {"uv": [8.5, 8.5, 8.75, 9], "texture": "#0"},
				"west": {"uv": [6.5, 3.5, 7.125, 4], "texture": "#0"},
				"up": {"uv": [7.25, 8.625, 7, 8], "texture": "#0"},
				"down": {"uv": [8.25, 7.5, 8, 8.125], "texture": "#0"}
			}
		},
		{
			"from": [7.75, 7, 7.575],
			"to": [8.25, 7.25, 7.675],
			"rotation": {"angle": 0, "axis": "y", "origin": [7, 6.25, 5]},
			"faces": {
				"north": {"uv": [5, 11, 5.25, 11.125], "texture": "#0"},
				"east": {"uv": [11, 11, 11.125, 11.125], "texture": "#0"},
				"south": {"uv": [11, 5, 11.25, 5.125], "texture": "#0"},
				"west": {"uv": [0, 11.5, 0.125, 11.625], "texture": "#0"},
				"up": {"uv": [5.75, 11.125, 5.5, 11], "texture": "#0"},
				"down": {"uv": [11.25, 5.5, 11, 5.625], "texture": "#0"}
			}
		},
		{
			"from": [7.75, 7.25, 6.5],
			"to": [8.25, 8.25, 7.95],
			"rotation": {"angle": 0, "axis": "y", "origin": [7, 7.25, 5]},
			"faces": {
				"north": {"uv": [0, 9, 0.25, 9.5], "texture": "#0"},
				"east": {"uv": [5, 6, 5.75, 6.5], "texture": "#0"},
				"south": {"uv": [9, 0, 9.25, 0.5], "texture": "#0"},
				"west": {"uv": [6, 5, 6.75, 5.5], "texture": "#0"},
				"up": {"uv": [5.25, 8.75, 5, 8], "texture": "#0"},
				"down": {"uv": [5.75, 8, 5.5, 8.75], "texture": "#0"}
			}
		},
		{
			"from": [7.75, 7.9, 7.95],
			"to": [8.25, 8.25, 8.075],
			"rotation": {"angle": 0, "axis": "y", "origin": [7, 7.25, 6.2]},
			"faces": {
				"north": {"uv": [6, 11, 6.25, 11.125], "texture": "#0"},
				"east": {"uv": [11.5, 0, 11.625, 0.125], "texture": "#0"},
				"south": {"uv": [11, 6, 11.25, 6.125], "texture": "#0"},
				"west": {"uv": [0.5, 11.5, 0.625, 11.625], "texture": "#0"},
				"up": {"uv": [6.75, 11.125, 6.5, 11], "texture": "#0"},
				"down": {"uv": [11.25, 6.5, 11, 6.625], "texture": "#0"}
			}
		},
		{
			"from": [7.75, 8.25, 6.625],
			"to": [8.25, 9.25, 8.25],
			"rotation": {"angle": 0, "axis": "y", "origin": [7, 8.25, 5]},
			"faces": {
				"north": {"uv": [0.5, 9, 0.75, 9.5], "texture": "#0"},
				"east": {"uv": [6, 5.5, 6.75, 6], "texture": "#0"},
				"south": {"uv": [9, 0.5, 9.25, 1], "texture": "#0"},
				"west": {"uv": [6, 6, 6.75, 6.5], "texture": "#0"},
				"up": {"uv": [8.25, 6.25, 8, 5.5], "texture": "#0"},
				"down": {"uv": [6.25, 8, 6, 8.75], "texture": "#0"}
			}
		},
		{
			"from": [7.75, 9.25, 6.5],
			"to": [8.25, 10.25, 8.25],
			"rotation": {"angle": 0, "axis": "y", "origin": [7, 9.25, 5]},
			"faces": {
				"north": {"uv": [1, 9, 1.25, 9.5], "texture": "#0"},
				"east": {"uv": [4, 5.5, 4.875, 6], "texture": "#0"},
				"south": {"uv": [9, 1, 9.25, 1.5], "texture": "#0"},
				"west": {"uv": [5, 5.5, 5.875, 6], "texture": "#0"},
				"up": {"uv": [8.25, 2.375, 8, 1.5], "texture": "#0"},
				"down": {"uv": [8.25, 2.5, 8, 3.375], "texture": "#0"}
			}
		},
		{
			"from": [7.75, 10.25, 6.375],
			"to": [8.25, 11.25, 8.25],
			"rotation": {"angle": 0, "axis": "y", "origin": [7, 10.25, 5]},
			"faces": {
				"north": {"uv": [1.5, 9, 1.75, 9.5], "texture": "#0"},
				"east": {"uv": [3, 5, 4, 5.5], "texture": "#0"},
				"south": {"uv": [9, 1.5, 9.25, 2], "texture": "#0"},
				"west": {"uv": [4, 5, 5, 5.5], "texture": "#0"},
				"up": {"uv": [7.75, 1, 7.5, 0], "texture": "#0"},
				"down": {"uv": [7.75, 7.5, 7.5, 8.5], "texture": "#0"}
			}
		},
		{
			"from": [7.75, 11.25, 6.25],
			"to": [8.25, 12.25, 8.25],
			"rotation": {"angle": 0, "axis": "y", "origin": [7, 11.25, 4.75]},
			"faces": {
				"north": {"uv": [2, 9, 2.25, 9.5], "texture": "#0"},
				"east": {"uv": [5, 4, 6, 4.5], "texture": "#0"},
				"south": {"uv": [9, 2, 9.25, 2.5], "texture": "#0"},
				"west": {"uv": [5, 4.5, 6, 5], "texture": "#0"},
				"up": {"uv": [0.25, 9, 0, 8], "texture": "#0"},
				"down": {"uv": [8.25, 0, 8, 1], "texture": "#0"}
			}
		},
		{
			"from": [7.75, 12.25, 6.125],
			"to": [8.25, 13.25, 8.25],
			"rotation": {"angle": 0, "axis": "y", "origin": [7, 12.25, 4.75]},
			"faces": {
				"north": {"uv": [2.5, 9, 2.75, 9.5], "texture": "#0"},
				"east": {"uv": [4.5, 1.5, 5.625, 2], "texture": "#0"},
				"south": {"uv": [9, 2.5, 9.25, 3], "texture": "#0"},
				"west": {"uv": [4.5, 2, 5.625, 2.5], "texture": "#0"},
				"up": {"uv": [2.25, 8.125, 2, 7], "texture": "#0"},
				"down": {"uv": [2.75, 7, 2.5, 8.125], "texture": "#0"}
			}
		},
		{
			"from": [7.75, 13.25, 6],
			"to": [8.25, 14.25, 8.25],
			"rotation": {"angle": 0, "axis": "y", "origin": [7, 13.25, 4.75]},
			"faces": {
				"north": {"uv": [3, 9, 3.25, 9.5], "texture": "#0"},
				"east": {"uv": [4.5, 2.5, 5.625, 3], "texture": "#0"},
				"south": {"uv": [9, 3, 9.25, 3.5], "texture": "#0"},
				"west": {"uv": [4.5, 3, 5.625, 3.5], "texture": "#0"},
				"up": {"uv": [4.75, 8.125, 4.5, 7], "texture": "#0"},
				"down": {"uv": [7.25, 5, 7, 6.125], "texture": "#0"}
			}
		},
		{
			"from": [7.75, 14.25, 5.875],
			"to": [8.25, 15.25, 8.25],
			"rotation": {"angle": 0, "axis": "y", "origin": [7, 14.25, 4.75]},
			"faces": {
				"north": {"uv": [3.5, 9, 3.75, 9.5], "texture": "#0"},
				"east": {"uv": [3.5, 4, 4.75, 4.5], "texture": "#0"},
				"south": {"uv": [9, 3.5, 9.25, 4], "texture": "#0"},
				"west": {"uv": [4.5, 0, 5.75, 0.5], "texture": "#0"},
				"up": {"uv": [5.25, 7.75, 5, 6.5], "texture": "#0"},
				"down": {"uv": [5.75, 6.5, 5.5, 7.75], "texture": "#0"}
			}
		},
		{
			"from": [7.75, 16.25, 6],
			"to": [8.25, 17.25, 8.25],
			"rotation": {"angle": 0, "axis": "y", "origin": [7, 16.25, 4.75]},
			"faces": {
				"north": {"uv": [9, 4, 9.25, 4.5], "texture": "#0"},
				"east": {"uv": [3.5, 4.5, 4.625, 5], "texture": "#0"},
				"south": {"uv": [4.5, 9, 4.75, 9.5], "texture": "#0"},
				"west": {"uv": [4.5, 3.5, 5.625, 4], "texture": "#0"},
				"up": {"uv": [7.25, 7.625, 7, 6.5], "texture": "#0"},
				"down": {"uv": [7.75, 2, 7.5, 3.125], "texture": "#0"}
			}
		},
		{
			"from": [7.75, 15.25, 5.75],
			"to": [8.25, 16.25, 8.25],
			"rotation": {"angle": 0, "axis": "y", "origin": [7, 15.25, 4.75]},
			"faces": {
				"north": {"uv": [9, 4.5, 9.25, 5], "texture": "#0"},
				"east": {"uv": [4.5, 0.5, 5.75, 1], "texture": "#0"},
				"south": {"uv": [5, 9, 5.25, 9.5], "texture": "#0"},
				"west": {"uv": [4.5, 1, 5.75, 1.5], "texture": "#0"},
				"up": {"uv": [6.25, 7.75, 6, 6.5], "texture": "#0"},
				"down": {"uv": [6.75, 6.5, 6.5, 7.75], "texture": "#0"}
			}
		},
		{
			"from": [7.75, 17.25, 6.25],
			"to": [8.25, 18.25, 8.25],
			"rotation": {"angle": 0, "axis": "y", "origin": [7, 17.25, 5]},
			"faces": {
				"north": {"uv": [9, 5, 9.25, 5.5], "texture": "#0"},
				"east": {"uv": [5, 5, 6, 5.5], "texture": "#0"},
				"south": {"uv": [5.5, 9, 5.75, 9.5], "texture": "#0"},
				"west": {"uv": [3, 5.5, 4, 6], "texture": "#0"},
				"up": {"uv": [0.75, 9, 0.5, 8], "texture": "#0"},
				"down": {"uv": [1.25, 8, 1, 9], "texture": "#0"}
			}
		},
		{
			"from": [7.75, 18.25, 6.5],
			"to": [8.25, 19.25, 8.25],
			"rotation": {"angle": 0, "axis": "y", "origin": [7, 18.25, 5]},
			"faces": {
				"north": {"uv": [9, 5.5, 9.25, 6], "texture": "#0"},
				"east": {"uv": [6, 0, 6.875, 0.5], "texture": "#0"},
				"south": {"uv": [6, 9, 6.25, 9.5], "texture": "#0"},
				"west": {"uv": [6, 0.5, 6.875, 1], "texture": "#0"},
				"up": {"uv": [3.25, 8.875, 3, 8], "texture": "#0"},
				"down": {"uv": [3.75, 8, 3.5, 8.875], "texture": "#0"}
			}
		},
		{
			"from": [7.75, 19.25, 6.75],
			"to": [8.25, 20.25, 8.25],
			"rotation": {"angle": 0, "axis": "y", "origin": [7, 19.25, 5]},
			"faces": {
				"north": {"uv": [9, 6, 9.25, 6.5], "texture": "#0"},
				"east": {"uv": [6.5, 2, 7.25, 2.5], "texture": "#0"},
				"south": {"uv": [6.5, 9, 6.75, 9.5], "texture": "#0"},
				"west": {"uv": [6.5, 2.5, 7.25, 3], "texture": "#0"},
				"up": {"uv": [6.75, 8.75, 6.5, 8], "texture": "#0"},
				"down": {"uv": [8.25, 6.5, 8, 7.25], "texture": "#0"}
			}
		},
		{
			"from": [7.75, 20.25, 7],
			"to": [8.25, 21.25, 8.25],
			"rotation": {"angle": 0, "axis": "y", "origin": [7, 20.25, 5.25]},
			"faces": {
				"north": {"uv": [9, 6.5, 9.25, 7], "texture": "#0"},
				"east": {"uv": [6.5, 4, 7.125, 4.5], "texture": "#0"},
				"south": {"uv": [7, 9, 7.25, 9.5], "texture": "#0"},
				"west": {"uv": [6.5, 4.5, 7.125, 5], "texture": "#0"},
				"up": {"uv": [8.75, 0.625, 8.5, 0], "texture": "#0"},
				"down": {"uv": [8.75, 1, 8.5, 1.625], "texture": "#0"}
			}
		},
		{
			"from": [7.75, 21.25, 7.25],
			"to": [8.25, 22.25, 8.25],
			"rotation": {"angle": 0, "axis": "y", "origin": [7, 21.25, 5.5]},
			"faces": {
				"north": {"uv": [9, 7, 9.25, 7.5], "texture": "#0"},
				"east": {"uv": [8, 1, 8.5, 1.5], "texture": "#0"},
				"south": {"uv": [7.5, 9, 7.75, 9.5], "texture": "#0"},
				"west": {"uv": [1.5, 8, 2, 8.5], "texture": "#0"},
				"up": {"uv": [9.25, 8, 9, 7.5], "texture": "#0"},
				"down": {"uv": [8.25, 9, 8, 9.5], "texture": "#0"}
			}
		},
		{
			"from": [7.75, 22.25, 7.5],
			"to": [8.25, 23, 8.25],
			"rotation": {"angle": 0, "axis": "y", "origin": [7, 22.25, 5.75]},
			"faces": {
				"north": {"uv": [9, 8, 9.25, 8.375], "texture": "#0"},
				"east": {"uv": [1.5, 8.5, 1.875, 8.875], "texture": "#0"},
				"south": {"uv": [8.5, 9, 8.75, 9.375], "texture": "#0"},
				"west": {"uv": [2, 8.5, 2.375, 8.875], "texture": "#0"},
				"up": {"uv": [9.25, 8.875, 9, 8.5], "texture": "#0"},
				"down": {"uv": [9.25, 9, 9, 9.375], "texture": "#0"}
			}
		},
		{
			"from": [7.75, 23, 7.75],
			"to": [8.25, 23.5, 8.25],
			"rotation": {"angle": 0, "axis": "y", "origin": [7, 23, 6]},
			"faces": {
				"north": {"uv": [3.5, 9.5, 3.75, 9.75], "texture": "#0"},
				"east": {"uv": [9.5, 3.5, 9.75, 3.75], "texture": "#0"},
				"south": {"uv": [9.5, 4, 9.75, 4.25], "texture": "#0"},
				"west": {"uv": [4.5, 9.5, 4.75, 9.75], "texture": "#0"},
				"up": {"uv": [9.75, 4.75, 9.5, 4.5], "texture": "#0"},
				"down": {"uv": [5.25, 9.5, 5, 9.75], "texture": "#0"}
			}
		},
		{
			"from": [7.75, 23.5, 8],
			"to": [8.25, 23.75, 8.25],
			"rotation": {"angle": 0, "axis": "y", "origin": [7, 23.5, 6.25]},
			"faces": {
				"north": {"uv": [7, 11, 7.25, 11.125], "texture": "#0"},
				"east": {"uv": [11.5, 0.5, 11.625, 0.625], "texture": "#0"},
				"south": {"uv": [11, 7, 11.25, 7.125], "texture": "#0"},
				"west": {"uv": [1, 11.5, 1.125, 11.625], "texture": "#0"},
				"up": {"uv": [7.75, 11.125, 7.5, 11], "texture": "#0"},
				"down": {"uv": [11.25, 7.5, 11, 7.625], "texture": "#0"}
			}
		},
		{
			"from": [7.875, 5.25, 6],
			"to": [8.125, 6.25, 6.25],
			"rotation": {"angle": 0, "axis": "y", "origin": [7, 5.25, 4.5]},
			"faces": {
				"north": {"uv": [9.5, 5, 9.625, 5.5], "texture": "#0"},
				"east": {"uv": [5.5, 9.5, 5.625, 10], "texture": "#0"},
				"south": {"uv": [9.5, 5.5, 9.625, 6], "texture": "#0"},
				"west": {"uv": [6, 9.5, 6.125, 10], "texture": "#0"},
				"up": {"uv": [11.625, 1.125, 11.5, 1], "texture": "#0"},
				"down": {"uv": [1.625, 11.5, 1.5, 11.625], "texture": "#0"}
			}
		},
		{
			"from": [8, 5.25, 5.875],
			"to": [8, 6.25, 6],
			"rotation": {"angle": 0, "axis": "y", "origin": [7, 5.25, 4.25]},
			"faces": {
				"north": {"uv": [0, 0, 0, 0.5], "texture": "#0"},
				"east": {"uv": [9.5, 6, 9.625, 6.5], "texture": "#0"},
				"south": {"uv": [0, 0, 0, 0.5], "texture": "#0"},
				"west": {"uv": [6.5, 9.5, 6.625, 10], "texture": "#0"},
				"up": {"uv": [0, 0.125, 0, 0], "texture": "#0"},
				"down": {"uv": [0, 0, 0, 0.125], "texture": "#0"}
			}
		},
		{
			"from": [7.875, 7.25, 6.25],
			"to": [8.125, 8.25, 6.5],
			"rotation": {"angle": 0, "axis": "y", "origin": [7, 7.25, 4.5]},
			"faces": {
				"north": {"uv": [9.5, 6.5, 9.625, 7], "texture": "#0"},
				"east": {"uv": [7, 9.5, 7.125, 10], "texture": "#0"},
				"south": {"uv": [9.5, 7, 9.625, 7.5], "texture": "#0"},
				"west": {"uv": [7.5, 9.5, 7.625, 10], "texture": "#0"},
				"up": {"uv": [11.625, 1.625, 11.5, 1.5], "texture": "#0"},
				"down": {"uv": [2.125, 11.5, 2, 11.625], "texture": "#0"}
			}
		},
		{
			"from": [7.875, 8.25, 6.375],
			"to": [8.125, 9.25, 6.625],
			"rotation": {"angle": 0, "axis": "y", "origin": [7, 8.25, 4.5]},
			"faces": {
				"north": {"uv": [9.5, 7.5, 9.625, 8], "texture": "#0"},
				"east": {"uv": [8, 9.5, 8.125, 10], "texture": "#0"},
				"south": {"uv": [9.5, 8, 9.625, 8.5], "texture": "#0"},
				"west": {"uv": [8.5, 9.5, 8.625, 10], "texture": "#0"},
				"up": {"uv": [11.625, 2.125, 11.5, 2], "texture": "#0"},
				"down": {"uv": [2.625, 11.5, 2.5, 11.625], "texture": "#0"}
			}
		},
		{
			"from": [7.875, 9.25, 6.25],
			"to": [8.125, 10.25, 6.5],
			"rotation": {"angle": 0, "axis": "y", "origin": [7, 9.25, 4.5]},
			"faces": {
				"north": {"uv": [9.5, 8.5, 9.625, 9], "texture": "#0"},
				"east": {"uv": [9, 9.5, 9.125, 10], "texture": "#0"},
				"south": {"uv": [9.5, 9, 9.625, 9.5], "texture": "#0"},
				"west": {"uv": [9.5, 9.5, 9.625, 10], "texture": "#0"},
				"up": {"uv": [11.625, 2.625, 11.5, 2.5], "texture": "#0"},
				"down": {"uv": [3.125, 11.5, 3, 11.625], "texture": "#0"}
			}
		},
		{
			"from": [7.875, 10.25, 6.125],
			"to": [8.125, 11.25, 6.375],
			"rotation": {"angle": 0, "axis": "y", "origin": [7, 10.25, 4.5]},
			"faces": {
				"north": {"uv": [10, 0, 10.125, 0.5], "texture": "#0"},
				"east": {"uv": [10, 0.5, 10.125, 1], "texture": "#0"},
				"south": {"uv": [10, 1, 10.125, 1.5], "texture": "#0"},
				"west": {"uv": [10, 1.5, 10.125, 2], "texture": "#0"},
				"up": {"uv": [11.625, 3.125, 11.5, 3], "texture": "#0"},
				"down": {"uv": [3.625, 11.5, 3.5, 11.625], "texture": "#0"}
			}
		},
		{
			"from": [7.875, 11.25, 6],
			"to": [8.125, 12.25, 6.25],
			"rotation": {"angle": 0, "axis": "y", "origin": [7, 11.25, 4.5]},
			"faces": {
				"north": {"uv": [2, 10, 2.125, 10.5], "texture": "#0"},
				"east": {"uv": [10, 2, 10.125, 2.5], "texture": "#0"},
				"south": {"uv": [2.5, 10, 2.625, 10.5], "texture": "#0"},
				"west": {"uv": [10, 2.5, 10.125, 3], "texture": "#0"},
				"up": {"uv": [11.625, 3.625, 11.5, 3.5], "texture": "#0"},
				"down": {"uv": [4.125, 11.5, 4, 11.625], "texture": "#0"}
			}
		},
		{
			"from": [7.875, 12.25, 5.875],
			"to": [8.125, 13.25, 6.125],
			"rotation": {"angle": 0, "axis": "y", "origin": [7, 12.25, 4.25]},
			"faces": {
				"north": {"uv": [3, 10, 3.125, 10.5], "texture": "#0"},
				"east": {"uv": [10, 3, 10.125, 3.5], "texture": "#0"},
				"south": {"uv": [3.5, 10, 3.625, 10.5], "texture": "#0"},
				"west": {"uv": [10, 3.5, 10.125, 4], "texture": "#0"},
				"up": {"uv": [11.625, 4.125, 11.5, 4], "texture": "#0"},
				"down": {"uv": [4.625, 11.5, 4.5, 11.625], "texture": "#0"}
			}
		},
		{
			"from": [7.875, 13.25, 5.75],
			"to": [8.125, 14.25, 6],
			"rotation": {"angle": 0, "axis": "y", "origin": [7, 13.25, 4]},
			"faces": {
				"north": {"uv": [4, 10, 4.125, 10.5], "texture": "#0"},
				"east": {"uv": [10, 4, 10.125, 4.5], "texture": "#0"},
				"south": {"uv": [4.5, 10, 4.625, 10.5], "texture": "#0"},
				"west": {"uv": [10, 4.5, 10.125, 5], "texture": "#0"},
				"up": {"uv": [11.625, 4.625, 11.5, 4.5], "texture": "#0"},
				"down": {"uv": [5.125, 11.5, 5, 11.625], "texture": "#0"}
			}
		},
		{
			"from": [7.875, 14.25, 5.625],
			"to": [8.125, 15.25, 5.875],
			"rotation": {"angle": 0, "axis": "y", "origin": [7, 14.25, 4]},
			"faces": {
				"north": {"uv": [5, 10, 5.125, 10.5], "texture": "#0"},
				"east": {"uv": [10, 5, 10.125, 5.5], "texture": "#0"},
				"south": {"uv": [5.5, 10, 5.625, 10.5], "texture": "#0"},
				"west": {"uv": [10, 5.5, 10.125, 6], "texture": "#0"},
				"up": {"uv": [11.625, 5.125, 11.5, 5], "texture": "#0"},
				"down": {"uv": [5.625, 11.5, 5.5, 11.625], "texture": "#0"}
			}
		},
		{
			"from": [7.875, 15.25, 5.5],
			"to": [8.125, 16.25, 5.75],
			"rotation": {"angle": 0, "axis": "y", "origin": [7, 15.25, 4]},
			"faces": {
				"north": {"uv": [6, 10, 6.125, 10.5], "texture": "#0"},
				"east": {"uv": [10, 6, 10.125, 6.5], "texture": "#0"},
				"south": {"uv": [6.5, 10, 6.625, 10.5], "texture": "#0"},
				"west": {"uv": [10, 6.5, 10.125, 7], "texture": "#0"},
				"up": {"uv": [11.625, 5.625, 11.5, 5.5], "texture": "#0"},
				"down": {"uv": [6.125, 11.5, 6, 11.625], "texture": "#0"}
			}
		},
		{
			"from": [7.875, 16.25, 5.75],
			"to": [8.125, 17.25, 6],
			"rotation": {"angle": 0, "axis": "y", "origin": [7, 16.25, 4]},
			"faces": {
				"north": {"uv": [7, 10, 7.125, 10.5], "texture": "#0"},
				"east": {"uv": [10, 7, 10.125, 7.5], "texture": "#0"},
				"south": {"uv": [7.5, 10, 7.625, 10.5], "texture": "#0"},
				"west": {"uv": [10, 7.5, 10.125, 8], "texture": "#0"},
				"up": {"uv": [11.625, 6.125, 11.5, 6], "texture": "#0"},
				"down": {"uv": [6.625, 11.5, 6.5, 11.625], "texture": "#0"}
			}
		},
		{
			"from": [7.875, 17.25, 6],
			"to": [8.125, 18.25, 6.25],
			"rotation": {"angle": 0, "axis": "y", "origin": [7, 17.25, 4.5]},
			"faces": {
				"north": {"uv": [8, 10, 8.125, 10.5], "texture": "#0"},
				"east": {"uv": [10, 8, 10.125, 8.5], "texture": "#0"},
				"south": {"uv": [8.5, 10, 8.625, 10.5], "texture": "#0"},
				"west": {"uv": [10, 8.5, 10.125, 9], "texture": "#0"},
				"up": {"uv": [11.625, 6.625, 11.5, 6.5], "texture": "#0"},
				"down": {"uv": [7.125, 11.5, 7, 11.625], "texture": "#0"}
			}
		},
		{
			"from": [7.875, 18.25, 6.25],
			"to": [8.125, 19.25, 6.5],
			"rotation": {"angle": 0, "axis": "y", "origin": [7, 18.25, 4.5]},
			"faces": {
				"north": {"uv": [9, 10, 9.125, 10.5], "texture": "#0"},
				"east": {"uv": [10, 9, 10.125, 9.5], "texture": "#0"},
				"south": {"uv": [9.5, 10, 9.625, 10.5], "texture": "#0"},
				"west": {"uv": [10, 9.5, 10.125, 10], "texture": "#0"},
				"up": {"uv": [11.625, 7.125, 11.5, 7], "texture": "#0"},
				"down": {"uv": [7.625, 11.5, 7.5, 11.625], "texture": "#0"}
			}
		},
		{
			"from": [7.875, 19.25, 6.5],
			"to": [8.125, 20.25, 6.75],
			"rotation": {"angle": 0, "axis": "y", "origin": [7, 19.25, 4.75]},
			"faces": {
				"north": {"uv": [10, 10, 10.125, 10.5], "texture": "#0"},
				"east": {"uv": [0, 10.5, 0.125, 11], "texture": "#0"},
				"south": {"uv": [10.5, 0, 10.625, 0.5], "texture": "#0"},
				"west": {"uv": [0.5, 10.5, 0.625, 11], "texture": "#0"},
				"up": {"uv": [11.625, 7.625, 11.5, 7.5], "texture": "#0"},
				"down": {"uv": [8.125, 11.5, 8, 11.625], "texture": "#0"}
			}
		},
		{
			"from": [7.875, 20.25, 6.75],
			"to": [8.125, 21.25, 7],
			"rotation": {"angle": 0, "axis": "y", "origin": [7, 20.25, 5]},
			"faces": {
				"north": {"uv": [10.5, 0.5, 10.625, 1], "texture": "#0"},
				"east": {"uv": [1, 10.5, 1.125, 11], "texture": "#0"},
				"south": {"uv": [10.5, 1, 10.625, 1.5], "texture": "#0"},
				"west": {"uv": [1.5, 10.5, 1.625, 11], "texture": "#0"},
				"up": {"uv": [11.625, 8.125, 11.5, 8], "texture": "#0"},
				"down": {"uv": [8.625, 11.5, 8.5, 11.625], "texture": "#0"}
			}
		},
		{
			"from": [7.875, 21.25, 7],
			"to": [8.125, 22.25, 7.25],
			"rotation": {"angle": 0, "axis": "y", "origin": [7, 21.25, 5.25]},
			"faces": {
				"north": {"uv": [10.5, 1.5, 10.625, 2], "texture": "#0"},
				"east": {"uv": [2, 10.5, 2.125, 11], "texture": "#0"},
				"south": {"uv": [10.5, 2, 10.625, 2.5], "texture": "#0"},
				"west": {"uv": [2.5, 10.5, 2.625, 11], "texture": "#0"},
				"up": {"uv": [11.625, 8.625, 11.5, 8.5], "texture": "#0"},
				"down": {"uv": [9.125, 11.5, 9, 11.625], "texture": "#0"}
			}
		},
		{
			"from": [7.875, 22.25, 7.25],
			"to": [8.125, 23, 7.5],
			"rotation": {"angle": 0, "axis": "y", "origin": [7, 22, 5.5]},
			"faces": {
				"north": {"uv": [2, 11, 2.125, 11.375], "texture": "#0"},
				"east": {"uv": [11, 2, 11.125, 2.375], "texture": "#0"},
				"south": {"uv": [2.5, 11, 2.625, 11.375], "texture": "#0"},
				"west": {"uv": [11, 2.5, 11.125, 2.875], "texture": "#0"},
				"up": {"uv": [11.625, 9.125, 11.5, 9], "texture": "#0"},
				"down": {"uv": [9.625, 11.5, 9.5, 11.625], "texture": "#0"}
			}
		},
		{
			"from": [7.875, 23, 7.5],
			"to": [8.125, 23.5, 7.75],
			"rotation": {"angle": 0, "axis": "y", "origin": [7, 23, 5.75]},
			"faces": {
				"north": {"uv": [8, 11, 8.125, 11.25], "texture": "#0"},
				"east": {"uv": [11, 8, 11.125, 8.25], "texture": "#0"},
				"south": {"uv": [8.5, 11, 8.625, 11.25], "texture": "#0"},
				"west": {"uv": [11, 8.5, 11.125, 8.75], "texture": "#0"},
				"up": {"uv": [11.625, 9.625, 11.5, 9.5], "texture": "#0"},
				"down": {"uv": [10.125, 11.5, 10, 11.625], "texture": "#0"}
			}
		},
		{
			"from": [7.875, 23.5, 7.75],
			"to": [8.125, 23.75, 8],
			"rotation": {"angle": 0, "axis": "y", "origin": [7, 23.5, 6]},
			"faces": {
				"north": {"uv": [11.5, 10, 11.625, 10.125], "texture": "#0"},
				"east": {"uv": [10.5, 11.5, 10.625, 11.625], "texture": "#0"},
				"south": {"uv": [11.5, 10.5, 11.625, 10.625], "texture": "#0"},
				"west": {"uv": [11, 11.5, 11.125, 11.625], "texture": "#0"},
				"up": {"uv": [11.625, 11.125, 11.5, 11], "texture": "#0"},
				"down": {"uv": [11.625, 11.5, 11.5, 11.625], "texture": "#0"}
			}
		},
		{
			"from": [7.875, 23.75, 8],
			"to": [8.125, 24, 8.25],
			"rotation": {"angle": 0, "axis": "y", "origin": [7, 23.75, 6.25]},
			"faces": {
				"north": {"uv": [0, 12, 0.125, 12.125], "texture": "#0"},
				"east": {"uv": [12, 0, 12.125, 0.125], "texture": "#0"},
				"south": {"uv": [0.5, 12, 0.625, 12.125], "texture": "#0"},
				"west": {"uv": [12, 0.5, 12.125, 0.625], "texture": "#0"},
				"up": {"uv": [1.125, 12.125, 1, 12], "texture": "#0"},
				"down": {"uv": [12.125, 1, 12, 1.125], "texture": "#0"}
			}
		},
		{
			"from": [7.875, 24, 8.25],
			"to": [8.125, 24.5, 8.5],
			"rotation": {"angle": 0, "axis": "y", "origin": [7, 24, 6.5]},
			"faces": {
				"north": {"uv": [9, 11, 9.125, 11.25], "texture": "#0"},
				"east": {"uv": [11, 9, 11.125, 9.25], "texture": "#0"},
				"south": {"uv": [9.5, 11, 9.625, 11.25], "texture": "#0"},
				"west": {"uv": [11, 9.5, 11.125, 9.75], "texture": "#0"},
				"up": {"uv": [1.625, 12.125, 1.5, 12], "texture": "#0"},
				"down": {"uv": [12.125, 1.5, 12, 1.625], "texture": "#0"}
			}
		},
		{
			"from": [8, 6.25, 6],
			"to": [8, 7.25, 6.125],
			"rotation": {"angle": 0, "axis": "y", "origin": [7, 6.25, 4.25]},
			"faces": {
				"north": {"uv": [0, 0, 0, 0.5], "texture": "#0"},
				"east": {"uv": [10.5, 2.5, 10.625, 3], "texture": "#0"},
				"south": {"uv": [0, 0, 0, 0.5], "texture": "#0"},
				"west": {"uv": [3, 10.5, 3.125, 11], "texture": "#0"},
				"up": {"uv": [0, 0.125, 0, 0], "texture": "#0"},
				"down": {"uv": [0, 0, 0, 0.125], "texture": "#0"}
			}
		},
		{
			"from": [7.875, 6.25, 6.125],
			"to": [8.125, 7.25, 6.375],
			"rotation": {"angle": 0, "axis": "y", "origin": [7, 6.25, 4.5]},
			"faces": {
				"north": {"uv": [10.5, 3, 10.625, 3.5], "texture": "#0"},
				"east": {"uv": [3.5, 10.5, 3.625, 11], "texture": "#0"},
				"south": {"uv": [10.5, 3.5, 10.625, 4], "texture": "#0"},
				"west": {"uv": [4, 10.5, 4.125, 11], "texture": "#0"},
				"up": {"uv": [2.125, 12.125, 2, 12], "texture": "#0"},
				"down": {"uv": [12.125, 2, 12, 2.125], "texture": "#0"}
			}
		},
		{
			"from": [8, 7.25, 6.125],
			"to": [8, 8.25, 6.25],
			"rotation": {"angle": 0, "axis": "y", "origin": [7, 7.25, 4.25]},
			"faces": {
				"north": {"uv": [0, 0, 0, 0.5], "texture": "#0"},
				"east": {"uv": [10.5, 4, 10.625, 4.5], "texture": "#0"},
				"south": {"uv": [0, 0, 0, 0.5], "texture": "#0"},
				"west": {"uv": [4.5, 10.5, 4.625, 11], "texture": "#0"},
				"up": {"uv": [0, 0.125, 0, 0], "texture": "#0"},
				"down": {"uv": [0, 0, 0, 0.125], "texture": "#0"}
			}
		},
		{
			"from": [8, 8.25, 6.25],
			"to": [8, 9.25, 6.375],
			"rotation": {"angle": 0, "axis": "y", "origin": [7, 8.25, 4.25]},
			"faces": {
				"north": {"uv": [0, 0, 0, 0.5], "texture": "#0"},
				"east": {"uv": [10.5, 4.5, 10.625, 5], "texture": "#0"},
				"south": {"uv": [0, 0, 0, 0.5], "texture": "#0"},
				"west": {"uv": [5, 10.5, 5.125, 11], "texture": "#0"},
				"up": {"uv": [0, 0.125, 0, 0], "texture": "#0"},
				"down": {"uv": [0, 0, 0, 0.125], "texture": "#0"}
			}
		},
		{
			"from": [7.875, 24, 8.5],
			"to": [8.125, 24.5, 8.75],
			"rotation": {"angle": 0, "axis": "y", "origin": [7, 24, 6.75]},
			"faces": {
				"north": {"uv": [10, 11, 10.125, 11.25], "texture": "#0"},
				"east": {"uv": [11, 10, 11.125, 10.25], "texture": "#0"},
				"south": {"uv": [10.5, 11, 10.625, 11.25], "texture": "#0"},
				"west": {"uv": [11, 10.5, 11.125, 10.75], "texture": "#0"},
				"up": {"uv": [2.625, 12.125, 2.5, 12], "texture": "#0"},
				"down": {"uv": [12.125, 2.5, 12, 2.625], "texture": "#0"}
			}
		},
		{
			"from": [8, 9.25, 6.125],
			"to": [8, 10.25, 6.25],
			"rotation": {"angle": 0, "axis": "y", "origin": [7, 9.25, 4.25]},
			"faces": {
				"north": {"uv": [0, 0, 0, 0.5], "texture": "#0"},
				"east": {"uv": [10.5, 5, 10.625, 5.5], "texture": "#0"},
				"south": {"uv": [0, 0, 0, 0.5], "texture": "#0"},
				"west": {"uv": [5.5, 10.5, 5.625, 11], "texture": "#0"},
				"up": {"uv": [0, 0.125, 0, 0], "texture": "#0"},
				"down": {"uv": [0, 0, 0, 0.125], "texture": "#0"}
			}
		},
		{
			"from": [8, 10.25, 6],
			"to": [8, 11.25, 6.125],
			"rotation": {"angle": 0, "axis": "y", "origin": [7, 10.25, 4.25]},
			"faces": {
				"north": {"uv": [0, 0, 0, 0.5], "texture": "#0"},
				"east": {"uv": [10.5, 5.5, 10.625, 6], "texture": "#0"},
				"south": {"uv": [0, 0, 0, 0.5], "texture": "#0"},
				"west": {"uv": [6, 10.5, 6.125, 11], "texture": "#0"},
				"up": {"uv": [0, 0.125, 0, 0], "texture": "#0"},
				"down": {"uv": [0, 0, 0, 0.125], "texture": "#0"}
			}
		},
		{
			"from": [8, 11.25, 5.875],
			"to": [8, 12.25, 6],
			"rotation": {"angle": 0, "axis": "y", "origin": [7, 11.25, 4.25]},
			"faces": {
				"north": {"uv": [0, 0, 0, 0.5], "texture": "#0"},
				"east": {"uv": [10.5, 6, 10.625, 6.5], "texture": "#0"},
				"south": {"uv": [0, 0, 0, 0.5], "texture": "#0"},
				"west": {"uv": [6.5, 10.5, 6.625, 11], "texture": "#0"},
				"up": {"uv": [0, 0.125, 0, 0], "texture": "#0"},
				"down": {"uv": [0, 0, 0, 0.125], "texture": "#0"}
			}
		},
		{
			"from": [8, 12.25, 5.75],
			"to": [8, 13.25, 5.875],
			"rotation": {"angle": 0, "axis": "y", "origin": [7, 12.25, 4.25]},
			"faces": {
				"north": {"uv": [0, 0, 0, 0.5], "texture": "#0"},
				"east": {"uv": [10.5, 6.5, 10.625, 7], "texture": "#0"},
				"south": {"uv": [0, 0, 0, 0.5], "texture": "#0"},
				"west": {"uv": [7, 10.5, 7.125, 11], "texture": "#0"},
				"up": {"uv": [0, 0.125, 0, 0], "texture": "#0"},
				"down": {"uv": [0, 0, 0, 0.125], "texture": "#0"}
			}
		},
		{
			"from": [8, 13.25, 5.625],
			"to": [8, 14.25, 5.75],
			"rotation": {"angle": 0, "axis": "y", "origin": [7, 13.25, 4.25]},
			"faces": {
				"north": {"uv": [0, 0, 0, 0.5], "texture": "#0"},
				"east": {"uv": [10.5, 7, 10.625, 7.5], "texture": "#0"},
				"south": {"uv": [0, 0, 0, 0.5], "texture": "#0"},
				"west": {"uv": [7.5, 10.5, 7.625, 11], "texture": "#0"},
				"up": {"uv": [0, 0.125, 0, 0], "texture": "#0"},
				"down": {"uv": [0, 0, 0, 0.125], "texture": "#0"}
			}
		},
		{
			"from": [8, 14.25, 5.5],
			"to": [8, 15.25, 5.625],
			"rotation": {"angle": 0, "axis": "y", "origin": [7, 14.25, 4]},
			"faces": {
				"north": {"uv": [0, 0, 0, 0.5], "texture": "#0"},
				"east": {"uv": [10.5, 7.5, 10.625, 8], "texture": "#0"},
				"south": {"uv": [0, 0, 0, 0.5], "texture": "#0"},
				"west": {"uv": [8, 10.5, 8.125, 11], "texture": "#0"},
				"up": {"uv": [0, 0.125, 0, 0], "texture": "#0"},
				"down": {"uv": [0, 0, 0, 0.125], "texture": "#0"}
			}
		},
		{
			"from": [8, 15.25, 5.375],
			"to": [8, 16.25, 5.5],
			"rotation": {"angle": 0, "axis": "y", "origin": [7, 15.25, 4]},
			"faces": {
				"north": {"uv": [0, 0, 0, 0.5], "texture": "#0"},
				"east": {"uv": [10.5, 8, 10.625, 8.5], "texture": "#0"},
				"south": {"uv": [0, 0, 0, 0.5], "texture": "#0"},
				"west": {"uv": [8.5, 10.5, 8.625, 11], "texture": "#0"},
				"up": {"uv": [0, 0.125, 0, 0], "texture": "#0"},
				"down": {"uv": [0, 0, 0, 0.125], "texture": "#0"}
			}
		},
		{
			"from": [8, 16.25, 5.5],
			"to": [8, 17.25, 5.75],
			"rotation": {"angle": 0, "axis": "y", "origin": [7, 16.25, 4]},
			"faces": {
				"north": {"uv": [0, 0, 0, 0.5], "texture": "#0"},
				"east": {"uv": [10.5, 8.5, 10.625, 9], "texture": "#0"},
				"south": {"uv": [0, 0, 0, 0.5], "texture": "#0"},
				"west": {"uv": [9, 10.5, 9.125, 11], "texture": "#0"},
				"up": {"uv": [0, 0.125, 0, 0], "texture": "#0"},
				"down": {"uv": [0, 0, 0, 0.125], "texture": "#0"}
			}
		},
		{
			"from": [8, 17.25, 5.75],
			"to": [8, 18.25, 6],
			"rotation": {"angle": 0, "axis": "y", "origin": [7, 17.25, 4.25]},
			"faces": {
				"north": {"uv": [0, 0, 0, 0.5], "texture": "#0"},
				"east": {"uv": [10.5, 9, 10.625, 9.5], "texture": "#0"},
				"south": {"uv": [0, 0, 0, 0.5], "texture": "#0"},
				"west": {"uv": [9.5, 10.5, 9.625, 11], "texture": "#0"},
				"up": {"uv": [0, 0.125, 0, 0], "texture": "#0"},
				"down": {"uv": [0, 0, 0, 0.125], "texture": "#0"}
			}
		},
		{
			"from": [8, 18.25, 6],
			"to": [8, 19.25, 6.25],
			"rotation": {"angle": 0, "axis": "y", "origin": [7, 18.25, 4.5]},
			"faces": {
				"north": {"uv": [0, 0, 0, 0.5], "texture": "#0"},
				"east": {"uv": [10.5, 9.5, 10.625, 10], "texture": "#0"},
				"south": {"uv": [0, 0, 0, 0.5], "texture": "#0"},
				"west": {"uv": [10, 10.5, 10.125, 11], "texture": "#0"},
				"up": {"uv": [0, 0.125, 0, 0], "texture": "#0"},
				"down": {"uv": [0, 0, 0, 0.125], "texture": "#0"}
			}
		},
		{
			"from": [8, 19.25, 6.25],
			"to": [8, 20.25, 6.5],
			"rotation": {"angle": 0, "axis": "y", "origin": [7, 19.25, 4.75]},
			"faces": {
				"north": {"uv": [0, 0, 0, 0.5], "texture": "#0"},
				"east": {"uv": [10.5, 10, 10.625, 10.5], "texture": "#0"},
				"south": {"uv": [0, 0, 0, 0.5], "texture": "#0"},
				"west": {"uv": [10.5, 10.5, 10.625, 11], "texture": "#0"},
				"up": {"uv": [0, 0.125, 0, 0], "texture": "#0"},
				"down": {"uv": [0, 0, 0, 0.125], "texture": "#0"}
			}
		},
		{
			"from": [8, 20.25, 6.5],
			"to": [8, 21.25, 6.75],
			"rotation": {"angle": 0, "axis": "y", "origin": [7, 20.25, 5]},
			"faces": {
				"north": {"uv": [0, 0, 0, 0.5], "texture": "#0"},
				"east": {"uv": [0, 11, 0.125, 11.5], "texture": "#0"},
				"south": {"uv": [0, 0, 0, 0.5], "texture": "#0"},
				"west": {"uv": [11, 0, 11.125, 0.5], "texture": "#0"},
				"up": {"uv": [0, 0.125, 0, 0], "texture": "#0"},
				"down": {"uv": [0, 0, 0, 0.125], "texture": "#0"}
			}
		},
		{
			"from": [8, 21.25, 6.75],
			"to": [8, 22.25, 7],
			"rotation": {"angle": 0, "axis": "y", "origin": [7, 21.25, 5.25]},
			"faces": {
				"north": {"uv": [0, 0, 0, 0.5], "texture": "#0"},
				"east": {"uv": [0.5, 11, 0.625, 11.5], "texture": "#0"},
				"south": {"uv": [0, 0, 0, 0.5], "texture": "#0"},
				"west": {"uv": [11, 0.5, 11.125, 1], "texture": "#0"},
				"up": {"uv": [0, 0.125, 0, 0], "texture": "#0"},
				"down": {"uv": [0, 0, 0, 0.125], "texture": "#0"}
			}
		},
		{
			"from": [8, 22.25, 7],
			"to": [8, 23.25, 7.25],
			"rotation": {"angle": 0, "axis": "y", "origin": [7, 22.25, 5.5]},
			"faces": {
				"north": {"uv": [0, 0, 0, 0.5], "texture": "#0"},
				"east": {"uv": [1, 11, 1.125, 11.5], "texture": "#0"},
				"south": {"uv": [0, 0, 0, 0.5], "texture": "#0"},
				"west": {"uv": [11, 1, 11.125, 1.5], "texture": "#0"},
				"up": {"uv": [0, 0.125, 0, 0], "texture": "#0"},
				"down": {"uv": [0, 0, 0, 0.125], "texture": "#0"}
			}
		},
		{
			"from": [8, 23, 7.25],
			"to": [8, 23.75, 7.5],
			"rotation": {"angle": 0, "axis": "y", "origin": [7, 23, 5.75]},
			"faces": {
				"north": {"uv": [0, 0, 0, 0.375], "texture": "#0"},
				"east": {"uv": [3, 11, 3.125, 11.375], "texture": "#0"},
				"south": {"uv": [0, 0, 0, 0.375], "texture": "#0"},
				"west": {"uv": [11, 3, 11.125, 3.375], "texture": "#0"},
				"up": {"uv": [0, 0.125, 0, 0], "texture": "#0"},
				"down": {"uv": [0, 0, 0, 0.125], "texture": "#0"}
			}
		},
		{
			"from": [8, 23.75, 7.75],
			"to": [8, 24.75, 8],
			"rotation": {"angle": 0, "axis": "y", "origin": [7, 23.75, 6.25]},
			"faces": {
				"north": {"uv": [0, 0, 0, 0.5], "texture": "#0"},
				"east": {"uv": [1.5, 11, 1.625, 11.5], "texture": "#0"},
				"south": {"uv": [0, 0, 0, 0.5], "texture": "#0"},
				"west": {"uv": [11, 1.5, 11.125, 2], "texture": "#0"},
				"up": {"uv": [0, 0.125, 0, 0], "texture": "#0"},
				"down": {"uv": [0, 0, 0, 0.125], "texture": "#0"}
			}
		},
		{
			"from": [8, 24, 8],
			"to": [8, 25.25, 8.25],
			"rotation": {"angle": 0, "axis": "y", "origin": [7, 24, 6.5]},
			"faces": {
				"north": {"uv": [0, 0, 0, 0.625], "texture": "#0"},
				"east": {"uv": [0.5, 9.5, 0.625, 10.125], "texture": "#0"},
				"south": {"uv": [0, 0, 0, 0.625], "texture": "#0"},
				"west": {"uv": [1, 9.5, 1.125, 10.125], "texture": "#0"},
				"up": {"uv": [0, 0.125, 0, 0], "texture": "#0"},
				"down": {"uv": [0, 0, 0, 0.125], "texture": "#0"}
			}
		},
		{
			"from": [8, 23.5, 7.5],
			"to": [8, 24.25, 7.75],
			"rotation": {"angle": 0, "axis": "y", "origin": [7, 23.5, 6]},
			"faces": {
				"north": {"uv": [0, 0, 0, 0.375], "texture": "#0"},
				"east": {"uv": [3.5, 11, 3.625, 11.375], "texture": "#0"},
				"south": {"uv": [0, 0, 0, 0.375], "texture": "#0"},
				"west": {"uv": [11, 3.5, 11.125, 3.875], "texture": "#0"},
				"up": {"uv": [0, 0.125, 0, 0], "texture": "#0"},
				"down": {"uv": [0, 0, 0, 0.125], "texture": "#0"}
			}
		},
		{
			"from": [8, 24.5, 8.25],
			"to": [8, 25.75, 8.5],
			"rotation": {"angle": 0, "axis": "y", "origin": [7, 24.5, 6.75]},
			"faces": {
				"north": {"uv": [0, 0, 0, 0.625], "texture": "#0"},
				"east": {"uv": [9.5, 1, 9.625, 1.625], "texture": "#0"},
				"south": {"uv": [0, 0, 0, 0.625], "texture": "#0"},
				"west": {"uv": [1.5, 9.5, 1.625, 10.125], "texture": "#0"},
				"up": {"uv": [0, 0.125, 0, 0], "texture": "#0"},
				"down": {"uv": [0, 0, 0, 0.125], "texture": "#0"}
			}
		},
		{
			"from": [8, 24.5, 8.5],
			"to": [8, 26, 8.75],
			"rotation": {"angle": 0, "axis": "y", "origin": [7, 24.5, 7]},
			"faces": {
				"north": {"uv": [0, 0, 0, 0.75], "texture": "#0"},
				"east": {"uv": [0, 9.5, 0.125, 10.25], "texture": "#0"},
				"south": {"uv": [0, 0, 0, 0.75], "texture": "#0"},
				"west": {"uv": [9.5, 0, 9.625, 0.75], "texture": "#0"},
				"up": {"uv": [0, 0.125, 0, 0], "texture": "#0"},
				"down": {"uv": [0, 0, 0, 0.125], "texture": "#0"}
			}
		}
	],
	"display": {
		"thirdperson_righthand": {
			"translation": [0, 3.25, 1]
		},
		"thirdperson_lefthand": {
			"translation": [0, 3.25, 1]
		},
		"firstperson_righthand": {
			"translation": [4, 0, -4.5]
		},
		"firstperson_lefthand": {
			"translation": [4, 0, -4.5]
		},
		"ground": {
			"rotation": [90, 90, 0],
			"translation": [0, 0, -1]
		},
		"gui": {
			"rotation": [-90, 45, 90],
			"translation": [2.5, -3.25, 0]
		},
		"fixed": {
			"rotation": [-90, 45, 90],
			"translation": [3, -3.5, 0]
		}
	},
	"groups": [
		{
			"name": "SovereignSword",
			"origin": [8, 8, 8],
			"color": 0,
			"children": [
				0,
				1,
				2,
				3,
				4,
				5,
				6,
				7,
				8,
				9,
				10,
				11,
				12,
				13,
				14,
				15,
				16,
				17,
				18,
				19,
				20,
				21,
				22,
				23,
				24,
				25,
				26,
				27,
				28,
				29,
				30,
				31,
				32,
				33,
				34,
				35,
				36,
				37,
				38,
				39,
				40,
				41,
				42,
				43,
				44,
				45,
				46,
				47,
				48,
				49,
				50,
				51,
				52,
				53,
				54,
				55,
				56,
				57,
				58,
				59,
				60,
				61,
				62,
				63,
				64,
				65,
				66,
				67,
				68,
				69,
				70,
				71,
				72,
				73,
				74,
				75,
				76
			]
		}
	]
}