{
	"credit": "Made with Blockbench",
	"texture_size": [64, 64],
	"textures": {
		"0": "item/SteampunkWeapon",
		"particle": "item/SteampunkWeapon"
	},
	"elements": [
		{
			"from": [7.25, 9, -6],
			"to": [8.75, 11, 11],
			"faces": {
				"north": {"uv": [1.75, 9.5, 2.125, 10], "texture": "#0"},
				"east": {"uv": [0, 0, 4.25, 0.5], "texture": "#0"},
				"south": {"uv": [9.5, 2.75, 9.875, 3.25], "texture": "#0"},
				"west": {"uv": [0, 0.5, 4.25, 1], "texture": "#0"},
				"up": {"uv": [0.375, 5.25, 0, 1], "texture": "#0"},
				"down": {"uv": [0.875, 1, 0.5, 5.25], "texture": "#0"}
			}
		},
		{
			"from": [7, 11.5, 2.25],
			"to": [9, 13.5, 10.25],
			"faces": {
				"north": {"uv": [9, 1.75, 9.5, 2.25], "texture": "#0"},
				"east": {"uv": [4.25, 1.75, 6.25, 2.25], "texture": "#0"},
				"south": {"uv": [9, 2.75, 9.5, 3.25], "texture": "#0"},
				"west": {"uv": [4.75, 3.5, 6.75, 4], "texture": "#0"},
				"up": {"uv": [3, 6.25, 2.5, 4.25], "texture": "#0"},
				"down": {"uv": [3.5, 4.25, 3, 6.25], "texture": "#0"}
			}
		},
		{
			"from": [7, 11.5, 10.25],
			"to": [9, 13.5, 10.75],
			"faces": {
				"north": {"uv": [4.5, 9, 5, 9.5], "texture": "#0"},
				"east": {"uv": [1.25, 10.25, 1.375, 10.75], "texture": "#0"},
				"south": {"uv": [5.5, 9, 6, 9.5], "texture": "#0"},
				"west": {"uv": [1.5, 10.25, 1.625, 10.75], "texture": "#0"},
				"up": {"uv": [10.75, 4.625, 10.25, 4.5], "texture": "#0"},
				"down": {"uv": [10.75, 4.75, 10.25, 4.875], "texture": "#0"}
			}
		},
		{
			"from": [7, 11.5, 1.75],
			"to": [9, 13.5, 2.25],
			"faces": {
				"north": {"uv": [9, 6.25, 9.5, 6.75], "texture": "#0"},
				"east": {"uv": [5, 10.25, 5.125, 10.75], "texture": "#0"},
				"south": {"uv": [9, 6.75, 9.5, 7.25], "texture": "#0"},
				"west": {"uv": [10.25, 5, 10.375, 5.5], "texture": "#0"},
				"up": {"uv": [5.75, 10.375, 5.25, 10.25], "texture": "#0"},
				"down": {"uv": [10.75, 5.5, 10.25, 5.625], "texture": "#0"}
			}
		},
		{
			"from": [9, 11.75, 2.25],
			"to": [9.5, 13.25, 10.25],
			"faces": {
				"north": {"uv": [5.25, 10.5, 5.375, 10.875], "texture": "#0"},
				"east": {"uv": [5, 0, 7, 0.375], "texture": "#0"},
				"south": {"uv": [5.5, 10.5, 5.625, 10.875], "texture": "#0"},
				"west": {"uv": [5, 0.5, 7, 0.875], "texture": "#0"},
				"up": {"uv": [3.875, 11, 3.75, 9], "texture": "#0"},
				"down": {"uv": [0.125, 9.25, 0, 11.25], "texture": "#0"}
			}
		},
		{
			"from": [8.54289, 11.08579, 2.25],
			"to": [9.04289, 12.14645, 10.25],
			"rotation": {"angle": -45, "axis": "z", "origin": [8.79289, 11.39645, 6.25]},
			"faces": {
				"north": {"uv": [10.75, 0.5, 10.875, 0.75], "texture": "#0"},
				"east": {"uv": [4.25, 2.25, 6.25, 2.5], "texture": "#0"},
				"south": {"uv": [0.75, 10.75, 0.875, 11], "texture": "#0"},
				"west": {"uv": [6.75, 3.75, 8.75, 4], "texture": "#0"},
				"up": {"uv": [0.375, 11.25, 0.25, 9.25], "texture": "#0"},
				"down": {"uv": [0.625, 9.25, 0.5, 11.25], "texture": "#0"}
			}
		},
		{
			"from": [8.54289, 12.85355, 2.25],
			"to": [9.04289, 13.91421, 10.25],
			"rotation": {"angle": 45, "axis": "z", "origin": [8.79289, 13.60355, 6.25]},
			"faces": {
				"north": {"uv": [10.75, 0.75, 10.875, 1], "texture": "#0"},
				"east": {"uv": [7, 1.5, 9, 1.75], "texture": "#0"},
				"south": {"uv": [1.25, 10.75, 1.375, 11], "texture": "#0"},
				"west": {"uv": [7, 1.75, 9, 2], "texture": "#0"},
				"up": {"uv": [1.125, 11.25, 1, 9.25], "texture": "#0"},
				"down": {"uv": [2.375, 9.25, 2.25, 11.25], "texture": "#0"}
			}
		},
		{
			"from": [6.5, 11.75, 2.25],
			"to": [7, 13.25, 10.25],
			"faces": {
				"north": {"uv": [5.75, 10.5, 5.875, 10.875], "texture": "#0"},
				"east": {"uv": [5, 1, 7, 1.375], "texture": "#0"},
				"south": {"uv": [6, 10.5, 6.125, 10.875], "texture": "#0"},
				"west": {"uv": [5.25, 4, 7.25, 4.375], "texture": "#0"},
				"up": {"uv": [2.625, 11.25, 2.5, 9.25], "texture": "#0"},
				"down": {"uv": [2.875, 9.25, 2.75, 11.25], "texture": "#0"}
			}
		},
		{
			"from": [6.95711, 11.08579, 2.25],
			"to": [7.45711, 12.14645, 10.25],
			"rotation": {"angle": 45, "axis": "z", "origin": [7.20711, 11.39645, 6.25]},
			"faces": {
				"north": {"uv": [1.5, 10.75, 1.625, 11], "texture": "#0"},
				"east": {"uv": [7, 2, 9, 2.25], "texture": "#0"},
				"south": {"uv": [2, 10.75, 2.125, 11], "texture": "#0"},
				"west": {"uv": [7, 2.25, 9, 2.5], "texture": "#0"},
				"up": {"uv": [3.125, 11.25, 3, 9.25], "texture": "#0"},
				"down": {"uv": [3.375, 9.25, 3.25, 11.25], "texture": "#0"}
			}
		},
		{
			"from": [6.45711, 13.35355, 2.25],
			"to": [7.51777, 13.85355, 10.25],
			"rotation": {"angle": 45, "axis": "z", "origin": [7.20711, 13.60355, 6.25]},
			"faces": {
				"north": {"uv": [10.75, 2.75, 11, 2.875], "texture": "#0"},
				"east": {"uv": [8.5, 0.5, 10.5, 0.625], "texture": "#0"},
				"south": {"uv": [3.5, 10.75, 3.75, 10.875], "texture": "#0"},
				"west": {"uv": [8.75, 3.75, 10.75, 3.875], "texture": "#0"},
				"up": {"uv": [4, 9, 3.75, 7], "texture": "#0"},
				"down": {"uv": [4.75, 7, 4.5, 9], "texture": "#0"}
			}
		},
		{
			"from": [7.25, 11, 2.25],
			"to": [8.75, 11.5, 10.25],
			"faces": {
				"north": {"uv": [10.5, 5.25, 10.875, 5.375], "texture": "#0"},
				"east": {"uv": [9, 2.25, 11, 2.375], "texture": "#0"},
				"south": {"uv": [10.5, 5.75, 10.875, 5.875], "texture": "#0"},
				"west": {"uv": [9, 7.25, 11, 7.375], "texture": "#0"},
				"up": {"uv": [0.375, 7.25, 0, 5.25], "texture": "#0"},
				"down": {"uv": [0.875, 5.25, 0.5, 7.25], "texture": "#0"}
			}
		},
		{
			"from": [7.25, 13.5, 2.25],
			"to": [8.75, 14, 10.25],
			"faces": {
				"north": {"uv": [6.25, 10.5, 6.625, 10.625], "texture": "#0"},
				"east": {"uv": [9, 7.5, 11, 7.625], "texture": "#0"},
				"south": {"uv": [10.5, 6.75, 10.875, 6.875], "texture": "#0"},
				"west": {"uv": [9.25, 0, 11.25, 0.125], "texture": "#0"},
				"up": {"uv": [4.375, 7.25, 4, 5.25], "texture": "#0"},
				"down": {"uv": [5.625, 4.5, 5.25, 6.5], "texture": "#0"}
			}
		},
		{
			"from": [7, 9.5, -4],
			"to": [9, 11.5, 0],
			"faces": {
				"north": {"uv": [9.25, 3.25, 9.75, 3.75], "texture": "#0"},
				"east": {"uv": [7, 4.5, 8, 5], "texture": "#0"},
				"south": {"uv": [4, 9.25, 4.5, 9.75], "texture": "#0"},
				"west": {"uv": [7, 5, 8, 5.5], "texture": "#0"},
				"up": {"uv": [0.5, 8.25, 0, 7.25], "texture": "#0"},
				"down": {"uv": [1, 7.25, 0.5, 8.25], "texture": "#0"}
			}
		},
		{
			"from": [7, 5.25, -7.5],
			"to": [9, 7.25, -2.5],
			"faces": {
				"north": {"uv": [9.25, 4, 9.75, 4.5], "texture": "#0"},
				"east": {"uv": [5.75, 4.5, 7, 5], "texture": "#0"},
				"south": {"uv": [9.25, 4.5, 9.75, 5], "texture": "#0"},
				"west": {"uv": [5.75, 5, 7, 5.5], "texture": "#0"},
				"up": {"uv": [5, 7, 4.5, 5.75], "texture": "#0"},
				"down": {"uv": [6.25, 5.5, 5.75, 6.75], "texture": "#0"}
			}
		},
		{
			"from": [6.5, 4.75, -14.5],
			"to": [9.5, 7.75, -7.5],
			"faces": {
				"north": {"uv": [3.25, 6.25, 4, 7], "texture": "#0"},
				"east": {"uv": [2.5, 1, 4.25, 1.75], "texture": "#0"},
				"south": {"uv": [5, 6.5, 5.75, 7.25], "texture": "#0"},
				"west": {"uv": [2.5, 1.75, 4.25, 2.5], "texture": "#0"},
				"up": {"uv": [3.25, 4.25, 2.5, 2.5], "texture": "#0"},
				"down": {"uv": [4, 2.5, 3.25, 4.25], "texture": "#0"}
			}
		},
		{
			"from": [6.501, 6.1, -15.15],
			"to": [9.499, 7.1, -14.15],
			"rotation": {"angle": 45, "axis": "x", "origin": [8, 6.25, -15]},
			"faces": {
				"north": {"uv": [9.5, 2, 10.25, 2.25], "texture": "#0"},
				"east": {"uv": [6, 1.5, 6.25, 1.75], "texture": "#0"},
				"south": {"uv": [4.5, 9.5, 5.25, 9.75], "texture": "#0"},
				"west": {"uv": [6.5, 3.25, 6.75, 3.5], "texture": "#0"},
				"up": {"uv": [6, 9.75, 5.25, 9.5], "texture": "#0"},
				"down": {"uv": [7, 9.5, 6.25, 9.75], "texture": "#0"}
			}
		},
		{
			"from": [7.85, 4.751, -15.15],
			"to": [8.85, 7.749, -14.15],
			"rotation": {"angle": -45, "axis": "y", "origin": [8, 6.25, -15]},
			"faces": {
				"north": {"uv": [5, 5.75, 5.25, 6.5], "texture": "#0"},
				"east": {"uv": [1.75, 7.25, 2, 8], "texture": "#0"},
				"south": {"uv": [3, 7.25, 3.25, 8], "texture": "#0"},
				"west": {"uv": [3.5, 9.25, 3.75, 10], "texture": "#0"},
				"up": {"uv": [7.5, 7.75, 7.25, 7.5], "texture": "#0"},
				"down": {"uv": [2.5, 8, 2.25, 8.25], "texture": "#0"}
			}
		},
		{
			"from": [7.25, 11, -3.5],
			"to": [8.75, 13, -0.5],
			"faces": {
				"north": {"uv": [9.5, 6.25, 9.875, 6.75], "texture": "#0"},
				"east": {"uv": [7.25, 4, 8, 4.5], "texture": "#0"},
				"south": {"uv": [9.5, 6.75, 9.875, 7.25], "texture": "#0"},
				"west": {"uv": [7.25, 7.75, 8, 8.25], "texture": "#0"},
				"up": {"uv": [3.625, 9.25, 3.25, 8.5], "texture": "#0"},
				"down": {"uv": [4.375, 8.5, 4, 9.25], "texture": "#0"}
			}
		},
		{
			"from": [7.5, 13, -2.5],
			"to": [8.5, 14, -1.5],
			"faces": {
				"north": {"uv": [3, 8, 3.25, 8.25], "texture": "#0"},
				"east": {"uv": [5.5, 8, 5.75, 8.25], "texture": "#0"},
				"south": {"uv": [5.75, 10.25, 6, 10.5], "texture": "#0"},
				"west": {"uv": [10.25, 5.75, 10.5, 6], "texture": "#0"},
				"up": {"uv": [6.25, 10.5, 6, 10.25], "texture": "#0"},
				"down": {"uv": [6.5, 10.25, 6.25, 10.5], "texture": "#0"}
			}
		},
		{
			"from": [7.251, 6.23223, -7.35355],
			"to": [8.749, 7.73223, -4.35355],
			"rotation": {"angle": -45, "axis": "x", "origin": [8.5, 7.23223, -6.35355]},
			"faces": {
				"north": {"uv": [9.75, 8, 10.125, 8.375], "texture": "#0"},
				"east": {"uv": [8.5, 5, 9.25, 5.375], "texture": "#0"},
				"south": {"uv": [10, 2.75, 10.375, 3.125], "texture": "#0"},
				"west": {"uv": [0, 8.75, 0.75, 9.125], "texture": "#0"},
				"up": {"uv": [2.125, 9.5, 1.75, 8.75], "texture": "#0"},
				"down": {"uv": [5.375, 8.75, 5, 9.5], "texture": "#0"}
			}
		},
		{
			"from": [7.751, 3.63223, -4.55355],
			"to": [8.249, 4.13223, -1.25355],
			"rotation": {"angle": -45, "axis": "x", "origin": [8.5, 7.23223, -6.35355]},
			"faces": {
				"north": {"uv": [10.75, 4.75, 10.875, 4.875], "texture": "#0"},
				"east": {"uv": [10, 6.25, 10.8125, 6.375], "texture": "#0"},
				"south": {"uv": [5, 10.75, 5.125, 10.875], "texture": "#0"},
				"west": {"uv": [10, 6.5, 10.8125, 6.625], "texture": "#0"},
				"up": {"uv": [7.125, 10.8125, 7, 10], "texture": "#0"},
				"down": {"uv": [7.375, 10, 7.25, 10.8125], "texture": "#0"}
			}
		},
		{
			"from": [7.251, 9.68579, -4.5],
			"to": [8.749, 12.58579, -2.5],
			"rotation": {"angle": 45, "axis": "x", "origin": [8, 11.58579, -3.5]},
			"faces": {
				"north": {"uv": [8.75, 5.5, 9.125, 6.25], "texture": "#0"},
				"east": {"uv": [1.75, 8, 2.25, 8.75], "texture": "#0"},
				"south": {"uv": [6.25, 8.75, 6.625, 9.5], "texture": "#0"},
				"west": {"uv": [8, 4, 8.5, 4.75], "texture": "#0"},
				"up": {"uv": [7.375, 10, 7, 9.5], "texture": "#0"},
				"down": {"uv": [7.875, 9.5, 7.5, 10], "texture": "#0"}
			}
		},
		{
			"from": [7.501, 10.68579, -5.5],
			"to": [8.499, 11.68579, -4.5],
			"rotation": {"angle": 45, "axis": "x", "origin": [8, 11.58579, -3.5]},
			"faces": {
				"north": {"uv": [6.5, 10.25, 6.75, 10.5], "texture": "#0"},
				"east": {"uv": [7.5, 10.25, 7.75, 10.5], "texture": "#0"},
				"south": {"uv": [7.75, 10.25, 8, 10.5], "texture": "#0"},
				"west": {"uv": [8, 10.25, 8.25, 10.5], "texture": "#0"},
				"up": {"uv": [10.5, 8.25, 10.25, 8], "texture": "#0"},
				"down": {"uv": [8.5, 10.25, 8.25, 10.5], "texture": "#0"}
			}
		},
		{
			"from": [7.251, 9.68579, -1.5],
			"to": [8.749, 12.58579, 0.5],
			"rotation": {"angle": -45, "axis": "x", "origin": [8.001, 11.58579, -0.5]},
			"faces": {
				"north": {"uv": [6.75, 8.75, 7.125, 9.5], "texture": "#0"},
				"east": {"uv": [8, 4.75, 8.5, 5.5], "texture": "#0"},
				"south": {"uv": [7.25, 8.75, 7.625, 9.5], "texture": "#0"},
				"west": {"uv": [5, 8, 5.5, 8.75], "texture": "#0"},
				"up": {"uv": [8.375, 10, 8, 9.5], "texture": "#0"},
				"down": {"uv": [8.875, 9.5, 8.5, 10], "texture": "#0"}
			}
		},
		{
			"from": [7.501, 10.68579, 0.5],
			"to": [8.499, 11.68579, 1.5],
			"rotation": {"angle": -45, "axis": "x", "origin": [8.001, 11.58579, -0.5]},
			"faces": {
				"north": {"uv": [10.25, 8.25, 10.5, 8.5], "texture": "#0"},
				"east": {"uv": [8.5, 10.25, 8.75, 10.5], "texture": "#0"},
				"south": {"uv": [8.75, 10.25, 9, 10.5], "texture": "#0"},
				"west": {"uv": [9.5, 10.25, 9.75, 10.5], "texture": "#0"},
				"up": {"uv": [10, 10.5, 9.75, 10.25], "texture": "#0"},
				"down": {"uv": [10.25, 10.25, 10, 10.5], "texture": "#0"}
			}
		},
		{
			"from": [7.501, 12.07071, 0.8435],
			"to": [8.499, 13.07071, 1.8435],
			"rotation": {"angle": 0, "axis": "x", "origin": [8, 12.57071, 1.3435]},
			"faces": {
				"north": {"uv": [10.25, 10, 10.5, 10.25], "texture": "#0"},
				"east": {"uv": [10.25, 10.25, 10.5, 10.5], "texture": "#0"},
				"south": {"uv": [10.5, 0.5, 10.75, 0.75], "texture": "#0"},
				"west": {"uv": [0.75, 10.5, 1, 10.75], "texture": "#0"},
				"up": {"uv": [10.75, 1, 10.5, 0.75], "texture": "#0"},
				"down": {"uv": [10.75, 2.75, 10.5, 3], "texture": "#0"}
			}
		},
		{
			"from": [6.75, 8.75, 1],
			"to": [9.25, 10.75, 11],
			"faces": {
				"north": {"uv": [8.25, 7.25, 8.875, 7.75], "texture": "#0"},
				"east": {"uv": [4, 2.5, 6.5, 3], "texture": "#0"},
				"south": {"uv": [8, 8.25, 8.625, 8.75], "texture": "#0"},
				"west": {"uv": [4, 3, 6.5, 3.5], "texture": "#0"},
				"up": {"uv": [1.625, 3.5, 1, 1], "texture": "#0"},
				"down": {"uv": [2.375, 1, 1.75, 3.5], "texture": "#0"}
			}
		},
		{
			"from": [6.75, 7.56802, 12.76777],
			"to": [9.25, 11.56802, 13.56777],
			"rotation": {"angle": 0, "axis": "y", "origin": [-0.001, -1.18198, -1.23223]},
			"faces": {
				"north": {"uv": [6.25, 1.5, 6.875, 2.5], "texture": "#0"},
				"east": {"uv": [9, 9.5, 9.1875, 10.5], "texture": "#0"},
				"south": {"uv": [2.5, 6.25, 3.125, 7.25], "texture": "#0"},
				"west": {"uv": [9.25, 9.5, 9.4375, 10.5], "texture": "#0"},
				"up": {"uv": [10.375, 8.6875, 9.75, 8.5], "texture": "#0"},
				"down": {"uv": [10.375, 9.25, 9.75, 9.4375], "texture": "#0"}
			}
		},
		{
			"from": [6.75, 8.96802, 12.36777],
			"to": [9.25, 9.56802, 12.76777],
			"rotation": {"angle": 0, "axis": "y", "origin": [-0.001, -1.18198, -1.23223]},
			"faces": {
				"north": {"uv": [9.5, 10, 10.125, 10.125], "texture": "#0"},
				"east": {"uv": [10.75, 5.5, 10.875, 5.625], "texture": "#0"},
				"south": {"uv": [10, 9.5, 10.625, 9.625], "texture": "#0"},
				"west": {"uv": [6.25, 10.75, 6.375, 10.875], "texture": "#0"},
				"up": {"uv": [10.625, 9.875, 10, 9.75], "texture": "#0"},
				"down": {"uv": [10.875, 1, 10.25, 1.125], "texture": "#0"}
			}
		},
		{
			"from": [6.751, 10.5873, 10.23671],
			"to": [9.249, 12.4873, 12.93671],
			"rotation": {"angle": -22.5, "axis": "x", "origin": [8, 11.5873, 15.23671]},
			"faces": {
				"north": {"uv": [8.5, 0, 9.125, 0.5], "texture": "#0"},
				"east": {"uv": [8.25, 6.75, 8.9375, 7.25], "texture": "#0"},
				"south": {"uv": [8.5, 3.25, 9.125, 3.75], "texture": "#0"},
				"west": {"uv": [7.25, 8.25, 7.9375, 8.75], "texture": "#0"},
				"up": {"uv": [8.125, 7.6875, 7.5, 7], "texture": "#0"},
				"down": {"uv": [8.375, 0, 7.75, 0.6875], "texture": "#0"}
			}
		},
		{
			"from": [6.752, 6.50736, 8.82843],
			"to": [9.248, 7.50736, 12.32843],
			"rotation": {"angle": 45, "axis": "x", "origin": [8, 6.50736, 13.82843]},
			"faces": {
				"north": {"uv": [9.75, 0.75, 10.375, 1], "texture": "#0"},
				"east": {"uv": [5, 1.5, 5.875, 1.75], "texture": "#0"},
				"south": {"uv": [9.75, 7.75, 10.375, 8], "texture": "#0"},
				"west": {"uv": [8.75, 9.25, 9.625, 9.5], "texture": "#0"},
				"up": {"uv": [7.375, 7.375, 6.75, 6.5], "texture": "#0"},
				"down": {"uv": [7.625, 0, 7, 0.875], "texture": "#0"}
			}
		},
		{
			"from": [6.75, 7.75, -6],
			"to": [9.25, 9, 1],
			"faces": {
				"north": {"uv": [9.25, 8.75, 9.875, 9.0625], "texture": "#0"},
				"east": {"uv": [6.75, 3.25, 8.5, 3.5625], "texture": "#0"},
				"south": {"uv": [9.5, 1, 10.125, 1.3125], "texture": "#0"},
				"west": {"uv": [7, 1, 8.75, 1.3125], "texture": "#0"},
				"up": {"uv": [4.625, 5.25, 4, 3.5], "texture": "#0"},
				"down": {"uv": [4.875, 0, 4.25, 1.75], "texture": "#0"}
			}
		},
		{
			"from": [6.75, 7.75, 3.3],
			"to": [9.25, 8.25, 11],
			"faces": {
				"north": {"uv": [10.25, 1.25, 10.875, 1.375], "texture": "#0"},
				"east": {"uv": [9.25, 0.25, 11.1875, 0.375], "texture": "#0"},
				"south": {"uv": [10.25, 2, 10.875, 2.125], "texture": "#0"},
				"west": {"uv": [9.25, 6, 11.1875, 6.125], "texture": "#0"},
				"up": {"uv": [1.625, 5.4375, 1, 3.5], "texture": "#0"},
				"down": {"uv": [2.375, 3.5, 1.75, 5.4375], "texture": "#0"}
			}
		},
		{
			"from": [6.95, 8.15, 1],
			"to": [9.05, 8.55, 7.3],
			"faces": {
				"north": {"uv": [10.5, 3, 11, 3.125], "texture": "#0"},
				"east": {"uv": [9.5, 1.5, 11.0625, 1.625], "texture": "#0"},
				"south": {"uv": [4, 10.5, 4.5, 10.625], "texture": "#0"},
				"west": {"uv": [9.5, 1.75, 11.0625, 1.875], "texture": "#0"},
				"up": {"uv": [4, 5.8125, 3.5, 4.25], "texture": "#0"},
				"down": {"uv": [5.25, 4, 4.75, 5.5625], "texture": "#0"}
			}
		},
		{
			"from": [6.75, 5.75, 12.75],
			"to": [9.25, 6.15, 14.65],
			"faces": {
				"north": {"uv": [10.25, 2.5, 10.875, 2.625], "texture": "#0"},
				"east": {"uv": [4.5, 10.5, 5, 10.625], "texture": "#0"},
				"south": {"uv": [10.25, 3.25, 10.875, 3.375], "texture": "#0"},
				"west": {"uv": [10.5, 5, 11, 5.125], "texture": "#0"},
				"up": {"uv": [9.125, 4.5, 8.5, 4], "texture": "#0"},
				"down": {"uv": [9.125, 4.5, 8.5, 5], "texture": "#0"}
			}
		},
		{
			"from": [7, 9, -9],
			"to": [9, 11.1, -6],
			"faces": {
				"north": {"uv": [9.25, 5, 9.75, 5.5], "texture": "#0"},
				"east": {"uv": [8, 7.75, 8.75, 8.25], "texture": "#0"},
				"south": {"uv": [9.25, 5.5, 9.75, 6], "texture": "#0"},
				"west": {"uv": [0, 8.25, 0.75, 8.75], "texture": "#0"},
				"up": {"uv": [6.75, 8.75, 6.25, 8], "texture": "#0"},
				"down": {"uv": [1.75, 8.25, 1.25, 9], "texture": "#0"}
			}
		},
		{
			"from": [6.5, 8.75, -12.85],
			"to": [9.5, 11.25, -9],
			"faces": {
				"north": {"uv": [5, 7.25, 5.75, 7.875], "texture": "#0"},
				"east": {"uv": [1, 6.5, 1.9375, 7.125], "texture": "#0"},
				"south": {"uv": [7.5, 2.5, 8.25, 3.125], "texture": "#0"},
				"west": {"uv": [6.5, 2.5, 7.4375, 3.125], "texture": "#0"},
				"up": {"uv": [1.75, 6.4375, 1, 5.5], "texture": "#0"},
				"down": {"uv": [2.5, 5.5, 1.75, 6.4375], "texture": "#0"}
			}
		},
		{
			"from": [7.6, 11.25, -12.75],
			"to": [8.4, 11.85, -11.25],
			"faces": {
				"north": {"uv": [4.25, 10.75, 4.4375, 10.875], "texture": "#0"},
				"east": {"uv": [10.5, 7, 10.875, 7.125], "texture": "#0"},
				"south": {"uv": [4.5, 10.75, 4.6875, 10.875], "texture": "#0"},
				"west": {"uv": [7.5, 10.5, 7.875, 10.625], "texture": "#0"},
				"up": {"uv": [4.6875, 5.625, 4.5, 5.25], "texture": "#0"},
				"down": {"uv": [8.9375, 1, 8.75, 1.375], "texture": "#0"}
			}
		},
		{
			"from": [6.1, 9.85, -12.75],
			"to": [6.5, 10.25, -11.25],
			"faces": {
				"north": {"uv": [6.5, 10.75, 6.625, 10.875], "texture": "#0"},
				"east": {"uv": [10.5, 7.75, 10.875, 7.875], "texture": "#0"},
				"south": {"uv": [7.5, 10.75, 7.625, 10.875], "texture": "#0"},
				"west": {"uv": [8, 10.5, 8.375, 10.625], "texture": "#0"},
				"up": {"uv": [10.625, 8.375, 10.5, 8], "texture": "#0"},
				"down": {"uv": [8.625, 10.5, 8.5, 10.875], "texture": "#0"}
			}
		},
		{
			"from": [9.5, 9.85, -12.75],
			"to": [9.9, 10.25, -11.25],
			"faces": {
				"north": {"uv": [7.75, 10.75, 7.875, 10.875], "texture": "#0"},
				"east": {"uv": [10.5, 8.5, 10.875, 8.625], "texture": "#0"},
				"south": {"uv": [8, 10.75, 8.125, 10.875], "texture": "#0"},
				"west": {"uv": [8.75, 10.5, 9.125, 10.625], "texture": "#0"},
				"up": {"uv": [9.375, 10.875, 9.25, 10.5], "texture": "#0"},
				"down": {"uv": [9.625, 10.5, 9.5, 10.875], "texture": "#0"}
			}
		},
		{
			"from": [7.6, 8.15, -12.75],
			"to": [8.4, 8.75, -10.15],
			"faces": {
				"north": {"uv": [10.75, 4.5, 10.9375, 4.625], "texture": "#0"},
				"east": {"uv": [10.25, 3.5, 10.875, 3.625], "texture": "#0"},
				"south": {"uv": [4.75, 10.75, 4.9375, 10.875], "texture": "#0"},
				"west": {"uv": [10.25, 4, 10.875, 4.125], "texture": "#0"},
				"up": {"uv": [2.1875, 10.625, 2, 10], "texture": "#0"},
				"down": {"uv": [3.6875, 10, 3.5, 10.625], "texture": "#0"}
			}
		},
		{
			"from": [7.9, 11.25, -9.5],
			"to": [8.1, 11.55, -9],
			"faces": {
				"north": {"uv": [10.75, 8.75, 10.8125, 8.8125], "texture": "#0"},
				"east": {"uv": [10.75, 8, 10.875, 8.0625], "texture": "#0"},
				"south": {"uv": [9, 10.75, 9.0625, 10.8125], "texture": "#0"},
				"west": {"uv": [8.25, 10.75, 8.375, 10.8125], "texture": "#0"},
				"up": {"uv": [10.8125, 8.375, 10.75, 8.25], "texture": "#0"},
				"down": {"uv": [8.8125, 10.75, 8.75, 10.875], "texture": "#0"}
			}
		},
		{
			"from": [7.5, 8.25, 3],
			"to": [8.5, 9, 11],
			"faces": {
				"north": {"uv": [10.5, 9.25, 10.75, 9.4375], "texture": "#0"},
				"east": {"uv": [7.75, 0.75, 9.75, 0.9375], "texture": "#0"},
				"south": {"uv": [9.75, 10.5, 10, 10.6875], "texture": "#0"},
				"west": {"uv": [8.25, 2.5, 10.25, 2.6875], "texture": "#0"},
				"up": {"uv": [5, 9, 4.75, 7], "texture": "#0"},
				"down": {"uv": [1.25, 7.25, 1, 9.25], "texture": "#0"}
			}
		},
		{
			"from": [7.25, 5, 1],
			"to": [8.75, 9, 3],
			"faces": {
				"north": {"uv": [2.25, 8.25, 2.625, 9.25], "texture": "#0"},
				"east": {"uv": [1.25, 7.25, 1.75, 8.25], "texture": "#0"},
				"south": {"uv": [2.75, 8.25, 3.125, 9.25], "texture": "#0"},
				"west": {"uv": [2.5, 7.25, 3, 8.25], "texture": "#0"},
				"up": {"uv": [9.875, 10, 9.5, 9.5], "texture": "#0"},
				"down": {"uv": [1.625, 9.75, 1.25, 10.25], "texture": "#0"}
			}
		},
		{
			"from": [7.251, 6.59686, 2.5021],
			"to": [8.749, 9.49686, 3.5021],
			"rotation": {"angle": 22.5, "axis": "x", "origin": [8, 7.99686, 3.5021]},
			"faces": {
				"north": {"uv": [7.75, 8.75, 8.125, 9.5], "texture": "#0"},
				"east": {"uv": [0.75, 9.75, 1, 10.5], "texture": "#0"},
				"south": {"uv": [8.75, 7.75, 9.125, 8.5], "texture": "#0"},
				"west": {"uv": [4, 9.75, 4.25, 10.5], "texture": "#0"},
				"up": {"uv": [3.875, 6.25, 3.5, 6], "texture": "#0"},
				"down": {"uv": [10.375, 6.75, 10, 7], "texture": "#0"}
			}
		},
		{
			"from": [7.251, 8.14645, 0.76777],
			"to": [8.749, 10.14645, 2.76777],
			"rotation": {"angle": -45, "axis": "x", "origin": [8, 8.64645, 1.76777]},
			"faces": {
				"north": {"uv": [9.75, 3.25, 10.125, 3.75], "texture": "#0"},
				"east": {"uv": [9.25, 7.75, 9.75, 8.25], "texture": "#0"},
				"south": {"uv": [9.75, 4, 10.125, 4.5], "texture": "#0"},
				"west": {"uv": [9.25, 8.25, 9.75, 8.75], "texture": "#0"},
				"up": {"uv": [4.625, 10.25, 4.25, 9.75], "texture": "#0"},
				"down": {"uv": [10.125, 4.5, 9.75, 5], "texture": "#0"}
			}
		},
		{
			"from": [7.251, 2.19238, 2.03283],
			"to": [8.749, 5.19238, 4.03283],
			"rotation": {"angle": 22.5, "axis": "x", "origin": [8, 7.69238, 3.03283]},
			"faces": {
				"north": {"uv": [8.25, 8.75, 8.625, 9.5], "texture": "#0"},
				"east": {"uv": [5.5, 8.25, 6, 9], "texture": "#0"},
				"south": {"uv": [8.75, 8.5, 9.125, 9.25], "texture": "#0"},
				"west": {"uv": [8.25, 5.5, 8.75, 6.25], "texture": "#0"},
				"up": {"uv": [5.125, 10.25, 4.75, 9.75], "texture": "#0"},
				"down": {"uv": [10.125, 5, 9.75, 5.5], "texture": "#0"}
			}
		},
		{
			"from": [7.25, 6.05025, 13.72132],
			"to": [8.75, 12.15025, 14.62132],
			"rotation": {"angle": 0, "axis": "y", "origin": [0, -2.94975, 1.12132]},
			"faces": {
				"north": {"uv": [2, 6.5, 2.375, 8], "texture": "#0"},
				"east": {"uv": [0.75, 8.25, 1, 9.75], "texture": "#0"},
				"south": {"uv": [6.25, 6.5, 6.625, 8], "texture": "#0"},
				"west": {"uv": [6, 8.25, 6.25, 9.75], "texture": "#0"},
				"up": {"uv": [10.375, 7.25, 10, 7], "texture": "#0"},
				"down": {"uv": [7.875, 10, 7.5, 10.25], "texture": "#0"}
			}
		},
		{
			"from": [7.25, 6.05025, 13.12132],
			"to": [8.75, 11.75025, 13.72132],
			"rotation": {"angle": 0, "axis": "y", "origin": [0, -2.94975, 1.12132]},
			"faces": {
				"north": {"uv": [5.75, 6.75, 6.125, 8.1875], "texture": "#0"},
				"east": {"uv": [6.75, 9.75, 6.875, 11.1875], "texture": "#0"},
				"south": {"uv": [3.25, 7, 3.625, 8.4375], "texture": "#0"},
				"west": {"uv": [1.75, 10, 1.875, 11.4375], "texture": "#0"},
				"up": {"uv": [10.375, 10.625, 10, 10.5], "texture": "#0"},
				"down": {"uv": [10.875, 10, 10.5, 10.125], "texture": "#0"}
			}
		},
		{
			"from": [7.25, 8.85025, 12.52132],
			"to": [8.75, 9.75025, 13.12132],
			"rotation": {"angle": 0, "axis": "y", "origin": [0, -2.94975, 1.12132]},
			"faces": {
				"north": {"uv": [8, 10, 8.375, 10.25], "texture": "#0"},
				"east": {"uv": [10.75, 3.75, 10.875, 4], "texture": "#0"},
				"south": {"uv": [8.5, 10, 8.875, 10.25], "texture": "#0"},
				"west": {"uv": [4, 10.75, 4.125, 11], "texture": "#0"},
				"up": {"uv": [10.875, 10.375, 10.5, 10.25], "texture": "#0"},
				"down": {"uv": [10.875, 10.5, 10.5, 10.625], "texture": "#0"}
			}
		},
		{
			"from": [6.751, 4.15381, 8.68198],
			"to": [9.249, 4.65381, 11.68198],
			"rotation": {"angle": 45, "axis": "x", "origin": [8.501, 3.65381, 14.18198]},
			"faces": {
				"north": {"uv": [4.25, 10.25, 4.875, 10.375], "texture": "#0"},
				"east": {"uv": [10, 8.75, 10.75, 8.875], "texture": "#0"},
				"south": {"uv": [10.25, 4.25, 10.875, 4.375], "texture": "#0"},
				"west": {"uv": [10, 9, 10.75, 9.125], "texture": "#0"},
				"up": {"uv": [8.125, 6.25, 7.5, 5.5], "texture": "#0"},
				"down": {"uv": [8.125, 6.25, 7.5, 7], "texture": "#0"}
			}
		},
		{
			"from": [7.251, 5.40381, 8.68198],
			"to": [8.749, 7.40381, 13.68198],
			"rotation": {"angle": 45, "axis": "x", "origin": [8, 6.40381, 14.18198]},
			"faces": {
				"north": {"uv": [5.25, 9.75, 5.625, 10.25], "texture": "#0"},
				"east": {"uv": [6.25, 5.5, 7.5, 6], "texture": "#0"},
				"south": {"uv": [9.75, 5.5, 10.125, 6], "texture": "#0"},
				"west": {"uv": [6.25, 6, 7.5, 6.5], "texture": "#0"},
				"up": {"uv": [4.375, 8.5, 4, 7.25], "texture": "#0"},
				"down": {"uv": [7.125, 7.5, 6.75, 8.75], "texture": "#0"}
			}
		},
		{
			"from": [7.251, 9.84149, 11.23044],
			"to": [8.749, 11.84149, 14.23044],
			"rotation": {"angle": -22.5, "axis": "x", "origin": [8, 10.84149, 13.23044]},
			"faces": {
				"north": {"uv": [5.75, 9.75, 6.125, 10.25], "texture": "#0"},
				"east": {"uv": [8.25, 2.75, 9, 3.25], "texture": "#0"},
				"south": {"uv": [6.25, 9.75, 6.625, 10.25], "texture": "#0"},
				"west": {"uv": [8.25, 6.25, 9, 6.75], "texture": "#0"},
				"up": {"uv": [9.375, 1.75, 9, 1], "texture": "#0"},
				"down": {"uv": [1.625, 9, 1.25, 9.75], "texture": "#0"}
			}
		}
	],
	"display": {
		"thirdperson_righthand": {
			"translation": [-1.25, -1, 5.25],
			"scale": [0.75, 0.75, 0.75]
		},
		"thirdperson_lefthand": {
			"translation": [-1.25, -1, 5.25],
			"scale": [0.75, 0.75, 0.75]
		},
		"firstperson_righthand": {
			"translation": [1.25, 1.75, 3.5]
		},
		"firstperson_lefthand": {
			"translation": [1.25, 1.75, 3.5]
		},
		"gui": {
			"rotation": [90, -45, 90],
			"translation": [-3.5, -5, 0]
		},
		"head": {
			"rotation": [-90, 45, 90],
			"translation": [9.75, -7.5, 5],
			"scale": [1.49, 1.49, 1.49]
		}
	},
	"groups": [
		{
			"name": "SteampunkWeapon",
			"origin": [8, 8, 8],
			"color": 0,
			"children": [
				0,
				1,
				2,
				3,
				4,
				5,
				6,
				7,
				8,
				9,
				10,
				11,
				12,
				13,
				14,
				15,
				16,
				17,
				18,
				19,
				20,
				21,
				22,
				23,
				24,
				25,
				26,
				27,
				28,
				29,
				30,
				31,
				32,
				33,
				34,
				35,
				36,
				37,
				38,
				39,
				40,
				41,
				42,
				43,
				44,
				45,
				46,
				47,
				48,
				49,
				50,
				51,
				52
			]
		}
	]
}