{
	"credit": "Made with Blockbench",
	"textures": {
		"0": "item/steamspear1",
		"1": "item/steamspear",
		"particle": "item/steamspear1"
	},
	"elements": [
		{
			"from": [6.65, 6, 6.2],
			"to": [9.35, 8, 6.4],
			"faces": {
				"north": {"uv": [0, 0, 2.7, 2], "texture": "#1"},
				"east": {"uv": [0, 0, 0.2, 2], "texture": "#1"},
				"south": {"uv": [0, 0, 2.7, 2], "texture": "#1"},
				"west": {"uv": [0, 0, 0.2, 2], "texture": "#1"},
				"up": {"uv": [0, 0, 2.7, 0.2], "texture": "#1"},
				"down": {"uv": [0, 0, 2.7, 0.2], "texture": "#1"}
			}
		},
		{
			"from": [7.15, 6, 6],
			"to": [8.85, 7.5, 6.2],
			"faces": {
				"north": {"uv": [0, 0, 1.7, 1.5], "texture": "#1"},
				"east": {"uv": [0, 0, 0.2, 1.5], "texture": "#1"},
				"south": {"uv": [0, 0, 1.7, 1.5], "texture": "#1"},
				"west": {"uv": [0, 0, 0.2, 1.5], "texture": "#1"},
				"up": {"uv": [0, 0, 1.7, 0.2], "texture": "#1"},
				"down": {"uv": [0, 0, 1.7, 0.2], "texture": "#1"}
			}
		},
		{
			"from": [7.15, 6, 9.75],
			"to": [8.85, 7.5, 9.95],
			"faces": {
				"north": {"uv": [0, 0, 1.7, 1.5], "texture": "#1"},
				"east": {"uv": [0, 0, 0.2, 1.5], "texture": "#1"},
				"south": {"uv": [0, 0, 1.7, 1.5], "texture": "#1"},
				"west": {"uv": [0, 0, 0.2, 1.5], "texture": "#1"},
				"up": {"uv": [0, 0, 1.7, 0.2], "texture": "#1"},
				"down": {"uv": [0, 0, 1.7, 0.2], "texture": "#1"}
			}
		},
		{
			"from": [6.2, 6, 6.65],
			"to": [6.4, 8, 9.35],
			"faces": {
				"north": {"uv": [0, 0, 0.2, 2], "texture": "#1"},
				"east": {"uv": [0, 0, 2.7, 2], "texture": "#1"},
				"south": {"uv": [0, 0, 0.2, 2], "texture": "#1"},
				"west": {"uv": [0, 0, 2.7, 2], "texture": "#1"},
				"up": {"uv": [0, 0, 0.2, 2.7], "texture": "#1"},
				"down": {"uv": [0, 0, 0.2, 2.7], "texture": "#1"}
			}
		},
		{
			"from": [6.05, 6, 7.15],
			"to": [6.25, 7.5, 8.85],
			"faces": {
				"north": {"uv": [0, 0, 0.2, 1.5], "texture": "#1"},
				"east": {"uv": [0, 0, 1.7, 1.5], "texture": "#1"},
				"south": {"uv": [0, 0, 0.2, 1.5], "texture": "#1"},
				"west": {"uv": [0, 0, 1.7, 1.5], "texture": "#1"},
				"up": {"uv": [0, 0, 0.2, 1.7], "texture": "#1"},
				"down": {"uv": [0, 0, 0.2, 1.7], "texture": "#1"}
			}
		},
		{
			"from": [9.8, 6, 7.15],
			"to": [10, 7.5, 8.85],
			"faces": {
				"north": {"uv": [0, 0, 0.2, 1.5], "texture": "#1"},
				"east": {"uv": [0, 0, 1.7, 1.5], "texture": "#1"},
				"south": {"uv": [0, 0, 0.2, 1.5], "texture": "#1"},
				"west": {"uv": [0, 0, 1.7, 1.5], "texture": "#1"},
				"up": {"uv": [0, 0, 0.2, 1.7], "texture": "#1"},
				"down": {"uv": [0, 0, 0.2, 1.7], "texture": "#1"}
			}
		},
		{
			"from": [6.05, 6, 7.15],
			"to": [6.25, 7.5, 8.85],
			"faces": {
				"north": {"uv": [0, 0, 0.2, 1.5], "texture": "#1"},
				"east": {"uv": [0, 0, 1.7, 1.5], "texture": "#1"},
				"south": {"uv": [0, 0, 0.2, 1.5], "texture": "#1"},
				"west": {"uv": [0, 0, 1.7, 1.5], "texture": "#1"},
				"up": {"uv": [0, 0, 0.2, 1.7], "texture": "#1"},
				"down": {"uv": [0, 0, 0.2, 1.7], "texture": "#1"}
			}
		},
		{
			"from": [6.65, 7.75, 6.4],
			"to": [9.35, 8, 9.6],
			"rotation": {"angle": 0, "axis": "y", "origin": [8, 7.875, 8]},
			"faces": {
				"north": {"uv": [0, 0, 2.7, 0.25], "texture": "#1"},
				"east": {"uv": [0, 0, 3.2, 0.25], "texture": "#1"},
				"south": {"uv": [0, 0, 2.7, 0.25], "texture": "#1"},
				"west": {"uv": [0, 0, 3.2, 0.25], "texture": "#1"},
				"up": {"uv": [0, 0, 3.2, 2.7], "rotation": 90, "texture": "#1"},
				"down": {"uv": [0, 0, 3.2, 2.7], "rotation": 270, "texture": "#1"}
			}
		},
		{
			"from": [6.4, 7.75, 6.65],
			"to": [9.6, 8, 9.35],
			"rotation": {"angle": 0, "axis": "y", "origin": [8, 7.875, 8]},
			"faces": {
				"north": {"uv": [0, 0, 3.2, 0.25], "texture": "#1"},
				"east": {"uv": [0, 0, 2.7, 0.25], "texture": "#1"},
				"south": {"uv": [0, 0, 3.2, 0.25], "texture": "#1"},
				"west": {"uv": [0, 0, 2.7, 0.25], "texture": "#1"},
				"up": {"uv": [0, 0, 3.2, 2.7], "texture": "#1"},
				"down": {"uv": [0, 0, 3.2, 2.7], "texture": "#1"}
			}
		},
		{
			"from": [6.65, 6, 9.6],
			"to": [9.35, 8, 9.8],
			"faces": {
				"north": {"uv": [0, 0, 2.7, 2], "texture": "#1"},
				"east": {"uv": [0, 0, 0.2, 2], "texture": "#1"},
				"south": {"uv": [0, 0, 2.7, 2], "texture": "#1"},
				"west": {"uv": [0, 0, 0.2, 2], "texture": "#1"},
				"up": {"uv": [0, 0, 2.7, 0.2], "texture": "#1"},
				"down": {"uv": [0, 0, 2.7, 0.2], "texture": "#1"}
			}
		},
		{
			"from": [6.4, 6, 9.35],
			"to": [6.65, 8, 9.6],
			"faces": {
				"north": {"uv": [0, 0, 0.25, 2], "texture": "#1"},
				"east": {"uv": [0, 0, 0.25, 2], "texture": "#1"},
				"south": {"uv": [0, 0, 0.25, 2], "texture": "#1"},
				"west": {"uv": [0, 0, 0.25, 2], "texture": "#1"},
				"up": {"uv": [0, 0, 0.25, 0.25], "texture": "#1"},
				"down": {"uv": [0, 0, 0.25, 0.25], "texture": "#1"}
			}
		},
		{
			"from": [9.35, 6, 9.35],
			"to": [9.6, 8, 9.6],
			"rotation": {"angle": 0, "axis": "y", "origin": [2.95, 0, 0]},
			"faces": {
				"north": {"uv": [0, 0, 0.25, 2], "texture": "#1"},
				"east": {"uv": [0, 0, 0.25, 2], "texture": "#1"},
				"south": {"uv": [0, 0, 0.25, 2], "texture": "#1"},
				"west": {"uv": [0, 0, 0.25, 2], "texture": "#1"},
				"up": {"uv": [0, 0, 0.25, 0.25], "texture": "#1"},
				"down": {"uv": [0, 0, 0.25, 0.25], "texture": "#1"}
			}
		},
		{
			"from": [6.4, 6, 6.4],
			"to": [6.65, 8, 6.65],
			"rotation": {"angle": 0, "axis": "y", "origin": [0, 0, -2.95]},
			"faces": {
				"north": {"uv": [0, 0, 0.25, 2], "texture": "#1"},
				"east": {"uv": [0, 0, 0.25, 2], "texture": "#1"},
				"south": {"uv": [0, 0, 0.25, 2], "texture": "#1"},
				"west": {"uv": [0, 0, 0.25, 2], "texture": "#1"},
				"up": {"uv": [0, 0, 0.25, 0.25], "texture": "#1"},
				"down": {"uv": [0, 0, 0.25, 0.25], "texture": "#1"}
			}
		},
		{
			"from": [9.35, 6, 6.4],
			"to": [9.6, 8, 6.65],
			"rotation": {"angle": 0, "axis": "y", "origin": [2.95, 0, -2.95]},
			"faces": {
				"north": {"uv": [0, 0, 0.25, 2], "texture": "#1"},
				"east": {"uv": [0, 0, 0.25, 2], "texture": "#1"},
				"south": {"uv": [0, 0, 0.25, 2], "texture": "#1"},
				"west": {"uv": [0, 0, 0.25, 2], "texture": "#1"},
				"up": {"uv": [0, 0, 0.25, 0.25], "texture": "#1"},
				"down": {"uv": [0, 0, 0.25, 0.25], "texture": "#1"}
			}
		},
		{
			"from": [9.6, 6, 6.65],
			"to": [9.8, 8, 9.35],
			"faces": {
				"north": {"uv": [0, 0, 0.2, 2], "texture": "#1"},
				"east": {"uv": [0, 0, 2.7, 2], "texture": "#1"},
				"south": {"uv": [0, 0, 0.2, 2], "texture": "#1"},
				"west": {"uv": [0, 0, 2.7, 2], "texture": "#1"},
				"up": {"uv": [0, 0, 0.2, 2.7], "texture": "#1"},
				"down": {"uv": [0, 0, 0.2, 2.7], "texture": "#1"}
			}
		},
		{
			"from": [6.9, 8, 6.6],
			"to": [9.1, 10, 6.8],
			"faces": {
				"north": {"uv": [0, 0, 2.2, 2], "texture": "#1"},
				"east": {"uv": [0, 0, 0.2, 2], "texture": "#1"},
				"south": {"uv": [0, 0, 2.2, 2], "texture": "#1"},
				"west": {"uv": [0, 0, 0.2, 2], "texture": "#1"},
				"up": {"uv": [0, 0, 2.2, 0.2], "texture": "#1"},
				"down": {"uv": [0, 0, 2.2, 0.2], "texture": "#1"}
			}
		},
		{
			"from": [7.4, 10, 7.1],
			"to": [8.6, 12, 7.3],
			"faces": {
				"north": {"uv": [0, 0, 1.2, 2], "texture": "#1"},
				"east": {"uv": [0, 0, 0.2, 2], "texture": "#1"},
				"south": {"uv": [0, 0, 1.2, 2], "texture": "#1"},
				"west": {"uv": [0, 0, 0.2, 2], "texture": "#1"},
				"up": {"uv": [0, 0, 1.2, 0.2], "texture": "#1"},
				"down": {"uv": [0, 0, 1.2, 0.2], "texture": "#1"}
			}
		},
		{
			"from": [7.4, 10, 7.3],
			"to": [8.6, 12, 8.7],
			"faces": {
				"north": {"uv": [0, 0, 1.2, 2], "texture": "#1"},
				"east": {"uv": [0, 0, 1.4, 2], "texture": "#1"},
				"south": {"uv": [0, 0, 1.2, 2], "texture": "#1"},
				"west": {"uv": [0, 0, 1.4, 2], "texture": "#1"},
				"up": {"uv": [0, 0, 1.2, 1.4], "texture": "#1"},
				"down": {"uv": [0, 0, 1.2, 1.4], "texture": "#1"}
			}
		},
		{
			"from": [7.3, 10, 7.4],
			"to": [8.7, 12, 8.6],
			"rotation": {"angle": 0, "axis": "y", "origin": [8, 11, 8]},
			"faces": {
				"north": {"uv": [0, 0, 1.4, 2], "texture": "#1"},
				"east": {"uv": [0, 0, 1.2, 2], "texture": "#1"},
				"south": {"uv": [0, 0, 1.4, 2], "texture": "#1"},
				"west": {"uv": [0, 0, 1.2, 2], "texture": "#1"},
				"up": {"uv": [0, 0, 1.2, 1.4], "rotation": 90, "texture": "#1"},
				"down": {"uv": [0, 0, 1.2, 1.4], "rotation": 270, "texture": "#1"}
			}
		},
		{
			"from": [7.3, 12, 7.3],
			"to": [8.7, 12.25, 8.7],
			"rotation": {"angle": 0, "axis": "y", "origin": [8, 11, 8]},
			"faces": {
				"north": {"uv": [0, 0, 1.4, 0.25], "texture": "#1"},
				"east": {"uv": [0, 0, 1.4, 0.25], "texture": "#1"},
				"south": {"uv": [0, 0, 1.4, 0.25], "texture": "#1"},
				"west": {"uv": [0, 0, 1.4, 0.25], "texture": "#1"},
				"up": {"uv": [0, 0, 1.4, 1.4], "rotation": 90, "texture": "#1"},
				"down": {"uv": [0, 0, 1.4, 1.4], "rotation": 270, "texture": "#1"}
			}
		},
		{
			"from": [7.6, 12.25, 7.6],
			"to": [8.4, 12.875, 8.4],
			"rotation": {"angle": 0, "axis": "y", "origin": [8, 11, 8]},
			"faces": {
				"north": {"uv": [0, 0, 0.8, 0.625], "texture": "#1"},
				"east": {"uv": [0, 0, 0.8, 0.625], "texture": "#1"},
				"south": {"uv": [0, 0, 0.8, 0.625], "texture": "#1"},
				"west": {"uv": [0, 0, 0.8, 0.625], "texture": "#1"},
				"up": {"uv": [0, 0, 0.8, 0.8], "rotation": 90, "texture": "#1"},
				"down": {"uv": [0, 0, 0.8, 0.8], "rotation": 270, "texture": "#1"}
			}
		},
		{
			"from": [7.5, 12.25, 7.5],
			"to": [8.5, 12.625, 8.5],
			"rotation": {"angle": 0, "axis": "y", "origin": [8, 11, 8]},
			"faces": {
				"north": {"uv": [0, 0, 1, 0.375], "texture": "#1"},
				"east": {"uv": [0, 0, 1, 0.375], "texture": "#1"},
				"south": {"uv": [0, 0, 1, 0.375], "texture": "#1"},
				"west": {"uv": [0, 0, 1, 0.375], "texture": "#1"},
				"up": {"uv": [0, 0, 1, 1], "rotation": 90, "texture": "#1"},
				"down": {"uv": [0, 0, 1, 1], "rotation": 270, "texture": "#1"}
			}
		},
		{
			"from": [7.3, 10, 7.3],
			"to": [7.4, 12, 7.4],
			"rotation": {"angle": 0, "axis": "y", "origin": [-1.3, 0, 0]},
			"faces": {
				"north": {"uv": [0, 0, 0.1, 2], "texture": "#1"},
				"east": {"uv": [0, 0, 0.1, 2], "texture": "#1"},
				"south": {"uv": [0, 0, 0.1, 2], "texture": "#1"},
				"west": {"uv": [0, 0, 0.1, 2], "texture": "#1"},
				"up": {"uv": [0, 0, 0.1, 0.1], "texture": "#1"},
				"down": {"uv": [0, 0, 0.1, 0.1], "texture": "#1"}
			}
		},
		{
			"from": [8.6, 10, 8.6],
			"to": [8.7, 12, 8.7],
			"rotation": {"angle": 0, "axis": "y", "origin": [0, 0, 1.3]},
			"faces": {
				"north": {"uv": [0, 0, 0.1, 2], "texture": "#1"},
				"east": {"uv": [0, 0, 0.1, 2], "texture": "#1"},
				"south": {"uv": [0, 0, 0.1, 2], "texture": "#1"},
				"west": {"uv": [0, 0, 0.1, 2], "texture": "#1"},
				"up": {"uv": [0, 0, 0.1, 0.1], "texture": "#1"},
				"down": {"uv": [0, 0, 0.1, 0.1], "texture": "#1"}
			}
		},
		{
			"from": [8.6, 10, 7.3],
			"to": [8.7, 12, 7.4],
			"faces": {
				"north": {"uv": [0, 0, 1.2, 2], "texture": "#1"},
				"east": {"uv": [0, 0, 0.2, 2], "texture": "#1"},
				"south": {"uv": [0, 0, 1.2, 2], "texture": "#1"},
				"west": {"uv": [0, 0, 0.2, 2], "texture": "#1"},
				"up": {"uv": [0, 0, 1.2, 0.2], "texture": "#1"},
				"down": {"uv": [0, 0, 1.2, 0.2], "texture": "#1"}
			}
		},
		{
			"from": [7.3, 10, 8.6],
			"to": [7.4, 12, 8.7],
			"rotation": {"angle": 0, "axis": "y", "origin": [-1.3, 0, 1.3]},
			"faces": {
				"north": {"uv": [0, 0, 0.1, 2], "texture": "#1"},
				"east": {"uv": [0, 0, 0.1, 2], "texture": "#1"},
				"south": {"uv": [0, 0, 0.1, 2], "texture": "#1"},
				"west": {"uv": [0, 0, 0.1, 2], "texture": "#1"},
				"up": {"uv": [0, 0, 0.1, 0.1], "texture": "#1"},
				"down": {"uv": [0, 0, 0.1, 0.1], "texture": "#1"}
			}
		},
		{
			"from": [7.1, 10, 7.4],
			"to": [7.3, 12, 8.6],
			"faces": {
				"north": {"uv": [0, 0, 0.2, 2], "texture": "#1"},
				"east": {"uv": [0, 0, 1.2, 2], "texture": "#1"},
				"south": {"uv": [0, 0, 0.2, 2], "texture": "#1"},
				"west": {"uv": [0, 0, 1.2, 2], "texture": "#1"},
				"up": {"uv": [0, 0, 0.2, 1.2], "texture": "#1"},
				"down": {"uv": [0, 0, 0.2, 1.2], "texture": "#1"}
			}
		},
		{
			"from": [6.9, 10, 7.6],
			"to": [7.1, 11, 8.4],
			"faces": {
				"north": {"uv": [0, 0, 0.2, 1], "texture": "#1"},
				"east": {"uv": [0, 0, 0.8, 1], "texture": "#1"},
				"south": {"uv": [0, 0, 0.2, 1], "texture": "#1"},
				"west": {"uv": [0, 0, 0.8, 1], "texture": "#1"},
				"up": {"uv": [0, 0, 0.2, 0.8], "texture": "#1"},
				"down": {"uv": [0, 0, 0.2, 0.8], "texture": "#1"}
			}
		},
		{
			"from": [6.7, 10, 7.6],
			"to": [7.1, 10.3, 8.4],
			"faces": {
				"north": {"uv": [0, 0, 0.4, 0.3], "texture": "#1"},
				"east": {"uv": [0, 0, 0.8, 0.3], "texture": "#1"},
				"south": {"uv": [0, 0, 0.4, 0.3], "texture": "#1"},
				"west": {"uv": [0, 0, 0.8, 0.3], "texture": "#1"},
				"up": {"uv": [0, 0, 0.4, 0.8], "texture": "#1"},
				"down": {"uv": [0, 0, 0.4, 0.8], "texture": "#1"}
			}
		},
		{
			"from": [8.9, 10, 7.6],
			"to": [9.1, 11, 8.4],
			"faces": {
				"north": {"uv": [0, 0, 0.2, 1], "texture": "#1"},
				"east": {"uv": [0, 0, 0.8, 1], "texture": "#1"},
				"south": {"uv": [0, 0, 0.2, 1], "texture": "#1"},
				"west": {"uv": [0, 0, 0.8, 1], "texture": "#1"},
				"up": {"uv": [0, 0, 0.2, 0.8], "texture": "#1"},
				"down": {"uv": [0, 0, 0.2, 0.8], "texture": "#1"}
			}
		},
		{
			"from": [8.9, 10, 7.6],
			"to": [9.3, 10.3, 8.4],
			"faces": {
				"north": {"uv": [0, 0, 0.4, 0.3], "texture": "#1"},
				"east": {"uv": [0, 0, 0.8, 0.3], "texture": "#1"},
				"south": {"uv": [0, 0, 0.4, 0.3], "texture": "#1"},
				"west": {"uv": [0, 0, 0.8, 0.3], "texture": "#1"},
				"up": {"uv": [0, 0, 0.4, 0.8], "texture": "#1"},
				"down": {"uv": [0, 0, 0.4, 0.8], "texture": "#1"}
			}
		},
		{
			"from": [7.2, 8, 9.45],
			"to": [8.7, 9.5, 9.65],
			"faces": {
				"north": {"uv": [0, 0, 1.5, 1.5], "texture": "#1"},
				"east": {"uv": [0, 0, 0.2, 1.5], "texture": "#1"},
				"south": {"uv": [0, 0, 1.5, 1.5], "texture": "#1"},
				"west": {"uv": [0, 0, 0.2, 1.5], "texture": "#1"},
				"up": {"uv": [0, 0, 1.5, 0.2], "texture": "#1"},
				"down": {"uv": [0, 0, 1.5, 0.2], "texture": "#1"}
			}
		},
		{
			"from": [7.2, 8, 6.45],
			"to": [8.7, 9.5, 6.65],
			"faces": {
				"north": {"uv": [0, 0, 1.5, 1.5], "texture": "#1"},
				"east": {"uv": [0, 0, 0.2, 1.5], "texture": "#1"},
				"south": {"uv": [0, 0, 1.5, 1.5], "texture": "#1"},
				"west": {"uv": [0, 0, 0.2, 1.5], "texture": "#1"},
				"up": {"uv": [0, 0, 1.5, 0.2], "texture": "#1"},
				"down": {"uv": [0, 0, 1.5, 0.2], "texture": "#1"}
			}
		},
		{
			"from": [6.9, 8, 9.2],
			"to": [9.1, 10, 9.4],
			"faces": {
				"north": {"uv": [0, 0, 2.2, 2], "texture": "#1"},
				"east": {"uv": [0, 0, 0.2, 2], "texture": "#1"},
				"south": {"uv": [0, 0, 2.2, 2], "texture": "#1"},
				"west": {"uv": [0, 0, 0.2, 2], "texture": "#1"},
				"up": {"uv": [0, 0, 2.2, 0.2], "texture": "#1"},
				"down": {"uv": [0, 0, 2.2, 0.2], "texture": "#1"}
			}
		},
		{
			"from": [7.4, 10, 8.7],
			"to": [8.6, 12, 8.9],
			"faces": {
				"north": {"uv": [0, 0, 1.2, 2], "texture": "#1"},
				"east": {"uv": [0, 0, 0.2, 2], "texture": "#1"},
				"south": {"uv": [0, 0, 1.2, 2], "texture": "#1"},
				"west": {"uv": [0, 0, 0.2, 2], "texture": "#1"},
				"up": {"uv": [0, 0, 1.2, 0.2], "texture": "#1"},
				"down": {"uv": [0, 0, 1.2, 0.2], "texture": "#1"}
			}
		},
		{
			"from": [7.6, 10, 8.9],
			"to": [8.4, 11, 9.1],
			"faces": {
				"north": {"uv": [0, 0, 0.8, 1], "texture": "#1"},
				"east": {"uv": [0, 0, 0.2, 1], "texture": "#1"},
				"south": {"uv": [0, 0, 0.8, 1], "texture": "#1"},
				"west": {"uv": [0, 0, 0.2, 1], "texture": "#1"},
				"up": {"uv": [0, 0, 0.8, 0.2], "texture": "#1"},
				"down": {"uv": [0, 0, 0.8, 0.2], "texture": "#1"}
			}
		},
		{
			"from": [7.6, 10, 8.9],
			"to": [8.4, 10.3, 9.3],
			"faces": {
				"north": {"uv": [0, 0, 0.8, 0.3], "texture": "#1"},
				"east": {"uv": [0, 0, 0.4, 0.3], "texture": "#1"},
				"south": {"uv": [0, 0, 0.8, 0.3], "texture": "#1"},
				"west": {"uv": [0, 0, 0.4, 0.3], "texture": "#1"},
				"up": {"uv": [0, 0, 0.8, 0.4], "texture": "#1"},
				"down": {"uv": [0, 0, 0.8, 0.4], "texture": "#1"}
			}
		},
		{
			"from": [7.6, 10, 6.9],
			"to": [8.4, 11, 7.1],
			"faces": {
				"north": {"uv": [0, 0, 0.8, 1], "texture": "#1"},
				"east": {"uv": [0, 0, 0.2, 1], "texture": "#1"},
				"south": {"uv": [0, 0, 0.8, 1], "texture": "#1"},
				"west": {"uv": [0, 0, 0.2, 1], "texture": "#1"},
				"up": {"uv": [0, 0, 0.8, 0.2], "texture": "#1"},
				"down": {"uv": [0, 0, 0.8, 0.2], "texture": "#1"}
			}
		},
		{
			"from": [7.6, 10, 6.7],
			"to": [8.4, 10.3, 7.1],
			"faces": {
				"north": {"uv": [0, 0, 0.8, 0.3], "texture": "#1"},
				"east": {"uv": [0, 0, 0.4, 0.3], "texture": "#1"},
				"south": {"uv": [0, 0, 0.8, 0.3], "texture": "#1"},
				"west": {"uv": [0, 0, 0.4, 0.3], "texture": "#1"},
				"up": {"uv": [0, 0, 0.8, 0.4], "texture": "#1"},
				"down": {"uv": [0, 0, 0.8, 0.4], "texture": "#1"}
			}
		},
		{
			"from": [9.1, 8, 6.8],
			"to": [9.2, 10, 6.9],
			"rotation": {"angle": 0, "axis": "y", "origin": [2.55, 0, -2.55]},
			"faces": {
				"north": {"uv": [0, 0, 0.1, 2], "texture": "#1"},
				"east": {"uv": [0, 0, 0.1, 2], "texture": "#1"},
				"south": {"uv": [0, 0, 0.1, 2], "texture": "#1"},
				"west": {"uv": [0, 0, 0.1, 2], "texture": "#1"},
				"up": {"uv": [0, 0, 0.1, 0.1], "texture": "#1"},
				"down": {"uv": [0, 0, 0.1, 0.1], "texture": "#1"}
			}
		},
		{
			"from": [6.8, 8, 6.8],
			"to": [6.9, 10, 6.9],
			"rotation": {"angle": 0, "axis": "y", "origin": [0.25, 0, -2.55]},
			"faces": {
				"north": {"uv": [0, 0, 0.25, 2], "texture": "#1"},
				"east": {"uv": [0, 0, 0.25, 2], "texture": "#1"},
				"south": {"uv": [0, 0, 0.25, 2], "texture": "#1"},
				"west": {"uv": [0, 0, 0.25, 2], "texture": "#1"},
				"up": {"uv": [0, 0, 0.25, 0.25], "texture": "#1"},
				"down": {"uv": [0, 0, 0.25, 0.25], "texture": "#1"}
			}
		},
		{
			"from": [9.1, 8, 9.1],
			"to": [9.2, 10, 9.2],
			"rotation": {"angle": 0, "axis": "y", "origin": [2.55, 0, -0.25]},
			"faces": {
				"north": {"uv": [0, 0, 0.1, 2], "texture": "#1"},
				"east": {"uv": [0, 0, 0.1, 2], "texture": "#1"},
				"south": {"uv": [0, 0, 0.1, 2], "texture": "#1"},
				"west": {"uv": [0, 0, 0.1, 2], "texture": "#1"},
				"up": {"uv": [0, 0, 0.1, 0.1], "texture": "#1"},
				"down": {"uv": [0, 0, 0.1, 0.1], "texture": "#1"}
			}
		},
		{
			"from": [6.8, 8, 9.1],
			"to": [6.9, 10, 9.2],
			"rotation": {"angle": 0, "axis": "y", "origin": [0.25, 0, -0.25]},
			"faces": {
				"north": {"uv": [0, 0, 0.1, 2], "texture": "#1"},
				"east": {"uv": [0, 0, 0.1, 2], "texture": "#1"},
				"south": {"uv": [0, 0, 0.1, 2], "texture": "#1"},
				"west": {"uv": [0, 0, 0.1, 2], "texture": "#1"},
				"up": {"uv": [0, 0, 0.1, 0.1], "texture": "#1"},
				"down": {"uv": [0, 0, 0.1, 0.1], "texture": "#1"}
			}
		},
		{
			"from": [9.2, 8, 6.9],
			"to": [9.4, 10, 9.1],
			"faces": {
				"north": {"uv": [0, 0, 0.2, 2], "texture": "#1"},
				"east": {"uv": [0, 0, 2.2, 2], "texture": "#1"},
				"south": {"uv": [0, 0, 0.2, 2], "texture": "#1"},
				"west": {"uv": [0, 0, 2.2, 2], "texture": "#1"},
				"up": {"uv": [0, 0, 0.2, 2.2], "texture": "#1"},
				"down": {"uv": [0, 0, 0.2, 2.2], "texture": "#1"}
			}
		},
		{
			"from": [6.9, 8, 6.8],
			"to": [9.1, 10, 9.2],
			"rotation": {"angle": 0, "axis": "y", "origin": [8, 9, 8]},
			"faces": {
				"north": {"uv": [0, 0, 2.2, 2], "texture": "#1"},
				"east": {"uv": [0, 0, 2.4, 2], "texture": "#1"},
				"south": {"uv": [0, 0, 2.2, 2], "texture": "#1"},
				"west": {"uv": [0, 0, 2.4, 2], "texture": "#1"},
				"up": {"uv": [0, 0, 2.4, 2.2], "rotation": 270, "texture": "#1"},
				"down": {"uv": [0, 0, 2.4, 2.2], "rotation": 90, "texture": "#1"}
			}
		},
		{
			"from": [6.8, 8, 6.9],
			"to": [9.2, 10, 9.1],
			"rotation": {"angle": 0, "axis": "y", "origin": [8, 9, 8]},
			"faces": {
				"north": {"uv": [0, 0, 2.4, 2], "texture": "#1"},
				"east": {"uv": [0, 0, 2.2, 2], "texture": "#1"},
				"south": {"uv": [0, 0, 2.4, 2], "texture": "#1"},
				"west": {"uv": [0, 0, 2.2, 2], "texture": "#1"},
				"up": {"uv": [0, 0, 2.4, 2.2], "texture": "#1"},
				"down": {"uv": [0, 0, 2.4, 2.2], "texture": "#1"}
			}
		},
		{
			"from": [6.6, 8, 6.9],
			"to": [6.8, 10, 9.1],
			"faces": {
				"north": {"uv": [0, 0, 0.2, 2], "texture": "#1"},
				"east": {"uv": [0, 0, 2.2, 2], "texture": "#1"},
				"south": {"uv": [0, 0, 0.2, 2], "texture": "#1"},
				"west": {"uv": [0, 0, 2.2, 2], "texture": "#1"},
				"up": {"uv": [0, 0, 0.2, 2.2], "texture": "#1"},
				"down": {"uv": [0, 0, 0.2, 2.2], "texture": "#1"}
			}
		},
		{
			"from": [6.45, 8, 7.4],
			"to": [6.65, 9.5, 8.6],
			"faces": {
				"north": {"uv": [0, 0, 0.2, 1.5], "texture": "#1"},
				"east": {"uv": [0, 0, 1.2, 1.5], "texture": "#1"},
				"south": {"uv": [0, 0, 0.2, 1.5], "texture": "#1"},
				"west": {"uv": [0, 0, 1.2, 1.5], "texture": "#1"},
				"up": {"uv": [0, 0, 0.2, 1.2], "texture": "#1"},
				"down": {"uv": [0, 0, 0.2, 1.2], "texture": "#1"}
			}
		},
		{
			"from": [7, -5.25, 7.15],
			"to": [9, -4, 9],
			"faces": {
				"north": {"uv": [0, 0, 2, 1.25], "texture": "#1"},
				"east": {"uv": [0, 0, 1.85, 1.25], "texture": "#1"},
				"south": {"uv": [0, 0, 2, 1.25], "texture": "#1"},
				"west": {"uv": [0, 0, 1.85, 1.25], "texture": "#1"},
				"up": {"uv": [0, 0, 2, 1.85], "texture": "#1"},
				"down": {"uv": [0, 0, 2, 1.85], "texture": "#1"}
			}
		},
		{
			"from": [9.35, 8, 7.4],
			"to": [9.55, 9.5, 8.6],
			"faces": {
				"north": {"uv": [0, 0, 0.2, 1.5], "texture": "#1"},
				"east": {"uv": [0, 0, 1.2, 1.5], "texture": "#1"},
				"south": {"uv": [0, 0, 0.2, 1.5], "texture": "#1"},
				"west": {"uv": [0, 0, 1.2, 1.5], "texture": "#1"},
				"up": {"uv": [0, 0, 0.2, 1.2], "texture": "#1"},
				"down": {"uv": [0, 0, 0.2, 1.2], "texture": "#1"}
			}
		},
		{
			"from": [8.7, 10, 7.4],
			"to": [8.9, 12, 8.6],
			"faces": {
				"north": {"uv": [0, 0, 0.2, 2], "texture": "#1"},
				"east": {"uv": [0, 0, 1.2, 2], "texture": "#1"},
				"south": {"uv": [0, 0, 0.2, 2], "texture": "#1"},
				"west": {"uv": [0, 0, 1.2, 2], "texture": "#1"},
				"up": {"uv": [0, 0, 0.2, 1.2], "texture": "#1"},
				"down": {"uv": [0, 0, 0.2, 1.2], "texture": "#1"}
			}
		},
		{
			"from": [7.5, -5, 7.5],
			"to": [8.5, 11, 8.5],
			"faces": {
				"north": {"uv": [0, 0, 1, 16], "texture": "#0"},
				"east": {"uv": [0, 0, 1, 16], "texture": "#0"},
				"south": {"uv": [0, 0, 1, 16], "texture": "#0"},
				"west": {"uv": [0, 0, 1, 16], "texture": "#0"},
				"up": {"uv": [0, 0, 1, 1], "texture": "#0"},
				"down": {"uv": [0, 0, 1, 1], "texture": "#0"}
			}
		}
	],
	"display": {
		"thirdperson_righthand": {
			"translation": [0, 10.5, 1],
			"scale": [1.5, 1.5, 1.5]
		}
	},
	"groups": [
		{
			"name": "group",
			"origin": [0, 0, 0],
			"color": 0,
			"children": [
				{
					"name": "group",
					"origin": [0, 0, 0],
					"color": 0,
					"children": [0, 1, 2, 3, 4, 5, 6, 7, 8, 9, 10, 11, 12, 13, 14]
				},
				15,
				16,
				17,
				18,
				19,
				20,
				21,
				22,
				23,
				24,
				25,
				26,
				27,
				28,
				29,
				30,
				31,
				32,
				33,
				34,
				35,
				36,
				37,
				38,
				39,
				40,
				41,
				42,
				43,
				44,
				45,
				46,
				47,
				48,
				49,
				50
			]
		},
		{
			"name": "group",
			"origin": [0, 0, 0],
			"color": 0,
			"children": [51]
		}
	]
}