{
 "parent": "item/handheld",
 "textures": {
  "layer0": "item/stick"
 },

 "overrides": [
  { "predicate": {"custom_model_data": 123456}, "model": "item/asdf"},
  { "predicate": {"custom_model_data": 123457}, "model": "item/GunSword"},
  { "predicate": {"custom_model_data": 123458}, "model": "item/Spear"},
  { "predicate": {"custom_model_data": 123459}, "model": "item/PigheadStick"},
  { "predicate": {"custom_model_data": 123460}, "model": "item/fc95ace8-3db0-4e51-b3a2-3f008208122c"},
  { "predicate": {"custom_model_data": 123461}, "model": "item/Jezail"},
  { "predicate": {"custom_model_data": 123462}, "model": "item/sword2"},
  { "predicate": {"custom_model_data": 123463}, "model": "item/sword1"},
  { "predicate": {"custom_model_data": 123464}, "model": "item/ChainsawManBlade"},
  { "predicate": {"custom_model_data": 123465}, "model": "item/SerpentTrident"},
  { "predicate": {"custom_model_data": 123466}, "model": "item/ElementalBlade"},
  { "predicate": {"custom_model_data": 123467}, "model": "item/ExcaliburBlade"},
  { "predicate": {"custom_model_data": 123468}, "model": "item/WarAxe"},
  { "predicate": {"custom_model_data": 123469}, "model": "item/CatgirlDakimura"},
  { "predicate": {"custom_model_data": 123470}, "model": "item/JettKnife"},
  { "predicate": {"custom_model_data": 123471}, "model": "item/FlashDrive"},
  { "predicate": {"custom_model_data": 123472}, "model": "item/TourdeForce"},
  { "predicate": {"custom_model_data": 123473}, "model": "item/NewcastleShield"},
  { "predicate": {"custom_model_data": 123474}, "model": "item/Rageblade"},
  { "predicate": {"custom_model_data": 123475}, "model": "item/AquaHeartia"},
  { "predicate": {"custom_model_data": 123476}, "model": "item/ErisSword"},
  { "predicate": {"custom_model_data": 123477}, "model": "item/RoxyStaff"},
  { "predicate": {"custom_model_data": 123478}, "model": "item/weathered"},
  { "predicate": {"custom_model_data": 123479}, "model": "item/debateclub"},
  { "predicate": {"custom_model_data": 123480}, "model": "item/Grimoire"},
  { "predicate": {"custom_model_data": 123481}, "model": "item/online1"},
  { "predicate": {"custom_model_data": 123482}, "model": "item/steampunk_hamer"},
  { "predicate": {"custom_model_data": 123483}, "model": "item/shishkebab"},
  { "predicate": {"custom_model_data": 123484}, "model": "item/FGrimoire"},
  { "predicate": {"custom_model_data": 123485}, "model": "item/RocketLauncher"},
  { "predicate": {"custom_model_data": 123486}, "model": "item/Dagger"},
  { "predicate": {"custom_model_data": 123487}, "model": "item/banana"},
  { "predicate": {"custom_model_data": 123488}, "model": "item/banana_bunch"},
  { "predicate": {"custom_model_data": 123489}, "model": "item/glock18"},
  { "predicate": {"custom_model_data": 123490}, "model": "item/DravenAxe"},
  { "predicate": {"custom_model_data": 123491}, "model": "item/cross"},
  { "predicate": {"custom_model_data": 123492}, "model": "item/RelicofSentinel"},
  { "predicate": {"custom_model_data": 123493}, "model": "item/baalsword"},
  { "predicate": {"custom_model_data": 123494}, "model": "item/ganyukeqing"},
  { "predicate": {"custom_model_data": 123495}, "model": "item/childe"},
  { "predicate": {"custom_model_data": 123496}, "model": "item/spore"},
  { "predicate": {"custom_model_data": 123497}, "model": "item/vigor"},
  { "predicate": {"custom_model_data": 123498}, "model": "item/rotmgprojectile1"},
  { "predicate": {"custom_model_data": 123499}, "model": "item/steamspear"},
  { "predicate": {"custom_model_data": 123500}, "model": "item/icebullet"},
  { "predicate": {"custom_model_data": 123501}, "model": "item/firebullet"},
  { "predicate": {"custom_model_data": 123502}, "model": "item/seelescythe"},
  { "predicate": {"custom_model_data": 123503}, "model": "item/hotshot"},
  { "predicate": {"custom_model_data": 123504}, "model": "item/bronyagun"},
  { "predicate": {"custom_model_data": 123505}, "model": "item/key"},
  { "predicate": {"custom_model_data": 123506}, "model": "item/Ntofo"},
  { "predicate": {"custom_model_data": 123507}, "model": "item/Flamethrower"},
  { "predicate": {"custom_model_data": 123508}, "model": "item/JayceGun"},
  { "predicate": {"custom_model_data": 123509}, "model": "item/JayceHammer"},
  { "predicate": {"custom_model_data": 123510}, "model": "item/melodia"},
  { "predicate": {"custom_model_data": 123511}, "model": "item/MaeveDagger"},
  { "predicate": {"custom_model_data": 123512}, "model": "item/Chosendo"},
  { "predicate": {"custom_model_data": 123513}, "model": "item/InvisibleItem"},
  { "predicate": {"custom_model_data": 123514}, "model": "item/JaxLantern"},
  { "predicate": {"custom_model_data": 123515}, "model": "item/FlailMace"},
  { "predicate": {"custom_model_data": 123516}, "model": "item/SteampunkWeapon"},
  { "predicate": {"custom_model_data": 123517}, "model": "item/StrixSniper"},
  { "predicate": {"custom_model_data": 123518}, "model": "item/CamelierLance"},
  { "predicate": {"custom_model_data": 123519}, "model": "item/VineStaff"},
  { "predicate": {"custom_model_data": 123520}, "model": "item/AatroxSword"},
  { "predicate": {"custom_model_data": 123521}, "model": "item/RaumMinigun"},
  { "predicate": {"custom_model_data": 123522}, "model": "item/jollybrand"},
  { "predicate": {"custom_model_data": 123523}, "model": "item/neuris"},
  { "predicate": {"custom_model_data": 123524}, "model": "item/esper_sparkle"},
  { "predicate": {"custom_model_data": 123525}, "model": "item/LuxStaff"},
  { "predicate": {"custom_model_data": 123526}, "model": "item/BlowFart"},
  { "predicate": {"custom_model_data": 123527}, "model": "item/hailmaker_pistol"},
  { "predicate": {"custom_model_data": 123528}, "model": "item/SovereignSword"},
  { "predicate": {"custom_model_data": 123529}, "model": "item/BandagedFist"},
  { "predicate": {"custom_model_data": 123530}, "model": "item/lasersword"},
  { "predicate": {"custom_model_data": 123531}, "model": "item/dyecraft_paintbrush"},
  { "predicate": {"custom_model_data": 123532}, "model": "item/RaumMinigun2"},
  { "predicate": {"custom_model_data": 123533}, "model": "item/BigExcaliburBlade"},
  { "predicate": {"custom_model_data": 123534}, "model": "item/ScrapCannon"},
  { "predicate": {"custom_model_data": 123535}, "model": "item/MartinSniper"},
  { "predicate": {"custom_model_data": 123536}, "model": "item/BigMartinSniper"},
  { "predicate": {"custom_model_data": 123537}, "model": "item/FlareGun"},
  { "predicate": {"custom_model_data": 123538}, "model": "item/BigGun"},
  { "predicate": {"custom_model_data": 123539}, "model": "item/Molotov"}

 ]

 
}