{
	"credit": "Made with Blockbench",
	"texture_size": [32, 32],
	"textures": {
		"0": "item/StrixSniper",
		"particle": "item/StrixSniper"
	},
	"elements": [
		{
			"from": [7.5, 0, 17],
			"to": [8.5, 3.5, 17.5],
			"faces": {
				"north": {"uv": [3, 1, 3.5, 2.75], "texture": "#0"},
				"east": {"uv": [7, 7, 7.25, 8.75], "texture": "#0"},
				"south": {"uv": [3, 3, 3.5, 4.75], "texture": "#0"},
				"west": {"uv": [5.5, 7.5, 5.75, 9.25], "texture": "#0"},
				"up": {"uv": [11, 9.75, 10.5, 9.5], "texture": "#0"},
				"down": {"uv": [10.5, 10.5, 10, 10.75], "texture": "#0"}
			}
		},
		{
			"from": [7.5, 1.11732, 13.90224],
			"to": [8.5, 3.11732, 15.15224],
			"rotation": {"angle": 0, "axis": "y", "origin": [-0.001, -1.60476, 4.28806]},
			"faces": {
				"north": {"uv": [0, 7, 0.5, 8], "texture": "#0"},
				"east": {"uv": [5.5, 5.5, 6.125, 6.5], "texture": "#0"},
				"south": {"uv": [7, 0, 7.5, 1], "texture": "#0"},
				"west": {"uv": [2, 6, 2.625, 7], "texture": "#0"},
				"up": {"uv": [8, 8.625, 7.5, 8], "texture": "#0"},
				"down": {"uv": [8.5, 7.5, 8, 8.125], "texture": "#0"}
			}
		},
		{
			"from": [7.45, 1.06, 14.40224],
			"to": [8.55, 3.16, 15.15224],
			"rotation": {"angle": 0, "axis": "y", "origin": [-0.001, -1.60476, 4.28806]},
			"faces": {
				"north": {"uv": [0.5, 7, 1, 8], "texture": "#0"},
				"east": {"uv": [3.5, 8, 3.875, 9], "texture": "#0"},
				"south": {"uv": [2, 7, 2.5, 8], "texture": "#0"},
				"west": {"uv": [4, 8, 4.375, 9], "texture": "#0"},
				"up": {"uv": [0.5, 10.375, 0, 10], "texture": "#0"},
				"down": {"uv": [10.5, 0, 10, 0.375], "texture": "#0"}
			}
		},
		{
			"from": [7.5, 1.36732, 12.65224],
			"to": [8.5, 3.11732, 13.90224],
			"rotation": {"angle": 0, "axis": "y", "origin": [-0.001, -1.60476, 4.28806]},
			"faces": {
				"north": {"uv": [7.5, 0, 8, 0.875], "texture": "#0"},
				"east": {"uv": [5.5, 6.5, 6.125, 7.375], "texture": "#0"},
				"south": {"uv": [7.5, 4.5, 8, 5.375], "texture": "#0"},
				"west": {"uv": [6.5, 6, 7.125, 6.875], "texture": "#0"},
				"up": {"uv": [1, 9.125, 0.5, 8.5], "texture": "#0"},
				"down": {"uv": [1.5, 8.5, 1, 9.125], "texture": "#0"}
			}
		},
		{
			"from": [7.5, 0.76537, 15.15224],
			"to": [8.5, 3.11732, 17],
			"rotation": {"angle": 0, "axis": "y", "origin": [-0.001, 1.5, 2.85]},
			"faces": {
				"north": {"uv": [1, 6.5, 1.5, 7.625], "texture": "#0"},
				"east": {"uv": [2, 1, 2.875, 2.125], "texture": "#0"},
				"south": {"uv": [1.5, 6.5, 2, 7.625], "texture": "#0"},
				"west": {"uv": [2, 2.5, 2.875, 3.625], "texture": "#0"},
				"up": {"uv": [6.5, 8.375, 6, 7.5], "texture": "#0"},
				"down": {"uv": [8, 6, 7.5, 6.875], "texture": "#0"}
			}
		},
		{
			"from": [7.501, 1.08899, 6.50056],
			"to": [8.499, 2.33899, 9.00056],
			"rotation": {"angle": 0, "axis": "y", "origin": [-0.001, -1.88309, 5.38638]},
			"faces": {
				"north": {"uv": [8.5, 4, 9, 4.625], "texture": "#0"},
				"east": {"uv": [3.5, 4, 4.75, 4.625], "texture": "#0"},
				"south": {"uv": [6, 8.5, 6.5, 9.125], "texture": "#0"},
				"west": {"uv": [5, 1, 6.25, 1.625], "texture": "#0"},
				"up": {"uv": [6.5, 5.25, 6, 4], "texture": "#0"},
				"down": {"uv": [7, 0, 6.5, 1.25], "texture": "#0"}
			}
		},
		{
			"from": [7.501, 1.18899, 3.80056],
			"to": [8.499, 2.33899, 6.50056],
			"rotation": {"angle": 0, "axis": "y", "origin": [-0.001, -1.88309, 5.38638]},
			"faces": {
				"north": {"uv": [8.5, 7.5, 9, 8.125], "texture": "#0"},
				"east": {"uv": [3.5, 1, 4.875, 1.625], "texture": "#0"},
				"south": {"uv": [8, 8.5, 8.5, 9.125], "texture": "#0"},
				"west": {"uv": [3.5, 2, 4.875, 2.625], "texture": "#0"},
				"up": {"uv": [5, 6.375, 4.5, 5], "texture": "#0"},
				"down": {"uv": [6, 4, 5.5, 5.375], "texture": "#0"}
			}
		},
		{
			"from": [7.501, 1.48899, 2.10056],
			"to": [8.499, 2.33899, 3.80056],
			"rotation": {"angle": 0, "axis": "y", "origin": [-0.001, -1.88309, 5.38638]},
			"faces": {
				"north": {"uv": [0.5, 10, 1, 10.375], "texture": "#0"},
				"east": {"uv": [8, 6.5, 8.875, 6.875], "texture": "#0"},
				"south": {"uv": [10, 0.5, 10.5, 0.875], "texture": "#0"},
				"west": {"uv": [8, 7, 8.875, 7.375], "texture": "#0"},
				"up": {"uv": [8, 7.875, 7.5, 7], "texture": "#0"},
				"down": {"uv": [0.5, 8, 0, 8.875], "texture": "#0"}
			}
		},
		{
			"from": [7.5, 0.95552, 8.92156],
			"to": [8.5, 2.95552, 9.42156],
			"rotation": {"angle": 22.5, "axis": "x", "origin": [7.999, 2.08052, 9.54656]},
			"faces": {
				"north": {"uv": [2.5, 7, 3, 8], "texture": "#0"},
				"east": {"uv": [7.5, 9, 7.75, 10], "texture": "#0"},
				"south": {"uv": [3, 7, 3.5, 8], "texture": "#0"},
				"west": {"uv": [9, 7.5, 9.25, 8.5], "texture": "#0"},
				"up": {"uv": [11, 10.25, 10.5, 10], "texture": "#0"},
				"down": {"uv": [11, 10.5, 10.5, 10.75], "texture": "#0"}
			}
		},
		{
			"from": [7.501, 2.01182, 9.30399],
			"to": [8.499, 3.12809, 11.05399],
			"rotation": {"angle": 0, "axis": "y", "origin": [-0.001, -1.59399, 5.43981]},
			"faces": {
				"north": {"uv": [8.5, 1.5, 9, 2], "texture": "#0"},
				"east": {"uv": [8, 0, 8.875, 0.5], "texture": "#0"},
				"south": {"uv": [8.5, 5, 9, 5.5], "texture": "#0"},
				"west": {"uv": [0.5, 8, 1.375, 8.5], "texture": "#0"},
				"up": {"uv": [2, 8.875, 1.5, 8], "texture": "#0"},
				"down": {"uv": [2.5, 8, 2, 8.875], "texture": "#0"}
			}
		},
		{
			"from": [7.501, 1.31182, 9.10399],
			"to": [8.499, 1.42809, 10.15399],
			"rotation": {"angle": 0, "axis": "y", "origin": [-0.001, -1.59399, 5.43981]},
			"faces": {
				"north": {"uv": [11.5, 4, 12, 4.125], "texture": "#0"},
				"east": {"uv": [4.5, 11.5, 5, 11.625], "texture": "#0"},
				"south": {"uv": [5, 11.5, 5.5, 11.625], "texture": "#0"},
				"west": {"uv": [11.5, 5, 12, 5.125], "texture": "#0"},
				"up": {"uv": [9.5, 2.5, 9, 2], "texture": "#0"},
				"down": {"uv": [9.5, 3, 9, 3.5], "texture": "#0"}
			}
		},
		{
			"from": [7.5, 1.30552, 10.18565],
			"to": [8.5, 2.15552, 10.30192],
			"rotation": {"angle": 22.5, "axis": "x", "origin": [8, 1.68052, 10.24378]},
			"faces": {
				"north": {"uv": [1, 10, 1.5, 10.375], "texture": "#0"},
				"east": {"uv": [11.5, 10, 11.625, 10.375], "texture": "#0"},
				"south": {"uv": [10, 1, 10.5, 1.375], "texture": "#0"},
				"west": {"uv": [10.5, 11.5, 10.625, 11.875], "texture": "#0"},
				"up": {"uv": [12, 5.625, 11.5, 5.5], "texture": "#0"},
				"down": {"uv": [6.5, 11.5, 6, 11.625], "texture": "#0"}
			}
		},
		{
			"from": [7.6, 1.45, 9.80478],
			"to": [8.4, 2.05, 9.92105],
			"rotation": {"angle": 22.5, "axis": "x", "origin": [8, 1.72672, 10.26292]},
			"faces": {
				"north": {"uv": [3, 11, 3.375, 11.25], "texture": "#0"},
				"east": {"uv": [12, 12, 12.125, 12.25], "texture": "#0"},
				"south": {"uv": [3.5, 11, 3.875, 11.25], "texture": "#0"},
				"west": {"uv": [0, 12.5, 0.125, 12.75], "texture": "#0"},
				"up": {"uv": [11.875, 10.625, 11.5, 10.5], "texture": "#0"},
				"down": {"uv": [11.375, 11.5, 11, 11.625], "texture": "#0"}
			}
		},
		{
			"from": [7.6, 2.33899, 5.30056],
			"to": [8.4, 2.92809, 9.30399],
			"rotation": {"angle": 0, "axis": "y", "origin": [-0.001, -2.16682, 5.63638]},
			"faces": {
				"north": {"uv": [4, 11, 4.375, 11.25], "texture": "#0"},
				"east": {"uv": [7, 1, 9, 1.25], "texture": "#0"},
				"south": {"uv": [11, 4, 11.375, 4.25], "texture": "#0"},
				"west": {"uv": [7, 3, 9, 3.25], "texture": "#0"},
				"up": {"uv": [3.375, 7, 3, 5], "texture": "#0"},
				"down": {"uv": [3.875, 5, 3.5, 7], "texture": "#0"}
			}
		},
		{
			"from": [7.7, 2.92809, 5.60056],
			"to": [8.3, 3.51719, 7.05399],
			"rotation": {"angle": 0, "axis": "y", "origin": [-0.001, -2.32772, 5.63638]},
			"faces": {
				"north": {"uv": [11.5, 6, 11.75, 6.25], "texture": "#0"},
				"east": {"uv": [1.5, 10, 2.25, 10.25], "texture": "#0"},
				"south": {"uv": [6.5, 11.5, 6.75, 11.75], "texture": "#0"},
				"west": {"uv": [10, 1.5, 10.75, 1.75], "texture": "#0"},
				"up": {"uv": [2.75, 10.75, 2.5, 10], "texture": "#0"},
				"down": {"uv": [3.25, 10, 3, 10.75], "texture": "#0"}
			}
		},
		{
			"from": [7.8, 2.9781, 5.30056],
			"to": [8.2, 3.3781, 8.15399],
			"rotation": {"angle": -45, "axis": "z", "origin": [8, 3.1781, 6.72727]},
			"faces": {
				"north": {"uv": [11.5, 6.5, 11.75, 6.75], "texture": "#0"},
				"east": {"uv": [8, 5.5, 9.375, 5.75], "texture": "#0"},
				"south": {"uv": [7, 11.5, 7.25, 11.75], "texture": "#0"},
				"west": {"uv": [8, 6, 9.375, 6.25], "texture": "#0"},
				"up": {"uv": [5.25, 9.375, 5, 8], "texture": "#0"},
				"down": {"uv": [6.75, 8, 6.5, 9.375], "texture": "#0"}
			}
		},
		{
			"from": [7.85, 3, 3.84713],
			"to": [8.15, 3.3, 5.30056],
			"rotation": {"angle": -45, "axis": "z", "origin": [8, 3.15, 4.17385]},
			"faces": {
				"north": {"uv": [12.5, 4, 12.625, 4.125], "texture": "#0"},
				"east": {"uv": [4.5, 11, 5.25, 11.125], "texture": "#0"},
				"south": {"uv": [4.5, 12.5, 4.625, 12.625], "texture": "#0"},
				"west": {"uv": [11, 4.5, 11.75, 4.625], "texture": "#0"},
				"up": {"uv": [11.125, 5.75, 11, 5], "texture": "#0"},
				"down": {"uv": [5.625, 11, 5.5, 11.75], "texture": "#0"}
			}
		},
		{
			"from": [7.93, 3.065, 3.1937],
			"to": [8.08, 3.265, 3.84713],
			"rotation": {"angle": -45, "axis": "z", "origin": [8, 3.15, 4.22042]},
			"faces": {
				"north": {"uv": [12.5, 4.5, 12.625, 4.625], "texture": "#0"},
				"east": {"uv": [11.5, 11, 11.875, 11.125], "texture": "#0"},
				"south": {"uv": [5, 12.5, 5.125, 12.625], "texture": "#0"},
				"west": {"uv": [11.5, 11.5, 11.875, 11.625], "texture": "#0"},
				"up": {"uv": [0.125, 12.375, 0, 12], "texture": "#0"},
				"down": {"uv": [12.125, 0, 12, 0.375], "texture": "#0"}
			}
		},
		{
			"from": [7.7, 3.51719, 2.60056],
			"to": [8.3, 4.11719, 8.60056],
			"rotation": {"angle": 0, "axis": "y", "origin": [-0.001, -2.73862, 5.63638]},
			"faces": {
				"north": {"uv": [11.5, 7, 11.75, 7.25], "texture": "#0"},
				"east": {"uv": [5, 2, 8, 2.25], "texture": "#0"},
				"south": {"uv": [7.5, 11.5, 7.75, 11.75], "texture": "#0"},
				"west": {"uv": [5, 2.5, 8, 2.75], "texture": "#0"},
				"up": {"uv": [4.25, 8, 4, 5], "texture": "#0"},
				"down": {"uv": [5.25, 4, 5, 7], "texture": "#0"}
			}
		},
		{
			"from": [7.65, 3.41719, 2.60056],
			"to": [8.35, 3.51719, 5.70056],
			"rotation": {"angle": 0, "axis": "y", "origin": [-0.001, -2.73862, 5.63638]},
			"faces": {
				"north": {"uv": [0.5, 12, 0.875, 12.125], "texture": "#0"},
				"east": {"uv": [10, 2, 11.5, 2.125], "texture": "#0"},
				"south": {"uv": [12, 0.5, 12.375, 0.625], "texture": "#0"},
				"west": {"uv": [10, 3, 11.5, 3.125], "texture": "#0"},
				"up": {"uv": [4.875, 8, 4.5, 6.5], "texture": "#0"},
				"down": {"uv": [6.875, 4.5, 6.5, 6], "texture": "#0"}
			}
		},
		{
			"from": [7.65, 3.41719, 7.00056],
			"to": [8.35, 3.51719, 7.50056],
			"rotation": {"angle": 0, "axis": "y", "origin": [-0.001, -2.73862, 5.63638]},
			"faces": {
				"north": {"uv": [1, 12, 1.375, 12.125], "texture": "#0"},
				"east": {"uv": [12.5, 0, 12.75, 0.125], "texture": "#0"},
				"south": {"uv": [12, 1, 12.375, 1.125], "texture": "#0"},
				"west": {"uv": [0.5, 12.5, 0.75, 12.625], "texture": "#0"},
				"up": {"uv": [6.375, 11.25, 6, 11], "texture": "#0"},
				"down": {"uv": [11.375, 6, 11, 6.25], "texture": "#0"}
			}
		},
		{
			"from": [7.6, 2.91719, 2.50056],
			"to": [8.4, 4.21719, 2.90056],
			"rotation": {"angle": 0, "axis": "y", "origin": [-0.001, -2.73862, 5.63638]},
			"faces": {
				"north": {"uv": [9.5, 7.5, 9.875, 8.125], "texture": "#0"},
				"east": {"uv": [10, 9.5, 10.25, 10.125], "texture": "#0"},
				"south": {"uv": [8, 9.5, 8.375, 10.125], "texture": "#0"},
				"west": {"uv": [0, 10.5, 0.25, 11.125], "texture": "#0"},
				"up": {"uv": [6.875, 11.25, 6.5, 11], "texture": "#0"},
				"down": {"uv": [11.375, 6.5, 11, 6.75], "texture": "#0"}
			}
		},
		{
			"from": [7.65, 3.05, -6],
			"to": [8.35, 3.75, -5.7],
			"rotation": {"angle": 0, "axis": "y", "origin": [-0.001, -2.73862, 5.63638]},
			"faces": {
				"north": {"uv": [1, 10.5, 1.375, 10.875], "texture": "#0"},
				"east": {"uv": [1.5, 12, 1.625, 12.375], "texture": "#0"},
				"south": {"uv": [10.5, 1, 10.875, 1.375], "texture": "#0"},
				"west": {"uv": [12, 1.5, 12.125, 1.875], "texture": "#0"},
				"up": {"uv": [2.375, 12.125, 2, 12], "texture": "#0"},
				"down": {"uv": [12.375, 2, 12, 2.125], "texture": "#0"}
			}
		},
		{
			"from": [7.7, 3.1, -5.7],
			"to": [8.3, 3.7, 2.5],
			"rotation": {"angle": 0, "axis": "y", "origin": [-0.001, -2.73862, 5.63638]},
			"faces": {
				"north": {"uv": [11.5, 7.5, 11.75, 7.75], "texture": "#0"},
				"east": {"uv": [1, 0, 5.125, 0.25], "texture": "#0"},
				"south": {"uv": [8, 11.5, 8.25, 11.75], "texture": "#0"},
				"west": {"uv": [1, 0.5, 5.125, 0.75], "texture": "#0"},
				"up": {"uv": [1.25, 5.125, 1, 1], "texture": "#0"},
				"down": {"uv": [1.75, 1, 1.5, 5.125], "texture": "#0"}
			}
		},
		{
			"from": [7.649, 2.15, 0.75],
			"to": [8.351, 3.75, 1.15],
			"rotation": {"angle": 0, "axis": "y", "origin": [-0.001, -2.73862, 5.63638]},
			"faces": {
				"north": {"uv": [9, 0, 9.375, 0.75], "texture": "#0"},
				"east": {"uv": [3.5, 10, 3.75, 10.75], "texture": "#0"},
				"south": {"uv": [9, 1, 9.375, 1.75], "texture": "#0"},
				"west": {"uv": [4, 10, 4.25, 10.75], "texture": "#0"},
				"up": {"uv": [7.375, 11.25, 7, 11], "texture": "#0"},
				"down": {"uv": [11.375, 7, 11, 7.25], "texture": "#0"}
			}
		},
		{
			"from": [7.649, 2.15, -1.15],
			"to": [8.351, 3.75, -0.75],
			"rotation": {"angle": 0, "axis": "y", "origin": [-0.001, -2.73862, 5.63638]},
			"faces": {
				"north": {"uv": [1.5, 9, 1.875, 9.75], "texture": "#0"},
				"east": {"uv": [10, 4, 10.25, 4.75], "texture": "#0"},
				"south": {"uv": [2, 9, 2.375, 9.75], "texture": "#0"},
				"west": {"uv": [4.5, 10, 4.75, 10.75], "texture": "#0"},
				"up": {"uv": [7.875, 11.25, 7.5, 11], "texture": "#0"},
				"down": {"uv": [11.375, 7.5, 11, 7.75], "texture": "#0"}
			}
		},
		{
			"from": [7.649, 2.15, -1.6],
			"to": [8.351, 3.75, -1.2],
			"rotation": {"angle": 0, "axis": "y", "origin": [-0.001, -2.73862, 5.63638]},
			"faces": {
				"north": {"uv": [2.5, 9, 2.875, 9.75], "texture": "#0"},
				"east": {"uv": [5, 10, 5.25, 10.75], "texture": "#0"},
				"south": {"uv": [3, 9, 3.375, 9.75], "texture": "#0"},
				"west": {"uv": [10, 5, 10.25, 5.75], "texture": "#0"},
				"up": {"uv": [8.375, 11.25, 8, 11], "texture": "#0"},
				"down": {"uv": [11.375, 8, 11, 8.25], "texture": "#0"}
			}
		},
		{
			"from": [7.649, 2.15, -3.35],
			"to": [8.351, 3.75, -2.95],
			"rotation": {"angle": 0, "axis": "y", "origin": [-0.001, -2.73862, 5.63638]},
			"faces": {
				"north": {"uv": [3.5, 9, 3.875, 9.75], "texture": "#0"},
				"east": {"uv": [5.5, 10, 5.75, 10.75], "texture": "#0"},
				"south": {"uv": [4, 9, 4.375, 9.75], "texture": "#0"},
				"west": {"uv": [6, 10, 6.25, 10.75], "texture": "#0"},
				"up": {"uv": [8.875, 11.25, 8.5, 11], "texture": "#0"},
				"down": {"uv": [11.375, 8.5, 11, 8.75], "texture": "#0"}
			}
		},
		{
			"from": [7.649, 2.15, -2.9],
			"to": [8.351, 3.75, -2.5],
			"rotation": {"angle": 0, "axis": "y", "origin": [-0.001, -2.73862, 5.63638]},
			"faces": {
				"north": {"uv": [9, 4, 9.375, 4.75], "texture": "#0"},
				"east": {"uv": [10, 6, 10.25, 6.75], "texture": "#0"},
				"south": {"uv": [4.5, 9, 4.875, 9.75], "texture": "#0"},
				"west": {"uv": [6.5, 10, 6.75, 10.75], "texture": "#0"},
				"up": {"uv": [9.375, 11.25, 9, 11], "texture": "#0"},
				"down": {"uv": [11.375, 9, 11, 9.25], "texture": "#0"}
			}
		},
		{
			"from": [7.649, 2.15, 1.2],
			"to": [8.351, 3.75, 1.6],
			"rotation": {"angle": 0, "axis": "y", "origin": [-0.001, -2.73862, 5.63638]},
			"faces": {
				"north": {"uv": [9, 6.5, 9.375, 7.25], "texture": "#0"},
				"east": {"uv": [7, 10, 7.25, 10.75], "texture": "#0"},
				"south": {"uv": [7, 9, 7.375, 9.75], "texture": "#0"},
				"west": {"uv": [10, 7, 10.25, 7.75], "texture": "#0"},
				"up": {"uv": [9.875, 11.25, 9.5, 11], "texture": "#0"},
				"down": {"uv": [11.375, 9.5, 11, 9.75], "texture": "#0"}
			}
		},
		{
			"from": [7.65, 2.975, -4.25],
			"to": [8.35, 3.1, 2.5],
			"rotation": {"angle": 0, "axis": "y", "origin": [-0.001, -2.73862, 5.63638]},
			"faces": {
				"north": {"uv": [2.5, 12, 2.875, 12.125], "texture": "#0"},
				"east": {"uv": [8, 2.5, 11.375, 2.625], "texture": "#0"},
				"south": {"uv": [12, 2.5, 12.375, 2.625], "texture": "#0"},
				"west": {"uv": [8, 3.5, 11.375, 3.625], "texture": "#0"},
				"up": {"uv": [0.375, 3.375, 0, 0], "texture": "#0"},
				"down": {"uv": [0.875, 0, 0.5, 3.375], "texture": "#0"}
			}
		},
		{
			"from": [7.65, 1.75, 1.9],
			"to": [8.35, 3, 2.1],
			"rotation": {"angle": 0, "axis": "y", "origin": [-0.001, -2.73862, 5.63638]},
			"faces": {
				"north": {"uv": [8.5, 9.5, 8.875, 10.125], "texture": "#0"},
				"east": {"uv": [11.5, 2.5, 11.625, 3.125], "texture": "#0"},
				"south": {"uv": [9.5, 8.5, 9.875, 9.125], "texture": "#0"},
				"west": {"uv": [3, 11.5, 3.125, 12.125], "texture": "#0"},
				"up": {"uv": [12.375, 3.125, 12, 3], "texture": "#0"},
				"down": {"uv": [3.875, 12, 3.5, 12.125], "texture": "#0"}
			}
		},
		{
			"from": [7.65, 2.4, 1.7],
			"to": [8.35, 3, 1.9],
			"rotation": {"angle": 0, "axis": "y", "origin": [-0.001, -2.73862, 5.63638]},
			"faces": {
				"north": {"uv": [10, 11, 10.375, 11.25], "texture": "#0"},
				"east": {"uv": [12.5, 0.5, 12.625, 0.75], "texture": "#0"},
				"south": {"uv": [11, 10, 11.375, 10.25], "texture": "#0"},
				"west": {"uv": [1, 12.5, 1.125, 12.75], "texture": "#0"},
				"up": {"uv": [4.375, 12.125, 4, 12], "texture": "#0"},
				"down": {"uv": [12.375, 4, 12, 4.125], "texture": "#0"}
			}
		},
		{
			"from": [7.75, 2.2, -4.8],
			"to": [8.25, 2.7, 1.9],
			"rotation": {"angle": 0, "axis": "y", "origin": [-0.001, -2.73862, 5.63638]},
			"faces": {
				"north": {"uv": [11.5, 8, 11.75, 8.25], "texture": "#0"},
				"east": {"uv": [3.5, 3, 6.875, 3.25], "texture": "#0"},
				"south": {"uv": [8.5, 11.5, 8.75, 11.75], "texture": "#0"},
				"west": {"uv": [3.5, 3.5, 6.875, 3.75], "texture": "#0"},
				"up": {"uv": [0.25, 6.875, 0, 3.5], "texture": "#0"},
				"down": {"uv": [0.75, 3.5, 0.5, 6.875], "texture": "#0"}
			}
		},
		{
			"from": [7.6, 2.1, -5.3],
			"to": [8.4, 3.1, -4.8],
			"rotation": {"angle": 0, "axis": "y", "origin": [-0.001, -2.73862, 5.63638]},
			"faces": {
				"north": {"uv": [7.5, 10, 7.875, 10.5], "texture": "#0"},
				"east": {"uv": [11, 0, 11.25, 0.5], "texture": "#0"},
				"south": {"uv": [10, 8, 10.375, 8.5], "texture": "#0"},
				"west": {"uv": [11, 0.5, 11.25, 1], "texture": "#0"},
				"up": {"uv": [10.875, 11.25, 10.5, 11], "texture": "#0"},
				"down": {"uv": [11.375, 10.5, 11, 10.75], "texture": "#0"}
			}
		},
		{
			"from": [7.65, 3.1, -5.3],
			"to": [8.35, 3.8, -4.8],
			"rotation": {"angle": 0, "axis": "y", "origin": [-0.001, -2.73862, 5.63638]},
			"faces": {
				"north": {"uv": [1.5, 10.5, 1.875, 10.875], "texture": "#0"},
				"east": {"uv": [11, 11, 11.25, 11.375], "texture": "#0"},
				"south": {"uv": [2, 10.5, 2.375, 10.875], "texture": "#0"},
				"west": {"uv": [0, 11.5, 0.25, 11.875], "texture": "#0"},
				"up": {"uv": [11.875, 0.25, 11.5, 0], "texture": "#0"},
				"down": {"uv": [0.875, 11.5, 0.5, 11.75], "texture": "#0"}
			}
		},
		{
			"from": [7.65, 3.1, -4.25],
			"to": [8.35, 3.75, -4],
			"rotation": {"angle": 0, "axis": "y", "origin": [-0.001, -2.73862, 5.63638]},
			"faces": {
				"north": {"uv": [10.5, 4, 10.875, 4.375], "texture": "#0"},
				"east": {"uv": [4.5, 12, 4.625, 12.375], "texture": "#0"},
				"south": {"uv": [10.5, 4.5, 10.875, 4.875], "texture": "#0"},
				"west": {"uv": [12, 4.5, 12.125, 4.875], "texture": "#0"},
				"up": {"uv": [5.375, 12.125, 5, 12], "texture": "#0"},
				"down": {"uv": [12.375, 5, 12, 5.125], "texture": "#0"}
			}
		},
		{
			"from": [7.65, 2.91719, 4.00056],
			"to": [8.35, 3.41719, 4.30056],
			"rotation": {"angle": 0, "axis": "y", "origin": [-0.001, -2.73862, 5.63638]},
			"faces": {
				"north": {"uv": [11.5, 0.5, 11.875, 0.75], "texture": "#0"},
				"east": {"uv": [12.5, 1, 12.625, 1.25], "texture": "#0"},
				"south": {"uv": [1, 11.5, 1.375, 11.75], "texture": "#0"},
				"west": {"uv": [1.5, 12.5, 1.625, 12.75], "texture": "#0"},
				"up": {"uv": [5.875, 12.125, 5.5, 12], "texture": "#0"},
				"down": {"uv": [12.375, 5.5, 12, 5.625], "texture": "#0"}
			}
		},
		{
			"from": [7.65, 3.51719, 4.00056],
			"to": [8.35, 4.21719, 4.30056],
			"rotation": {"angle": 0, "axis": "y", "origin": [-0.001, -2.73862, 5.63638]},
			"faces": {
				"north": {"uv": [10.5, 5, 10.875, 5.375], "texture": "#0"},
				"east": {"uv": [6, 12, 6.125, 12.375], "texture": "#0"},
				"south": {"uv": [10.5, 5.5, 10.875, 5.875], "texture": "#0"},
				"west": {"uv": [12, 6, 12.125, 6.375], "texture": "#0"},
				"up": {"uv": [6.875, 12.125, 6.5, 12], "texture": "#0"},
				"down": {"uv": [12.375, 6.5, 12, 6.625], "texture": "#0"}
			}
		},
		{
			"from": [7.65, 3.51719, 7.30056],
			"to": [8.35, 4.16719, 7.50056],
			"rotation": {"angle": 0, "axis": "y", "origin": [-0.001, -2.73862, 5.63638]},
			"faces": {
				"north": {"uv": [10.5, 6, 10.875, 6.375], "texture": "#0"},
				"east": {"uv": [7, 12, 7.125, 12.375], "texture": "#0"},
				"south": {"uv": [10.5, 6.5, 10.875, 6.875], "texture": "#0"},
				"west": {"uv": [12, 7, 12.125, 7.375], "texture": "#0"},
				"up": {"uv": [7.875, 12.125, 7.5, 12], "texture": "#0"},
				"down": {"uv": [12.375, 7.5, 12, 7.625], "texture": "#0"}
			}
		},
		{
			"from": [7.651, 3.41719, 7.50056],
			"to": [8.349, 3.76719, 8.65056],
			"rotation": {"angle": 0, "axis": "y", "origin": [-0.001, -2.73862, 5.63638]},
			"faces": {
				"north": {"uv": [8, 12, 8.375, 12.125], "texture": "#0"},
				"east": {"uv": [3.5, 11.5, 4.125, 11.625], "texture": "#0"},
				"south": {"uv": [12, 8, 12.375, 8.125], "texture": "#0"},
				"west": {"uv": [11.5, 3.5, 12.125, 3.625], "texture": "#0"},
				"up": {"uv": [9.375, 10.125, 9, 9.5], "texture": "#0"},
				"down": {"uv": [9.875, 9.5, 9.5, 10.125], "texture": "#0"}
			}
		},
		{
			"from": [7.65, 3.41719, 8.65056],
			"to": [7.7, 3.76719, 9.30056],
			"rotation": {"angle": 0, "axis": "y", "origin": [-0.001, -2.73862, 4.68638]},
			"faces": {
				"north": {"uv": [12.5, 5, 12.625, 5.125], "texture": "#0"},
				"east": {"uv": [8.5, 12, 8.875, 12.125], "texture": "#0"},
				"south": {"uv": [5.5, 12.5, 5.625, 12.625], "texture": "#0"},
				"west": {"uv": [12, 8.5, 12.375, 8.625], "texture": "#0"},
				"up": {"uv": [9.125, 12.375, 9, 12], "texture": "#0"},
				"down": {"uv": [12.125, 9, 12, 9.375], "texture": "#0"}
			}
		},
		{
			"from": [7.7, 3.41719, 8.65056],
			"to": [8.3, 3.46719, 9.30056],
			"rotation": {"angle": 0, "axis": "y", "origin": [-0.001, -2.73862, 4.68638]},
			"faces": {
				"north": {"uv": [12.5, 1.5, 12.75, 1.625], "texture": "#0"},
				"east": {"uv": [9.5, 12, 9.875, 12.125], "texture": "#0"},
				"south": {"uv": [2, 12.5, 2.25, 12.625], "texture": "#0"},
				"west": {"uv": [12, 9.5, 12.375, 9.625], "texture": "#0"},
				"up": {"uv": [11.75, 1.375, 11.5, 1], "texture": "#0"},
				"down": {"uv": [1.75, 11.5, 1.5, 11.875], "texture": "#0"}
			}
		},
		{
			"from": [8.3, 3.41719, 8.65056],
			"to": [8.35, 3.76719, 9.30056],
			"rotation": {"angle": 0, "axis": "y", "origin": [-0.001, -2.73862, 4.68638]},
			"faces": {
				"north": {"uv": [12.5, 5.5, 12.625, 5.625], "texture": "#0"},
				"east": {"uv": [10, 12, 10.375, 12.125], "texture": "#0"},
				"south": {"uv": [6, 12.5, 6.125, 12.625], "texture": "#0"},
				"west": {"uv": [12, 10, 12.375, 10.125], "texture": "#0"},
				"up": {"uv": [10.625, 12.375, 10.5, 12], "texture": "#0"},
				"down": {"uv": [12.125, 10.5, 12, 10.875], "texture": "#0"}
			}
		},
		{
			"from": [7.65, 3.51719, 8.35056],
			"to": [8.35, 4.16719, 8.65156],
			"rotation": {"angle": 0, "axis": "y", "origin": [-0.001, -2.73862, 5.63638]},
			"faces": {
				"north": {"uv": [10.5, 7, 10.875, 7.375], "texture": "#0"},
				"east": {"uv": [11, 12, 11.125, 12.375], "texture": "#0"},
				"south": {"uv": [7.5, 10.5, 7.875, 10.875], "texture": "#0"},
				"west": {"uv": [12, 11, 12.125, 11.375], "texture": "#0"},
				"up": {"uv": [11.875, 12.125, 11.5, 12], "texture": "#0"},
				"down": {"uv": [12.375, 11.5, 12, 11.625], "texture": "#0"}
			}
		},
		{
			"from": [7.75, 3.55, 8.65056],
			"to": [8.25, 4.05, 8.95156],
			"rotation": {"angle": 0, "axis": "y", "origin": [-0.001, -2.73862, 5.63638]},
			"faces": {
				"north": {"uv": [11.5, 8.5, 11.75, 8.75], "texture": "#0"},
				"east": {"uv": [12.5, 2, 12.625, 2.25], "texture": "#0"},
				"south": {"uv": [9, 11.5, 9.25, 11.75], "texture": "#0"},
				"west": {"uv": [2.5, 12.5, 2.625, 12.75], "texture": "#0"},
				"up": {"uv": [12.75, 2.625, 12.5, 2.5], "texture": "#0"},
				"down": {"uv": [3.25, 12.5, 3, 12.625], "texture": "#0"}
			}
		},
		{
			"from": [7.7, 3.5, 8.95056],
			"to": [8.3, 4.1, 9.20056],
			"rotation": {"angle": 0, "axis": "y", "origin": [-0.001, -2.73862, 5.63638]},
			"faces": {
				"north": {"uv": [11.5, 9, 11.75, 9.25], "texture": "#0"},
				"east": {"uv": [12.5, 3, 12.625, 3.25], "texture": "#0"},
				"south": {"uv": [9.5, 11.5, 9.75, 11.75], "texture": "#0"},
				"west": {"uv": [3.5, 12.5, 3.625, 12.75], "texture": "#0"},
				"up": {"uv": [12.75, 3.625, 12.5, 3.5], "texture": "#0"},
				"down": {"uv": [4.25, 12.5, 4, 12.625], "texture": "#0"}
			}
		},
		{
			"from": [7.65, 3.51719, 4.50056],
			"to": [8.35, 4.21719, 5.10056],
			"rotation": {"angle": 0, "axis": "y", "origin": [-0.001, -2.73862, 5.63638]},
			"faces": {
				"north": {"uv": [10.5, 7.5, 10.875, 7.875], "texture": "#0"},
				"east": {"uv": [11.5, 1.5, 11.75, 1.875], "texture": "#0"},
				"south": {"uv": [8, 10.5, 8.375, 10.875], "texture": "#0"},
				"west": {"uv": [2, 11.5, 2.25, 11.875], "texture": "#0"},
				"up": {"uv": [11.875, 2.25, 11.5, 2], "texture": "#0"},
				"down": {"uv": [2.875, 11.5, 2.5, 11.75], "texture": "#0"}
			}
		},
		{
			"from": [7.651, 3.51719, 5.10056],
			"to": [8.349, 4.31719, 5.90056],
			"rotation": {"angle": 0, "axis": "y", "origin": [-0.001, -2.73862, 5.63638]},
			"faces": {
				"north": {"uv": [10.5, 8, 10.875, 8.375], "texture": "#0"},
				"east": {"uv": [8.5, 10.5, 8.875, 10.875], "texture": "#0"},
				"south": {"uv": [10.5, 8.5, 10.875, 8.875], "texture": "#0"},
				"west": {"uv": [9, 10.5, 9.375, 10.875], "texture": "#0"},
				"up": {"uv": [10.875, 9.375, 10.5, 9], "texture": "#0"},
				"down": {"uv": [9.875, 10.5, 9.5, 10.875], "texture": "#0"}
			}
		},
		{
			"from": [7.551, 3.41719, 5.90056],
			"to": [8.449, 4.31719, 6.80056],
			"rotation": {"angle": 0, "axis": "x", "origin": [8, 3.91719, 6.30056]},
			"faces": {
				"north": {"uv": [9, 5, 9.5, 5.5], "texture": "#0"},
				"east": {"uv": [9, 8.5, 9.5, 9], "texture": "#0"},
				"south": {"uv": [9, 9, 9.5, 9.5], "texture": "#0"},
				"west": {"uv": [9.5, 0, 10, 0.5], "texture": "#0"},
				"up": {"uv": [1, 10, 0.5, 9.5], "texture": "#0"},
				"down": {"uv": [10, 0.5, 9.5, 1], "texture": "#0"}
			}
		},
		{
			"from": [7.55, 3.41719, 5.80056],
			"to": [8.45, 4.31719, 6.70056],
			"rotation": {"angle": -45, "axis": "x", "origin": [8, 3.96719, 6.35056]},
			"faces": {
				"north": {"uv": [1, 9.5, 1.5, 10], "texture": "#0"},
				"east": {"uv": [9.5, 1, 10, 1.5], "texture": "#0"},
				"south": {"uv": [9.5, 1.5, 10, 2], "texture": "#0"},
				"west": {"uv": [9.5, 2, 10, 2.5], "texture": "#0"},
				"up": {"uv": [10, 3.5, 9.5, 3], "texture": "#0"},
				"down": {"uv": [10, 4, 9.5, 4.5], "texture": "#0"}
			}
		},
		{
			"from": [7.5, 2.33899, 2.10056],
			"to": [8.5, 2.98899, 5.30399],
			"rotation": {"angle": 0, "axis": "y", "origin": [-0.001, -2.16682, 5.63638]},
			"faces": {
				"north": {"uv": [10, 8.5, 10.5, 8.875], "texture": "#0"},
				"east": {"uv": [6.5, 1.5, 8.125, 1.875], "texture": "#0"},
				"south": {"uv": [10, 9, 10.5, 9.375], "texture": "#0"},
				"west": {"uv": [6.5, 4, 8.125, 4.375], "texture": "#0"},
				"up": {"uv": [2.5, 5.625, 2, 4], "texture": "#0"},
				"down": {"uv": [3, 4, 2.5, 5.625], "texture": "#0"}
			}
		},
		{
			"from": [7.5, 2.03565, 10.96598],
			"to": [8.5, 3.13565, 12.71598],
			"rotation": {"angle": 22.5, "axis": "x", "origin": [7.999, 2.91065, 10.99098]},
			"faces": {
				"north": {"uv": [9.5, 4.5, 10, 5], "texture": "#0"},
				"east": {"uv": [8, 0.5, 8.875, 1], "texture": "#0"},
				"south": {"uv": [5, 9.5, 5.5, 10], "texture": "#0"},
				"west": {"uv": [8, 2, 8.875, 2.5], "texture": "#0"},
				"up": {"uv": [3, 8.875, 2.5, 8], "texture": "#0"},
				"down": {"uv": [3.5, 8, 3, 8.875], "texture": "#0"}
			}
		},
		{
			"from": [7.45, 1.9856, 11.26598],
			"to": [8.55, 3.1856, 11.81598],
			"rotation": {"angle": 22.5, "axis": "x", "origin": [7.999, 2.91065, 10.99098]},
			"faces": {
				"north": {"uv": [8.5, 8.5, 9, 9.125], "texture": "#0"},
				"east": {"uv": [10.5, 0, 10.75, 0.625], "texture": "#0"},
				"south": {"uv": [0, 9, 0.5, 9.625], "texture": "#0"},
				"west": {"uv": [0.5, 10.5, 0.75, 11.125], "texture": "#0"},
				"up": {"uv": [1.5, 11.25, 1, 11], "texture": "#0"},
				"down": {"uv": [11.5, 1, 11, 1.25], "texture": "#0"}
			}
		},
		{
			"from": [7.501, 0.38166, 11.7379],
			"to": [8.499, 2.28166, 13.3379],
			"rotation": {"angle": -22.5, "axis": "x", "origin": [8, 1.18166, 12.4629]},
			"faces": {
				"north": {"uv": [3.5, 7, 4, 8], "texture": "#0"},
				"east": {"uv": [5.5, 0, 6.25, 1], "texture": "#0"},
				"south": {"uv": [7, 4.5, 7.5, 5.5], "texture": "#0"},
				"west": {"uv": [1, 5.5, 1.75, 6.5], "texture": "#0"},
				"up": {"uv": [5, 8.75, 4.5, 8], "texture": "#0"},
				"down": {"uv": [8.5, 4.5, 8, 5.25], "texture": "#0"}
			}
		},
		{
			"from": [7.501, 0.82298, 15.36261],
			"to": [8.499, 1.92298, 17.36261],
			"rotation": {"angle": 22.5, "axis": "x", "origin": [8.003, 1.32298, 15.11261]},
			"faces": {
				"north": {"uv": [9.5, 5, 10, 5.5], "texture": "#0"},
				"east": {"uv": [7, 3.5, 8, 4], "texture": "#0"},
				"south": {"uv": [5.5, 9.5, 6, 10], "texture": "#0"},
				"west": {"uv": [7, 5.5, 8, 6], "texture": "#0"},
				"up": {"uv": [5.5, 8, 5, 7], "texture": "#0"},
				"down": {"uv": [7, 7, 6.5, 8], "texture": "#0"}
			}
		},
		{
			"from": [7.5, 3.11732, 16.5],
			"to": [8.5, 3.5, 17],
			"rotation": {"angle": 0, "axis": "x", "origin": [8.001, 3.5, 14.75]},
			"faces": {
				"north": {"uv": [1.5, 11, 2, 11.25], "texture": "#0"},
				"east": {"uv": [11.5, 9.5, 11.75, 9.75], "texture": "#0"},
				"south": {"uv": [11, 1.5, 11.5, 1.75], "texture": "#0"},
				"west": {"uv": [10, 11.5, 10.25, 11.75], "texture": "#0"},
				"up": {"uv": [2.5, 11.25, 2, 11], "texture": "#0"},
				"down": {"uv": [3, 11, 2.5, 11.25], "texture": "#0"}
			}
		},
		{
			"from": [7.501, 2.15538, 15.76746],
			"to": [8.499, 3.15538, 16.76746],
			"rotation": {"angle": -22.5, "axis": "x", "origin": [8.003, 2.65538, 15.76746]},
			"faces": {
				"north": {"uv": [9.5, 5.5, 10, 6], "texture": "#0"},
				"east": {"uv": [6, 9.5, 6.5, 10], "texture": "#0"},
				"south": {"uv": [9.5, 6, 10, 6.5], "texture": "#0"},
				"west": {"uv": [6.5, 9.5, 7, 10], "texture": "#0"},
				"up": {"uv": [10, 7, 9.5, 6.5], "texture": "#0"},
				"down": {"uv": [10, 7, 9.5, 7.5], "texture": "#0"}
			}
		}
	],
	"display": {
		"thirdperson_righthand": {
			"translation": [-2, 5.5, -0.5]
		},
		"thirdperson_lefthand": {
			"translation": [-2, 5.5, -0.5]
		},
		"firstperson_righthand": {
			"translation": [-3.5, 9.25, 3]
		},
		"firstperson_lefthand": {
			"translation": [-3.5, 9.25, 3]
		},
		"ground": {
			"translation": [0, 4.5, 0]
		},
		"gui": {
			"rotation": [90, 45, -90],
			"translation": [5.5, 2.5, 0]
		},
		"head": {
			"rotation": [-90, 45, 90],
			"translation": [-4.75, -4, 4.25],
			"scale": [2, 2, 2]
		},
		"fixed": {
			"rotation": [-180, 0, 0],
			"translation": [0, -9.5, -28],
			"scale": [2.1, 2.1, 2.1]
		}
	},
	"groups": [
		{
			"name": "StrixSniper",
			"origin": [8, 8, 8],
			"color": 0,
			"children": [
				0,
				1,
				2,
				3,
				4,
				5,
				6,
				7,
				8,
				9,
				10,
				11,
				12,
				13,
				14,
				15,
				16,
				17,
				18,
				19,
				20,
				21,
				22,
				23,
				24,
				25,
				26,
				27,
				28,
				29,
				30,
				31,
				32,
				33,
				34,
				35,
				36,
				37,
				38,
				39,
				40,
				41,
				42,
				43,
				44,
				45,
				46,
				47,
				48,
				49,
				50,
				51,
				52,
				53,
				54,
				55,
				56,
				57
			]
		}
	]
}