{"credit":"Made with Blockbench","texture_size":[8,8],"textures":{"anneal_blade":"item/anneal_blade"},"elements":[{"name":"blade0","from":[7.625,-0.0125,2.45],"to":[8.375,0.0375,17.2],"rotation":{"angle":0,"axis":"y","origin":[8.01293,-0.00098,4.75097]},"faces":{"east":{"uv":[2,0,3,1],"texture":"#anneal_blade"},"west":{"uv":[2,0,3,1],"texture":"#anneal_blade"},"up":{"uv":[2,0,3,1],"texture":"#anneal_blade"},"down":{"uv":[2,0,3,1],"texture":"#anneal_blade","cullface":"down"}}},{"name":"blade1","from":[7.2136,-0.00625,3.81211],"to":[7.7136,0.03375,4.81211],"rotation":{"angle":-22.5,"axis":"y","origin":[8.01293,-0.00098,4.75097]},"faces":{"south":{"uv":[3,0,4,1],"texture":"#anneal_blade"},"west":{"uv":[3,0,4,1],"texture":"#anneal_blade"},"up":{"uv":[3,0,4,1],"texture":"#anneal_blade"},"down":{"uv":[3,0,4,1],"texture":"#anneal_blade","cullface":"down"}}},{"name":"blade2","from":[8.28837,-0.00625,3.80221],"to":[8.78837,0.03375,4.80221],"rotation":{"angle":22.5,"axis":"y","origin":[8.01293,-0.00098,4.75097]},"faces":{"east":{"uv":[3,0,4,1],"texture":"#anneal_blade"},"south":{"uv":[3,0,4,1],"texture":"#anneal_blade"},"up":{"uv":[3,0,4,1],"texture":"#anneal_blade"},"down":{"uv":[3,0,4,1],"texture":"#anneal_blade","cullface":"down"}}},{"name":"blade3","from":[7.42471,-0.00625,4.23042],"to":[7.92471,0.03375,5.35542],"rotation":{"angle":22.5,"axis":"y","origin":[8.01293,-0.00098,4.75097]},"faces":{"west":{"uv":[3,0,4,1],"texture":"#anneal_blade"},"up":{"uv":[3,0,4,1],"texture":"#anneal_blade"},"down":{"uv":[3,0,4,1],"texture":"#anneal_blade","cullface":"down"}}},{"name":"blade4","from":[8.07726,-0.00625,4.24032],"to":[8.57726,0.03375,5.36532],"rotation":{"angle":-22.5,"axis":"y","origin":[8.01293,-0.00098,4.75097]},"faces":{"east":{"uv":[3,0,4,1],"texture":"#anneal_blade"},"up":{"uv":[3,0,4,1],"texture":"#anneal_blade"},"down":{"uv":[3,0,4,1],"texture":"#anneal_blade","cullface":"down"}}},{"name":"blade5","from":[7.8833,-0.00625,5.4289],"to":[8.3833,0.03375,6.4289],"rotation":{"angle":-22.5,"axis":"y","origin":[8.01293,-0.00098,4.75097]},"faces":{"south":{"uv":[3,0,4,1],"texture":"#anneal_blade"},"west":{"uv":[3,0,4,1],"texture":"#anneal_blade"},"up":{"uv":[3,0,4,1],"texture":"#anneal_blade"},"down":{"uv":[3,0,4,1],"texture":"#anneal_blade","cullface":"down"}}},{"name":"blade6","from":[7.61867,-0.00625,5.419],"to":[8.11867,0.03375,6.419],"rotation":{"angle":22.5,"axis":"y","origin":[8.01293,-0.00098,4.75097]},"faces":{"east":{"uv":[3,0,4,1],"texture":"#anneal_blade"},"south":{"uv":[3,0,4,1],"texture":"#anneal_blade"},"up":{"uv":[3,0,4,1],"texture":"#anneal_blade"},"down":{"uv":[3,0,4,1],"texture":"#anneal_blade","cullface":"down"}}},{"name":"blade7","from":[6.75502,-0.00625,5.84721],"to":[7.25502,0.03375,6.97221],"rotation":{"angle":22.5,"axis":"y","origin":[8.01293,-0.00098,4.75097]},"faces":{"west":{"uv":[3,0,4,1],"texture":"#anneal_blade"},"up":{"uv":[3,0,4,1],"texture":"#anneal_blade"},"down":{"uv":[3,0,4,1],"texture":"#anneal_blade","cullface":"down"}}},{"name":"blade8","from":[8.74695,-0.00625,5.85711],"to":[9.24695,0.03375,6.98211],"rotation":{"angle":-22.5,"axis":"y","origin":[8.01293,-0.00098,4.75097]},"faces":{"east":{"uv":[3,0,4,1],"texture":"#anneal_blade"},"up":{"uv":[3,0,4,1],"texture":"#anneal_blade"},"down":{"uv":[3,0,4,1],"texture":"#anneal_blade","cullface":"down"}}},{"name":"blade9","from":[12.73998,-0.00625,16.09124],"to":[13.23998,0.03375,16.84124],"rotation":{"angle":-22.5,"axis":"y","origin":[8.01293,-0.00098,4.75097]},"faces":{"north":{"uv":[3,0,4,1],"texture":"#anneal_blade","cullface":"south"},"east":{"uv":[3,0,4,1],"texture":"#anneal_blade","cullface":"south"},"south":{"uv":[3,0,4,1],"texture":"#anneal_blade","cullface":"south"},"up":{"uv":[3,0,4,1],"texture":"#anneal_blade","cullface":"south"},"down":{"uv":[3,0,4,1],"texture":"#anneal_blade","cullface":"down"}}},{"name":"blade10","from":[2.76199,-0.00625,16.08134],"to":[3.26199,0.03375,16.83134],"rotation":{"angle":22.5,"axis":"y","origin":[8.01293,-0.00098,4.75097]},"faces":{"north":{"uv":[3,0,4,1],"texture":"#anneal_blade","cullface":"south"},"south":{"uv":[3,0,4,1],"texture":"#anneal_blade","cullface":"south"},"west":{"uv":[3,0,4,1],"texture":"#anneal_blade","cullface":"south"},"up":{"uv":[3,0,4,1],"texture":"#anneal_blade","cullface":"south"},"down":{"uv":[3,0,4,1],"texture":"#anneal_blade","cullface":"down"}}},{"name":"blade11","from":[-1.45759,-0.00625,13.7032],"to":[-0.95759,0.03375,14.2032],"rotation":{"angle":45,"axis":"y","origin":[8.01293,-0.00098,4.75097]},"faces":{"north":{"uv":[3,0,4,1],"texture":"#anneal_blade","cullface":"south"},"east":{"uv":[3,0,4,1],"texture":"#anneal_blade","cullface":"south"},"south":{"uv":[3,0,4,1],"texture":"#anneal_blade","cullface":"south"},"west":{"uv":[0,0,1,1],"texture":"#anneal_blade","cullface":"south"},"up":{"uv":[3,0,4,1],"rotation":90,"texture":"#anneal_blade","cullface":"south"},"down":{"uv":[3,0,4,1],"rotation":270,"texture":"#anneal_blade","cullface":"down"}}},{"name":"blade12","from":[-0.95759,-0.0125,13.2032],"to":[-0.45759,0.0375,13.7032],"rotation":{"angle":45,"axis":"y","origin":[8.01293,-0.00098,4.75097]},"faces":{"south":{"uv":[1,0,2,1],"texture":"#anneal_blade","cullface":"south"},"west":{"uv":[1,0,2,1],"texture":"#anneal_blade","cullface":"south"},"up":{"uv":[2,0,3,1],"rotation":90,"texture":"#anneal_blade","cullface":"south"},"down":{"uv":[2,0,3,1],"rotation":270,"texture":"#anneal_blade","cullface":"down"}}},{"name":"blade13","from":[7.5,-0.00625,2.5],"to":[8.5,0.03375,17.25],"rotation":{"angle":0,"axis":"y","origin":[8.01293,-0.00098,4.75097]},"faces":{"east":{"uv":[3,0,4,1],"texture":"#anneal_blade"},"south":{"uv":[3,0,4,1],"texture":"#anneal_blade","cullface":"south"},"west":{"uv":[3,0,4,1],"texture":"#anneal_blade"},"up":{"uv":[3,0,4,1],"texture":"#anneal_blade"},"down":{"uv":[3,0,4,1],"texture":"#anneal_blade","cullface":"down"}}},{"name":"handle0","from":[6.75736,-0.275,1.5],"to":[9.24264,0.275,2.5],"rotation":{"angle":0,"axis":"y","origin":[8.01293,-0.00098,4.75097]},"faces":{"north":{"uv":[4,0,5,1],"texture":"#anneal_blade"},"east":{"uv":[4,0,5,1],"texture":"#anneal_blade"},"south":{"uv":[4,0,5,1],"texture":"#anneal_blade"},"west":{"uv":[4,0,5,1],"texture":"#anneal_blade"},"up":{"uv":[4,0,5,1],"texture":"#anneal_blade"},"down":{"uv":[4,0,5,1],"texture":"#anneal_blade","cullface":"down"}}},{"name":"handle1","from":[6.75736,-0.125,2],"to":[9.24264,0.175,2.75],"rotation":{"angle":0,"axis":"y","origin":[8.01293,-0.00098,4.75097]},"faces":{"south":{"uv":[4,0,5,1],"texture":"#anneal_blade"},"up":{"uv":[4,0,5,1],"texture":"#anneal_blade"},"down":{"uv":[4,0,5,1],"texture":"#anneal_blade","cullface":"down"}}},{"name":"handle1","from":[5.89532,-0.275,1.45064],"to":[8.3806,0.275,2.45064],"rotation":{"angle":22.5,"axis":"y","origin":[8.01293,-0.00098,4.75097]},"faces":{"north":{"uv":[4,0,5,1],"texture":"#anneal_blade"},"south":{"uv":[4,0,5,1],"texture":"#anneal_blade"},"west":{"uv":[4,0,5,1],"texture":"#anneal_blade"},"up":{"uv":[4,0,5,1],"texture":"#anneal_blade"},"down":{"uv":[4,0,5,1],"texture":"#anneal_blade","cullface":"down"}}},{"name":"handle2","from":[7.62544,-0.275,1.4623],"to":[10.11072,0.275,2.4623],"rotation":{"angle":-22.5,"axis":"y","origin":[8.01293,-0.00098,4.75097]},"faces":{"north":{"uv":[4,0,5,1],"texture":"#anneal_blade"},"east":{"uv":[4,0,5,1],"texture":"#anneal_blade"},"south":{"uv":[4,0,5,1],"texture":"#anneal_blade"},"up":{"uv":[4,0,5,1],"rotation":270,"texture":"#anneal_blade"},"down":{"uv":[4,0,5,1],"rotation":90,"texture":"#anneal_blade","cullface":"down"}}},{"name":"handle3","from":[5.138,-0.275,1.74502],"to":[5.62328,0.275,2.49502],"rotation":{"angle":0,"axis":"y","origin":[8.01293,-0.00098,4.75097]},"faces":{"north":{"uv":[4,0,5,1],"texture":"#anneal_blade"},"east":{"uv":[4,0,5,1],"texture":"#anneal_blade"},"west":{"uv":[4,0,5,1],"texture":"#anneal_blade"},"up":{"uv":[4,0,5,1],"texture":"#anneal_blade"},"down":{"uv":[4,0,5,1],"texture":"#anneal_blade","cullface":"down"}}},{"name":"handle4","from":[10.38383,-0.275,1.75018],"to":[10.86911,0.275,2.50018],"rotation":{"angle":0,"axis":"y","origin":[8.01293,-0.00098,4.75097]},"faces":{"north":{"uv":[4,0,5,1],"texture":"#anneal_blade"},"east":{"uv":[4,0,5,1],"texture":"#anneal_blade"},"west":{"uv":[4,0,5,1],"texture":"#anneal_blade"},"up":{"uv":[4,0,5,1],"rotation":270,"texture":"#anneal_blade"},"down":{"uv":[4,0,5,1],"rotation":90,"texture":"#anneal_blade","cullface":"down"}}},{"name":"handle5","from":[7.82191,-0.25441,-1.25],"to":[8.27191,0.19559,1.5],"rotation":{"angle":-45,"axis":"z","origin":[8.01293,-0.00098,4.75097]},"faces":{"east":{"uv":[1,0,2,1],"texture":"#anneal_blade","cullface":"down"},"south":{"uv":[1,0,2,1],"texture":"#anneal_blade"},"west":{"uv":[1,0,2,1],"texture":"#anneal_blade"},"up":{"uv":[1,0,2,1],"texture":"#anneal_blade"},"down":{"uv":[1,0,2,1],"texture":"#anneal_blade","cullface":"down"}}},{"name":"handle6","from":[7.8,-0.275,-1.25],"to":[8.25,0.175,1.5],"rotation":{"angle":0,"axis":"y","origin":[8.01293,-0.00098,4.75097]},"faces":{"east":{"uv":[1,0,2,1],"texture":"#anneal_blade"},"west":{"uv":[1,0,2,1],"texture":"#anneal_blade"},"up":{"uv":[1,0,2,1],"texture":"#anneal_blade"},"down":{"uv":[1,0,2,1],"texture":"#anneal_blade","cullface":"down"}}},{"name":"handle7","from":[7.75,-0.325,-1.75],"to":[8.3,0.225,-1.25],"rotation":{"angle":0,"axis":"y","origin":[8.01293,-0.00098,4.75097]},"faces":{"east":{"uv":[5,0,6,1],"texture":"#anneal_blade","cullface":"north"},"south":{"uv":[4,0,5,1],"texture":"#anneal_blade","cullface":"north"},"west":{"uv":[4,0,5,1],"texture":"#anneal_blade","cullface":"north"},"up":{"uv":[4,0,5,1],"texture":"#anneal_blade","cullface":"north"},"down":{"uv":[4,0,5,1],"texture":"#anneal_blade","cullface":"down"}}},{"name":"handle8","from":[7.7701,-0.30877,-1.75],"to":[8.3201,0.24123,-1.25],"rotation":{"angle":-45,"axis":"z","origin":[8.01293,-0.00098,4.75097]},"faces":{"east":{"uv":[5,0,6,1],"texture":"#anneal_blade","cullface":"down"},"south":{"uv":[4,0,5,1],"texture":"#anneal_blade","cullface":"north"},"west":{"uv":[4,0,5,1],"texture":"#anneal_blade","cullface":"north"},"up":{"uv":[4,0,5,1],"texture":"#anneal_blade","cullface":"north"},"down":{"uv":[4,0,5,1],"texture":"#anneal_blade","cullface":"down"}}},{"name":"handle9","from":[7.54,-0.53,-2.7],"to":[8.49,0.42,-1.75],"rotation":{"angle":0,"axis":"y","origin":[8.01293,-0.00098,4.75097]},"faces":{"north":{"uv":[4,0,5,1],"texture":"#anneal_blade","cullface":"north"},"east":{"uv":[5,0,6,1],"texture":"#anneal_blade","cullface":"north"},"south":{"uv":[4,0,5,1],"texture":"#anneal_blade","cullface":"north"},"west":{"uv":[4,0,5,1],"texture":"#anneal_blade","cullface":"north"},"up":{"uv":[4,0,5,1],"texture":"#anneal_blade","cullface":"north"},"down":{"uv":[4,0,5,1],"texture":"#anneal_blade","cullface":"down"}}},{"name":"handle10","from":[7.56605,-0.52064,-2.7],"to":[8.51605,0.42936,-1.75],"rotation":{"angle":-45,"axis":"z","origin":[8.01293,-0.00098,4.75097]},"faces":{"north":{"uv":[4,0,5,1],"texture":"#anneal_blade","cullface":"north"},"east":{"uv":[5,0,6,1],"texture":"#anneal_blade","cullface":"down"},"south":{"uv":[4,0,5,1],"texture":"#anneal_blade","cullface":"north"},"west":{"uv":[4,0,5,1],"texture":"#anneal_blade","cullface":"north"},"up":{"uv":[4,0,5,1],"texture":"#anneal_blade","cullface":"north"},"down":{"uv":[4,0,5,1],"texture":"#anneal_blade","cullface":"down"}}},{"name":"handle11","from":[7.72771,-0.325,-3.02814],"to":[8.27771,0.225,-2.69814],"rotation":{"angle":0,"axis":"y","origin":[8.01293,-0.00098,4.75097]},"faces":{"north":{"uv":[4,0,5,1],"texture":"#anneal_blade","cullface":"north"},"east":{"uv":[4,0,5,1],"texture":"#anneal_blade","cullface":"north"},"west":{"uv":[5,0,6,1],"texture":"#anneal_blade","cullface":"north"},"up":{"uv":[4,0,5,1],"rotation":180,"texture":"#anneal_blade","cullface":"north"},"down":{"uv":[4,0,5,1],"rotation":180,"texture":"#anneal_blade","cullface":"down"}}},{"name":"handle12","from":[7.70729,-0.31731,-3.02814],"to":[8.25729,0.23269,-2.69814],"rotation":{"angle":45,"axis":"z","origin":[8.01293,-0.00098,4.75097]},"faces":{"north":{"uv":[4,0,5,1],"texture":"#anneal_blade","cullface":"north"},"east":{"uv":[4,0,5,1],"texture":"#anneal_blade","cullface":"north"},"west":{"uv":[5,0,6,1],"texture":"#anneal_blade","cullface":"north"},"up":{"uv":[4,0,5,1],"rotation":180,"texture":"#anneal_blade","cullface":"north"},"down":{"uv":[4,0,5,1],"rotation":180,"texture":"#anneal_blade","cullface":"down"}}}],"display":{"thirdperson_righthand":{"rotation":[-90,0,90],"translation":[-8,7.25,0],"scale":[1,1,1.1]},"thirdperson_lefthand":{"rotation":[-90,0,90],"translation":[-8,7.25,0],"scale":[1,1,1.1]},"firstperson_righthand":{"rotation":[-95,0,100],"translation":[-6.75,7.5,2.25]},"firstperson_lefthand":{"rotation":[-95,0,100],"translation":[-6.75,7.5,2.25]},"ground":{"translation":[0,5.5,0]},"gui":{"rotation":[-90,45,0],"translation":[0.5,0.5,0]},"head":{"rotation":[16,0,114],"translation":[-11.25,0.25,-3.75],"scale":[1.5,1.5,1.5]}},"groups":[{"name":"anneal_blade","origin":[8,8,8],"children":[{"name":"blade","origin":[8,8,8],"children":[0,1,2,3,4,5,6,7,8,9,10,11,12,13]},{"name":"handle","origin":[8,8,8],"children":[14,15,16,17,18,19,20,21,22,23,24,25,26,27]}]}]}