{
	"credit": "Made with Blockbench",
	"texture_size": [32, 32],
	"textures": {
		"0": "item/TourdeForce",
		"particle": "item/TourdeForce"
	},
	"elements": [
		{
			"from": [7, 2, 12],
			"to": [8.5, 4.5, 16],
			"faces": {
				"north": {"uv": [9.5, 1, 10.25, 2.25], "texture": "#0"},
				"east": {"uv": [4, 2, 6, 3.25], "texture": "#0"},
				"south": {"uv": [9.5, 2.5, 10.25, 3.75], "texture": "#0"},
				"west": {"uv": [4, 3.5, 6, 4.75], "texture": "#0"},
				"up": {"uv": [3.75, 9.5, 3, 7.5], "texture": "#0"},
				"down": {"uv": [8.25, 3, 7.5, 5], "texture": "#0"}
			}
		},
		{
			"from": [7, 2, 9],
			"to": [8.5, 4.5, 12],
			"faces": {
				"north": {"uv": [3, 9.5, 3.75, 10.75], "texture": "#0"},
				"east": {"uv": [6, 3, 7.5, 4.25], "texture": "#0"},
				"south": {"uv": [9.5, 4, 10.25, 5.25], "texture": "#0"},
				"west": {"uv": [6, 4.5, 7.5, 5.75], "texture": "#0"},
				"up": {"uv": [7.75, 10, 7, 8.5], "texture": "#0"},
				"down": {"uv": [9.25, 7, 8.5, 8.5], "texture": "#0"}
			}
		},
		{
			"from": [7, 3, 8],
			"to": [8.5, 5.5, 9],
			"faces": {
				"north": {"uv": [9.5, 7, 10.25, 8.25], "texture": "#0"},
				"east": {"uv": [8, 1.5, 8.5, 2.75], "texture": "#0"},
				"south": {"uv": [8, 9.5, 8.75, 10.75], "texture": "#0"},
				"west": {"uv": [10.5, 7, 11, 8.25], "texture": "#0"},
				"up": {"uv": [12.75, 7.5, 12, 7], "texture": "#0"},
				"down": {"uv": [8.25, 12, 7.5, 12.5], "texture": "#0"}
			}
		},
		{
			"from": [7, 2.25, 6.5],
			"to": [8.5, 3, 9],
			"rotation": {"angle": 0, "axis": "y", "origin": [7.75, 2.5, 8.5]},
			"faces": {
				"north": {"uv": [12.75, 9, 12, 8.5], "rotation": 180, "texture": "#0"},
				"east": {"uv": [10, 5.5, 10.5, 6.25], "rotation": 90, "texture": "#0"},
				"south": {"uv": [12.75, 9, 12, 9.5], "texture": "#0"},
				"west": {"uv": [12, 7.5, 12.5, 8.25], "rotation": 270, "texture": "#0"},
				"up": {"uv": [8, 11, 8.75, 11.75], "texture": "#0"},
				"down": {"uv": [11, 7, 11.75, 7.75], "rotation": 180, "texture": "#0"}
			}
		},
		{
			"from": [7.005, 0.2, 9.9],
			"to": [8.495, 2.7, 12.4],
			"rotation": {"angle": -45, "axis": "x", "origin": [7.75, 1.25, 10.25]},
			"faces": {
				"north": {"uv": [9.5, 8.5, 10.25, 9.75], "texture": "#0"},
				"east": {"uv": [4, 7, 5.25, 8.25], "texture": "#0"},
				"south": {"uv": [0, 10, 0.75, 11.25], "texture": "#0"},
				"west": {"uv": [5.5, 7, 6.75, 8.25], "texture": "#0"},
				"up": {"uv": [1.75, 11.25, 1, 10], "texture": "#0"},
				"down": {"uv": [2.75, 10, 2, 11.25], "texture": "#0"}
			}
		},
		{
			"from": [7, 3, 4],
			"to": [8.5, 5.5, 8],
			"faces": {
				"north": {"uv": [7, 10, 7.75, 11.25], "texture": "#0"},
				"east": {"uv": [4, 5, 6, 6.25], "texture": "#0"},
				"south": {"uv": [9, 10, 9.75, 11.25], "texture": "#0"},
				"west": {"uv": [5.5, 0, 7.5, 1.25], "texture": "#0"},
				"up": {"uv": [9.25, 3.5, 8.5, 1.5], "texture": "#0"},
				"down": {"uv": [9.25, 3.5, 8.5, 5.5], "texture": "#0"}
			}
		},
		{
			"from": [8, 4.65, 8.4],
			"to": [9.5, 4.9, 8.9],
			"faces": {
				"north": {"uv": [12, 13, 12.75, 13.125], "texture": "#0"},
				"east": {"uv": [13.5, 1, 13.75, 1.125], "texture": "#0"},
				"south": {"uv": [13, 12, 13.75, 12.125], "texture": "#0"},
				"west": {"uv": [2, 13.5, 2.25, 13.625], "texture": "#0"},
				"up": {"uv": [13.25, 7.75, 12.5, 7.5], "texture": "#0"},
				"down": {"uv": [13.25, 8, 12.5, 8.25], "texture": "#0"}
			}
		},
		{
			"from": [8, 4.65, 7.4],
			"to": [9.5, 4.9, 7.9],
			"faces": {
				"north": {"uv": [13, 13, 13.75, 13.125], "texture": "#0"},
				"east": {"uv": [2.5, 13.5, 2.75, 13.625], "texture": "#0"},
				"south": {"uv": [13.5, 0, 14.25, 0.125], "texture": "#0"},
				"west": {"uv": [4, 13.5, 4.25, 13.625], "texture": "#0"},
				"up": {"uv": [9.25, 12.75, 8.5, 12.5], "texture": "#0"},
				"down": {"uv": [10.25, 12.5, 9.5, 12.75], "texture": "#0"}
			}
		},
		{
			"from": [9, 4.9, 5.5],
			"to": [10, 5.9, 10.25],
			"faces": {
				"north": {"uv": [5.5, 1.5, 6, 2], "texture": "#0"},
				"east": {"uv": [7.5, 5.5, 9.875, 6], "texture": "#0"},
				"south": {"uv": [9, 1, 9.5, 1.5], "texture": "#0"},
				"west": {"uv": [8, 6.5, 10.375, 7], "texture": "#0"},
				"up": {"uv": [6.5, 10.875, 6, 8.5], "texture": "#0"},
				"down": {"uv": [7, 8.5, 6.5, 10.875], "texture": "#0"}
			}
		},
		{
			"from": [7, 4.9, 7.75],
			"to": [8.5, 6.4, 8],
			"rotation": {"angle": -45, "axis": "z", "origin": [7.75, 5.65, 7.75]},
			"faces": {
				"north": {"uv": [11, 8, 11.75, 8.75], "texture": "#0"},
				"east": {"uv": [10.5, 12.5, 10.75, 13.25], "texture": "#0"},
				"south": {"uv": [11, 9, 11.75, 9.75], "texture": "#0"},
				"west": {"uv": [11, 12.5, 11.25, 13.25], "texture": "#0"},
				"up": {"uv": [12.25, 12.75, 11.5, 12.5], "texture": "#0"},
				"down": {"uv": [13.25, 12.5, 12.5, 12.75], "texture": "#0"}
			}
		},
		{
			"from": [7, 4.9, 7.25],
			"to": [8.5, 6.4, 7.5],
			"rotation": {"angle": -45, "axis": "z", "origin": [7.75, 5.65, 7.75]},
			"faces": {
				"north": {"uv": [11, 10, 11.75, 10.75], "texture": "#0"},
				"east": {"uv": [0, 13, 0.25, 13.75], "texture": "#0"},
				"south": {"uv": [11, 11, 11.75, 11.75], "texture": "#0"},
				"west": {"uv": [0.5, 13, 0.75, 13.75], "texture": "#0"},
				"up": {"uv": [1.75, 13.25, 1, 13], "texture": "#0"},
				"down": {"uv": [2.75, 13, 2, 13.25], "texture": "#0"}
			}
		},
		{
			"from": [7, 4.9, 6.75],
			"to": [8.5, 6.4, 7],
			"rotation": {"angle": -45, "axis": "z", "origin": [7.75, 5.65, 7.75]},
			"faces": {
				"north": {"uv": [0, 11.5, 0.75, 12.25], "texture": "#0"},
				"east": {"uv": [3, 13, 3.25, 13.75], "texture": "#0"},
				"south": {"uv": [11.5, 0, 12.25, 0.75], "texture": "#0"},
				"west": {"uv": [3.5, 13, 3.75, 13.75], "texture": "#0"},
				"up": {"uv": [4.75, 13.25, 4, 13], "texture": "#0"},
				"down": {"uv": [5.75, 13, 5, 13.25], "texture": "#0"}
			}
		},
		{
			"from": [6.5, 3.5, 2.5],
			"to": [9, 4, 5],
			"faces": {
				"north": {"uv": [12.5, 1.5, 13.75, 1.75], "texture": "#0"},
				"east": {"uv": [2, 12.5, 3.25, 12.75], "texture": "#0"},
				"south": {"uv": [12.5, 2, 13.75, 2.25], "texture": "#0"},
				"west": {"uv": [12.5, 2.5, 13.75, 2.75], "texture": "#0"},
				"up": {"uv": [8.25, 8.25, 7, 7], "texture": "#0"},
				"down": {"uv": [1.25, 7.5, 0, 8.75], "texture": "#0"}
			}
		},
		{
			"from": [6.5, 3.5, 6.5],
			"to": [9, 4, 8.25],
			"faces": {
				"north": {"uv": [12.5, 3, 13.75, 3.25], "texture": "#0"},
				"east": {"uv": [12.5, 6, 13.375, 6.25], "texture": "#0"},
				"south": {"uv": [3.5, 12.5, 4.75, 12.75], "texture": "#0"},
				"west": {"uv": [6.5, 12.5, 7.375, 12.75], "texture": "#0"},
				"up": {"uv": [9.25, 9.375, 8, 8.5], "texture": "#0"},
				"down": {"uv": [1.25, 9, 0, 9.875], "texture": "#0"}
			}
		},
		{
			"from": [7, 3, 3],
			"to": [8.5, 5.5, 4],
			"faces": {
				"north": {"uv": [10, 10, 10.75, 11.25], "texture": "#0"},
				"east": {"uv": [10.5, 8.5, 11, 9.75], "texture": "#0"},
				"south": {"uv": [10.5, 0, 11.25, 1.25], "texture": "#0"},
				"west": {"uv": [3, 11, 3.5, 12.25], "texture": "#0"},
				"up": {"uv": [12.75, 10, 12, 9.5], "texture": "#0"},
				"down": {"uv": [12.75, 10, 12, 10.5], "texture": "#0"}
			}
		},
		{
			"from": [7.005, 2.65, 2.4],
			"to": [8.495, 3.65, 3.9],
			"rotation": {"angle": 45, "axis": "x", "origin": [7.75, 3, 3.5]},
			"faces": {
				"north": {"uv": [12, 10.5, 12.75, 11], "texture": "#0"},
				"east": {"uv": [11, 12, 11.75, 12.5], "texture": "#0"},
				"south": {"uv": [12, 11, 12.75, 11.5], "texture": "#0"},
				"west": {"uv": [12, 11.5, 12.75, 12], "texture": "#0"},
				"up": {"uv": [1.75, 12.25, 1, 11.5], "texture": "#0"},
				"down": {"uv": [12.25, 1, 11.5, 1.75], "texture": "#0"}
			}
		},
		{
			"from": [7, 3.5, -8],
			"to": [8.5, 5.5, 3],
			"faces": {
				"north": {"uv": [5, 10.5, 5.75, 11.5], "texture": "#0"},
				"east": {"uv": [0, 0, 5.5, 1], "texture": "#0"},
				"south": {"uv": [10.5, 6, 11.25, 7], "texture": "#0"},
				"west": {"uv": [0, 1, 5.5, 2], "texture": "#0"},
				"up": {"uv": [0.75, 7.5, 0, 2], "texture": "#0"},
				"down": {"uv": [1.75, 2, 1, 7.5], "texture": "#0"}
			}
		},
		{
			"from": [7.625, 5.5, -7.9],
			"to": [7.875, 5.9, -6.9],
			"faces": {
				"north": {"uv": [4.5, 13.5, 4.625, 13.75], "texture": "#0"},
				"east": {"uv": [9, 9.5, 9.5, 9.75], "texture": "#0"},
				"south": {"uv": [5, 13.5, 5.125, 13.75], "texture": "#0"},
				"west": {"uv": [6.5, 11, 7, 11.25], "texture": "#0"},
				"up": {"uv": [7.625, 12, 7.5, 11.5], "texture": "#0"},
				"down": {"uv": [8.625, 12, 8.5, 12.5], "texture": "#0"}
			}
		},
		{
			"from": [7.625, 5.5, -6.9],
			"to": [7.875, 5.8, -6.65],
			"faces": {
				"north": {"uv": [5.5, 13.5, 5.625, 13.625], "texture": "#0"},
				"east": {"uv": [13.5, 6, 13.625, 6.125], "texture": "#0"},
				"south": {"uv": [13.5, 6.5, 13.625, 6.625], "texture": "#0"},
				"west": {"uv": [7, 13.5, 7.125, 13.625], "texture": "#0"},
				"up": {"uv": [7.625, 13.625, 7.5, 13.5], "texture": "#0"},
				"down": {"uv": [13.625, 7.5, 13.5, 7.625], "texture": "#0"}
			}
		},
		{
			"from": [7.1, 3.6, -8.1],
			"to": [8.4, 5.4, -8],
			"faces": {
				"north": {"uv": [9, 11.5, 9.625, 12.375], "texture": "#0"},
				"east": {"uv": [13, 11, 13.125, 11.875], "texture": "#0"},
				"south": {"uv": [10, 11.5, 10.625, 12.375], "texture": "#0"},
				"west": {"uv": [11.5, 13, 11.625, 13.875], "texture": "#0"},
				"up": {"uv": [14.125, 0.625, 13.5, 0.5], "texture": "#0"},
				"down": {"uv": [1.625, 13.5, 1, 13.625], "texture": "#0"}
			}
		},
		{
			"from": [6.875, 4, -7.875],
			"to": [8.625, 5, -0.375],
			"faces": {
				"north": {"uv": [7.5, 5, 8.375, 5.5], "texture": "#0"},
				"east": {"uv": [6, 6, 9.75, 6.5], "texture": "#0"},
				"south": {"uv": [4, 12, 4.875, 12.5], "texture": "#0"},
				"west": {"uv": [4, 6.5, 7.75, 7], "texture": "#0"},
				"up": {"uv": [2.875, 5.75, 2, 2], "texture": "#0"},
				"down": {"uv": [3.875, 2, 3, 5.75], "texture": "#0"}
			}
		}
	],
	"display": {
		"thirdperson_righthand": {
			"translation": [-1.25, 4.25, 3.25]
		},
		"thirdperson_lefthand": {
			"translation": [-1.25, 4.25, 3.25]
		},
		"firstperson_righthand": {
			"translation": [-5.75, 9.5, 6]
		},
		"firstperson_lefthand": {
			"translation": [-5.75, 9.5, 6]
		},
		"ground": {
			"rotation": [-2.22, -1.99, 84.75],
			"translation": [-2.75, 0, 5.25]
		},
		"gui": {
			"rotation": [-90, -45, -90],
			"translation": [0, 5.75, 0]
		},
		"head": {
			"translation": [0, 13.75, 4.5]
		},
		"fixed": {
			"rotation": [-90, 45, 90],
			"translation": [-0.25, 5.5, 0]
		}
	},
	"groups": [
		{
			"name": "TourdeForce",
			"origin": [8, 8, 8],
			"color": 0,
			"children": [
				{
					"name": "1",
					"origin": [0, 0, 0],
					"color": 0,
					"children": [0]
				},
				{
					"name": "2",
					"origin": [8, 8, 8],
					"color": 0,
					"children": [1, 2, 3, 4]
				},
				{
					"name": "3",
					"origin": [8, 8, 8],
					"color": 0,
					"children": [5, 6, 7, 8, 9, 10, 11, 12, 13, 14, 15]
				},
				{
					"name": "4",
					"origin": [8, 8, 8],
					"color": 0,
					"children": [16, 17, 18, 19, 20]
				}
			]
		}
	]
}