{
	"credit": "Made with Blockbench",
	"texture_size": [64, 64],
	"textures": {
		"0": "block/vanguardsvisage",
		"particle": "block/vanguardsvisage"
	},
	"elements": [
		{
			"from": [0.75, 9, 0.75],
			"to": [15.25, 15.25, 15.25],
			"rotation": {"angle": 0, "axis": "y", "origin": [2, 8, 2]},
			"faces": {
				"north": {"uv": [9, 9.25, 12.5, 10.75], "texture": "#0"},
				"east": {"uv": [9, 6.25, 12.75, 7.75], "texture": "#0"},
				"south": {"uv": [10, 0, 13.5, 1.5], "texture": "#0"},
				"west": {"uv": [9, 7.75, 12.75, 9.25], "texture": "#0"},
				"up": {"uv": [3.5, 3.75, 0, 0], "texture": "#0"},
				"down": {"uv": [7, 0, 3.5, 3.75], "texture": "#0"}
			}
		},
		{
			"from": [0.75, 1.5, 1.75],
			"to": [2.75, 4.5, 15.25],
			"rotation": {"angle": 0, "axis": "y", "origin": [2, 1.5, 2]},
			"faces": {
				"north": {"uv": [0.25, 13.75, 0.75, 14.5], "texture": "#0"},
				"east": {"uv": [2.5, 11.5, 6, 12.25], "texture": "#0"},
				"south": {"uv": [0.75, 13.75, 1.25, 14.5], "texture": "#0"},
				"west": {"uv": [12, 2.75, 15.5, 3.5], "texture": "#0"},
				"up": {"uv": [11, 15.5, 10.5, 12], "texture": "#0"},
				"down": {"uv": [11.5, 12, 11, 15.5], "texture": "#0"}
			}
		},
		{
			"from": [10.25, 1.5, 0.75],
			"to": [15.25, 4.5, 1.75],
			"rotation": {"angle": 0, "axis": "y", "origin": [2, 1.5, 2]},
			"faces": {
				"north": {"uv": [7.5, 10, 8.75, 10.75], "texture": "#0"},
				"east": {"uv": [8.75, 10, 9, 10.75], "texture": "#0"},
				"south": {"uv": [2.5, 12.25, 3.75, 13], "texture": "#0"},
				"west": {"uv": [4.75, 14, 5, 14.75], "texture": "#0"},
				"up": {"uv": [7.25, 10.25, 6, 10], "texture": "#0"},
				"down": {"uv": [14.5, 8, 13.25, 8.25], "texture": "#0"}
			}
		},
		{
			"from": [0.75, 1.5, 0.75],
			"to": [5.75, 4.5, 1.75],
			"rotation": {"angle": 0, "axis": "y", "origin": [-9, 1.5, 2]},
			"faces": {
				"north": {"uv": [3.75, 12.25, 5, 13], "texture": "#0"},
				"east": {"uv": [9.25, 14, 9.5, 14.75], "texture": "#0"},
				"south": {"uv": [12.5, 9.25, 13.75, 10], "texture": "#0"},
				"west": {"uv": [4.75, 14.75, 5, 15.5], "texture": "#0"},
				"up": {"uv": [15, 10, 13.75, 9.75], "texture": "#0"},
				"down": {"uv": [15, 13.75, 13.75, 14], "texture": "#0"}
			}
		},
		{
			"from": [13.25, 4.5, 0.75],
			"to": [15.25, 9, 15.25],
			"rotation": {"angle": 0, "axis": "y", "origin": [16, 6, 2]},
			"faces": {
				"north": {"uv": [12.75, 7, 13.25, 8.25], "texture": "#0"},
				"east": {"uv": [10, 1.5, 13.75, 2.75], "texture": "#0"},
				"south": {"uv": [7.25, 12.75, 7.75, 14], "texture": "#0"},
				"west": {"uv": [0, 10.25, 3.75, 11.5], "texture": "#0"},
				"up": {"uv": [6.5, 15.25, 6, 11.5], "texture": "#0"},
				"down": {"uv": [7, 11.5, 6.5, 15.25], "texture": "#0"}
			}
		},
		{
			"from": [2.75, 4.5, 14.75],
			"to": [13.25, 9, 15.25],
			"rotation": {"angle": 0, "axis": "y", "origin": [4, 6, 2]},
			"faces": {
				"north": {"uv": [11.25, 10.75, 13.75, 12], "texture": "#0"},
				"east": {"uv": [9.25, 12.75, 9.5, 14], "texture": "#0"},
				"south": {"uv": [0, 11.5, 2.5, 12.75], "texture": "#0"},
				"west": {"uv": [2.5, 14, 2.75, 15.25], "texture": "#0"},
				"up": {"uv": [15.25, 8.5, 12.75, 8.25], "texture": "#0"},
				"down": {"uv": [15.25, 8.5, 12.75, 8.75], "texture": "#0"}
			}
		},
		{
			"from": [2.75, 1.5, 14.25],
			"to": [13.25, 4.5, 15.25],
			"rotation": {"angle": 0, "axis": "y", "origin": [4, 3, 2]},
			"faces": {
				"north": {"uv": [12, 5, 14.5, 5.75], "texture": "#0"},
				"east": {"uv": [9.25, 14.75, 9.5, 15.5], "texture": "#0"},
				"south": {"uv": [7, 12, 9.5, 12.75], "texture": "#0"},
				"west": {"uv": [15, 12.25, 15.25, 13], "texture": "#0"},
				"up": {"uv": [15.25, 9, 12.75, 8.75], "texture": "#0"},
				"down": {"uv": [15.25, 9, 12.75, 9.25], "texture": "#0"}
			}
		},
		{
			"from": [2, 15.25, 2],
			"to": [14, 16, 14],
			"rotation": {"angle": 0, "axis": "y", "origin": [8, 15.625, 8]},
			"faces": {
				"north": {"uv": [12, 5.75, 15, 6], "texture": "#0"},
				"east": {"uv": [12, 6, 15, 6.25], "texture": "#0"},
				"south": {"uv": [12.5, 10, 15.5, 10.25], "texture": "#0"},
				"west": {"uv": [12.5, 10.25, 15.5, 10.5], "texture": "#0"},
				"up": {"uv": [9, 10, 6, 7], "texture": "#0"},
				"down": {"uv": [12, 3.25, 9, 6.25], "texture": "#0"}
			}
		},
		{
			"from": [5.1, 9, -1.25],
			"to": [10.9, 11, 0.75],
			"rotation": {"angle": 0, "axis": "y", "origin": [7, 9, 0]},
			"faces": {
				"north": {"uv": [7, 3.25, 8.5, 3.75], "texture": "#0"},
				"east": {"uv": [8.5, 3.25, 9, 3.75], "texture": "#0"},
				"south": {"uv": [10, 2.75, 11.5, 3.25], "texture": "#0"},
				"west": {"uv": [11.5, 2.75, 12, 3.25], "texture": "#0"},
				"up": {"uv": [1.75, 13.25, 0.25, 12.75], "texture": "#0"},
				"down": {"uv": [14.25, 6.25, 12.75, 6.75], "texture": "#0"}
			}
		},
		{
			"from": [0.75, 4.5, 0.75],
			"to": [2.75, 9, 15.25],
			"rotation": {"angle": 0, "axis": "y", "origin": [2, 6, 2]},
			"faces": {
				"north": {"uv": [7.75, 12.75, 8.25, 14], "texture": "#0"},
				"east": {"uv": [3.75, 10.25, 7.5, 11.5], "texture": "#0"},
				"south": {"uv": [8.25, 12.75, 8.75, 14], "texture": "#0"},
				"west": {"uv": [7.5, 10.75, 11.25, 12], "texture": "#0"},
				"up": {"uv": [10, 15.75, 9.5, 12], "texture": "#0"},
				"down": {"uv": [10.5, 12, 10, 15.75], "texture": "#0"}
			}
		},
		{
			"from": [13.25, 1.5, 1.75],
			"to": [15.25, 4.5, 15.25],
			"rotation": {"angle": 0, "axis": "y", "origin": [14.5, 1.5, 2]},
			"faces": {
				"north": {"uv": [13.75, 1.5, 14.25, 2.25], "texture": "#0"},
				"east": {"uv": [12, 3.5, 15.5, 4.25], "texture": "#0"},
				"south": {"uv": [8.75, 13.75, 9.25, 14.5], "texture": "#0"},
				"west": {"uv": [12, 4.25, 15.5, 5], "texture": "#0"},
				"up": {"uv": [12, 15.5, 11.5, 12], "texture": "#0"},
				"down": {"uv": [12.5, 12, 12, 15.5], "texture": "#0"}
			}
		},
		{
			"from": [-1.28943, 13.19762, -0.94344],
			"to": [0.71057, 15.19762, 1.05656],
			"rotation": {"angle": 22.5, "axis": "x", "origin": [-0.28943, 14.19762, 0.05656]},
			"faces": {
				"north": {"uv": [7, 11.5, 7.5, 12], "texture": "#0"},
				"east": {"uv": [14, 0, 14.5, 0.5], "texture": "#0"},
				"south": {"uv": [14, 0.5, 14.5, 1], "texture": "#0"},
				"west": {"uv": [2.75, 14, 3.25, 14.5], "texture": "#0"},
				"up": {"uv": [3.75, 14.5, 3.25, 14], "texture": "#0"},
				"down": {"uv": [4.25, 14, 3.75, 14.5], "texture": "#0"}
			}
		},
		{
			"from": [-1.28943, 14.50418, -0.07042],
			"to": [0.71057, 16.50418, 1.92958],
			"rotation": {"angle": 45, "axis": "x", "origin": [-0.28943, 15.50418, 0.92958]},
			"faces": {
				"north": {"uv": [4.25, 14, 4.75, 14.5], "texture": "#0"},
				"east": {"uv": [7.25, 14, 7.75, 14.5], "texture": "#0"},
				"south": {"uv": [7.75, 14, 8.25, 14.5], "texture": "#0"},
				"west": {"uv": [8.25, 14, 8.75, 14.5], "texture": "#0"},
				"up": {"uv": [13.25, 14.5, 12.75, 14], "texture": "#0"},
				"down": {"uv": [13.75, 14, 13.25, 14.5], "texture": "#0"}
			}
		},
		{
			"from": [-1.28943, 15.75989, 1.16002],
			"to": [0.71057, 17.75989, 3.16002],
			"rotation": {"angle": -22.5, "axis": "x", "origin": [-0.28943, 16.75989, 3.16002]},
			"faces": {
				"north": {"uv": [13.75, 14, 14.25, 14.5], "texture": "#0"},
				"east": {"uv": [1.25, 14.25, 1.75, 14.75], "texture": "#0"},
				"south": {"uv": [14.25, 1.5, 14.75, 2], "texture": "#0"},
				"west": {"uv": [14.25, 6.25, 14.75, 6.75], "texture": "#0"},
				"up": {"uv": [14.75, 7.5, 14.25, 7], "texture": "#0"},
				"down": {"uv": [14.75, 7.5, 14.25, 8], "texture": "#0"}
			}
		},
		{
			"from": [-1.28943, 15.68377, 2.77734],
			"to": [0.71057, 17.68377, 4.77734],
			"rotation": {"angle": 0, "axis": "y", "origin": [6.71057, 23.68377, 11.27734]},
			"faces": {
				"north": {"uv": [14.25, 14, 14.75, 14.5], "texture": "#0"},
				"east": {"uv": [14.5, 0, 15, 0.5], "texture": "#0"},
				"south": {"uv": [0.25, 14.5, 0.75, 15], "texture": "#0"},
				"west": {"uv": [14.5, 0.5, 15, 1], "texture": "#0"},
				"up": {"uv": [1.25, 15, 0.75, 14.5], "texture": "#0"},
				"down": {"uv": [15, 1, 14.5, 1.5], "texture": "#0"}
			}
		},
		{
			"from": [-2.49074, 16.4208, 3.02734],
			"to": [-0.64298, 19.9208, 4.77734],
			"rotation": {"angle": 45, "axis": "z", "origin": [-1.49074, 18.68617, 3.27734]},
			"faces": {
				"north": {"uv": [8.75, 12.75, 9.25, 13.75], "texture": "#0"},
				"east": {"uv": [12.75, 12, 13.25, 13], "texture": "#0"},
				"south": {"uv": [2.5, 13, 3, 14], "texture": "#0"},
				"west": {"uv": [3, 13, 3.5, 14], "texture": "#0"},
				"up": {"uv": [15, 2.5, 14.5, 2], "texture": "#0"},
				"down": {"uv": [3.25, 14.5, 2.75, 15], "texture": "#0"}
			}
		},
		{
			"from": [4.7565, 10.75772, -1.25],
			"to": [6.6565, 12.75772, 0.75],
			"rotation": {"angle": -45, "axis": "z", "origin": [3.7565, 11.75772, -0.25]},
			"faces": {
				"north": {"uv": [3.25, 14.5, 3.75, 15], "texture": "#0"},
				"east": {"uv": [3.75, 14.5, 4.25, 15], "texture": "#0"},
				"south": {"uv": [4.25, 14.5, 4.75, 15], "texture": "#0"},
				"west": {"uv": [14.5, 5, 15, 5.5], "texture": "#0"},
				"up": {"uv": [7.75, 15, 7.25, 14.5], "texture": "#0"},
				"down": {"uv": [8.25, 14.5, 7.75, 15], "texture": "#0"}
			}
		},
		{
			"from": [1.40878, 10.94362, -1.25],
			"to": [5.00878, 12.94362, 0.75],
			"rotation": {"angle": -22.5, "axis": "z", "origin": [2.10878, 11.94362, -0.25]},
			"faces": {
				"north": {"uv": [3.5, 13, 4.5, 13.5], "texture": "#0"},
				"east": {"uv": [8.25, 14.5, 8.75, 15], "texture": "#0"},
				"south": {"uv": [12.75, 13, 13.75, 13.5], "texture": "#0"},
				"west": {"uv": [8.75, 14.5, 9.25, 15], "texture": "#0"},
				"up": {"uv": [1.25, 13.75, 0.25, 13.25], "texture": "#0"},
				"down": {"uv": [14.25, 7, 13.25, 7.5], "texture": "#0"}
			}
		},
		{
			"from": [-1.16079, 11.967, -1.25],
			"to": [2.18921, 13.967, 0.75],
			"rotation": {"angle": -45, "axis": "z", "origin": [0.81421, 12.967, -0.25]},
			"faces": {
				"north": {"uv": [13.75, 2.25, 14.5, 2.75], "texture": "#0"},
				"east": {"uv": [14.5, 9.25, 15, 9.75], "texture": "#0"},
				"south": {"uv": [13.75, 9.25, 14.5, 9.75], "texture": "#0"},
				"west": {"uv": [14.5, 10.75, 15, 11.25], "texture": "#0"},
				"up": {"uv": [14.5, 11.25, 13.75, 10.75], "texture": "#0"},
				"down": {"uv": [14.5, 11.25, 13.75, 11.75], "texture": "#0"}
			}
		},
		{
			"from": [15.28943, 13.19762, -0.94344],
			"to": [17.28943, 15.19762, 1.05656],
			"rotation": {"angle": 22.5, "axis": "x", "origin": [16.28943, 14.19762, 0.05656]},
			"faces": {
				"north": {"uv": [14.5, 11.25, 15, 11.75], "texture": "#0"},
				"east": {"uv": [14.5, 11.75, 15, 12.25], "texture": "#0"},
				"south": {"uv": [14.5, 12.25, 15, 12.75], "texture": "#0"},
				"west": {"uv": [12.75, 14.5, 13.25, 15], "texture": "#0"},
				"up": {"uv": [15, 13.25, 14.5, 12.75], "texture": "#0"},
				"down": {"uv": [13.75, 14.5, 13.25, 15], "texture": "#0"}
			}
		},
		{
			"from": [15.28943, 14.50418, -0.07042],
			"to": [17.28943, 16.50418, 1.92958],
			"rotation": {"angle": 45, "axis": "x", "origin": [16.28943, 15.50418, 0.92958]},
			"faces": {
				"north": {"uv": [14.5, 13.25, 15, 13.75], "texture": "#0"},
				"east": {"uv": [13.75, 14.5, 14.25, 15], "texture": "#0"},
				"south": {"uv": [14.25, 14.5, 14.75, 15], "texture": "#0"},
				"west": {"uv": [1.25, 14.75, 1.75, 15.25], "texture": "#0"},
				"up": {"uv": [15.25, 2, 14.75, 1.5], "texture": "#0"},
				"down": {"uv": [15.25, 6.25, 14.75, 6.75], "texture": "#0"}
			}
		},
		{
			"from": [15.28943, 15.75989, 1.16002],
			"to": [17.28943, 17.75989, 3.16002],
			"rotation": {"angle": -22.5, "axis": "x", "origin": [16.28943, 16.75989, 3.16002]},
			"faces": {
				"north": {"uv": [14.75, 7, 15.25, 7.5], "texture": "#0"},
				"east": {"uv": [14.75, 7.5, 15.25, 8], "texture": "#0"},
				"south": {"uv": [14.75, 14, 15.25, 14.5], "texture": "#0"},
				"west": {"uv": [14.75, 14.5, 15.25, 15], "texture": "#0"},
				"up": {"uv": [15.5, 0.5, 15, 0], "texture": "#0"},
				"down": {"uv": [0.75, 15, 0.25, 15.5], "texture": "#0"}
			}
		},
		{
			"from": [15.28943, 15.68377, 2.77734],
			"to": [17.28943, 17.68377, 4.77734],
			"rotation": {"angle": 0, "axis": "y", "origin": [9.28943, 23.68377, 11.27734]},
			"faces": {
				"north": {"uv": [15, 0.5, 15.5, 1], "texture": "#0"},
				"east": {"uv": [0.75, 15, 1.25, 15.5], "texture": "#0"},
				"south": {"uv": [15, 1, 15.5, 1.5], "texture": "#0"},
				"west": {"uv": [15, 2, 15.5, 2.5], "texture": "#0"},
				"up": {"uv": [3.25, 15.5, 2.75, 15], "texture": "#0"},
				"down": {"uv": [3.75, 15, 3.25, 15.5], "texture": "#0"}
			}
		},
		{
			"from": [16.64298, 16.4208, 3.02734],
			"to": [18.49074, 19.9208, 4.77734],
			"rotation": {"angle": -45, "axis": "z", "origin": [17.49074, 18.68617, 3.27734]},
			"faces": {
				"north": {"uv": [4.5, 13, 5, 14], "texture": "#0"},
				"east": {"uv": [1.25, 13.25, 1.75, 14.25], "texture": "#0"},
				"south": {"uv": [13.25, 12, 13.75, 13], "texture": "#0"},
				"west": {"uv": [13.5, 0, 14, 1], "texture": "#0"},
				"up": {"uv": [4.25, 15.5, 3.75, 15], "texture": "#0"},
				"down": {"uv": [4.75, 15, 4.25, 15.5], "texture": "#0"}
			}
		},
		{
			"from": [9.3435, 10.75772, -1.25],
			"to": [11.2435, 12.75772, 0.75],
			"rotation": {"angle": 45, "axis": "z", "origin": [12.2435, 11.75772, -0.25]},
			"faces": {
				"north": {"uv": [15, 5, 15.5, 5.5], "texture": "#0"},
				"east": {"uv": [15, 5.5, 15.5, 6], "texture": "#0"},
				"south": {"uv": [7.25, 15, 7.75, 15.5], "texture": "#0"},
				"west": {"uv": [7.75, 15, 8.25, 15.5], "texture": "#0"},
				"up": {"uv": [8.75, 15.5, 8.25, 15], "texture": "#0"},
				"down": {"uv": [9.25, 15, 8.75, 15.5], "texture": "#0"}
			}
		},
		{
			"from": [10.99122, 10.94362, -1.25],
			"to": [14.59122, 12.94362, 0.75],
			"rotation": {"angle": 22.5, "axis": "z", "origin": [13.89122, 11.94362, -0.25]},
			"faces": {
				"north": {"uv": [13.25, 7.5, 14.25, 8], "texture": "#0"},
				"east": {"uv": [15, 9.25, 15.5, 9.75], "texture": "#0"},
				"south": {"uv": [13.5, 1, 14.5, 1.5], "texture": "#0"},
				"west": {"uv": [15, 10.75, 15.5, 11.25], "texture": "#0"},
				"up": {"uv": [4.5, 14, 3.5, 13.5], "texture": "#0"},
				"down": {"uv": [13.75, 13.5, 12.75, 14], "texture": "#0"}
			}
		},
		{
			"from": [13.81079, 11.967, -1.25],
			"to": [17.16079, 13.967, 0.75],
			"rotation": {"angle": 45, "axis": "z", "origin": [15.18579, 12.967, -0.25]},
			"faces": {
				"north": {"uv": [13.75, 11.75, 14.5, 12.25], "texture": "#0"},
				"east": {"uv": [15, 11.25, 15.5, 11.75], "texture": "#0"},
				"south": {"uv": [13.75, 12.25, 14.5, 12.75], "texture": "#0"},
				"west": {"uv": [15, 11.75, 15.5, 12.25], "texture": "#0"},
				"up": {"uv": [14.5, 13.25, 13.75, 12.75], "texture": "#0"},
				"down": {"uv": [14.5, 13.25, 13.75, 13.75], "texture": "#0"}
			}
		},
		{
			"from": [15.25, 1.5, 2.25],
			"to": [16, 14, 13.75],
			"rotation": {"angle": 0, "axis": "y", "origin": [15.25, 6, 2]},
			"faces": {
				"north": {"uv": [5, 12.25, 5.25, 15.5], "texture": "#0"},
				"east": {"uv": [0, 3.75, 3, 7], "texture": "#0"},
				"south": {"uv": [5.25, 12.25, 5.5, 15.5], "texture": "#0"},
				"west": {"uv": [3, 3.75, 6, 7], "texture": "#0"},
				"up": {"uv": [2, 15.75, 1.75, 12.75], "texture": "#0"},
				"down": {"uv": [2.25, 12.75, 2, 15.75], "texture": "#0"}
			}
		},
		{
			"from": [0, 1.5, 2.25],
			"to": [0.75, 14, 13.75],
			"rotation": {"angle": 0, "axis": "y", "origin": [0, 6, 2]},
			"faces": {
				"north": {"uv": [5.5, 12.25, 5.75, 15.5], "texture": "#0"},
				"east": {"uv": [6, 3.75, 9, 7], "texture": "#0"},
				"south": {"uv": [5.75, 12.25, 6, 15.5], "texture": "#0"},
				"west": {"uv": [0, 7, 3, 10.25], "texture": "#0"},
				"up": {"uv": [2.5, 15.75, 2.25, 12.75], "texture": "#0"},
				"down": {"uv": [7.25, 12.75, 7, 15.75], "texture": "#0"}
			}
		},
		{
			"from": [2, 1.5, 15.25],
			"to": [14, 14, 16],
			"rotation": {"angle": 0, "axis": "y", "origin": [12, 6, 15.25]},
			"faces": {
				"north": {"uv": [7, 0, 10, 3.25], "texture": "#0"},
				"east": {"uv": [12.5, 12, 12.75, 15.25], "texture": "#0"},
				"south": {"uv": [3, 7, 6, 10.25], "texture": "#0"},
				"west": {"uv": [0, 12.75, 0.25, 16], "texture": "#0"},
				"up": {"uv": [15.5, 10.75, 12.5, 10.5], "texture": "#0"},
				"down": {"uv": [15.75, 6.75, 12.75, 7], "texture": "#0"}
			}
		}
	],
	"display": {},
	"groups": [
		{
			"name": "vanguardsvisage",
			"origin": [8, 8, 8],
			"color": 0,
			"children": [
				0,
				1,
				2,
				3,
				4,
				5,
				6,
				7,
				8,
				9,
				10,
				{
					"name": "lhorn",
					"origin": [8, 8, 8],
					"color": 0,
					"children": [11, 12, 13, 14, 15, 16, 17, 18]
				},
				{
					"name": "rhorn",
					"origin": [8, 8, 8],
					"color": 0,
					"children": [19, 20, 21, 22, 23, 24, 25, 26]
				},
				27,
				28,
				29
			]
		}
	]
}