{
	"credit": "Made with Blockbench",
	"texture_size": [32, 32],
	"textures": {
		"0": "item/windborne_longbow_0",
		"particle": "item/windborne_longbow_0"
	},
	"elements": [
		{
			"from": [7.75, 1.5, 2],
			"to": [8.25, 2.5, 4],
			"rotation": {"angle": 22.5, "axis": "x", "origin": [0, 0, 0]},
			"faces": {
				"north": {"uv": [10.5, 2, 10.75, 2.5], "texture": "#0"},
				"east": {"uv": [9.5, 0, 10.5, 0.5], "texture": "#0"},
				"south": {"uv": [10.5, 2.5, 10.75, 3], "texture": "#0"},
				"west": {"uv": [9.5, 0.5, 10.5, 1], "texture": "#0"},
				"up": {"uv": [9.75, 7, 9.5, 6], "texture": "#0"},
				"down": {"uv": [9.75, 7, 9.5, 8], "texture": "#0"}
			}
		},
		{
			"from": [7.75, 0.5, 4],
			"to": [8.25, 2.5, 6],
			"rotation": {"angle": 22.5, "axis": "x", "origin": [0, 0, 0]},
			"faces": {
				"north": {"uv": [7.5, 9.5, 7.75, 10.5], "texture": "#0"},
				"east": {"uv": [8, 0, 9, 1], "texture": "#0"},
				"south": {"uv": [8, 9.5, 8.25, 10.5], "texture": "#0"},
				"west": {"uv": [8, 1, 9, 2], "texture": "#0"},
				"up": {"uv": [9.75, 9, 9.5, 8], "texture": "#0"},
				"down": {"uv": [9.75, 9, 9.5, 10], "texture": "#0"}
			}
		},
		{
			"from": [7.5, 3.75, -0.25],
			"to": [8.5, 6.75, 0.75],
			"rotation": {"angle": 22.5, "axis": "x", "origin": [0, 0, 0]},
			"faces": {
				"north": {"uv": [7.5, 8, 8, 9.5], "texture": "#0"},
				"east": {"uv": [8, 8, 8.5, 9.5], "texture": "#0"},
				"south": {"uv": [8.5, 6, 9, 7.5], "texture": "#0"},
				"west": {"uv": [8.5, 7.5, 9, 9], "texture": "#0"},
				"up": {"uv": [10.5, 2.5, 10, 2], "texture": "#0"},
				"down": {"uv": [10.5, 2.5, 10, 3], "texture": "#0"}
			}
		},
		{
			"from": [7.75, 1.75, 0],
			"to": [8.25, 3.75, 2],
			"rotation": {"angle": 22.5, "axis": "x", "origin": [0, 0, 0]},
			"faces": {
				"north": {"uv": [10, 3, 10.25, 4], "texture": "#0"},
				"east": {"uv": [8, 2, 9, 3], "texture": "#0"},
				"south": {"uv": [10, 4, 10.25, 5], "texture": "#0"},
				"west": {"uv": [8, 3, 9, 4], "texture": "#0"},
				"up": {"uv": [10.25, 6, 10, 5], "texture": "#0"},
				"down": {"uv": [10.25, 6, 10, 7], "texture": "#0"}
			}
		},
		{
			"from": [7.75, 6, 2.25],
			"to": [8.25, 12, 3.25],
			"rotation": {"angle": 0, "axis": "y", "origin": [0, 2, 0]},
			"faces": {
				"north": {"uv": [9, 0, 9.25, 3], "texture": "#0"},
				"east": {"uv": [7.5, 0, 8, 3], "texture": "#0"},
				"south": {"uv": [9, 3, 9.25, 6], "texture": "#0"},
				"west": {"uv": [7.5, 3, 8, 6], "texture": "#0"},
				"up": {"uv": [10.75, 3.5, 10.5, 3], "texture": "#0"},
				"down": {"uv": [10.75, 3.5, 10.5, 4], "texture": "#0"}
			}
		},
		{
			"from": [8, -4.25, 1.25],
			"to": [8, 10.75, 16.25],
			"rotation": {"angle": -45, "axis": "x", "origin": [0, 2, 0]},
			"faces": {
				"north": {"uv": [0, 0, 0, 7.5], "texture": "#0"},
				"east": {"uv": [0, 0, 7.5, 7.5], "texture": "#0"},
				"south": {"uv": [0, 0, 0, 7.5], "texture": "#0"},
				"west": {"uv": [0, 7.5, 7.5, 15], "texture": "#0"},
				"up": {"uv": [0, 7.5, 0, 0], "texture": "#0"},
				"down": {"uv": [0, 0, 0, 7.5], "texture": "#0"}
			}
		},
		{
			"from": [7.5, 11.25, -0.25],
			"to": [8.5, 14.25, 0.75],
			"rotation": {"angle": -22.5, "axis": "x", "origin": [0, 18, 0]},
			"faces": {
				"north": {"uv": [9, 6, 9.5, 7.5], "texture": "#0"},
				"east": {"uv": [9, 7.5, 9.5, 9], "texture": "#0"},
				"south": {"uv": [8.5, 9, 9, 10.5], "texture": "#0"},
				"west": {"uv": [9, 9, 9.5, 10.5], "texture": "#0"},
				"up": {"uv": [10.5, 7.5, 10, 7], "texture": "#0"},
				"down": {"uv": [10.5, 7.5, 10, 8], "texture": "#0"}
			}
		},
		{
			"from": [7.75, 14.25, 0],
			"to": [8.25, 16.25, 2],
			"rotation": {"angle": -22.5, "axis": "x", "origin": [0, 18, 0]},
			"faces": {
				"north": {"uv": [10, 8, 10.25, 9], "texture": "#0"},
				"east": {"uv": [8, 4, 9, 5], "texture": "#0"},
				"south": {"uv": [10, 9, 10.25, 10], "texture": "#0"},
				"west": {"uv": [8, 5, 9, 6], "texture": "#0"},
				"up": {"uv": [9.75, 11, 9.5, 10], "texture": "#0"},
				"down": {"uv": [10.25, 10, 10, 11], "texture": "#0"}
			}
		},
		{
			"from": [7.75, 15.5, 2],
			"to": [8.25, 16.5, 4],
			"rotation": {"angle": -22.5, "axis": "x", "origin": [0, 18, 0]},
			"faces": {
				"north": {"uv": [10.5, 4, 10.75, 4.5], "texture": "#0"},
				"east": {"uv": [9.5, 1, 10.5, 1.5], "texture": "#0"},
				"south": {"uv": [10.5, 4.5, 10.75, 5], "texture": "#0"},
				"west": {"uv": [9.5, 1.5, 10.5, 2], "texture": "#0"},
				"up": {"uv": [10.75, 1, 10.5, 0], "texture": "#0"},
				"down": {"uv": [10.75, 1, 10.5, 2], "texture": "#0"}
			}
		},
		{
			"from": [7.75, 15.5, 4],
			"to": [8.25, 17.5, 6],
			"rotation": {"angle": -22.5, "axis": "x", "origin": [0, 18, 0]},
			"faces": {
				"north": {"uv": [9.5, 2, 9.75, 3], "texture": "#0"},
				"east": {"uv": [7.5, 6, 8.5, 7], "texture": "#0"},
				"south": {"uv": [9.5, 3, 9.75, 4], "texture": "#0"},
				"west": {"uv": [7.5, 7, 8.5, 8], "texture": "#0"},
				"up": {"uv": [9.75, 5, 9.5, 4], "texture": "#0"},
				"down": {"uv": [9.75, 5, 9.5, 6], "texture": "#0"}
			}
		}
	],
	"gui_light": "front",
	"display": {
		"thirdperson_righthand": {
			"rotation": [9.8, -4.95, 95.49],
			"translation": [0, -3, 7.25],
			"scale": [1.5, 2, 1.5]
		},
		"thirdperson_lefthand": {
			"translation": [0, -4, 9.5],
			"scale": [1.5, 2, 1.5]
		},
		"firstperson_righthand": {
			"rotation": [15.48, 2.74, 74.91],
			"translation": [-4.5, -1.75, 0],
			"scale": [1, 1.3, 1.3]
		},
		"firstperson_lefthand": {
			"rotation": [8.6, -9.07, 84.34],
			"translation": [-8.5, -0.75, 0],
			"scale": [1, 1.3, 1.3]
		},
		"ground": {
			"rotation": [0, 0, -53],
			"translation": [0, 4.5, 5],
			"scale": [1, 1.25, 1]
		},
		"gui": {
			"rotation": [90, 45, 90],
			"translation": [3, -1.25, 0]
		},
		"fixed": {
			"rotation": [-90, 45, 90],
			"translation": [6, 5.25, -1],
			"scale": [2, 2, 2]
		}
	}
}