{"textures":{"0":"modelengine:entity/bfb"},"elements":[{"name":"cube","from":[-12.571428,-12.44898,-9.142853],"to":[28.571428,28.693876,45.714287],"rotation":{"angle":0.0,"axis":"x","origin":[8.0,8.285713,-46.0]},"faces":{"down":{"uv":[7.0,4.0,4.0,8.0],"rotation":0,"texture":"#0","tintindex":0},"east":{"uv":[0.0,0.0,4.0,3.0],"rotation":0,"texture":"#0","tintindex":0},"north":{"uv":[0.0,6.0,3.0,9.0],"rotation":0,"texture":"#0","tintindex":0},"south":{"uv":[7.0,0.0,10.0,3.0],"rotation":0,"texture":"#0","tintindex":0},"up":{"uv":[7.0,4.0,4.0,0.0],"rotation":0,"texture":"#0","tintindex":0},"west":{"uv":[0.0,3.0,4.0,6.0],"rotation":0,"texture":"#0","tintindex":0}}},{"name":"cube","from":[-9.142858,-9.020409,-16.0],"to":[25.142857,25.265306,-9.142853],"rotation":{"angle":0.0,"axis":"x","origin":[8.0,8.122448,-12.571426]},"faces":{"down":{"uv":[13.3125,3.0,10.8125,3.5],"rotation":0,"texture":"#0","tintindex":0},"east":{"uv":[10.0,10.625,10.5,13.125],"rotation":0,"texture":"#0","tintindex":0},"north":{"uv":[3.0,8.0,5.5,10.5],"rotation":0,"texture":"#0","tintindex":0},"south":{"uv":[5.5,8.625,8.0,11.125],"rotation":0,"texture":"#0","tintindex":0},"up":{"uv":[12.3125,8.3125,9.8125,7.8125],"rotation":0,"texture":"#0","tintindex":0},"west":{"uv":[10.5,10.625,11.0,13.125],"rotation":0,"texture":"#0","tintindex":0}}}],"display":{"head":{"translation":[0.0,-6.4,-124.80001],"rotation":[0.0,0.0,0.0],"scale":[3.7333333,3.7333333,3.7333333]}}}