{
	"credit": "Made with Blockbench",
	"texture_size": [64, 64],
	"textures": {
		"0": "block/custom/006",
		"particle": "block/custom/006"
	},
	"elements": [
		{
			"from": [0, 0, 0],
			"to": [8, 16, 16],
			"faces": {
				"north": {"uv": [0, 8, 2, 12], "texture": "#0"},
				"east": {"uv": [0, 0, 4, 4], "texture": "#0"},
				"south": {"uv": [8, 0, 10, 4], "texture": "#0"},
				"west": {"uv": [0, 4, 4, 8], "texture": "#0"},
				"up": {"uv": [4, 12, 2, 8], "texture": "#0"},
				"down": {"uv": [6, 8, 4, 12], "texture": "#0"}
			}
		},
		{
			"from": [8, 0, 0],
			"to": [16, 16, 16],
			"faces": {
				"north": {"uv": [8, 4, 10, 8], "texture": "#0"},
				"east": {"uv": [4, 0, 8, 4], "texture": "#0"},
				"south": {"uv": [6, 8, 8, 12], "texture": "#0"},
				"west": {"uv": [4, 4, 8, 8], "texture": "#0"},
				"up": {"uv": [10, 12, 8, 8], "texture": "#0"},
				"down": {"uv": [12, 0, 10, 4], "texture": "#0"}
			}
		}
	],
	"groups": [
		{
			"name": "006",
			"origin": [0, 0, 0],
			"color": 0,
			"children": [0, 1]
		}
	]
}