{"textures":{"0":"modelengine:entity/potatomine"},"elements":[{"name":"cube","from":[7.1,6.5,7.1],"to":[8.9,6.8,8.9],"rotation":{"angle":0.0,"axis":"x","origin":[8.0,0.7999997,8.0]},"faces":{"down":{"uv":[2.5,10.5,1.75,11.25],"rotation":0,"texture":"#0","tintindex":0},"east":{"uv":[11.5,7.0,12.25,7.25],"rotation":0,"texture":"#0","tintindex":0},"north":{"uv":[6.5,11.5,7.25,11.75],"rotation":0,"texture":"#0","tintindex":0},"south":{"uv":[11.5,7.25,12.25,7.5],"rotation":0,"texture":"#0","tintindex":0},"up":{"uv":[1.75,11.25,1.0,10.5],"rotation":0,"texture":"#0","tintindex":0},"west":{"uv":[11.5,7.5,12.25,7.75],"rotation":0,"texture":"#0","tintindex":0}}},{"name":"cube","from":[7.1,9.2,7.1],"to":[8.9,9.5,8.9],"rotation":{"angle":0.0,"axis":"x","origin":[8.0,0.7999997,8.0]},"faces":{"down":{"uv":[11.75,9.5,11.0,10.25],"rotation":0,"texture":"#0","tintindex":0},"east":{"uv":[11.5,8.0,12.25,8.25],"rotation":0,"texture":"#0","tintindex":0},"north":{"uv":[11.5,7.75,12.25,8.0],"rotation":0,"texture":"#0","tintindex":0},"south":{"uv":[11.5,8.25,12.25,8.5],"rotation":0,"texture":"#0","tintindex":0},"up":{"uv":[11.75,9.5,11.0,8.75],"rotation":0,"texture":"#0","tintindex":0},"west":{"uv":[8.5,11.5,9.25,11.75],"rotation":0,"texture":"#0","tintindex":0}}},{"name":"cube","from":[6.8,6.8,6.8],"to":[9.2,9.2,9.2],"rotation":{"angle":0.0,"axis":"x","origin":[8.0,0.7999997,8.0]},"faces":{"down":{"uv":[7.5,10.25,6.5,11.25],"rotation":0,"texture":"#0","tintindex":0},"east":{"uv":[2.5,10.25,3.5,11.25],"rotation":0,"texture":"#0","tintindex":0},"north":{"uv":[10.0,9.25,11.0,10.25],"rotation":0,"texture":"#0","tintindex":0},"south":{"uv":[3.5,10.25,4.5,11.25],"rotation":0,"texture":"#0","tintindex":0},"up":{"uv":[6.5,11.25,5.5,10.25],"rotation":0,"texture":"#0","tintindex":0},"west":{"uv":[4.5,10.25,5.5,11.25],"rotation":0,"texture":"#0","tintindex":0}}},{"name":"cube","from":[6.5,7.1,7.1],"to":[6.8,8.9,8.9],"rotation":{"angle":0.0,"axis":"x","origin":[8.0,0.7999997,8.0]},"faces":{"down":{"uv":[10.0,11.5,9.75,12.25],"rotation":0,"texture":"#0","tintindex":0},"east":{"uv":[11.0,10.25,11.75,11.0],"rotation":0,"texture":"#0","tintindex":0},"north":{"uv":[7.25,11.5,7.5,12.25],"rotation":0,"texture":"#0","tintindex":0},"south":{"uv":[9.25,11.5,9.5,12.25],"rotation":0,"texture":"#0","tintindex":0},"up":{"uv":[9.75,12.25,9.5,11.5],"rotation":0,"texture":"#0","tintindex":0},"west":{"uv":[11.0,11.0,11.75,11.75],"rotation":0,"texture":"#0","tintindex":0}}},{"name":"cube","from":[9.2,7.1,7.1],"to":[9.5,8.9,8.9],"rotation":{"angle":0.0,"axis":"x","origin":[8.0,0.7999997,8.0]},"faces":{"down":{"uv":[12.0,3.0,11.75,3.75],"rotation":0,"texture":"#0","tintindex":0},"east":{"uv":[1.0,11.25,1.75,12.0],"rotation":0,"texture":"#0","tintindex":0},"north":{"uv":[10.0,11.5,10.25,12.25],"rotation":0,"texture":"#0","tintindex":0},"south":{"uv":[10.25,11.5,10.5,12.25],"rotation":0,"texture":"#0","tintindex":0},"up":{"uv":[12.0,3.0,11.75,2.25],"rotation":0,"texture":"#0","tintindex":0},"west":{"uv":[1.75,11.25,2.5,12.0],"rotation":0,"texture":"#0","tintindex":0}}},{"name":"cube","from":[7.1,7.1,6.5],"to":[8.9,8.9,6.8],"rotation":{"angle":0.0,"axis":"x","origin":[8.0,0.7999997,8.0]},"faces":{"down":{"uv":[9.25,11.75,8.5,12.0],"rotation":0,"texture":"#0","tintindex":0},"east":{"uv":[11.75,5.5,12.0,6.25],"rotation":0,"texture":"#0","tintindex":0},"north":{"uv":[2.5,11.25,3.25,12.0],"rotation":0,"texture":"#0","tintindex":0},"south":{"uv":[3.25,11.25,4.0,12.0],"rotation":0,"texture":"#0","tintindex":0},"up":{"uv":[7.25,12.0,6.5,11.75],"rotation":0,"texture":"#0","tintindex":0},"west":{"uv":[11.75,6.25,12.0,7.0],"rotation":0,"texture":"#0","tintindex":0}}},{"name":"cube","from":[7.1,7.1,9.2],"to":[8.9,8.9,9.5],"rotation":{"angle":0.0,"axis":"x","origin":[8.0,0.7999997,8.0]},"faces":{"down":{"uv":[12.5,10.5,11.75,10.75],"rotation":0,"texture":"#0","tintindex":0},"east":{"uv":[11.75,8.75,12.0,9.5],"rotation":0,"texture":"#0","tintindex":0},"north":{"uv":[4.0,11.25,4.75,12.0],"rotation":0,"texture":"#0","tintindex":0},"south":{"uv":[4.75,11.25,5.5,12.0],"rotation":0,"texture":"#0","tintindex":0},"up":{"uv":[12.5,10.5,11.75,10.25],"rotation":0,"texture":"#0","tintindex":0},"west":{"uv":[11.75,9.5,12.0,10.25],"rotation":0,"texture":"#0","tintindex":0}}}],"display":{"head":{"translation":[0.0,-6.4,0.0],"rotation":[0.0,0.0,0.0],"scale":[3.8095,3.8095,3.8095]}}}