{"textures":{"0":"modelengine:entity/potatomine"},"elements":[{"name":"cube","from":[4.3999996,7.1,4.3999996],"to":[11.6,8.9,11.6],"rotation":{"angle":0.0,"axis":"x","origin":[8.0,7.1,8.0]},"faces":{"down":{"uv":[7.0,3.0,4.0,6.0],"rotation":0,"texture":"#0","tintindex":0},"east":{"uv":[7.0,4.75,10.0,5.5],"rotation":0,"texture":"#0","tintindex":0},"north":{"uv":[7.0,4.0,10.0,4.75],"rotation":0,"texture":"#0","tintindex":0},"south":{"uv":[0.0,8.0,3.0,8.75],"rotation":0,"texture":"#0","tintindex":0},"up":{"uv":[7.0,3.0,4.0,0.0],"rotation":0,"texture":"#0","tintindex":0},"west":{"uv":[3.0,8.5,6.0,9.25],"rotation":0,"texture":"#0","tintindex":0}}},{"name":"cube","from":[11.6,7.1,5.0],"to":[12.2,8.9,11.0],"rotation":{"angle":0.0,"axis":"x","origin":[8.0,7.1,8.0]},"faces":{"down":{"uv":[8.0,10.25,7.75,12.75],"rotation":0,"texture":"#0","tintindex":0},"east":{"uv":[6.0,8.5,8.5,9.25],"rotation":0,"texture":"#0","tintindex":0},"north":{"uv":[11.5,2.25,11.75,3.0],"rotation":0,"texture":"#0","tintindex":0},"south":{"uv":[11.5,3.0,11.75,3.75],"rotation":0,"texture":"#0","tintindex":0},"up":{"uv":[7.75,12.75,7.5,10.25],"rotation":0,"texture":"#0","tintindex":0},"west":{"uv":[8.5,8.5,11.0,9.25],"rotation":0,"texture":"#0","tintindex":0}}},{"name":"cube","from":[5.0,7.1,11.6],"to":[11.0,8.9,12.2],"rotation":{"angle":0.0,"axis":"x","origin":[8.0,7.1,8.0]},"faces":{"down":{"uv":[12.5,5.0,10.0,5.25],"rotation":0,"texture":"#0","tintindex":0},"east":{"uv":[5.5,11.5,5.75,12.25],"rotation":0,"texture":"#0","tintindex":0},"north":{"uv":[0.0,8.75,2.5,9.5],"rotation":0,"texture":"#0","tintindex":0},"south":{"uv":[9.0,0.0,11.5,0.75],"rotation":0,"texture":"#0","tintindex":0},"up":{"uv":[12.5,5.0,10.0,4.75],"rotation":0,"texture":"#0","tintindex":0},"west":{"uv":[11.5,5.5,11.75,6.25],"rotation":0,"texture":"#0","tintindex":0}}},{"name":"cube","from":[3.7999997,7.1,5.0],"to":[4.3999996,8.9,11.0],"rotation":{"angle":0.0,"axis":"x","origin":[8.0,7.1,8.0]},"faces":{"down":{"uv":[8.5,10.25,8.25,12.75],"rotation":0,"texture":"#0","tintindex":0},"east":{"uv":[9.0,0.75,11.5,1.5],"rotation":0,"texture":"#0","tintindex":0},"north":{"uv":[5.75,11.5,6.0,12.25],"rotation":0,"texture":"#0","tintindex":0},"south":{"uv":[6.0,11.5,6.25,12.25],"rotation":0,"texture":"#0","tintindex":0},"up":{"uv":[8.25,12.75,8.0,10.25],"rotation":0,"texture":"#0","tintindex":0},"west":{"uv":[9.0,1.5,11.5,2.25],"rotation":0,"texture":"#0","tintindex":0}}},{"name":"cube","from":[5.0,7.1,3.7999997],"to":[11.0,8.9,4.3999996],"rotation":{"angle":0.0,"axis":"x","origin":[8.0,7.1,8.0]},"faces":{"down":{"uv":[11.0,10.25,8.5,10.5],"rotation":0,"texture":"#0","tintindex":0},"east":{"uv":[6.25,11.5,6.5,12.25],"rotation":0,"texture":"#0","tintindex":0},"north":{"uv":[9.0,2.25,11.5,3.0],"rotation":0,"texture":"#0","tintindex":0},"south":{"uv":[9.0,3.0,11.5,3.75],"rotation":0,"texture":"#0","tintindex":0},"up":{"uv":[12.5,5.5,10.0,5.25],"rotation":0,"texture":"#0","tintindex":0},"west":{"uv":[11.5,6.25,11.75,7.0],"rotation":0,"texture":"#0","tintindex":0}}}],"display":{"head":{"translation":[0.0,-6.4,0.0],"rotation":[0.0,0.0,0.0],"scale":[3.8095,3.8095,3.8095]}}}