{"textures":{"0":"modelengine:entity/potatomine"},"elements":[{"name":"cube","from":[5.6,8.9125,5.6],"to":[10.4,9.362501,10.4],"rotation":{"angle":0.0,"axis":"x","origin":[8.0,5.3125,8.0]},"faces":{"down":{"uv":[9.0,2.0,7.0,4.0],"rotation":0,"texture":"#0","tintindex":0},"east":{"uv":[7.0,5.75,9.0,6.0],"rotation":0,"texture":"#0","tintindex":0},"north":{"uv":[7.0,5.5,9.0,5.75],"rotation":0,"texture":"#0","tintindex":0},"south":{"uv":[5.5,11.25,7.5,11.5],"rotation":0,"texture":"#0","tintindex":0},"up":{"uv":[9.0,2.0,7.0,0.0],"rotation":0,"texture":"#0","tintindex":0},"west":{"uv":[8.5,11.25,10.5,11.5],"rotation":0,"texture":"#0","tintindex":0}}},{"name":"cube","from":[11.0,7.1125,5.0],"to":[11.6,8.3125,11.0],"rotation":{"angle":0.0,"axis":"x","origin":[8.0,5.3125,8.0]},"faces":{"down":{"uv":[0.5,10.5,0.25,13.0],"rotation":0,"texture":"#0","tintindex":0},"east":{"uv":[2.5,9.25,5.0,9.75],"rotation":0,"texture":"#0","tintindex":0},"north":{"uv":[2.5,8.75,2.75,9.25],"rotation":0,"texture":"#0","tintindex":0},"south":{"uv":[2.75,8.75,3.0,9.25],"rotation":0,"texture":"#0","tintindex":0},"up":{"uv":[0.25,13.0,0.0,10.5],"rotation":0,"texture":"#0","tintindex":0},"west":{"uv":[5.0,9.25,7.5,9.75],"rotation":0,"texture":"#0","tintindex":0}}},{"name":"cube","from":[4.3999996,7.1125,5.0],"to":[5.0,8.3125,11.0],"rotation":{"angle":0.0,"axis":"x","origin":[8.0,5.3125,8.0]},"faces":{"down":{"uv":[1.0,10.5,0.75,13.0],"rotation":0,"texture":"#0","tintindex":0},"east":{"uv":[7.5,9.25,10.0,9.75],"rotation":0,"texture":"#0","tintindex":0},"north":{"uv":[11.75,10.75,12.0,11.25],"rotation":0,"texture":"#0","tintindex":0},"south":{"uv":[11.0,11.75,11.25,12.25],"rotation":0,"texture":"#0","tintindex":0},"up":{"uv":[0.75,13.0,0.5,10.5],"rotation":0,"texture":"#0","tintindex":0},"west":{"uv":[0.0,9.5,2.5,10.0],"rotation":0,"texture":"#0","tintindex":0}}},{"name":"cube","from":[5.0,7.1125,4.3999996],"to":[11.0,8.3125,5.0],"rotation":{"angle":0.0,"axis":"x","origin":[8.0,5.3125,8.0]},"faces":{"down":{"uv":[11.0,10.75,8.5,11.0],"rotation":0,"texture":"#0","tintindex":0},"east":{"uv":[11.25,11.75,11.5,12.25],"rotation":0,"texture":"#0","tintindex":0},"north":{"uv":[2.5,9.75,5.0,10.25],"rotation":0,"texture":"#0","tintindex":0},"south":{"uv":[5.0,9.75,7.5,10.25],"rotation":0,"texture":"#0","tintindex":0},"up":{"uv":[11.0,10.75,8.5,10.5],"rotation":0,"texture":"#0","tintindex":0},"west":{"uv":[11.75,11.25,12.0,11.75],"rotation":0,"texture":"#0","tintindex":0}}},{"name":"cube","from":[5.0,7.1125,11.0],"to":[11.0,8.3125,11.6],"rotation":{"angle":0.0,"axis":"x","origin":[8.0,5.3125,8.0]},"faces":{"down":{"uv":[13.5,8.5,11.0,8.75],"rotation":0,"texture":"#0","tintindex":0},"east":{"uv":[11.5,11.75,11.75,12.25],"rotation":0,"texture":"#0","tintindex":0},"north":{"uv":[7.5,9.75,10.0,10.25],"rotation":0,"texture":"#0","tintindex":0},"south":{"uv":[0.0,10.0,2.5,10.5],"rotation":0,"texture":"#0","tintindex":0},"up":{"uv":[11.0,11.25,8.5,11.0],"rotation":0,"texture":"#0","tintindex":0},"west":{"uv":[11.75,11.75,12.0,12.25],"rotation":0,"texture":"#0","tintindex":0}}},{"name":"cube","from":[5.0,7.1125,5.0],"to":[11.0,8.9125,11.0],"rotation":{"angle":0.0,"axis":"x","origin":[8.0,5.3125,8.0]},"faces":{"down":{"uv":[9.0,6.0,6.5,8.5],"rotation":0,"texture":"#0","tintindex":0},"east":{"uv":[9.0,6.25,11.5,7.0],"rotation":0,"texture":"#0","tintindex":0},"north":{"uv":[9.0,5.5,11.5,6.25],"rotation":0,"texture":"#0","tintindex":0},"south":{"uv":[9.0,7.0,11.5,7.75],"rotation":0,"texture":"#0","tintindex":0},"up":{"uv":[6.5,8.5,4.0,6.0],"rotation":0,"texture":"#0","tintindex":0},"west":{"uv":[9.0,7.75,11.5,8.5],"rotation":0,"texture":"#0","tintindex":0}}}],"display":{"head":{"translation":[0.0,-6.4,0.0],"rotation":[0.0,0.0,0.0],"scale":[3.8095,3.8095,3.8095]}}}