{"textures":{"0":"modelengine:entity/potatomine"},"elements":[{"name":"cube","from":[7.475,7.175,7.475],"to":[8.525,8.825,8.525],"rotation":{"angle":0.0,"axis":"x","origin":[7.994,3.1249998,7.994]},"faces":{"down":{"uv":[4.0,8.0,3.5,8.5],"rotation":0,"texture":"#0","tintindex":0},"east":{"uv":[11.5,0.0,12.0,0.75],"rotation":0,"texture":"#0","tintindex":0},"north":{"uv":[10.5,11.25,11.0,12.0],"rotation":0,"texture":"#0","tintindex":0},"south":{"uv":[11.5,0.75,12.0,1.5],"rotation":0,"texture":"#0","tintindex":0},"up":{"uv":[3.5,8.5,3.0,8.0],"rotation":0,"texture":"#0","tintindex":0},"west":{"uv":[11.5,1.5,12.0,2.25],"rotation":0,"texture":"#0","tintindex":0}}}],"display":{"head":{"translation":[0.0,-6.4,0.0],"rotation":[0.0,0.0,0.0],"scale":[3.8095,3.8095,3.8095]}}}