{
	"credit": "Made with Blockbench",
	"texture_size": [32, 32],
	"textures": {
		"0": "block/Blindfold",
		"particle": "block/Blindfold"
	},
	"elements": [
		{
			"from": [1.25, 1.75, 1.25],
			"to": [14.75, 4, 14.75],
			"rotation": {"angle": 0, "axis": "y", "origin": [7, 2, 7]},
			"faces": {
				"north": {"uv": [7, 0, 13.75, 1.25], "texture": "#0"},
				"east": {"uv": [7, 1.5, 13.75, 2.75], "texture": "#0"},
				"south": {"uv": [7, 3, 13.75, 4.25], "texture": "#0"},
				"west": {"uv": [7, 4.5, 13.75, 5.75], "texture": "#0"},
				"up": {"uv": [6.75, 6.75, 0, 0], "texture": "#0"},
				"down": {"uv": [6.75, 7, 0, 13.75], "texture": "#0"}
			}
		},
		{
			"from": [9.23744, 0.51256, 1.25],
			"to": [14.75, 1.75, 6.25],
			"rotation": {"angle": 0, "axis": "y", "origin": [7, 0, 7]},
			"faces": {
				"north": {"uv": [7, 11, 9.75, 11.5], "texture": "#0"},
				"east": {"uv": [11, 12, 13.5, 12.5], "texture": "#0"},
				"south": {"uv": [10, 11, 12.75, 11.5], "texture": "#0"},
				"west": {"uv": [11, 12.5, 13.5, 13], "texture": "#0"},
				"up": {"uv": [9.75, 8.5, 7, 6], "texture": "#0"},
				"down": {"uv": [9.75, 8.5, 7, 11], "texture": "#0"}
			}
		},
		{
			"from": [1.25, 0.51256, 1.25],
			"to": [6.76256, 1.75, 6.25],
			"rotation": {"angle": 0, "axis": "y", "origin": [-1, 0, 7]},
			"faces": {
				"north": {"uv": [7, 11.5, 9.75, 12], "texture": "#0"},
				"east": {"uv": [13, 6, 15.5, 6.5], "texture": "#0"},
				"south": {"uv": [10, 11.5, 12.75, 12], "texture": "#0"},
				"west": {"uv": [13, 6.5, 15.5, 7], "texture": "#0"},
				"up": {"uv": [12.75, 8.5, 10, 6], "texture": "#0"},
				"down": {"uv": [12.75, 8.5, 10, 11], "texture": "#0"}
			}
		},
		{
			"from": [8.41421, 1, 1.25],
			"to": [9.31421, 2.75, 3.25],
			"rotation": {"angle": 45, "axis": "z", "origin": [9.41421, 1.75, 2.25]},
			"faces": {
				"north": {"uv": [11, 13.5, 11.5, 14.5], "texture": "#0"},
				"east": {"uv": [13, 7, 14, 8], "texture": "#0"},
				"south": {"uv": [11.5, 13.5, 12, 14.5], "texture": "#0"},
				"west": {"uv": [13, 8, 14, 9], "texture": "#0"},
				"up": {"uv": [12.5, 14.5, 12, 13.5], "texture": "#0"},
				"down": {"uv": [14, 12, 13.5, 13], "texture": "#0"}
			}
		},
		{
			"from": [6.68579, 1, 1.25],
			"to": [7.58579, 2.75, 3.25],
			"rotation": {"angle": -45, "axis": "z", "origin": [6.58579, 1.75, 2.25]},
			"faces": {
				"north": {"uv": [12.5, 13.5, 13, 14.5], "texture": "#0"},
				"east": {"uv": [13, 9, 14, 10], "texture": "#0"},
				"south": {"uv": [13, 13.5, 13.5, 14.5], "texture": "#0"},
				"west": {"uv": [13, 10, 14, 11], "texture": "#0"},
				"up": {"uv": [14, 14.5, 13.5, 13.5], "texture": "#0"},
				"down": {"uv": [0.5, 14, 0, 15], "texture": "#0"}
			}
		},
		{
			"from": [1.25, 0.80031, 5.94662],
			"to": [2.76256, 2.03775, 9.19662],
			"rotation": {"angle": -22.5, "axis": "x", "origin": [2.00628, 1.41903, 6.82162]},
			"faces": {
				"north": {"uv": [14, 0, 14.75, 0.5], "texture": "#0"},
				"east": {"uv": [11, 13, 12.75, 13.5], "texture": "#0"},
				"south": {"uv": [0.5, 14, 1.25, 14.5], "texture": "#0"},
				"west": {"uv": [13, 11, 14.75, 11.5], "texture": "#0"},
				"up": {"uv": [7.75, 13.75, 7, 12], "texture": "#0"},
				"down": {"uv": [8.75, 12, 8, 13.75], "texture": "#0"}
			}
		},
		{
			"from": [13.23744, 0.80031, 5.94662],
			"to": [14.75, 2.03775, 9.19662],
			"rotation": {"angle": -22.5, "axis": "x", "origin": [13.99372, 1.41903, 6.82162]},
			"faces": {
				"north": {"uv": [14, 0.5, 14.75, 1], "texture": "#0"},
				"east": {"uv": [13, 11.5, 14.75, 12], "texture": "#0"},
				"south": {"uv": [14, 1, 14.75, 1.5], "texture": "#0"},
				"west": {"uv": [13, 13, 14.75, 13.5], "texture": "#0"},
				"up": {"uv": [9.75, 13.75, 9, 12], "texture": "#0"},
				"down": {"uv": [10.75, 12, 10, 13.75], "texture": "#0"}
			}
		}
	],
	"display": {
		"head": {
			"translation": [0, 2.5, 0]
		}
	},
	"groups": [
		{
			"name": "Blindfold",
			"origin": [8, 8, 8],
			"color": 0,
			"children": [0, 1, 2, 3, 4, 5, 6]
		}
	]
}