{
	"credit": "Made with Blockbench",
	"texture_size": [32, 32],
	"textures": {
		"0": "item/ChainsawManBlade",
		"particle": "item/ChainsawManBlade"
	},
	"elements": [
		{
			"from": [8, 8, -3],
			"to": [9, 12.5, 16],
			"faces": {
				"north": {"uv": [1, 5, 1.5, 7.5], "texture": "#0"},
				"east": {"uv": [0, 0, 9.5, 2.5], "texture": "#0"},
				"south": {"uv": [1.5, 5, 2, 7.5], "texture": "#0"},
				"west": {"uv": [0, 2.5, 9.5, 5], "texture": "#0"},
				"up": {"uv": [0.5, 14.5, 0, 5], "texture": "#0"},
				"down": {"uv": [1, 5, 0.5, 14.5], "texture": "#0"}
			}
		},
		{
			"from": [8, 8.75, -4],
			"to": [9, 11.75, -3],
			"faces": {
				"north": {"uv": [2, 5, 2.5, 6.5], "texture": "#0"},
				"east": {"uv": [2.5, 5, 3, 6.5], "texture": "#0"},
				"south": {"uv": [3, 5, 3.5, 6.5], "texture": "#0"},
				"west": {"uv": [3.5, 5, 4, 6.5], "texture": "#0"},
				"up": {"uv": [4.5, 5.5, 4, 5], "texture": "#0"},
				"down": {"uv": [5, 5, 4.5, 5.5], "texture": "#0"}
			}
		},
		{
			"from": [8, 7, 13],
			"to": [9, 8, 14],
			"faces": {
				"north": {"uv": [5, 5, 5.5, 5.5], "texture": "#0"},
				"east": {"uv": [4, 5.5, 4.5, 6], "texture": "#0"},
				"south": {"uv": [4.5, 5.5, 5, 6], "texture": "#0"},
				"west": {"uv": [5, 5.5, 5.5, 6], "texture": "#0"},
				"up": {"uv": [6, 5.5, 5.5, 5], "texture": "#0"},
				"down": {"uv": [6, 5.5, 5.5, 6], "texture": "#0"}
			}
		},
		{
			"from": [8, 7, 10],
			"to": [9, 8, 11],
			"faces": {
				"north": {"uv": [4, 6, 4.5, 6.5], "texture": "#0"},
				"east": {"uv": [4.5, 6, 5, 6.5], "texture": "#0"},
				"south": {"uv": [5, 6, 5.5, 6.5], "texture": "#0"},
				"west": {"uv": [6, 5, 6.5, 5.5], "texture": "#0"},
				"up": {"uv": [6, 6.5, 5.5, 6], "texture": "#0"},
				"down": {"uv": [6.5, 5.5, 6, 6], "texture": "#0"}
			}
		},
		{
			"from": [8, 7, 7],
			"to": [9, 8, 8],
			"faces": {
				"north": {"uv": [6, 6, 6.5, 6.5], "texture": "#0"},
				"east": {"uv": [2, 6.5, 2.5, 7], "texture": "#0"},
				"south": {"uv": [2.5, 6.5, 3, 7], "texture": "#0"},
				"west": {"uv": [3, 6.5, 3.5, 7], "texture": "#0"},
				"up": {"uv": [4, 7, 3.5, 6.5], "texture": "#0"},
				"down": {"uv": [4.5, 6.5, 4, 7], "texture": "#0"}
			}
		},
		{
			"from": [8, 7, 4],
			"to": [9, 8, 5],
			"faces": {
				"north": {"uv": [4.5, 6.5, 5, 7], "texture": "#0"},
				"east": {"uv": [5, 6.5, 5.5, 7], "texture": "#0"},
				"south": {"uv": [6.5, 5, 7, 5.5], "texture": "#0"},
				"west": {"uv": [5.5, 6.5, 6, 7], "texture": "#0"},
				"up": {"uv": [7, 6, 6.5, 5.5], "texture": "#0"},
				"down": {"uv": [6.5, 6.5, 6, 7], "texture": "#0"}
			}
		},
		{
			"from": [8, 7, 1],
			"to": [9, 8, 2],
			"faces": {
				"north": {"uv": [6.5, 6, 7, 6.5], "texture": "#0"},
				"east": {"uv": [6.5, 6.5, 7, 7], "texture": "#0"},
				"south": {"uv": [2, 7, 2.5, 7.5], "texture": "#0"},
				"west": {"uv": [2.5, 7, 3, 7.5], "texture": "#0"},
				"up": {"uv": [3.5, 7.5, 3, 7], "texture": "#0"},
				"down": {"uv": [4, 7, 3.5, 7.5], "texture": "#0"}
			}
		},
		{
			"from": [8, 7, -2],
			"to": [9, 8, -1],
			"faces": {
				"north": {"uv": [4, 7, 4.5, 7.5], "texture": "#0"},
				"east": {"uv": [4.5, 7, 5, 7.5], "texture": "#0"},
				"south": {"uv": [5, 7, 5.5, 7.5], "texture": "#0"},
				"west": {"uv": [7, 5, 7.5, 5.5], "texture": "#0"},
				"up": {"uv": [6, 7.5, 5.5, 7], "texture": "#0"},
				"down": {"uv": [7.5, 5.5, 7, 6], "texture": "#0"}
			}
		},
		{
			"from": [8, 7.75, -4.5],
			"to": [9, 8.75, -3.5],
			"faces": {
				"north": {"uv": [6, 7, 6.5, 7.5], "texture": "#0"},
				"east": {"uv": [7, 6, 7.5, 6.5], "texture": "#0"},
				"south": {"uv": [6.5, 7, 7, 7.5], "texture": "#0"},
				"west": {"uv": [7, 6.5, 7.5, 7], "texture": "#0"},
				"up": {"uv": [7.5, 7.5, 7, 7], "texture": "#0"},
				"down": {"uv": [1.5, 7.5, 1, 8], "texture": "#0"}
			}
		},
		{
			"from": [8, 10.5, -5],
			"to": [9, 11.5, -4],
			"faces": {
				"north": {"uv": [1.5, 7.5, 2, 8], "texture": "#0"},
				"east": {"uv": [2, 7.5, 2.5, 8], "texture": "#0"},
				"south": {"uv": [2.5, 7.5, 3, 8], "texture": "#0"},
				"west": {"uv": [3, 7.5, 3.5, 8], "texture": "#0"},
				"up": {"uv": [4, 8, 3.5, 7.5], "texture": "#0"},
				"down": {"uv": [4.5, 7.5, 4, 8], "texture": "#0"}
			}
		},
		{
			"from": [8, 12.5, -3],
			"to": [9, 13.5, -2],
			"faces": {
				"north": {"uv": [4.5, 7.5, 5, 8], "texture": "#0"},
				"east": {"uv": [5, 7.5, 5.5, 8], "texture": "#0"},
				"south": {"uv": [7.5, 5, 8, 5.5], "texture": "#0"},
				"west": {"uv": [5.5, 7.5, 6, 8], "texture": "#0"},
				"up": {"uv": [8, 6, 7.5, 5.5], "texture": "#0"},
				"down": {"uv": [6.5, 7.5, 6, 8], "texture": "#0"}
			}
		},
		{
			"from": [8, 12.5, 0],
			"to": [9, 13.5, 1],
			"faces": {
				"north": {"uv": [7.5, 6, 8, 6.5], "texture": "#0"},
				"east": {"uv": [6.5, 7.5, 7, 8], "texture": "#0"},
				"south": {"uv": [7.5, 6.5, 8, 7], "texture": "#0"},
				"west": {"uv": [7, 7.5, 7.5, 8], "texture": "#0"},
				"up": {"uv": [8, 7.5, 7.5, 7], "texture": "#0"},
				"down": {"uv": [8, 7.5, 7.5, 8], "texture": "#0"}
			}
		},
		{
			"from": [8, 12.5, 3],
			"to": [9, 13.5, 4],
			"faces": {
				"north": {"uv": [1, 8, 1.5, 8.5], "texture": "#0"},
				"east": {"uv": [1.5, 8, 2, 8.5], "texture": "#0"},
				"south": {"uv": [2, 8, 2.5, 8.5], "texture": "#0"},
				"west": {"uv": [2.5, 8, 3, 8.5], "texture": "#0"},
				"up": {"uv": [3.5, 8.5, 3, 8], "texture": "#0"},
				"down": {"uv": [4, 8, 3.5, 8.5], "texture": "#0"}
			}
		},
		{
			"from": [8, 12.5, 6],
			"to": [9, 13.5, 7],
			"faces": {
				"north": {"uv": [4, 8, 4.5, 8.5], "texture": "#0"},
				"east": {"uv": [4.5, 8, 5, 8.5], "texture": "#0"},
				"south": {"uv": [5, 8, 5.5, 8.5], "texture": "#0"},
				"west": {"uv": [8, 5, 8.5, 5.5], "texture": "#0"},
				"up": {"uv": [6, 8.5, 5.5, 8], "texture": "#0"},
				"down": {"uv": [8.5, 5.5, 8, 6], "texture": "#0"}
			}
		},
		{
			"from": [8, 12.5, 9],
			"to": [9, 13.5, 10],
			"faces": {
				"north": {"uv": [6, 8, 6.5, 8.5], "texture": "#0"},
				"east": {"uv": [8, 6, 8.5, 6.5], "texture": "#0"},
				"south": {"uv": [6.5, 8, 7, 8.5], "texture": "#0"},
				"west": {"uv": [8, 6.5, 8.5, 7], "texture": "#0"},
				"up": {"uv": [7.5, 8.5, 7, 8], "texture": "#0"},
				"down": {"uv": [8.5, 7, 8, 7.5], "texture": "#0"}
			}
		},
		{
			"from": [8, 12.5, 12],
			"to": [9, 13.5, 13],
			"faces": {
				"north": {"uv": [7.5, 8, 8, 8.5], "texture": "#0"},
				"east": {"uv": [8, 7.5, 8.5, 8], "texture": "#0"},
				"south": {"uv": [8, 8, 8.5, 8.5], "texture": "#0"},
				"west": {"uv": [1, 8.5, 1.5, 9], "texture": "#0"},
				"up": {"uv": [2, 9, 1.5, 8.5], "texture": "#0"},
				"down": {"uv": [2.5, 8.5, 2, 9], "texture": "#0"}
			}
		},
		{
			"from": [8, 12.5, 15],
			"to": [9, 13.5, 16],
			"faces": {
				"north": {"uv": [2.5, 8.5, 3, 9], "texture": "#0"},
				"east": {"uv": [3, 8.5, 3.5, 9], "texture": "#0"},
				"south": {"uv": [3.5, 8.5, 4, 9], "texture": "#0"},
				"west": {"uv": [4, 8.5, 4.5, 9], "texture": "#0"},
				"up": {"uv": [5, 9, 4.5, 8.5], "texture": "#0"},
				"down": {"uv": [5.5, 8.5, 5, 9], "texture": "#0"}
			}
		}
	],
	"display": {
		"thirdperson_righthand": {
			"translation": [-0.5, -4.25, -1]
		},
		"thirdperson_lefthand": {
			"translation": [0.5, -4.25, 0]
		},
		"firstperson_righthand": {
			"translation": [4, -1.5, -3.75]
		},
		"firstperson_lefthand": {
			"translation": [4, -1.5, -3.75]
		},
		"gui": {
			"rotation": [92.48, 36.18, -91.48],
			"translation": [-0.75, -2.5, 0]
		},
		"head": {
			"translation": [-0.5, 0, -1.75]
		},
		"fixed": {
			"translation": [-0.5, -2.25, -7.75]
		}
	},
	"groups": [
		{
			"name": "ChainsawManBlade",
			"origin": [8, 8, 8],
			"color": 0,
			"children": [0, 1, 2, 3, 4, 5, 6, 7, 8, 9, 10, 11, 12, 13, 14, 15, 16]
		}
	]
}