{
	"credit": "Made with Blockbench",
	"texture_size": [32, 32],
	"textures": {
		"0": "item/ElementalBlade",
		"particle": "item/ElementalBlade"
	},
	"elements": [
		{
			"from": [6, -7, 7],
			"to": [10, -6, 9],
			"rotation": {"angle": 0, "axis": "y", "origin": [0, -7, 0]},
			"faces": {
				"north": {"uv": [7, 4.5, 9, 5], "texture": "#0"},
				"east": {"uv": [9.5, 8, 10.5, 8.5], "texture": "#0"},
				"south": {"uv": [7, 5, 9, 5.5], "texture": "#0"},
				"west": {"uv": [8.5, 9.5, 9.5, 10], "texture": "#0"},
				"up": {"uv": [8, 3.5, 6, 2.5], "texture": "#0"},
				"down": {"uv": [8, 3.5, 6, 4.5], "texture": "#0"}
			}
		},
		{
			"from": [7, -7, 6],
			"to": [9, -6, 7],
			"rotation": {"angle": 0, "axis": "y", "origin": [0, -7, 0]},
			"faces": {
				"north": {"uv": [9.5, 8.5, 10.5, 9], "texture": "#0"},
				"east": {"uv": [11.5, 2.5, 12, 3], "texture": "#0"},
				"south": {"uv": [9.5, 9.5, 10.5, 10], "texture": "#0"},
				"west": {"uv": [7, 12, 7.5, 12.5], "texture": "#0"},
				"up": {"uv": [11, 0.5, 10, 0], "texture": "#0"},
				"down": {"uv": [11, 1, 10, 1.5], "texture": "#0"}
			}
		},
		{
			"from": [7, -7, 9],
			"to": [9, -6, 10],
			"rotation": {"angle": 0, "axis": "y", "origin": [0, -7, 0]},
			"faces": {
				"north": {"uv": [10, 1.5, 11, 2], "texture": "#0"},
				"east": {"uv": [12, 7, 12.5, 7.5], "texture": "#0"},
				"south": {"uv": [10, 2, 11, 2.5], "texture": "#0"},
				"west": {"uv": [7.5, 12, 8, 12.5], "texture": "#0"},
				"up": {"uv": [11, 5, 10, 4.5], "texture": "#0"},
				"down": {"uv": [6, 10, 5, 10.5], "texture": "#0"}
			}
		},
		{
			"from": [7, -6, 7],
			"to": [9, -1, 9],
			"rotation": {"angle": 0, "axis": "y", "origin": [0, -7, 0]},
			"faces": {
				"north": {"uv": [5, 0, 6, 2.5], "texture": "#0"},
				"east": {"uv": [5, 2.5, 6, 5], "texture": "#0"},
				"south": {"uv": [5, 5, 6, 7.5], "texture": "#0"},
				"west": {"uv": [6, 0, 7, 2.5], "texture": "#0"},
				"up": {"uv": [8, 6.5, 7, 5.5], "texture": "#0"},
				"down": {"uv": [7, 7, 6, 8], "texture": "#0"}
			}
		},
		{
			"from": [7, -8, 7],
			"to": [9, -7, 9],
			"rotation": {"angle": 0, "axis": "y", "origin": [0, -7, 0]},
			"faces": {
				"north": {"uv": [10, 5, 11, 5.5], "texture": "#0"},
				"east": {"uv": [10, 5.5, 11, 6], "texture": "#0"},
				"south": {"uv": [8.5, 10, 9.5, 10.5], "texture": "#0"},
				"west": {"uv": [10, 9, 11, 9.5], "texture": "#0"},
				"up": {"uv": [8, 8, 7, 7], "texture": "#0"},
				"down": {"uv": [6, 7.5, 5, 8.5], "texture": "#0"}
			}
		},
		{
			"from": [7, -0.5, 5],
			"to": [9, 0.5, 11],
			"rotation": {"angle": 0, "axis": "y", "origin": [0, -7, 0]},
			"faces": {
				"north": {"uv": [9.5, 10, 10.5, 10.5], "texture": "#0"},
				"east": {"uv": [6, 6.5, 9, 7], "texture": "#0"},
				"south": {"uv": [10.5, 2.5, 11.5, 3], "texture": "#0"},
				"west": {"uv": [7, 0, 10, 0.5], "texture": "#0"},
				"up": {"uv": [4, 3, 3, 0], "texture": "#0"},
				"down": {"uv": [4, 3, 3, 6], "texture": "#0"}
			}
		},
		{
			"from": [7, -1, 6],
			"to": [9, -0.5, 10],
			"rotation": {"angle": 0, "axis": "y", "origin": [0, -7, 0]},
			"faces": {
				"north": {"uv": [12, 7.5, 13, 7.75], "texture": "#0"},
				"east": {"uv": [10.5, 3, 12.5, 3.25], "texture": "#0"},
				"south": {"uv": [8, 12, 9, 12.25], "texture": "#0"},
				"west": {"uv": [10.5, 3.5, 12.5, 3.75], "texture": "#0"},
				"up": {"uv": [4, 8, 3, 6], "texture": "#0"},
				"down": {"uv": [7, 4.5, 6, 6.5], "texture": "#0"}
			}
		},
		{
			"from": [6, -0.5, 6.5],
			"to": [7, 0.5, 9.5],
			"rotation": {"angle": 0, "axis": "y", "origin": [0, -7, 0]},
			"faces": {
				"north": {"uv": [12, 8, 12.5, 8.5], "texture": "#0"},
				"east": {"uv": [9, 2.5, 10.5, 3], "texture": "#0"},
				"south": {"uv": [12, 8.5, 12.5, 9], "texture": "#0"},
				"west": {"uv": [9, 3, 10.5, 3.5], "texture": "#0"},
				"up": {"uv": [5.5, 10, 5, 8.5], "texture": "#0"},
				"down": {"uv": [6, 8.5, 5.5, 10], "texture": "#0"}
			}
		},
		{
			"from": [9, -0.5, 6.5],
			"to": [10, 0.5, 9.5],
			"rotation": {"angle": 0, "axis": "y", "origin": [0, -7, 0]},
			"faces": {
				"north": {"uv": [12, 9, 12.5, 9.5], "texture": "#0"},
				"east": {"uv": [9, 3.5, 10.5, 4], "texture": "#0"},
				"south": {"uv": [12, 9.5, 12.5, 10], "texture": "#0"},
				"west": {"uv": [9, 4, 10.5, 4.5], "texture": "#0"},
				"up": {"uv": [3.5, 10.5, 3, 9], "texture": "#0"},
				"down": {"uv": [4, 9, 3.5, 10.5], "texture": "#0"}
			}
		},
		{
			"from": [7, 0, 4],
			"to": [9, 2, 5],
			"rotation": {"angle": -45, "axis": "x", "origin": [7.5, 0.5, 5]},
			"faces": {
				"north": {"uv": [8, 2.5, 9, 3.5], "texture": "#0"},
				"east": {"uv": [3, 10.5, 3.5, 11.5], "texture": "#0"},
				"south": {"uv": [3, 8, 4, 9], "texture": "#0"},
				"west": {"uv": [3.5, 10.5, 4, 11.5], "texture": "#0"},
				"up": {"uv": [11.5, 4.5, 10.5, 4], "texture": "#0"},
				"down": {"uv": [6, 10.5, 5, 11], "texture": "#0"}
			}
		},
		{
			"from": [7, 0, 11],
			"to": [9, 2, 12],
			"rotation": {"angle": 45, "axis": "x", "origin": [8, 0.5, 11]},
			"faces": {
				"north": {"uv": [8, 3.5, 9, 4.5], "texture": "#0"},
				"east": {"uv": [6, 10.5, 6.5, 11.5], "texture": "#0"},
				"south": {"uv": [8, 5.5, 9, 6.5], "texture": "#0"},
				"west": {"uv": [6.5, 10.5, 7, 11.5], "texture": "#0"},
				"up": {"uv": [8, 11, 7, 10.5], "texture": "#0"},
				"down": {"uv": [9, 10.5, 8, 11], "texture": "#0"}
			}
		},
		{
			"from": [7.5, 0.5, 6],
			"to": [8.5, 2.5, 7],
			"rotation": {"angle": 0, "axis": "y", "origin": [0, -7, 0]},
			"faces": {
				"north": {"uv": [10.5, 8, 11, 9], "texture": "#0"},
				"east": {"uv": [9, 10.5, 9.5, 11.5], "texture": "#0"},
				"south": {"uv": [9.5, 10.5, 10, 11.5], "texture": "#0"},
				"west": {"uv": [10.5, 9.5, 11, 10.5], "texture": "#0"},
				"up": {"uv": [12.5, 10.5, 12, 10], "texture": "#0"},
				"down": {"uv": [12.5, 10.5, 12, 11], "texture": "#0"}
			}
		},
		{
			"from": [7.5, 0.5, 9],
			"to": [8.5, 2.5, 10],
			"rotation": {"angle": 0, "axis": "y", "origin": [0, -7, 0]},
			"faces": {
				"north": {"uv": [10, 10.5, 10.5, 11.5], "texture": "#0"},
				"east": {"uv": [10.5, 10.5, 11, 11.5], "texture": "#0"},
				"south": {"uv": [0, 11, 0.5, 12], "texture": "#0"},
				"west": {"uv": [11, 0, 11.5, 1], "texture": "#0"},
				"up": {"uv": [12.5, 11.5, 12, 11], "texture": "#0"},
				"down": {"uv": [12, 12, 11.5, 12.5], "texture": "#0"}
			}
		},
		{
			"from": [7.5, 3.5, 11.4],
			"to": [8.5, 6.5, 12.4],
			"rotation": {"angle": 0, "axis": "y", "origin": [0, -7, 0]},
			"faces": {
				"north": {"uv": [9, 4.5, 9.5, 6], "texture": "#0"},
				"east": {"uv": [6, 9, 6.5, 10.5], "texture": "#0"},
				"south": {"uv": [9, 6, 9.5, 7.5], "texture": "#0"},
				"west": {"uv": [6.5, 9, 7, 10.5], "texture": "#0"},
				"up": {"uv": [12.5, 12, 12, 11.5], "texture": "#0"},
				"down": {"uv": [12.5, 12, 12, 12.5], "texture": "#0"}
			}
		},
		{
			"from": [7.5, 3.5, 3.6],
			"to": [8.5, 6.5, 4.6],
			"rotation": {"angle": 0, "axis": "y", "origin": [0, -7, 0]},
			"faces": {
				"north": {"uv": [7, 9, 7.5, 10.5], "texture": "#0"},
				"east": {"uv": [7.5, 9, 8, 10.5], "texture": "#0"},
				"south": {"uv": [9, 7.5, 9.5, 9], "texture": "#0"},
				"west": {"uv": [8, 9, 8.5, 10.5], "texture": "#0"},
				"up": {"uv": [13, 0.5, 12.5, 0], "texture": "#0"},
				"down": {"uv": [1, 12.5, 0.5, 13], "texture": "#0"}
			}
		},
		{
			"from": [7.5, 3, 6.5],
			"to": [8.5, 4, 9.5],
			"rotation": {"angle": 0, "axis": "y", "origin": [0, -7, 0]},
			"faces": {
				"north": {"uv": [12.5, 0.5, 13, 1], "texture": "#0"},
				"east": {"uv": [8.5, 9, 10, 9.5], "texture": "#0"},
				"south": {"uv": [1, 12.5, 1.5, 13], "texture": "#0"},
				"west": {"uv": [9.5, 0.5, 11, 1], "texture": "#0"},
				"up": {"uv": [10, 2.5, 9.5, 1], "texture": "#0"},
				"down": {"uv": [10, 4.5, 9.5, 6], "texture": "#0"}
			}
		},
		{
			"from": [7.75, 4, 6.5],
			"to": [8.25, 5, 9.5],
			"rotation": {"angle": 0, "axis": "y", "origin": [0, -7, 0]},
			"faces": {
				"north": {"uv": [13, 1, 13.25, 1.5], "texture": "#0"},
				"east": {"uv": [9.5, 6, 11, 6.5], "texture": "#0"},
				"south": {"uv": [13, 1.5, 13.25, 2], "texture": "#0"},
				"west": {"uv": [9.5, 6.5, 11, 7], "texture": "#0"},
				"up": {"uv": [0.25, 13.5, 0, 12], "texture": "#0"},
				"down": {"uv": [12.25, 0, 12, 1.5], "texture": "#0"}
			}
		},
		{
			"from": [7.865, 5, 6.5],
			"to": [8.115, 6, 9.5],
			"rotation": {"angle": 0, "axis": "y", "origin": [0, -7, 0]},
			"faces": {
				"north": {"uv": [13, 2, 13.25, 2.5], "texture": "#0"},
				"east": {"uv": [9.5, 7, 11, 7.5], "texture": "#0"},
				"south": {"uv": [13, 2.5, 13.25, 3], "texture": "#0"},
				"west": {"uv": [9.5, 7.5, 11, 8], "texture": "#0"},
				"up": {"uv": [12.25, 3, 12, 1.5], "texture": "#0"},
				"down": {"uv": [2.75, 12, 2.5, 13.5], "texture": "#0"}
			}
		},
		{
			"from": [7.9275, 6, 6.5],
			"to": [8.0525, 28, 9.5],
			"rotation": {"angle": 0, "axis": "y", "origin": [0, -7, 0]},
			"faces": {
				"north": {"uv": [4, 0, 4.25, 11], "texture": "#0"},
				"east": {"uv": [0, 0, 1.5, 11], "texture": "#0"},
				"south": {"uv": [4.5, 0, 4.75, 11], "texture": "#0"},
				"west": {"uv": [1.5, 0, 3, 11], "texture": "#0"},
				"up": {"uv": [12.25, 5.5, 12, 4], "texture": "#0"},
				"down": {"uv": [5.25, 12, 5, 13.5], "texture": "#0"}
			}
		},
		{
			"from": [7.9275, 28, 6.75],
			"to": [8.0525, 30, 9.25],
			"rotation": {"angle": 0, "axis": "y", "origin": [0, -7, 0]},
			"faces": {
				"north": {"uv": [12.5, 1, 12.75, 2], "texture": "#0"},
				"east": {"uv": [7, 0.5, 8.25, 1.5], "texture": "#0"},
				"south": {"uv": [1.5, 12.5, 1.75, 13.5], "texture": "#0"},
				"west": {"uv": [7, 1.5, 8.25, 2.5], "texture": "#0"},
				"up": {"uv": [5.75, 13.25, 5.5, 12], "texture": "#0"},
				"down": {"uv": [12.25, 5.5, 12, 6.75], "texture": "#0"}
			}
		},
		{
			"from": [7.9275, 31, 7.5],
			"to": [8.0525, 32, 8.5],
			"rotation": {"angle": 0, "axis": "y", "origin": [0, -7, 0]},
			"faces": {
				"north": {"uv": [13, 3, 13.25, 3.5], "texture": "#0"},
				"east": {"uv": [0.5, 11, 1.5, 11.5], "texture": "#0"},
				"south": {"uv": [13, 3.5, 13.25, 4], "texture": "#0"},
				"west": {"uv": [11, 1, 12, 1.5], "texture": "#0"},
				"up": {"uv": [2.25, 13.5, 2, 12.5], "texture": "#0"},
				"down": {"uv": [12.75, 2, 12.5, 3], "texture": "#0"}
			}
		},
		{
			"from": [7.9275, 30, 7],
			"to": [8.0525, 31, 9],
			"rotation": {"angle": 0, "axis": "y", "origin": [0, -7, 0]},
			"faces": {
				"north": {"uv": [13, 3, 13.25, 3.5], "texture": "#0"},
				"east": {"uv": [0.5, 11, 1.5, 11.5], "texture": "#0"},
				"south": {"uv": [13, 3.5, 13.25, 4], "texture": "#0"},
				"west": {"uv": [11, 1, 12, 1.5], "texture": "#0"},
				"up": {"uv": [2.25, 13.5, 2, 12.5], "texture": "#0"},
				"down": {"uv": [12.75, 2, 12.5, 3], "texture": "#0"}
			}
		},
		{
			"from": [7, 3, 7],
			"to": [7.5, 4, 9],
			"rotation": {"angle": 0, "axis": "y", "origin": [0, -7, 0]},
			"faces": {
				"north": {"uv": [13, 4, 13.25, 4.5], "texture": "#0"},
				"east": {"uv": [1.5, 11, 2.5, 11.5], "texture": "#0"},
				"south": {"uv": [4.5, 13, 4.75, 13.5], "texture": "#0"},
				"west": {"uv": [11, 1.5, 12, 2], "texture": "#0"},
				"up": {"uv": [3.25, 13.5, 3, 12.5], "texture": "#0"},
				"down": {"uv": [12.75, 3, 12.5, 4], "texture": "#0"}
			}
		},
		{
			"from": [8.5, 3, 7],
			"to": [9, 4, 9],
			"rotation": {"angle": 0, "axis": "y", "origin": [0, -7, 0]},
			"faces": {
				"north": {"uv": [13, 4.5, 13.25, 5], "texture": "#0"},
				"east": {"uv": [11, 2, 12, 2.5], "texture": "#0"},
				"south": {"uv": [13, 5, 13.25, 5.5], "texture": "#0"},
				"west": {"uv": [4, 11, 5, 11.5], "texture": "#0"},
				"up": {"uv": [3.75, 13.5, 3.5, 12.5], "texture": "#0"},
				"down": {"uv": [4.25, 12.5, 4, 13.5], "texture": "#0"}
			}
		},
		{
			"from": [7.5, 3, 9.5],
			"to": [8.5, 5, 10.5],
			"rotation": {"angle": 22.5, "axis": "x", "origin": [8, 3, 9.5]},
			"faces": {
				"north": {"uv": [2.5, 11, 3, 12], "texture": "#0"},
				"east": {"uv": [11, 4.5, 11.5, 5.5], "texture": "#0"},
				"south": {"uv": [5, 11, 5.5, 12], "texture": "#0"},
				"west": {"uv": [5.5, 11, 6, 12], "texture": "#0"},
				"up": {"uv": [13, 4.5, 12.5, 4], "texture": "#0"},
				"down": {"uv": [5, 12.5, 4.5, 13], "texture": "#0"}
			}
		},
		{
			"from": [7.5, 3, 5.5],
			"to": [8.5, 5, 6.5],
			"rotation": {"angle": -22.5, "axis": "x", "origin": [8, 3, 6.5]},
			"faces": {
				"north": {"uv": [11, 5.5, 11.5, 6.5], "texture": "#0"},
				"east": {"uv": [11, 6.5, 11.5, 7.5], "texture": "#0"},
				"south": {"uv": [7, 11, 7.5, 12], "texture": "#0"},
				"west": {"uv": [7.5, 11, 8, 12], "texture": "#0"},
				"up": {"uv": [13, 5, 12.5, 4.5], "texture": "#0"},
				"down": {"uv": [13, 5, 12.5, 5.5], "texture": "#0"}
			}
		},
		{
			"from": [7.5, 1.5, 10],
			"to": [8.5, 3.5, 11],
			"rotation": {"angle": 45, "axis": "x", "origin": [8, 1.5, 10]},
			"faces": {
				"north": {"uv": [11, 7.5, 11.5, 8.5], "texture": "#0"},
				"east": {"uv": [8, 11, 8.5, 12], "texture": "#0"},
				"south": {"uv": [8.5, 11, 9, 12], "texture": "#0"},
				"west": {"uv": [11, 8.5, 11.5, 9.5], "texture": "#0"},
				"up": {"uv": [13, 6, 12.5, 5.5], "texture": "#0"},
				"down": {"uv": [6.5, 12.5, 6, 13], "texture": "#0"}
			}
		},
		{
			"from": [7.5, 1.5, 5],
			"to": [8.5, 3.5, 6],
			"rotation": {"angle": -45, "axis": "x", "origin": [8, 1.5, 6]},
			"faces": {
				"north": {"uv": [11, 9.5, 11.5, 10.5], "texture": "#0"},
				"east": {"uv": [11, 10.5, 11.5, 11.5], "texture": "#0"},
				"south": {"uv": [11.5, 0, 12, 1], "texture": "#0"},
				"west": {"uv": [0.5, 11.5, 1, 12.5], "texture": "#0"},
				"up": {"uv": [13, 6.5, 12.5, 6], "texture": "#0"},
				"down": {"uv": [7, 12.5, 6.5, 13], "texture": "#0"}
			}
		},
		{
			"from": [7, 0.5, 7],
			"to": [9, 2.5, 9],
			"rotation": {"angle": 0, "axis": "y", "origin": [0, -7, 0]},
			"faces": {
				"north": {"uv": [6, 8, 7, 9], "texture": "#0"},
				"east": {"uv": [7, 8, 8, 9], "texture": "#0"},
				"south": {"uv": [8, 7, 9, 8], "texture": "#0"},
				"west": {"uv": [8, 8, 9, 9], "texture": "#0"},
				"up": {"uv": [9.5, 1.5, 8.5, 0.5], "texture": "#0"},
				"down": {"uv": [9.5, 1.5, 8.5, 2.5], "texture": "#0"}
			}
		},
		{
			"from": [6, 0.5, 7.5],
			"to": [7, 2.5, 8.5],
			"rotation": {"angle": 0, "axis": "y", "origin": [0, -7, 0]},
			"faces": {
				"north": {"uv": [1, 11.5, 1.5, 12.5], "texture": "#0"},
				"east": {"uv": [1.5, 11.5, 2, 12.5], "texture": "#0"},
				"south": {"uv": [2, 11.5, 2.5, 12.5], "texture": "#0"},
				"west": {"uv": [3, 11.5, 3.5, 12.5], "texture": "#0"},
				"up": {"uv": [13, 7, 12.5, 6.5], "texture": "#0"},
				"down": {"uv": [7.5, 12.5, 7, 13], "texture": "#0"}
			}
		},
		{
			"from": [5.5, 3, 7.5],
			"to": [6.5, 5, 8.5],
			"rotation": {"angle": 22.5, "axis": "z", "origin": [6.5, 3, 8]},
			"faces": {
				"north": {"uv": [3.5, 11.5, 4, 12.5], "texture": "#0"},
				"east": {"uv": [4, 11.5, 4.5, 12.5], "texture": "#0"},
				"south": {"uv": [11.5, 4, 12, 5], "texture": "#0"},
				"west": {"uv": [4.5, 11.5, 5, 12.5], "texture": "#0"},
				"up": {"uv": [13, 7.5, 12.5, 7], "texture": "#0"},
				"down": {"uv": [8, 12.5, 7.5, 13], "texture": "#0"}
			}
		},
		{
			"from": [9.5, 3, 7.5],
			"to": [10.5, 5, 8.5],
			"rotation": {"angle": -22.5, "axis": "z", "origin": [9.5, 3, 8]},
			"faces": {
				"north": {"uv": [11.5, 5, 12, 6], "texture": "#0"},
				"east": {"uv": [6, 11.5, 6.5, 12.5], "texture": "#0"},
				"south": {"uv": [11.5, 6, 12, 7], "texture": "#0"},
				"west": {"uv": [6.5, 11.5, 7, 12.5], "texture": "#0"},
				"up": {"uv": [8.5, 13, 8, 12.5], "texture": "#0"},
				"down": {"uv": [13, 8, 12.5, 8.5], "texture": "#0"}
			}
		},
		{
			"from": [9, 0.5, 7.5],
			"to": [10, 2.5, 8.5],
			"rotation": {"angle": 0, "axis": "y", "origin": [0, -7, 0]},
			"faces": {
				"north": {"uv": [11.5, 7, 12, 8], "texture": "#0"},
				"east": {"uv": [11.5, 8, 12, 9], "texture": "#0"},
				"south": {"uv": [9, 11.5, 9.5, 12.5], "texture": "#0"},
				"west": {"uv": [11.5, 9, 12, 10], "texture": "#0"},
				"up": {"uv": [9, 13, 8.5, 12.5], "texture": "#0"},
				"down": {"uv": [13, 8.5, 12.5, 9], "texture": "#0"}
			}
		},
		{
			"from": [8.5, 2.5, 7],
			"to": [9.5, 3, 9],
			"rotation": {"angle": 0, "axis": "y", "origin": [0, -7, 0]},
			"faces": {
				"north": {"uv": [13, 5.5, 13.5, 5.75], "texture": "#0"},
				"east": {"uv": [9, 12.5, 10, 12.75], "texture": "#0"},
				"south": {"uv": [6, 13, 6.5, 13.25], "texture": "#0"},
				"west": {"uv": [12.5, 9, 13.5, 9.25], "texture": "#0"},
				"up": {"uv": [10, 12.5, 9.5, 11.5], "texture": "#0"},
				"down": {"uv": [10.5, 11.5, 10, 12.5], "texture": "#0"}
			}
		},
		{
			"from": [6.5, 2.5, 7],
			"to": [7.5, 3, 9],
			"rotation": {"angle": 0, "axis": "y", "origin": [0, -7, 0]},
			"faces": {
				"north": {"uv": [13, 6, 13.5, 6.25], "texture": "#0"},
				"east": {"uv": [12.5, 9.5, 13.5, 9.75], "texture": "#0"},
				"south": {"uv": [6.5, 13, 7, 13.25], "texture": "#0"},
				"west": {"uv": [10, 12.5, 11, 12.75], "texture": "#0"},
				"up": {"uv": [12, 11, 11.5, 10], "texture": "#0"},
				"down": {"uv": [11, 11.5, 10.5, 12.5], "texture": "#0"}
			}
		},
		{
			"from": [7.5, 2.5, 7],
			"to": [8.5, 3, 9],
			"rotation": {"angle": 0, "axis": "y", "origin": [0, -7, 0]},
			"faces": {
				"north": {"uv": [13, 6.5, 13.5, 6.75], "texture": "#0"},
				"east": {"uv": [12.5, 10, 13.5, 10.25], "texture": "#0"},
				"south": {"uv": [7, 13, 7.5, 13.25], "texture": "#0"},
				"west": {"uv": [12.5, 10.5, 13.5, 10.75], "texture": "#0"},
				"up": {"uv": [11.5, 12.5, 11, 11.5], "texture": "#0"},
				"down": {"uv": [12, 11, 11.5, 12], "texture": "#0"}
			}
		},
		{
			"from": [7, 2.5, 6.5],
			"to": [9, 3, 7],
			"rotation": {"angle": 0, "axis": "y", "origin": [0, -7, 0]},
			"faces": {
				"north": {"uv": [11, 12.5, 12, 12.75], "texture": "#0"},
				"east": {"uv": [13, 13, 13.25, 13.25], "texture": "#0"},
				"south": {"uv": [12.5, 11, 13.5, 11.25], "texture": "#0"},
				"west": {"uv": [0, 13.5, 0.25, 13.75], "texture": "#0"},
				"up": {"uv": [13.5, 11.75, 12.5, 11.5], "texture": "#0"},
				"down": {"uv": [13, 12.5, 12, 12.75], "texture": "#0"}
			}
		},
		{
			"from": [7, 2.5, 9],
			"to": [9, 3, 9.5],
			"rotation": {"angle": 0, "axis": "y", "origin": [0, -7, 0]},
			"faces": {
				"north": {"uv": [12.5, 12, 13.5, 12.25], "texture": "#0"},
				"east": {"uv": [0.5, 13.5, 0.75, 13.75], "texture": "#0"},
				"south": {"uv": [13, 0, 14, 0.25], "texture": "#0"},
				"west": {"uv": [1, 13.5, 1.25, 13.75], "texture": "#0"},
				"up": {"uv": [1.5, 13.25, 0.5, 13], "texture": "#0"},
				"down": {"uv": [14, 0.5, 13, 0.75], "texture": "#0"}
			}
		},
		{
			"from": [9, -0.5, 6],
			"to": [9.5, 0.5, 6.5],
			"rotation": {"angle": 0, "axis": "y", "origin": [0, -7, 0]},
			"faces": {
				"north": {"uv": [13, 7, 13.25, 7.5], "texture": "#0"},
				"east": {"uv": [7.5, 13, 7.75, 13.5], "texture": "#0"},
				"south": {"uv": [13, 7.5, 13.25, 8], "texture": "#0"},
				"west": {"uv": [8, 13, 8.25, 13.5], "texture": "#0"},
				"up": {"uv": [13.75, 1.25, 13.5, 1], "texture": "#0"},
				"down": {"uv": [1.75, 13.5, 1.5, 13.75], "texture": "#0"}
			}
		},
		{
			"from": [6.5, -0.5, 6],
			"to": [7, 0.5, 6.5],
			"rotation": {"angle": 0, "axis": "y", "origin": [0, -7, 0]},
			"faces": {
				"north": {"uv": [13, 8, 13.25, 8.5], "texture": "#0"},
				"east": {"uv": [8.5, 13, 8.75, 13.5], "texture": "#0"},
				"south": {"uv": [13, 8.5, 13.25, 9], "texture": "#0"},
				"west": {"uv": [9, 13, 9.25, 13.5], "texture": "#0"},
				"up": {"uv": [13.75, 1.75, 13.5, 1.5], "texture": "#0"},
				"down": {"uv": [2.25, 13.5, 2, 13.75], "texture": "#0"}
			}
		},
		{
			"from": [6.5, -0.5, 9.5],
			"to": [7, 0.5, 10],
			"rotation": {"angle": 0, "axis": "y", "origin": [0, -7, 0]},
			"faces": {
				"north": {"uv": [9.5, 13, 9.75, 13.5], "texture": "#0"},
				"east": {"uv": [10, 13, 10.25, 13.5], "texture": "#0"},
				"south": {"uv": [10.5, 13, 10.75, 13.5], "texture": "#0"},
				"west": {"uv": [11, 13, 11.25, 13.5], "texture": "#0"},
				"up": {"uv": [13.75, 2.25, 13.5, 2], "texture": "#0"},
				"down": {"uv": [2.75, 13.5, 2.5, 13.75], "texture": "#0"}
			}
		},
		{
			"from": [9, -0.5, 9.5],
			"to": [9.5, 0.5, 10],
			"rotation": {"angle": 0, "axis": "y", "origin": [0, -7, 0]},
			"faces": {
				"north": {"uv": [11.5, 13, 11.75, 13.5], "texture": "#0"},
				"east": {"uv": [12, 13, 12.25, 13.5], "texture": "#0"},
				"south": {"uv": [12.5, 13, 12.75, 13.5], "texture": "#0"},
				"west": {"uv": [13, 12.5, 13.25, 13], "texture": "#0"},
				"up": {"uv": [13.75, 2.75, 13.5, 2.5], "texture": "#0"},
				"down": {"uv": [3.25, 13.5, 3, 13.75], "texture": "#0"}
			}
		}
	],
	"display": {
		"thirdperson_righthand": {
			"translation": [0, 8.75, 2]
		}
	},
	"groups": [
		{
			"name": "ElementalBlade",
			"origin": [8, 8, 8],
			"color": 0,
			"children": [0, 1, 2, 3, 4, 5, 6, 7, 8, 9, 10, 11, 12, 13, 14, 15, 16, 17, 18, 19, 20, 21, 22, 23, 24, 25, 26, 27, 28, 29, 30, 31, 32, 33, 34, 35, 36, 37, 38, 39, 40, 41]
		}
	]
}