{
	"credit": "Made with Blockbench",
	"texture_size": [32, 32],
	"textures": {
		"0": "item/keqing",
		"1": "item/ganyu",
		"2": "item/blank",
		"particle": "item/keqing"
	},
	"elements": [
		{
			"from": [5, -8.5, 2],
			"to": [7, 23.5, 12],
			"rotation": {"angle": 0, "axis": "y", "origin": [5, 16, 12]},
			"faces": {
				"north": {"uv": [0, 0, 2, 16], "texture": "#1"},
				"east": {"uv": [3.37553, 0, 13.37553, 16], "texture": "#1"},
				"south": {"uv": [0, 0, 2, 16], "texture": "#1"},
				"west": {"uv": [3.52153, 0, 13.52153, 16], "texture": "#1"},
				"up": {"uv": [0, 0, 10, 2], "rotation": 270, "texture": "#1"},
				"down": {"uv": [0, 0, 10, 2], "rotation": 90, "texture": "#1"}
			}
		},
		{
			"from": [7, -8.5, 2],
			"to": [9, 23.5, 12],
			"rotation": {"angle": 0, "axis": "y", "origin": [5, 16, 12]},
			"faces": {
				"north": {"uv": [0, 0, 2, 16], "texture": "#0"},
				"east": {"uv": [3.37553, 0, 13.37553, 16], "texture": "#0"},
				"south": {"uv": [0, 0, 2, 16], "texture": "#0"},
				"west": {"uv": [0, 0, 10, 16], "texture": "#0"},
				"up": {"uv": [0, 0, 10, 2], "rotation": 270, "texture": "#0"},
				"down": {"uv": [0, 0, 10, 2], "rotation": 90, "texture": "#0"}
			}
		},
		{
			"from": [5, 23.5, 2],
			"to": [7, 24.5, 12],
			"rotation": {"angle": 0, "axis": "y", "origin": [5, 16.25, 12]},
			"faces": {
				"north": {"uv": [6, 2.5, 7, 3], "texture": "#2"},
				"east": {"uv": [2, 5, 7, 5.5], "texture": "#2"},
				"south": {"uv": [6, 3, 7, 3.5], "texture": "#2"},
				"west": {"uv": [2, 5.5, 7, 6], "texture": "#2"},
				"up": {"uv": [1, 5, 0, 0], "texture": "#2"},
				"down": {"uv": [2, 0, 1, 5], "texture": "#2"}
			}
		},
		{
			"from": [7, 23.5, 2],
			"to": [9, 24.5, 12],
			"rotation": {"angle": 0, "axis": "y", "origin": [5, 16.25, 12]},
			"faces": {
				"north": {"uv": [6, 3.5, 7, 4], "texture": "#2"},
				"east": {"uv": [6, 0, 11, 0.5], "texture": "#2"},
				"south": {"uv": [6, 4, 7, 4.5], "texture": "#2"},
				"west": {"uv": [6, 0.5, 11, 1], "texture": "#2"},
				"up": {"uv": [3, 5, 2, 0], "texture": "#2"},
				"down": {"uv": [4, 0, 3, 5], "texture": "#2"}
			}
		},
		{
			"from": [5, -9.5, 2],
			"to": [7, -8.5, 12],
			"rotation": {"angle": 0, "axis": "y", "origin": [5, 15.75, 12]},
			"faces": {
				"north": {"uv": [6, 4.5, 7, 5], "texture": "#2"},
				"east": {"uv": [6, 1, 11, 1.5], "texture": "#2"},
				"south": {"uv": [2, 6.5, 3, 7], "texture": "#2"},
				"west": {"uv": [6, 1.5, 11, 2], "texture": "#2"},
				"up": {"uv": [5, 5, 4, 0], "texture": "#2"},
				"down": {"uv": [1, 5, 0, 10], "texture": "#2"}
			}
		},
		{
			"from": [7, -9.5, 2],
			"to": [9, -8.5, 12],
			"rotation": {"angle": 0, "axis": "y", "origin": [5, 15.75, 12]},
			"faces": {
				"north": {"uv": [3, 6.5, 4, 7], "texture": "#2"},
				"east": {"uv": [2, 6, 7, 6.5], "texture": "#2"},
				"south": {"uv": [4, 6.5, 5, 7], "texture": "#2"},
				"west": {"uv": [6, 2, 11, 2.5], "texture": "#2"},
				"up": {"uv": [6, 5, 5, 0], "texture": "#2"},
				"down": {"uv": [2, 5, 1, 10], "texture": "#2"}
			}
		}
	],
	"display": {
		"thirdperson_righthand": {
			"rotation": [84, 0, 0],
			"translation": [0, 1.75, 0],
			"scale": [0.78, 0.78, 0.78]
		},
		"thirdperson_lefthand": {
			"rotation": [84, 0, 0]
		},
		"firstperson_righthand": {
			"translation": [4.5, 0, 0]
		},
		"firstperson_lefthand": {
			"translation": [2.25, 0, 0]
		},
		"gui": {
			"rotation": [0, -90, 0]
		},
		"fixed": {
			"rotation": [0, 91, 0]
		}
	},
	"groups": [
		{
			"name": "group",
			"origin": [8, 8, 8],
			"color": 0,
			"children": [0, 1, 2, 3, 4, 5]
		}
	]
}