{
	"credit": "Made with Blockbench",
	"texture_size": [32, 32],
	"textures": {
		"0": "block/hailmaker_pistol",
		"particle": "block/hailmaker_pistol"
	},
	"elements": [
		{
			"from": [7.25, 4, 0.25],
			"to": [8.75, 7, 8.25],
			"faces": {
				"north": {"uv": [5.5, 6, 6.25, 7.5], "texture": "#0"},
				"east": {"uv": [0, 0, 4, 1.5], "texture": "#0"},
				"south": {"uv": [6.5, 4.5, 7.25, 6], "texture": "#0"},
				"west": {"uv": [0, 1.5, 4, 3], "texture": "#0"},
				"up": {"uv": [0.75, 8.5, 0, 4.5], "texture": "#0"},
				"down": {"uv": [1.75, 4.5, 1, 8.5], "texture": "#0"}
			}
		},
		{
			"from": [7.75, 7, 0.25],
			"to": [8.25, 7.5, 0.5],
			"faces": {
				"north": {"uv": [10, 8.5, 10.25, 8.75], "texture": "#0"},
				"east": {"uv": [10.5, 1.5, 10.625, 1.75], "texture": "#0"},
				"south": {"uv": [10, 9, 10.25, 9.25], "texture": "#0"},
				"west": {"uv": [10.5, 2, 10.625, 2.25], "texture": "#0"},
				"up": {"uv": [10.75, 2.625, 10.5, 2.5], "texture": "#0"},
				"down": {"uv": [3.25, 10.5, 3, 10.625], "texture": "#0"}
			}
		},
		{
			"from": [7.25, 4, 8.25],
			"to": [8.75, 6.5, 11.25],
			"faces": {
				"north": {"uv": [6, 7.5, 6.75, 8.75], "texture": "#0"},
				"east": {"uv": [2, 4.5, 3.5, 5.75], "texture": "#0"},
				"south": {"uv": [7.5, 6, 8.25, 7.25], "texture": "#0"},
				"west": {"uv": [3.5, 4.5, 5, 5.75], "texture": "#0"},
				"up": {"uv": [7.25, 7.5, 6.5, 6], "texture": "#0"},
				"down": {"uv": [2.75, 7.5, 2, 9], "texture": "#0"}
			}
		},
		{
			"from": [6.75, 4.75, 8.75],
			"to": [7.25, 5.75, 10.75],
			"rotation": {"angle": 0, "axis": "y", "origin": [16, 0, 0]},
			"faces": {
				"north": {"uv": [9.5, 6.5, 9.75, 7], "texture": "#0"},
				"east": {"uv": [1, 8.5, 2, 9], "texture": "#0"},
				"south": {"uv": [10, 0.5, 10.25, 1], "texture": "#0"},
				"west": {"uv": [8.5, 5.5, 9.5, 6], "texture": "#0"},
				"up": {"uv": [7.25, 10, 7, 9], "texture": "#0"},
				"down": {"uv": [7.75, 9, 7.5, 10], "texture": "#0"}
			}
		},
		{
			"from": [7, 5.75, 8.75],
			"to": [7.25, 6.25, 10.75],
			"rotation": {"angle": 0, "axis": "y", "origin": [16, 0, 0]},
			"faces": {
				"north": {"uv": [10.5, 3, 10.625, 3.25], "texture": "#0"},
				"east": {"uv": [9, 7.5, 10, 7.75], "texture": "#0"},
				"south": {"uv": [3.5, 10.5, 3.625, 10.75], "texture": "#0"},
				"west": {"uv": [9, 8, 10, 8.25], "texture": "#0"},
				"up": {"uv": [10.125, 3, 10, 2], "texture": "#0"},
				"down": {"uv": [2.625, 10, 2.5, 11], "texture": "#0"}
			}
		},
		{
			"from": [7, 4.25, 8.75],
			"to": [7.25, 4.75, 10.75],
			"rotation": {"angle": 0, "axis": "y", "origin": [16, 0, 0]},
			"faces": {
				"north": {"uv": [10.5, 3.5, 10.625, 3.75], "texture": "#0"},
				"east": {"uv": [9, 8.5, 10, 8.75], "texture": "#0"},
				"south": {"uv": [10.5, 4, 10.625, 4.25], "texture": "#0"},
				"west": {"uv": [9, 9, 10, 9.25], "texture": "#0"},
				"up": {"uv": [10.125, 4, 10, 3], "texture": "#0"},
				"down": {"uv": [4.125, 10, 4, 11], "texture": "#0"}
			}
		},
		{
			"from": [8.75, 4.25, 8.75],
			"to": [9, 4.75, 10.75],
			"faces": {
				"north": {"uv": [10.5, 4.5, 10.625, 4.75], "texture": "#0"},
				"east": {"uv": [0, 9.5, 1, 9.75], "texture": "#0"},
				"south": {"uv": [5, 10.5, 5.125, 10.75], "texture": "#0"},
				"west": {"uv": [9.5, 0, 10.5, 0.25], "texture": "#0"},
				"up": {"uv": [10.125, 5, 10, 4], "texture": "#0"},
				"down": {"uv": [4.625, 10, 4.5, 11], "texture": "#0"}
			}
		},
		{
			"from": [8.75, 4.75, 8.75],
			"to": [9.25, 5.75, 10.75],
			"faces": {
				"north": {"uv": [10, 1, 10.25, 1.5], "texture": "#0"},
				"east": {"uv": [8.5, 6, 9.5, 6.5], "texture": "#0"},
				"south": {"uv": [5, 10, 5.25, 10.5], "texture": "#0"},
				"west": {"uv": [8.5, 6.5, 9.5, 7], "texture": "#0"},
				"up": {"uv": [9.75, 1.5, 9.5, 0.5], "texture": "#0"},
				"down": {"uv": [1.75, 9.5, 1.5, 10.5], "texture": "#0"}
			}
		},
		{
			"from": [8.75, 5.75, 8.75],
			"to": [9, 6.25, 10.75],
			"faces": {
				"north": {"uv": [10.5, 5, 10.625, 5.25], "texture": "#0"},
				"east": {"uv": [9.5, 1.5, 10.5, 1.75], "texture": "#0"},
				"south": {"uv": [10.5, 5.5, 10.625, 5.75], "texture": "#0"},
				"west": {"uv": [2, 9.5, 3, 9.75], "texture": "#0"},
				"up": {"uv": [10.125, 6, 10, 5], "texture": "#0"},
				"down": {"uv": [5.625, 10, 5.5, 11], "texture": "#0"}
			}
		},
		{
			"from": [7.75, -1.5, 8.25],
			"to": [8.25, -1, 11.25],
			"rotation": {"angle": -22.5, "axis": "x", "origin": [0, 0, 0]},
			"faces": {
				"north": {"uv": [10, 9.5, 10.25, 9.75], "texture": "#0"},
				"east": {"uv": [8.5, 7, 10, 7.25], "texture": "#0"},
				"south": {"uv": [10, 10, 10.25, 10.25], "texture": "#0"},
				"west": {"uv": [1.5, 9, 3, 9.25], "texture": "#0"},
				"up": {"uv": [3.25, 10.5, 3, 9], "texture": "#0"},
				"down": {"uv": [3.75, 9, 3.5, 10.5], "texture": "#0"}
			}
		},
		{
			"from": [7.75, -1, 8.5],
			"to": [8.25, 1, 9.25],
			"rotation": {"angle": -22.5, "axis": "x", "origin": [0, 0, 0]},
			"faces": {
				"north": {"uv": [9.5, 2, 9.75, 3], "texture": "#0"},
				"east": {"uv": [4, 9, 4.375, 10], "texture": "#0"},
				"south": {"uv": [9.5, 3, 9.75, 4], "texture": "#0"},
				"west": {"uv": [4.5, 9, 4.875, 10], "texture": "#0"},
				"up": {"uv": [10.25, 7.375, 10, 7], "texture": "#0"},
				"down": {"uv": [7.75, 10, 7.5, 10.375], "texture": "#0"}
			}
		},
		{
			"from": [7.85, -1, 10.275],
			"to": [8.15, 1, 11.025],
			"rotation": {"angle": -22.5, "axis": "x", "origin": [0, 0, 0]},
			"faces": {
				"north": {"uv": [10, 6, 10.125, 7], "texture": "#0"},
				"east": {"uv": [5, 9, 5.375, 10], "texture": "#0"},
				"south": {"uv": [7, 10, 7.125, 11], "texture": "#0"},
				"west": {"uv": [5.5, 9, 5.875, 10], "texture": "#0"},
				"up": {"uv": [10.625, 1.375, 10.5, 1], "texture": "#0"},
				"down": {"uv": [1.625, 10.5, 1.5, 10.875], "texture": "#0"}
			}
		},
		{
			"from": [7.75, 0, 12.5],
			"to": [8.25, 1.25, 13.25],
			"rotation": {"angle": -22.5, "axis": "x", "origin": [0, 0, 0]},
			"faces": {
				"north": {"uv": [6.5, 9.5, 6.75, 10.125], "texture": "#0"},
				"east": {"uv": [9.5, 5.5, 9.875, 6.125], "texture": "#0"},
				"south": {"uv": [9, 9.5, 9.25, 10.125], "texture": "#0"},
				"west": {"uv": [6, 9.5, 6.375, 10.125], "texture": "#0"},
				"up": {"uv": [10.25, 7.875, 10, 7.5], "texture": "#0"},
				"down": {"uv": [10.25, 8, 10, 8.375], "texture": "#0"}
			}
		},
		{
			"from": [7.75, 0.75, 13.25],
			"to": [8.25, 1.25, 13.75],
			"rotation": {"angle": -22.5, "axis": "x", "origin": [0, 0, 0]},
			"faces": {
				"north": {"uv": [0, 0, 0, 0.25], "texture": "#0"},
				"east": {"uv": [10.5, 0, 10.75, 0.25], "texture": "#0"},
				"south": {"uv": [0, 0, 0, 0.25], "texture": "#0"},
				"west": {"uv": [10.5, 0.5, 10.75, 0.75], "texture": "#0"},
				"up": {"uv": [0, 0.25, 0, 0], "texture": "#0"},
				"down": {"uv": [0, 0, 0, 0.25], "texture": "#0"}
			}
		},
		{
			"from": [7.26, 2, 10.95],
			"to": [8.74, 4.75, 13],
			"rotation": {"angle": -45, "axis": "x", "origin": [8, 3, 11]},
			"faces": {
				"north": {"uv": [3, 7.5, 3.75, 8.875], "texture": "#0"},
				"east": {"uv": [3.5, 6, 4.5, 7.375], "texture": "#0"},
				"south": {"uv": [4, 7.5, 4.75, 8.875], "texture": "#0"},
				"west": {"uv": [4.5, 6, 5.5, 7.375], "texture": "#0"},
				"up": {"uv": [8.75, 8.5, 8, 7.5], "texture": "#0"},
				"down": {"uv": [0.75, 8.5, 0, 9.5], "texture": "#0"}
			}
		},
		{
			"from": [7.25, 0, 11],
			"to": [8.75, 2.825, 13.25],
			"rotation": {"angle": -22.5, "axis": "x", "origin": [8, 3, 11]},
			"faces": {
				"north": {"uv": [7.5, 4.5, 8.25, 5.875], "texture": "#0"},
				"east": {"uv": [5, 4.5, 6.125, 5.875], "texture": "#0"},
				"south": {"uv": [5, 7.5, 5.75, 8.875], "texture": "#0"},
				"west": {"uv": [2, 6, 3.125, 7.375], "texture": "#0"},
				"up": {"uv": [8.75, 2.625, 8, 1.5], "texture": "#0"},
				"down": {"uv": [8.75, 3, 8, 4.125], "texture": "#0"}
			}
		},
		{
			"from": [7, 4.75, 0.25],
			"to": [7.25, 7, 8.25],
			"faces": {
				"north": {"uv": [9.5, 9.5, 9.625, 10.625], "texture": "#0"},
				"east": {"uv": [0, 3, 4, 4.125], "texture": "#0"},
				"south": {"uv": [0, 10, 0.125, 11.125], "texture": "#0"},
				"west": {"uv": [4, 0, 8, 1.125], "texture": "#0"},
				"up": {"uv": [8.125, 12.5, 8, 8.5], "texture": "#0"},
				"down": {"uv": [8.625, 8.5, 8.5, 12.5], "texture": "#0"}
			}
		},
		{
			"from": [8.75, 4.75, 0.25],
			"to": [9, 7, 8.25],
			"faces": {
				"north": {"uv": [0.5, 10, 0.625, 11.125], "texture": "#0"},
				"east": {"uv": [4, 1.5, 8, 2.625], "texture": "#0"},
				"south": {"uv": [2, 10, 2.125, 11.125], "texture": "#0"},
				"west": {"uv": [4, 3, 8, 4.125], "texture": "#0"},
				"up": {"uv": [9.125, 4, 9, 0], "texture": "#0"},
				"down": {"uv": [1.125, 9, 1, 13], "texture": "#0"}
			}
		},
		{
			"from": [7.26, 0, 11.8],
			"to": [8.74, 1.1, 14.225],
			"rotation": {"angle": 0, "axis": "x", "origin": [8, 3, 11]},
			"faces": {
				"north": {"uv": [9, 4, 9.75, 4.5], "texture": "#0"},
				"east": {"uv": [8.5, 4.5, 9.75, 5], "texture": "#0"},
				"south": {"uv": [6, 9, 6.75, 9.5], "texture": "#0"},
				"west": {"uv": [8.5, 5, 9.75, 5.5], "texture": "#0"},
				"up": {"uv": [7.75, 8.75, 7, 7.5], "texture": "#0"},
				"down": {"uv": [8.75, 0, 8, 1.25], "texture": "#0"}
			}
		}
	],
	"gui_light": "front",
	"display": {
		"thirdperson_righthand": {
			"translation": [0, 4.5, -2.5],
			"scale": [1.2, 1.2, 1.2]
		},
		"thirdperson_lefthand": {
			"translation": [0, 4.5, -2.5],
			"scale": [1.2, 1.2, 1.2]
		},
		"firstperson_righthand": {
			"rotation": [0, -11, 0],
			"translation": [6.5, 4.75, -9.75],
			"scale": [2, 2, 2]
		},
		"firstperson_lefthand": {
			"rotation": [0, -11, 0],
			"translation": [6.5, 4.75, -9.75],
			"scale": [2, 2, 2]
		},
		"ground": {
			"translation": [0, 5.25, 0]
		},
		"gui": {
			"rotation": [90, -63.75, 90],
			"translation": [-3.75, 4.5, 0],
			"scale": [1.3, 1.3, 1.3]
		},
		"fixed": {
			"rotation": [-180, 90, -180],
			"translation": [1.25, 5.75, 0],
			"scale": [1.5, 1.5, 1.5]
		}
	}
}