{
	"credit": "Made with Blockbench",
	"textures": {
		"0": "item/InvisibleItem",
		"particle": "item/InvisibleItem"
	},
	"elements": [
		{
			"from": [7, 5, 7],
			"to": [9, 7, 9],
			"faces": {
				"north": {"uv": [0, 0, 2, 2], "texture": "#0"},
				"east": {"uv": [0, 2, 2, 4], "texture": "#0"},
				"south": {"uv": [2, 0, 4, 2], "texture": "#0"},
				"west": {"uv": [2, 2, 4, 4], "texture": "#0"},
				"up": {"uv": [2, 6, 0, 4], "texture": "#0"},
				"down": {"uv": [6, 0, 4, 2], "texture": "#0"}
			}
		}
	],
	"display": {
		"thirdperson_righthand": {
			"translation": [0, 0, 1.25]
		},
		"thirdperson_lefthand": {
			"translation": [0, 0, 1.25]
		},
		"firstperson_righthand": {
			"translation": [0.75, 3.5, 0]
		},
		"firstperson_lefthand": {
			"translation": [0.75, 3.5, 0]
		},
		"gui": {
			"rotation": [-106.5, 0, 0],
			"scale": [4, 4, 4]
		}
	},
	"groups": [
		{
			"name": "InvisibleItem",
			"origin": [0, 0, 0],
			"color": 0,
			"children": [0]
		}
	]
}