{
	"credit": "Made with Blockbench",
	"texture_size": [32, 32],
	"textures": {
		"0": "item/mage_magic_hat",
		"particle": "item/mage_magic_hat"
	},
	"elements": [
		{
			"from": [5.25, 0, 0.25],
			"to": [10.75, 0.25, 5.75],
			"rotation": {"angle": 0, "axis": "y", "origin": [8, 0.25, 3]},
			"faces": {
				"north": {"uv": [9, 9.5, 11.75, 9.625], "texture": "#0"},
				"east": {"uv": [0, 10, 2.75, 10.125], "texture": "#0"},
				"south": {"uv": [3, 10, 5.75, 10.125], "texture": "#0"},
				"west": {"uv": [10, 4, 12.75, 4.125], "texture": "#0"},
				"up": {"uv": [2.75, 2.75, 0, 0], "texture": "#0"},
				"down": {"uv": [2.75, 3, 0, 5.75], "texture": "#0"}
			}
		},
		{
			"from": [5.75, 0.25, 0.75],
			"to": [10.25, 0.75, 5.25],
			"rotation": {"angle": 0, "axis": "y", "origin": [8, 0.25, 3]},
			"faces": {
				"north": {"uv": [8.5, 9, 10.75, 9.25], "texture": "#0"},
				"east": {"uv": [9.5, 3, 11.75, 3.25], "texture": "#0"},
				"south": {"uv": [9.5, 3.5, 11.75, 3.75], "texture": "#0"},
				"west": {"uv": [6.5, 9.5, 8.75, 9.75], "texture": "#0"},
				"up": {"uv": [5.25, 2.25, 3, 0], "texture": "#0"},
				"down": {"uv": [5.25, 2.5, 3, 4.75], "texture": "#0"}
			}
		},
		{
			"from": [6, 0.5, 1],
			"to": [10, 2, 5],
			"rotation": {"angle": 0, "axis": "y", "origin": [8, 0.25, 3]},
			"faces": {
				"north": {"uv": [4.5, 7, 6.5, 7.75], "texture": "#0"},
				"east": {"uv": [7, 5.5, 9, 6.25], "texture": "#0"},
				"south": {"uv": [6.5, 7, 8.5, 7.75], "texture": "#0"},
				"west": {"uv": [0, 7.5, 2, 8.25], "texture": "#0"},
				"up": {"uv": [5, 7, 3, 5], "texture": "#0"},
				"down": {"uv": [7, 5, 5, 7], "texture": "#0"}
			}
		},
		{
			"from": [6.495, 1.41888, 2.61232],
			"to": [9.505, 3.77888, 4.87232],
			"rotation": {"angle": -22.5, "axis": "x", "origin": [8, 1.5, 4.5]},
			"faces": {
				"north": {"uv": [0, 6, 1.5, 7.125], "texture": "#0"},
				"east": {"uv": [2, 8.5, 3.125, 9.625], "texture": "#0"},
				"south": {"uv": [1.5, 6, 3, 7.125], "texture": "#0"},
				"west": {"uv": [8.5, 4, 9.625, 5.125], "texture": "#0"},
				"up": {"uv": [4.5, 8.125, 3, 7], "texture": "#0"},
				"down": {"uv": [8.5, 4, 7, 5.125], "texture": "#0"}
			}
		},
		{
			"from": [6.995, 1.66888, 4.11232],
			"to": [9.005, 3.27888, 6.12232],
			"rotation": {"angle": 45, "axis": "x", "origin": [8, 1.5, 4.5]},
			"faces": {
				"north": {"uv": [3.5, 8.5, 4.5, 9.25], "texture": "#0"},
				"east": {"uv": [4.5, 9, 5.5, 9.75], "texture": "#0"},
				"south": {"uv": [5.5, 9, 6.5, 9.75], "texture": "#0"},
				"west": {"uv": [9, 5.5, 10, 6.25], "texture": "#0"},
				"up": {"uv": [6.5, 5, 5.5, 4], "texture": "#0"},
				"down": {"uv": [3, 7.5, 2, 8.5], "texture": "#0"}
			}
		},
		{
			"from": [6.745, 1.66888, 3.11232],
			"to": [9.255, 3.27888, 5.37232],
			"rotation": {"angle": 22.5, "axis": "x", "origin": [8, 1.5, 4.5]},
			"faces": {
				"north": {"uv": [8.5, 6.5, 9.75, 7.25], "texture": "#0"},
				"east": {"uv": [9, 0.5, 10.125, 1.25], "texture": "#0"},
				"south": {"uv": [8.5, 7.5, 9.75, 8.25], "texture": "#0"},
				"west": {"uv": [9, 1.5, 10.125, 2.25], "texture": "#0"},
				"up": {"uv": [8.75, 1.125, 7.5, 0], "texture": "#0"},
				"down": {"uv": [8.75, 1.5, 7.5, 2.625], "texture": "#0"}
			}
		},
		{
			"from": [6.245, 0.745, 0.895],
			"to": [9.755, 2.255, 4.505],
			"rotation": {"angle": 22.5, "axis": "x", "origin": [8, 1.5, 3.5]},
			"faces": {
				"north": {"uv": [7.5, 3, 9.25, 3.75], "texture": "#0"},
				"east": {"uv": [4.5, 8, 6.25, 8.75], "texture": "#0"},
				"south": {"uv": [6.5, 8, 8.25, 8.75], "texture": "#0"},
				"west": {"uv": [0, 8.5, 1.75, 9.25], "texture": "#0"},
				"up": {"uv": [7.25, 1.75, 5.5, 0], "texture": "#0"},
				"down": {"uv": [7.25, 2, 5.5, 3.75], "texture": "#0"}
			}
		},
		{
			"from": [6.245, -0.005, 0.895],
			"to": [9.755, 0.755, 2.005],
			"rotation": {"angle": 22.5, "axis": "x", "origin": [8, 1.5, 3.5]},
			"faces": {
				"north": {"uv": [9, 2.5, 10.75, 2.875], "texture": "#0"},
				"east": {"uv": [6.5, 4, 7, 4.375], "texture": "#0"},
				"south": {"uv": [6.5, 9, 8.25, 9.375], "texture": "#0"},
				"west": {"uv": [6.5, 4.5, 7, 4.875], "texture": "#0"},
				"up": {"uv": [10.25, 9, 8.5, 8.5], "texture": "#0"},
				"down": {"uv": [10.75, 0, 9, 0.5], "texture": "#0"}
			}
		}
	],
	"gui_light": "front",
	"display": {
		"thirdperson_righthand": {
			"translation": [0, 8, 5.25]
		},
		"thirdperson_lefthand": {
			"translation": [0, 8, 5.25]
		},
		"firstperson_righthand": {
			"translation": [18, 16, -12],
			"scale": [4, 4, 4]
		},
		"firstperson_lefthand": {
			"translation": [18, 16, -12],
			"scale": [4, 4, 4]
		},
		"ground": {
			"translation": [0, 12, 9.25],
			"scale": [2, 2, 2]
		},
		"gui": {
			"rotation": [180, -53, 180],
			"translation": [-9.75, 18.25, 0],
			"scale": [2.5, 3, 2.5]
		},
		"head": {
			"translation": [0, 29.5, 20],
			"scale": [4, 3.5, 4]
		},
		"fixed": {
			"translation": [0, 12.75, 6.25],
			"scale": [2.5, 2.5, 2.5]
		}
	}
}