{
	"credit": "Made with Blockbench",
	"texture_size": [4, 4],
	"textures": {
		"0": "item/sorcerer_circlet",
		"1": "item/sorcerer_circlet_gem",
		"particle": "item/sorcerer_circlet"
	},
	"elements": [
		{
			"from": [10, 0, 1],
			"to": [10, 1.5, 5],
			"faces": {
				"north": {"uv": [0, 0, 0, 3], "texture": "#0"},
				"east": {"uv": [0, 8, 8, 11], "texture": "#0"},
				"south": {"uv": [0, 0, 0, 3], "texture": "#0"},
				"west": {"uv": [8, 0, 16, 3], "texture": "#0"},
				"up": {"uv": [0, 8, 0, 0], "texture": "#0"},
				"down": {"uv": [0, 0, 0, 8], "texture": "#0"}
			}
		},
		{
			"from": [6, 0, 1],
			"to": [6, 1.5, 5],
			"faces": {
				"north": {"uv": [0, 0, 0, 3], "texture": "#0"},
				"east": {"uv": [8, 4, 16, 7], "texture": "#0"},
				"south": {"uv": [0, 0, 0, 3], "texture": "#0"},
				"west": {"uv": [8, 8, 16, 11], "texture": "#0"},
				"up": {"uv": [0, 8, 0, 0], "texture": "#0"},
				"down": {"uv": [0, 0, 0, 8], "texture": "#0"}
			}
		},
		{
			"from": [6, 0, 1],
			"to": [10, 1.5, 1],
			"rotation": {"angle": 0, "axis": "y", "origin": [6, 0, 1]},
			"faces": {
				"north": {"uv": [0, 12, 8, 15], "texture": "#0"},
				"east": {"uv": [0, 0, 0, 3], "texture": "#0"},
				"south": {"uv": [8, 12, 16, 15], "texture": "#0"},
				"west": {"uv": [0, 0, 0, 3], "texture": "#0"},
				"up": {"uv": [8, 0, 0, 0], "texture": "#0"},
				"down": {"uv": [8, 0, 0, 0], "texture": "#0"}
			}
		},
		{
			"from": [6, 0, 5],
			"to": [10, 1.5, 5],
			"rotation": {"angle": 0, "axis": "y", "origin": [6, 0, 1]},
			"faces": {
				"north": {"uv": [0, 0, 8, 3], "texture": "#0"},
				"east": {"uv": [0, 0, 0, 3], "texture": "#0"},
				"south": {"uv": [0, 4, 8, 7], "texture": "#0"},
				"west": {"uv": [0, 0, 0, 3], "texture": "#0"},
				"up": {"uv": [8, 0, 0, 0], "texture": "#0"},
				"down": {"uv": [8, 0, 0, 0], "texture": "#0"}
			}
		},
		{
			"from": [7.75, 0.5, 0.6],
			"to": [8.25, 1, 1.1],
			"rotation": {"angle": 0, "axis": "y", "origin": [7.5, 0, 0]},
			"faces": {
				"north": {"uv": [0, 0, 2, 2], "texture": "#1"},
				"east": {"uv": [4, 0, 5, 2], "texture": "#1"},
				"south": {"uv": [0, 4, 2, 6], "texture": "#1"},
				"west": {"uv": [4, 4, 5, 6], "texture": "#1"},
				"up": {"uv": [2, 9, 0, 8], "texture": "#1"},
				"down": {"uv": [10, 0, 8, 1], "texture": "#1"}
			}
		},
		{
			"from": [7.65, 0.4, 0.85],
			"to": [8.35, 1.1, 1.1],
			"rotation": {"angle": -45, "axis": "z", "origin": [8, 0.75, 1]},
			"faces": {
				"north": {"uv": [0, 0, 2, 2], "texture": "#1"},
				"east": {"uv": [4, 0, 5, 2], "texture": "#1"},
				"south": {"uv": [0, 4, 2, 6], "texture": "#1"},
				"west": {"uv": [4, 4, 5, 6], "texture": "#1"},
				"up": {"uv": [2, 9, 0, 8], "texture": "#1"},
				"down": {"uv": [10, 0, 8, 1], "texture": "#1"}
			}
		}
	],
	"gui_light": "front",
	"display": {
		"thirdperson_righthand": {
			"translation": [0, 8.25, 6.5]
		},
		"thirdperson_lefthand": {
			"translation": [0, 8.25, 6.5]
		},
		"firstperson_righthand": {
			"translation": [23.25, 14, -11],
			"scale": [4, 4, 4]
		},
		"firstperson_lefthand": {
			"translation": [23.25, 14, -11],
			"scale": [4, 4, 4]
		},
		"ground": {
			"translation": [0, 12, 9.25],
			"scale": [2, 2, 2]
		},
		"gui": {
			"rotation": [0, -135, 0],
			"translation": [-10.75, 20.5, 0],
			"scale": [3, 3, 3]
		},
		"head": {
			"translation": [0, 30.25, 18.75],
			"scale": [3.75, 3.75, 3.75]
		},
		"fixed": {
			"translation": [0.75, 29.25, 17.75],
			"scale": [4, 4, 4]
		}
	}
}