{
	"credit": "Made with Blockbench",
	"texture_size": [8, 8],
	"textures": {
		"0": "item/spore",
		"particle": "item/spore"
	},
	"elements": [
		{
			"from": [5.5, 8, 7.5],
			"to": [8.5, 12.5, 10.5],
			"faces": {
				"north": {"uv": [0, 0, 6, 9], "texture": "#0"},
				"east": {"uv": [0, 0, 6, 9], "texture": "#0"},
				"south": {"uv": [0, 0, 6, 9], "texture": "#0"},
				"west": {"uv": [0, 0, 6, 9], "texture": "#0"},
				"up": {"uv": [0, 0, 6, 6], "texture": "#0"},
				"down": {"uv": [0, 0, 6, 6], "texture": "#0"}
			}
		},
		{
			"from": [9, 8.75, 7.5],
			"to": [9.25, 11.75, 10.5],
			"faces": {
				"north": {"uv": [0, 0, 0.5, 6], "texture": "#0"},
				"east": {"uv": [0, 0, 6, 6], "texture": "#0"},
				"south": {"uv": [0, 0, 0.5, 6], "texture": "#0"},
				"west": {"uv": [0, 0, 6, 6], "texture": "#0"},
				"up": {"uv": [0, 0, 0.5, 6], "texture": "#0"},
				"down": {"uv": [0, 0, 0.5, 6], "texture": "#0"}
			}
		},
		{
			"from": [4.75, 8.75, 7.5],
			"to": [5, 11.75, 10.5],
			"faces": {
				"north": {"uv": [6, 0, 7, 6], "texture": "#0"},
				"east": {"uv": [0, 0, 6, 6], "texture": "#0"},
				"south": {"uv": [6, 6, 7, 12], "texture": "#0"},
				"west": {"uv": [0, 6, 6, 12], "texture": "#0"},
				"up": {"uv": [9, 6, 8, 0], "texture": "#0"},
				"down": {"uv": [9, 6, 8, 12], "texture": "#0"}
			}
		},
		{
			"from": [5.5, 8.75, 6.75],
			"to": [8.5, 11.75, 11.25],
			"faces": {
				"north": {"uv": [0, 0, 6, 6], "texture": "#0"},
				"east": {"uv": [0, 0, 9, 6], "texture": "#0"},
				"south": {"uv": [0, 0, 6, 6], "texture": "#0"},
				"west": {"uv": [0, 0, 9, 6], "texture": "#0"},
				"up": {"uv": [0, 0, 6, 9], "texture": "#0"},
				"down": {"uv": [0, 0, 6, 9], "texture": "#0"}
			}
		},
		{
			"from": [5, 8.25, 7],
			"to": [9, 12.25, 11],
			"faces": {
				"north": {"uv": [0, 0, 8, 8], "texture": "#0"},
				"east": {"uv": [0, 0, 8, 8], "texture": "#0"},
				"south": {"uv": [0, 0, 8, 8], "texture": "#0"},
				"west": {"uv": [0, 0, 8, 8], "texture": "#0"},
				"up": {"uv": [0, 0, 8, 8], "texture": "#0"},
				"down": {"uv": [0, 0, 8, 8], "texture": "#0"}
			}
		}
	],
	"display": {},
	"groups": [
		{
			"name": "group",
			"origin": [0, 0, 0],
			"color": 0,
			"children": [0, 1, 2, 3, 4]
		}
	]
}