{
	"credit": "Made with Blockbench",
	"texture_size": [64, 64],
	"textures": {
		"0": "item/VRheadset",
		"particle": "item/VRheadset"
	},
	"elements": [
		{
			"from": [1, 0, 0],
			"to": [15, 5, 3],
			"faces": {
				"north": {"uv": [3.75, 3, 7.25, 4.25], "texture": "#0"},
				"east": {"uv": [7, 7.5, 7.75, 8.75], "texture": "#0"},
				"south": {"uv": [3.75, 4.25, 7.25, 5.5], "texture": "#0"},
				"west": {"uv": [7.75, 0, 8.5, 1.25], "texture": "#0"},
				"up": {"uv": [7.25, 6.25, 3.75, 5.5], "texture": "#0"},
				"down": {"uv": [7.25, 6.25, 3.75, 7], "texture": "#0"}
			}
		},
		{
			"from": [0.75, 1.5, 2],
			"to": [15.25, 3.5, 15.25],
			"faces": {
				"north": {"uv": [0, 7, 3.625, 7.5], "texture": "#0"},
				"east": {"uv": [0, 7.5, 3.375, 8], "texture": "#0"},
				"south": {"uv": [3.75, 7, 7.375, 7.5], "texture": "#0"},
				"west": {"uv": [3.5, 7.5, 6.875, 8], "texture": "#0"},
				"up": {"uv": [3.625, 3.375, 0, 0], "texture": "#0"},
				"down": {"uv": [3.625, 3.5, 0, 6.875], "texture": "#0"}
			}
		},
		{
			"from": [7, 3.5, 1.25],
			"to": [9, 8.75, 15.25],
			"faces": {
				"north": {"uv": [7.75, 1.25, 8.25, 2.625], "texture": "#0"},
				"east": {"uv": [3.75, 0, 7.25, 1.375], "texture": "#0"},
				"south": {"uv": [7.75, 2.75, 8.25, 4.125], "texture": "#0"},
				"west": {"uv": [3.75, 1.5, 7.25, 2.875], "texture": "#0"},
				"up": {"uv": [7.75, 3.5, 7.25, 0], "texture": "#0"},
				"down": {"uv": [7.75, 3.5, 7.25, 7], "texture": "#0"}
			}
		}
	],
	"display": {
		"thirdperson_righthand": {
			"rotation": [68.5, 0, 0],
			"translation": [0, -2.25, 1.5],
			"scale": [0.69, 0.69, 0.69]
		},
		"thirdperson_lefthand": {
			"rotation": [68.5, 0, 0],
			"translation": [0, -2.25, 1.5],
			"scale": [0.69, 0.69, 0.69]
		},
		"firstperson_righthand": {
			"translation": [1.25, 3.5, 0]
		},
		"firstperson_lefthand": {
			"translation": [1.25, 3.5, 0]
		},
		"gui": {
			"translation": [0, 5.25, 0]
		},
		"head": {
			"translation": [0, 6.25, -0.25]
		},
		"fixed": {
			"rotation": [90, 0, 0],
			"scale": [1.1, 1.1, 1.1]
		}
	},
	"groups": [
		{
			"name": "VRheadset",
			"origin": [8, 8, 8],
			"color": 0,
			"children": [0, 1, 2]
		}
	]
}