{"textures":{"0":"modelengine:entity/flashdrivemob"},"elements":[{"name":"cube","from":[7.4,3.1999998,7.4],"to":[9.2,3.7999997,9.2],"rotation":{"angle":0.0,"axis":"x","origin":[3.1999998,3.1999998,3.1999998]},"faces":{"down":{"uv":[4.5,1.5,3.0,3.0],"rotation":0,"texture":"#0","tintindex":0},"east":{"uv":[6.0,1.0,7.5,1.5],"rotation":0,"texture":"#0","tintindex":0},"north":{"uv":[1.0,6.0,2.5,6.5],"rotation":0,"texture":"#0","tintindex":0},"south":{"uv":[6.0,1.5,7.5,2.0],"rotation":0,"texture":"#0","tintindex":0},"up":{"uv":[4.5,1.5,3.0,0.0],"rotation":0,"texture":"#0","tintindex":0},"west":{"uv":[6.0,2.0,7.5,2.5],"rotation":0,"texture":"#0","tintindex":0}}},{"name":"cube","from":[7.4,3.7999997,7.85],"to":[9.2,4.1,8.75],"rotation":{"angle":0.0,"axis":"x","origin":[3.1999998,3.1999998,3.1999998]},"faces":{"down":{"uv":[3.0,5.0,1.5,5.75],"rotation":0,"texture":"#0","tintindex":0},"east":{"uv":[7.0,7.5,7.75,7.75],"rotation":0,"texture":"#0","tintindex":0},"north":{"uv":[5.5,6.5,7.0,6.75],"rotation":0,"texture":"#0","tintindex":0},"south":{"uv":[6.5,5.5,8.0,5.75],"rotation":0,"texture":"#0","tintindex":0},"up":{"uv":[1.5,5.75,0.0,5.0],"rotation":0,"texture":"#0","tintindex":0},"west":{"uv":[7.5,7.0,8.25,7.25],"rotation":0,"texture":"#0","tintindex":0}}},{"name":"cube","from":[7.4,6.8,7.4],"to":[9.2,6.95,9.2],"rotation":{"angle":0.0,"axis":"x","origin":[3.1999998,3.1999998,3.1999998]},"faces":{"down":{"uv":[6.0,0.0,4.5,1.5],"rotation":0,"texture":"#0","tintindex":0},"east":{"uv":[7.0,0.0,8.5,0.25],"rotation":0,"texture":"#0","tintindex":0},"north":{"uv":[6.5,6.0,8.0,6.25],"rotation":0,"texture":"#0","tintindex":0},"south":{"uv":[7.0,0.5,8.5,0.75],"rotation":0,"texture":"#0","tintindex":0},"up":{"uv":[4.5,4.5,3.0,3.0],"rotation":0,"texture":"#0","tintindex":0},"west":{"uv":[7.0,3.0,8.5,3.25],"rotation":0,"texture":"#0","tintindex":0}}},{"name":"cube","from":[7.55,6.95,7.55],"to":[9.05,7.19,9.05],"rotation":{"angle":0.0,"axis":"x","origin":[3.1999998,3.1999998,3.1999998]},"faces":{"down":{"uv":[4.25,4.5,3.0,5.75],"rotation":0,"texture":"#0","tintindex":0},"east":{"uv":[7.0,4.0,8.25,4.25],"rotation":0,"texture":"#0","tintindex":0},"north":{"uv":[7.0,3.5,8.25,3.75],"rotation":0,"texture":"#0","tintindex":0},"south":{"uv":[7.0,4.5,8.25,4.75],"rotation":0,"texture":"#0","tintindex":0},"up":{"uv":[5.75,2.75,4.5,1.5],"rotation":0,"texture":"#0","tintindex":0},"west":{"uv":[7.0,5.0,8.25,5.25],"rotation":0,"texture":"#0","tintindex":0}}},{"name":"cube","from":[7.7,7.19,7.7],"to":[8.9,7.4300003,8.9],"rotation":{"angle":0.0,"axis":"x","origin":[3.1999998,3.1999998,3.1999998]},"faces":{"down":{"uv":[7.0,0.0,6.0,1.0],"rotation":0,"texture":"#0","tintindex":0},"east":{"uv":[5.5,7.0,6.5,7.25],"rotation":0,"texture":"#0","tintindex":0},"north":{"uv":[4.0,7.0,5.0,7.25],"rotation":0,"texture":"#0","tintindex":0},"south":{"uv":[6.5,7.0,7.5,7.25],"rotation":0,"texture":"#0","tintindex":0},"up":{"uv":[1.0,7.0,0.0,6.0],"rotation":0,"texture":"#0","tintindex":0},"west":{"uv":[7.0,6.5,8.0,6.75],"rotation":0,"texture":"#0","tintindex":0}}},{"name":"cube","from":[7.85,7.4300003,7.85],"to":[8.75,7.58,8.75],"rotation":{"angle":0.0,"axis":"x","origin":[3.1999998,3.1999998,3.1999998]},"faces":{"down":{"uv":[6.75,4.0,6.0,4.75],"rotation":0,"texture":"#0","tintindex":0},"east":{"uv":[8.0,1.5,8.75,1.75],"rotation":0,"texture":"#0","tintindex":0},"north":{"uv":[8.0,1.0,8.75,1.25],"rotation":0,"texture":"#0","tintindex":0},"south":{"uv":[8.0,2.0,8.75,2.25],"rotation":0,"texture":"#0","tintindex":0},"up":{"uv":[4.75,6.75,4.0,6.0],"rotation":0,"texture":"#0","tintindex":0},"west":{"uv":[2.5,8.0,3.25,8.25],"rotation":0,"texture":"#0","tintindex":0}}},{"name":"cube","from":[8.0,7.58,7.7],"to":[8.6,8.09,8.75],"rotation":{"angle":0.0,"axis":"x","origin":[3.1999998,3.1999998,3.1999998]},"faces":{"down":{"uv":[1.5,6.5,1.0,7.5],"rotation":0,"texture":"#0","tintindex":0},"east":{"uv":[5.0,6.0,6.0,6.5],"rotation":0,"texture":"#0","tintindex":0},"north":{"uv":[1.0,7.5,1.5,8.0],"rotation":0,"texture":"#0","tintindex":0},"south":{"uv":[7.5,1.0,8.0,1.5],"rotation":0,"texture":"#0","tintindex":0},"up":{"uv":[6.5,6.5,6.0,5.5],"rotation":0,"texture":"#0","tintindex":0},"west":{"uv":[6.0,5.0,7.0,5.5],"rotation":0,"texture":"#0","tintindex":0}}},{"name":"cube","from":[8.075,8.09,7.34],"to":[8.525,8.54,8.54],"rotation":{"angle":0.0,"axis":"x","origin":[3.1999998,3.1999998,3.1999998]},"faces":{"down":{"uv":[5.5,6.5,5.0,7.5],"rotation":0,"texture":"#0","tintindex":0},"east":{"uv":[1.5,6.5,2.5,7.0],"rotation":0,"texture":"#0","tintindex":0},"north":{"uv":[7.5,1.5,8.0,2.0],"rotation":0,"texture":"#0","tintindex":0},"south":{"uv":[7.5,2.0,8.0,2.5],"rotation":0,"texture":"#0","tintindex":0},"up":{"uv":[7.0,4.0,6.5,3.0],"rotation":0,"texture":"#0","tintindex":0},"west":{"uv":[6.5,2.5,7.5,3.0],"rotation":0,"texture":"#0","tintindex":0}}},{"name":"cube","from":[8.075,8.372,8.042],"to":[8.525,8.972,8.342],"rotation":{"angle":-45.0,"axis":"x","origin":[8.3,8.69,8.24]},"faces":{"down":{"uv":[4.5,8.0,4.0,8.25],"rotation":0,"texture":"#0","tintindex":0},"east":{"uv":[1.0,8.0,1.25,8.5],"rotation":0,"texture":"#0","tintindex":0},"north":{"uv":[2.5,7.5,3.0,8.0],"rotation":0,"texture":"#0","tintindex":0},"south":{"uv":[7.5,2.5,8.0,3.0],"rotation":0,"texture":"#0","tintindex":0},"up":{"uv":[4.0,8.25,3.5,8.0],"rotation":0,"texture":"#0","tintindex":0},"west":{"uv":[8.0,2.5,8.25,3.0],"rotation":0,"texture":"#0","tintindex":0}}},{"name":"cube","from":[8.075,8.672,7.73],"to":[8.525,8.972,8.33],"rotation":{"angle":-45.0,"axis":"x","origin":[8.3,8.69,8.24]},"faces":{"down":{"uv":[4.0,7.5,3.5,8.0],"rotation":0,"texture":"#0","tintindex":0},"east":{"uv":[5.0,8.0,5.5,8.25],"rotation":0,"texture":"#0","tintindex":0},"north":{"uv":[4.5,8.0,5.0,8.25],"rotation":0,"texture":"#0","tintindex":0},"south":{"uv":[5.5,8.0,6.0,8.25],"rotation":0,"texture":"#0","tintindex":0},"up":{"uv":[3.5,8.0,3.0,7.5],"rotation":0,"texture":"#0","tintindex":0},"west":{"uv":[8.0,5.5,8.5,5.75],"rotation":0,"texture":"#0","tintindex":0}}},{"name":"cube","from":[8.075,6.8900003,7.04],"to":[8.525,8.24,7.4],"rotation":{"angle":0.0,"axis":"x","origin":[3.1999998,3.1999998,3.1999998]},"faces":{"down":{"uv":[8.5,6.0,8.0,6.25],"rotation":0,"texture":"#0","tintindex":0},"east":{"uv":[1.5,7.0,1.75,8.25],"rotation":0,"texture":"#0","tintindex":0},"north":{"uv":[3.0,6.0,3.5,7.25],"rotation":0,"texture":"#0","tintindex":0},"south":{"uv":[3.5,6.0,4.0,7.25],"rotation":0,"texture":"#0","tintindex":0},"up":{"uv":[6.5,8.25,6.0,8.0],"rotation":0,"texture":"#0","tintindex":0},"west":{"uv":[2.0,7.0,2.25,8.25],"rotation":0,"texture":"#0","tintindex":0}}},{"name":"cube","from":[8.075,5.09,7.16],"to":[8.525,6.8900003,7.4],"rotation":{"angle":0.0,"axis":"x","origin":[3.1999998,3.1999998,3.1999998]},"faces":{"down":{"uv":[8.5,6.5,8.0,6.75],"rotation":0,"texture":"#0","tintindex":0},"east":{"uv":[0.0,7.0,0.25,8.5],"rotation":0,"texture":"#0","tintindex":0},"north":{"uv":[2.5,6.0,3.0,7.5],"rotation":0,"texture":"#0","tintindex":0},"south":{"uv":[6.0,2.5,6.5,4.0],"rotation":0,"texture":"#0","tintindex":0},"up":{"uv":[7.0,8.25,6.5,8.0],"rotation":0,"texture":"#0","tintindex":0},"west":{"uv":[0.5,7.0,0.75,8.5],"rotation":0,"texture":"#0","tintindex":0}}},{"name":"cube","from":[8.075,4.79,7.22],"to":[8.525,5.09,7.4],"rotation":{"angle":0.0,"axis":"x","origin":[3.1999998,3.1999998,3.1999998]},"faces":{"down":{"uv":[8.5,8.0,8.0,8.25],"rotation":0,"texture":"#0","tintindex":0},"east":{"uv":[8.5,4.5,8.75,4.75],"rotation":0,"texture":"#0","tintindex":0},"north":{"uv":[7.0,8.0,7.5,8.25],"rotation":0,"texture":"#0","tintindex":0},"south":{"uv":[7.5,8.0,8.0,8.25],"rotation":0,"texture":"#0","tintindex":0},"up":{"uv":[8.5,7.75,8.0,7.5],"rotation":0,"texture":"#0","tintindex":0},"west":{"uv":[5.0,8.5,5.25,8.75],"rotation":0,"texture":"#0","tintindex":0}}},{"name":"cube","from":[8.075,4.805,7.0550003],"to":[8.525,5.0449996,7.295],"rotation":{"angle":45.0,"axis":"x","origin":[8.3,4.9249997,7.28]},"faces":{"down":{"uv":[9.0,0.5,8.5,0.75],"rotation":0,"texture":"#0","tintindex":0},"east":{"uv":[8.5,5.0,8.75,5.25],"rotation":0,"texture":"#0","tintindex":0},"north":{"uv":[0.0,8.5,0.5,8.75],"rotation":0,"texture":"#0","tintindex":0},"south":{"uv":[8.5,0.0,9.0,0.25],"rotation":0,"texture":"#0","tintindex":0},"up":{"uv":[1.0,8.75,0.5,8.5],"rotation":0,"texture":"#0","tintindex":0},"west":{"uv":[5.5,8.5,5.75,8.75],"rotation":0,"texture":"#0","tintindex":0}}},{"name":"cube","from":[8.075,8.0,7.1],"to":[8.525,8.45,7.46],"rotation":{"angle":45.0,"axis":"x","origin":[8.3,8.24,7.34]},"faces":{"down":{"uv":[3.0,8.5,2.5,8.75],"rotation":0,"texture":"#0","tintindex":0},"east":{"uv":[1.0,8.5,1.25,9.0],"rotation":0,"texture":"#0","tintindex":0},"north":{"uv":[4.0,7.5,4.5,8.0],"rotation":0,"texture":"#0","tintindex":0},"south":{"uv":[4.5,7.5,5.0,8.0],"rotation":0,"texture":"#0","tintindex":0},"up":{"uv":[2.5,8.75,2.0,8.5],"rotation":0,"texture":"#0","tintindex":0},"west":{"uv":[1.5,8.5,1.75,9.0],"rotation":0,"texture":"#0","tintindex":0}}},{"name":"cube","from":[7.85,7.58,8.075],"to":[8.0,8.09,8.525],"rotation":{"angle":0.0,"axis":"x","origin":[3.1999998,3.1999998,3.1999998]},"faces":{"down":{"uv":[3.75,8.5,3.5,9.0],"rotation":0,"texture":"#0","tintindex":0},"east":{"uv":[5.0,7.5,5.5,8.0],"rotation":0,"texture":"#0","tintindex":0},"north":{"uv":[8.5,2.5,8.75,3.0],"rotation":0,"texture":"#0","tintindex":0},"south":{"uv":[3.0,8.5,3.25,9.0],"rotation":0,"texture":"#0","tintindex":0},"up":{"uv":[8.75,3.5,8.5,3.0],"rotation":0,"texture":"#0","tintindex":0},"west":{"uv":[5.5,7.5,6.0,8.0],"rotation":0,"texture":"#0","tintindex":0}}},{"name":"cube","from":[8.6,7.58,8.075],"to":[8.75,8.09,8.525],"rotation":{"angle":0.0,"axis":"x","origin":[3.1999998,3.1999998,3.1999998]},"faces":{"down":{"uv":[4.75,8.5,4.5,9.0],"rotation":0,"texture":"#0","tintindex":0},"east":{"uv":[6.0,7.5,6.5,8.0],"rotation":0,"texture":"#0","tintindex":0},"north":{"uv":[8.5,3.5,8.75,4.0],"rotation":0,"texture":"#0","tintindex":0},"south":{"uv":[4.0,8.5,4.25,9.0],"rotation":0,"texture":"#0","tintindex":0},"up":{"uv":[8.75,4.5,8.5,4.0],"rotation":0,"texture":"#0","tintindex":0},"west":{"uv":[6.5,7.5,7.0,8.0],"rotation":0,"texture":"#0","tintindex":0}}},{"name":"cube","from":[7.55,3.7999997,7.55],"to":[9.05,6.8,9.05],"rotation":{"angle":0.0,"axis":"x","origin":[3.1999998,3.1999998,3.1999998]},"faces":{"down":{"uv":[5.75,4.5,4.5,5.75],"rotation":0,"texture":"#0","tintindex":0},"east":{"uv":[1.5,0.0,2.75,2.5],"rotation":0,"texture":"#0","tintindex":0},"north":{"uv":[0.0,0.0,1.25,2.5],"rotation":0,"texture":"#0","tintindex":0},"south":{"uv":[0.0,2.5,1.25,5.0],"rotation":0,"texture":"#0","tintindex":0},"up":{"uv":[5.75,4.25,4.5,3.0],"rotation":0,"texture":"#0","tintindex":0},"west":{"uv":[1.5,2.5,2.75,5.0],"rotation":0,"texture":"#0","tintindex":0}}}],"display":{"head":{"translation":[0.0,-6.4,0.0],"rotation":[0.0,0.0,0.0],"scale":[3.8095,3.8095,3.8095]}}}