{"textures":{"0":"modelengine:entity/amongus"},"elements":[{"from":[4.0,21.0,5.0],"to":[12.0,24.0,9.0],"faces":{"east":{"uv":[1.875,6.0,2.375,6.375],"tintindex":0,"rotation":0,"texture":"#0"},"south":{"uv":[5.375,8.5,6.375,8.875],"tintindex":0,"rotation":0,"texture":"#0"},"north":{"uv":[5.375,8.125,6.375,8.5],"tintindex":0,"rotation":0,"texture":"#0"},"west":{"uv":[6.625,8.625,7.125,9.0],"tintindex":0,"rotation":0,"texture":"#0"},"up":{"uv":[9.125,3.5,8.125,3.0],"tintindex":0,"rotation":0,"texture":"#0"},"down":{"uv":[9.125,3.5,8.125,4.0],"tintindex":0,"rotation":0,"texture":"#0"}}},{"from":[-2.0,8.0,1.0],"to":[18.0,18.0,13.0],"faces":{"east":{"uv":[1.875,6.375,3.375,7.625],"tintindex":0,"rotation":0,"texture":"#0"},"south":{"uv":[0.0,4.75,2.5,6.0],"tintindex":0,"rotation":0,"texture":"#0"},"north":{"uv":[4.625,4.5,7.125,5.75],"tintindex":0,"rotation":0,"texture":"#0"},"west":{"uv":[5.5,6.875,7.0,8.125],"tintindex":0,"rotation":0,"texture":"#0"},"up":{"uv":[4.625,4.75,2.125,3.25],"tintindex":0,"rotation":0,"texture":"#0"},"down":{"uv":[7.125,0.0,4.625,1.5],"tintindex":0,"rotation":0,"texture":"#0"}}},{"from":[-0.5,12.0,13.0],"to":[16.5,29.0,17.0],"faces":{"east":{"uv":[2.0,7.625,2.5,9.75],"tintindex":0,"rotation":0,"texture":"#0"},"south":{"uv":[0.0,2.125,2.125,4.25],"tintindex":0,"rotation":0,"texture":"#0"},"north":{"uv":[0.0,0.0,2.125,2.125],"tintindex":0,"rotation":0,"texture":"#0"},"west":{"uv":[2.5,7.625,3.0,9.75],"tintindex":0,"rotation":0,"texture":"#0"},"up":{"uv":[2.125,4.75,0.0,4.25],"tintindex":0,"rotation":0,"texture":"#0"},"down":{"uv":[10.125,7.0,8.0,7.5],"tintindex":0,"rotation":0,"texture":"#0"}}},{"from":[6.0,17.0,5.0],"to":[10.0,21.0,9.0],"faces":{"east":{"uv":[4.0,5.25,4.5,5.75],"tintindex":0,"rotation":0,"texture":"#0"},"south":{"uv":[3.375,6.375,3.875,6.875],"tintindex":0,"rotation":0,"texture":"#0"},"north":{"uv":[4.0,4.75,4.5,5.25],"tintindex":0,"rotation":0,"texture":"#0"},"west":{"uv":[3.375,6.875,3.875,7.375],"tintindex":0,"rotation":0,"texture":"#0"},"up":{"uv":[1.5,7.625,1.0,7.125],"tintindex":0,"rotation":0,"texture":"#0"},"down":{"uv":[7.875,6.125,7.375,6.625],"tintindex":0,"rotation":0,"texture":"#0"}}}],"display":{"gui":{"rotation":[30,225,0]}}}