{"textures":{"0":"modelengine:entity/amongus"},"elements":[{"from":[0.5,30.0,3.0],"to":[15.5,32.0,12.0],"faces":{"east":{"uv":[8.125,5.0,9.25,5.25],"tintindex":0,"rotation":0,"texture":"#0"},"south":{"uv":[8.125,4.25,10.0,4.5],"tintindex":0,"rotation":0,"texture":"#0"},"north":{"uv":[8.125,4.0,10.0,4.25],"tintindex":0,"rotation":0,"texture":"#0"},"west":{"uv":[8.0,8.5,9.125,8.75],"tintindex":0,"rotation":0,"texture":"#0"},"up":{"uv":[7.375,6.875,5.5,5.75],"tintindex":0,"rotation":0,"texture":"#0"},"down":{"uv":[1.875,6.0,0.0,7.125],"tintindex":0,"rotation":0,"texture":"#0"}}},{"from":[-2.0,18.0,1.0],"to":[18.0,31.0,13.0],"faces":{"east":{"uv":[2.5,4.75,4.0,6.375],"tintindex":0,"rotation":0,"texture":"#0"},"south":{"uv":[2.125,1.625,4.625,3.25],"tintindex":0,"rotation":0,"texture":"#0"},"north":{"uv":[2.125,0.0,4.625,1.625],"tintindex":0,"rotation":0,"texture":"#0"},"west":{"uv":[4.0,5.75,5.5,7.375],"tintindex":0,"rotation":0,"texture":"#0"},"up":{"uv":[7.125,3.0,4.625,1.5],"tintindex":0,"rotation":0,"texture":"#0"},"down":{"uv":[7.125,3.0,4.625,4.5],"tintindex":0,"rotation":0,"texture":"#0"}}},{"from":[0.5,22.0,0.0],"to":[15.5,29.0,2.0],"faces":{"east":{"uv":[3.0,7.625,3.25,8.5],"tintindex":0,"rotation":0,"texture":"#0"},"south":{"uv":[8.0,6.125,9.875,7.0],"tintindex":0,"rotation":0,"texture":"#0"},"north":{"uv":[7.375,5.25,9.25,6.125],"tintindex":0,"rotation":0,"texture":"#0"},"west":{"uv":[6.375,8.125,6.625,9.0],"tintindex":0,"rotation":0,"texture":"#0"},"up":{"uv":[10.0,4.75,8.125,4.5],"tintindex":0,"rotation":0,"texture":"#0"},"down":{"uv":[10.0,4.75,8.125,5.0],"tintindex":0,"rotation":0,"texture":"#0"}}}],"display":{"gui":{"rotation":[30,225,0]}}}