{"textures":{"0":"modelengine:entity/amongus"},"elements":[{"from":[7.9997997,-2.0,4.0],"to":[15.9998,12.0,12.0],"faces":{"east":{"uv":[3.375,7.375,4.375,9.125],"tintindex":0,"rotation":0,"texture":"#0"},"south":{"uv":[4.375,7.375,5.375,9.125],"tintindex":0,"rotation":0,"texture":"#0"},"north":{"uv":[7.125,3.5,8.125,5.25],"tintindex":0,"rotation":0,"texture":"#0"},"west":{"uv":[1.0,7.625,2.0,9.375],"tintindex":0,"rotation":0,"texture":"#0"},"up":{"uv":[9.125,2.0,8.125,1.0],"tintindex":0,"rotation":0,"texture":"#0"},"down":{"uv":[9.125,2.0,8.125,3.0],"tintindex":0,"rotation":0,"texture":"#0"}}}],"display":{"gui":{"rotation":[30,225,0]}}}