{"textures":{"0":"modelengine:entity/amongus"},"elements":[{"from":[8.005,-2.0,4.0],"to":[0.0050001144,12.0,12.0],"faces":{"east":{"uv":[0.0,7.125,1.0,8.875],"tintindex":0,"rotation":0,"texture":"#0"},"south":{"uv":[7.125,0.0,8.125,1.75],"tintindex":0,"rotation":0,"texture":"#0"},"north":{"uv":[7.0,6.875,8.0,8.625],"tintindex":0,"rotation":0,"texture":"#0"},"west":{"uv":[7.125,1.75,8.125,3.5],"tintindex":0,"rotation":0,"texture":"#0"},"up":{"uv":[9.0,8.5,8.0,7.5],"tintindex":0,"rotation":0,"texture":"#0"},"down":{"uv":[9.125,0.0,8.125,1.0],"tintindex":0,"rotation":0,"texture":"#0"}}}],"display":{"gui":{"rotation":[30,225,0]}}}