{"textures":{"0":"modelengine:entity/gunsword"},"elements":[{"name":"cube","from":[6.8,3.1999998,8.6],"to":[8.0,6.8,9.8],"rotation":{"angle":0.0,"axis":"x","origin":[3.1999998,3.1999998,3.1999998]},"faces":{"down":{"uv":[1.0,9.25,0.5,9.75],"rotation":0,"texture":"#0","tintindex":0},"east":{"uv":[8.25,1.75,8.75,3.25],"rotation":0,"texture":"#0","tintindex":0},"north":{"uv":[1.5,8.25,2.0,9.75],"rotation":0,"texture":"#0","tintindex":0},"south":{"uv":[2.0,8.25,2.5,9.75],"rotation":0,"texture":"#0","tintindex":0},"up":{"uv":[3.0,7.75,2.5,7.25],"rotation":0,"texture":"#0","tintindex":0},"west":{"uv":[2.5,8.25,3.0,9.75],"rotation":0,"texture":"#0","tintindex":0}}},{"name":"cube","from":[6.2,6.2,5.0],"to":[8.6,6.8,13.400001],"rotation":{"angle":0.0,"axis":"x","origin":[3.1999998,3.1999998,3.1999998]},"faces":{"down":{"uv":[4.0,3.5,3.0,7.0],"rotation":0,"texture":"#0","tintindex":0},"east":{"uv":[6.0,7.75,9.5,8.0],"rotation":0,"texture":"#0","tintindex":0},"north":{"uv":[6.0,7.5,7.0,7.75],"rotation":0,"texture":"#0","tintindex":0},"south":{"uv":[1.0,7.75,2.0,8.0],"rotation":0,"texture":"#0","tintindex":0},"up":{"uv":[4.0,3.5,3.0,0.0],"rotation":0,"texture":"#0","tintindex":0},"west":{"uv":[1.0,8.0,4.5,8.25],"rotation":0,"texture":"#0","tintindex":0}}},{"name":"cube","from":[6.8,6.8,7.4],"to":[8.0,17.0,11.0],"rotation":{"angle":0.0,"axis":"x","origin":[3.1999998,3.1999998,3.1999998]},"faces":{"down":{"uv":[8.75,3.25,8.25,4.75],"rotation":0,"texture":"#0","tintindex":0},"east":{"uv":[0.0,0.0,1.5,4.25],"rotation":0,"texture":"#0","tintindex":0},"north":{"uv":[4.0,0.0,4.5,4.25],"rotation":0,"texture":"#0","tintindex":0},"south":{"uv":[0.0,4.25,0.5,8.5],"rotation":0,"texture":"#0","tintindex":0},"up":{"uv":[3.5,9.75,3.0,8.25],"rotation":0,"texture":"#0","tintindex":0},"west":{"uv":[1.5,0.0,3.0,4.25],"rotation":0,"texture":"#0","tintindex":0}}},{"name":"cube","from":[6.8,6.8,6.2],"to":[8.0,12.2,6.7939997],"rotation":{"angle":0.0,"axis":"x","origin":[3.1999998,3.1999998,3.1999998]},"faces":{"down":{"uv":[6.5,3.0,6.0,3.25],"rotation":0,"texture":"#0","tintindex":0},"east":{"uv":[4.5,7.75,4.75,10.75],"rotation":0,"texture":"#0","tintindex":0},"north":{"uv":[2.5,4.25,3.0,7.25],"rotation":0,"texture":"#0","tintindex":0},"south":{"uv":[5.0,4.5,5.5,7.5],"rotation":0,"texture":"#0","tintindex":0},"up":{"uv":[6.0,2.0,5.5,1.75],"rotation":0,"texture":"#0","tintindex":0},"west":{"uv":[3.5,8.25,3.75,11.25],"rotation":0,"texture":"#0","tintindex":0}}},{"name":"cube","from":[6.2,6.8,5.6],"to":[8.6,9.2,6.8],"rotation":{"angle":0.0,"axis":"x","origin":[3.1999998,3.1999998,3.1999998]},"faces":{"down":{"uv":[9.75,2.5,8.75,3.0],"rotation":0,"texture":"#0","tintindex":0},"east":{"uv":[4.5,3.25,5.0,4.25],"rotation":0,"texture":"#0","tintindex":0},"north":{"uv":[3.0,7.0,4.0,8.0],"rotation":0,"texture":"#0","tintindex":0},"south":{"uv":[7.25,0.0,8.25,1.0],"rotation":0,"texture":"#0","tintindex":0},"up":{"uv":[9.5,7.75,8.5,7.25],"rotation":0,"texture":"#0","tintindex":0},"west":{"uv":[8.75,1.5,9.25,2.5],"rotation":0,"texture":"#0","tintindex":0}}},{"name":"cube","from":[6.8,6.8,5.0],"to":[8.0,11.0,6.2],"rotation":{"angle":0.0,"axis":"x","origin":[3.1999998,3.1999998,3.1999998]},"faces":{"down":{"uv":[9.75,5.75,9.25,6.25],"rotation":0,"texture":"#0","tintindex":0},"east":{"uv":[6.0,8.0,6.5,9.75],"rotation":0,"texture":"#0","tintindex":0},"north":{"uv":[5.5,0.0,6.0,1.75],"rotation":0,"texture":"#0","tintindex":0},"south":{"uv":[6.5,8.0,7.0,9.75],"rotation":0,"texture":"#0","tintindex":0},"up":{"uv":[9.75,5.75,9.25,5.25],"rotation":0,"texture":"#0","tintindex":0},"west":{"uv":[7.0,8.0,7.5,9.75],"rotation":0,"texture":"#0","tintindex":0}}},{"name":"cube","from":[6.2,6.8,11.6],"to":[8.6,9.2,12.8],"rotation":{"angle":0.0,"axis":"x","origin":[3.1999998,3.1999998,3.1999998]},"faces":{"down":{"uv":[9.5,8.75,8.5,9.25],"rotation":0,"texture":"#0","tintindex":0},"east":{"uv":[8.75,3.0,9.25,4.0],"rotation":0,"texture":"#0","tintindex":0},"north":{"uv":[7.25,1.0,8.25,2.0],"rotation":0,"texture":"#0","tintindex":0},"south":{"uv":[7.25,2.0,8.25,3.0],"rotation":0,"texture":"#0","tintindex":0},"up":{"uv":[9.75,4.5,8.75,4.0],"rotation":0,"texture":"#0","tintindex":0},"west":{"uv":[8.75,5.25,9.25,6.25],"rotation":0,"texture":"#0","tintindex":0}}},{"name":"cube","from":[6.8,6.8,11.606],"to":[8.0,12.2,12.206],"rotation":{"angle":0.0,"axis":"x","origin":[3.1999998,3.1999998,3.1999998]},"faces":{"down":{"uv":[9.25,6.25,8.75,6.5],"rotation":0,"texture":"#0","tintindex":0},"east":{"uv":[3.75,8.25,4.0,11.25],"rotation":0,"texture":"#0","tintindex":0},"north":{"uv":[5.5,4.5,6.0,7.5],"rotation":0,"texture":"#0","tintindex":0},"south":{"uv":[6.0,0.0,6.5,3.0],"rotation":0,"texture":"#0","tintindex":0},"up":{"uv":[4.5,8.0,4.0,7.75],"rotation":0,"texture":"#0","tintindex":0},"west":{"uv":[4.0,8.25,4.25,11.25],"rotation":0,"texture":"#0","tintindex":0}}},{"name":"cube","from":[6.8,6.8,12.2],"to":[8.0,11.0,13.400001],"rotation":{"angle":0.0,"axis":"x","origin":[3.1999998,3.1999998,3.1999998]},"faces":{"down":{"uv":[9.75,6.75,9.25,7.25],"rotation":0,"texture":"#0","tintindex":0},"east":{"uv":[8.0,8.0,8.5,9.75],"rotation":0,"texture":"#0","tintindex":0},"north":{"uv":[7.5,8.0,8.0,9.75],"rotation":0,"texture":"#0","tintindex":0},"south":{"uv":[8.25,0.0,8.75,1.75],"rotation":0,"texture":"#0","tintindex":0},"up":{"uv":[9.75,6.75,9.25,6.25],"rotation":0,"texture":"#0","tintindex":0},"west":{"uv":[1.0,8.25,1.5,10.0],"rotation":0,"texture":"#0","tintindex":0}}},{"name":"cube","from":[6.8,5.6,5.6],"to":[8.0,6.2,12.8],"rotation":{"angle":0.0,"axis":"x","origin":[3.1999998,3.1999998,3.1999998]},"faces":{"down":{"uv":[1.0,6.25,0.5,9.25],"rotation":0,"texture":"#0","tintindex":0},"east":{"uv":[8.25,4.75,11.25,5.0],"rotation":0,"texture":"#0","tintindex":0},"north":{"uv":[8.75,9.25,9.25,9.5],"rotation":0,"texture":"#0","tintindex":0},"south":{"uv":[9.25,9.25,9.75,9.5],"rotation":0,"texture":"#0","tintindex":0},"up":{"uv":[6.5,7.5,6.0,4.5],"rotation":0,"texture":"#0","tintindex":0},"west":{"uv":[8.25,5.0,11.25,5.25],"rotation":0,"texture":"#0","tintindex":0}}},{"name":"cube","from":[6.2,5.0,8.0],"to":[8.6,6.2,10.4],"rotation":{"angle":0.0,"axis":"x","origin":[3.1999998,3.1999998,3.1999998]},"faces":{"down":{"uv":[8.25,4.0,7.25,5.0],"rotation":0,"texture":"#0","tintindex":0},"east":{"uv":[9.25,2.0,10.25,2.5],"rotation":0,"texture":"#0","tintindex":0},"north":{"uv":[9.25,1.5,10.25,2.0],"rotation":0,"texture":"#0","tintindex":0},"south":{"uv":[9.25,3.0,10.25,3.5],"rotation":0,"texture":"#0","tintindex":0},"up":{"uv":[8.25,4.0,7.25,3.0],"rotation":0,"texture":"#0","tintindex":0},"west":{"uv":[9.25,3.5,10.25,4.0],"rotation":0,"texture":"#0","tintindex":0}}},{"name":"cube","from":[6.95,17.0,7.4],"to":[7.85,20.0,11.0],"rotation":{"angle":0.0,"axis":"x","origin":[3.1999998,3.1999998,3.1999998]},"faces":{"down":{"uv":[5.75,8.25,5.25,9.75],"rotation":0,"texture":"#0","tintindex":0},"east":{"uv":[4.5,2.0,6.0,3.25],"rotation":0,"texture":"#0","tintindex":0},"north":{"uv":[8.25,5.25,8.75,6.5],"rotation":0,"texture":"#0","tintindex":0},"south":{"uv":[0.0,8.5,0.5,9.75],"rotation":0,"texture":"#0","tintindex":0},"up":{"uv":[5.25,9.75,4.75,8.25],"rotation":0,"texture":"#0","tintindex":0},"west":{"uv":[5.0,3.25,6.5,4.5],"rotation":0,"texture":"#0","tintindex":0}}},{"name":"cube","from":[7.1,20.0,7.7],"to":[7.7,22.400002,10.700001],"rotation":{"angle":0.0,"axis":"x","origin":[3.1999998,3.1999998,3.1999998]},"faces":{"down":{"uv":[4.5,8.25,4.25,9.5],"rotation":0,"texture":"#0","tintindex":0},"east":{"uv":[7.25,7.0,8.5,7.75],"rotation":0,"texture":"#0","tintindex":0},"north":{"uv":[9.25,8.0,9.5,8.75],"rotation":0,"texture":"#0","tintindex":0},"south":{"uv":[8.5,9.25,8.75,10.0],"rotation":0,"texture":"#0","tintindex":0},"up":{"uv":[5.0,7.5,4.75,6.25],"rotation":0,"texture":"#0","tintindex":0},"west":{"uv":[4.75,7.5,6.0,8.25],"rotation":0,"texture":"#0","tintindex":0}}},{"name":"cube","from":[6.5,6.8,6.8],"to":[8.3,10.4,8.6],"rotation":{"angle":0.0,"axis":"x","origin":[3.1999998,3.1999998,3.1999998]},"faces":{"down":{"uv":[9.25,8.0,8.5,8.75],"rotation":0,"texture":"#0","tintindex":0},"east":{"uv":[1.75,6.25,2.5,7.75],"rotation":0,"texture":"#0","tintindex":0},"north":{"uv":[1.0,6.25,1.75,7.75],"rotation":0,"texture":"#0","tintindex":0},"south":{"uv":[4.0,6.25,4.75,7.75],"rotation":0,"texture":"#0","tintindex":0},"up":{"uv":[9.25,7.25,8.5,6.5],"rotation":0,"texture":"#0","tintindex":0},"west":{"uv":[6.5,0.0,7.25,1.5],"rotation":0,"texture":"#0","tintindex":0}}},{"name":"cube","from":[6.5,6.8,9.8],"to":[8.3,10.4,11.6],"rotation":{"angle":0.0,"axis":"x","origin":[3.1999998,3.1999998,3.1999998]},"faces":{"down":{"uv":[9.5,0.75,8.75,1.5],"rotation":0,"texture":"#0","tintindex":0},"east":{"uv":[6.5,3.0,7.25,4.5],"rotation":0,"texture":"#0","tintindex":0},"north":{"uv":[6.5,1.5,7.25,3.0],"rotation":0,"texture":"#0","tintindex":0},"south":{"uv":[6.5,4.5,7.25,6.0],"rotation":0,"texture":"#0","tintindex":0},"up":{"uv":[9.5,0.75,8.75,0.0],"rotation":0,"texture":"#0","tintindex":0},"west":{"uv":[6.5,6.0,7.25,7.5],"rotation":0,"texture":"#0","tintindex":0}}},{"name":"cube","from":[6.2,7.4,8.0],"to":[8.6,12.2,10.4],"rotation":{"angle":0.0,"axis":"x","origin":[3.1999998,3.1999998,3.1999998]},"faces":{"down":{"uv":[8.25,6.0,7.25,7.0],"rotation":0,"texture":"#0","tintindex":0},"east":{"uv":[1.5,4.25,2.5,6.25],"rotation":0,"texture":"#0","tintindex":0},"north":{"uv":[0.5,4.25,1.5,6.25],"rotation":0,"texture":"#0","tintindex":0},"south":{"uv":[4.0,4.25,5.0,6.25],"rotation":0,"texture":"#0","tintindex":0},"up":{"uv":[8.25,6.0,7.25,5.0],"rotation":0,"texture":"#0","tintindex":0},"west":{"uv":[4.5,0.0,5.5,2.0],"rotation":0,"texture":"#0","tintindex":0}}}],"display":{"head":{"translation":[0.0,-6.4,0.0],"rotation":[0.0,0.0,0.0],"scale":[3.8095,3.8095,3.8095]}}}