{"textures":{"1":"modelengine:entity/azereth"},"elements":[{"from":[5.0,8.666666,7.75],"to":[11.0,10.666666,8.25],"faces":{"east":{"uv":[11.375,8.75,11.5,9.0],"tintindex":0,"rotation":0,"texture":"#1"},"south":{"uv":[11.125,1.125,11.875,1.375],"tintindex":0,"rotation":0,"texture":"#1"},"north":{"uv":[0.625,11.125,1.375,11.375],"tintindex":0,"rotation":0,"texture":"#1"},"west":{"uv":[11.375,9.0,11.5,9.25],"tintindex":0,"rotation":0,"texture":"#1"},"up":{"uv":[11.875,3.625,11.125,3.5],"tintindex":0,"rotation":0,"texture":"#1"},"down":{"uv":[11.875,3.625,11.125,3.75],"tintindex":0,"rotation":0,"texture":"#1"}}},{"from":[6.25,6.166666,7.75],"to":[9.75,6.916666,8.25],"faces":{"east":{"uv":[9.375,10.875,9.5,11.0],"tintindex":0,"rotation":0,"texture":"#1"},"south":{"uv":[6.875,4.625,7.375,4.75],"tintindex":0,"rotation":0,"texture":"#1"},"north":{"uv":[1.75,6.875,2.25,7.0],"tintindex":0,"rotation":0,"texture":"#1"},"west":{"uv":[0.625,11.0,0.75,11.125],"tintindex":0,"rotation":0,"texture":"#1"},"up":{"uv":[9.5,6.875,9.0,6.75],"tintindex":0,"rotation":0,"texture":"#1"},"down":{"uv":[10.375,10.5,9.875,10.625],"tintindex":0,"rotation":0,"texture":"#1"}}},{"from":[5.5,6.916666,7.75],"to":[10.5,8.666666,8.25],"faces":{"east":{"uv":[11.375,10.75,11.5,11.0],"tintindex":0,"rotation":0,"texture":"#1"},"south":{"uv":[11.125,2.375,11.75,2.625],"tintindex":0,"rotation":0,"texture":"#1"},"north":{"uv":[11.125,1.5,11.75,1.75],"tintindex":0,"rotation":0,"texture":"#1"},"west":{"uv":[11.375,11.0,11.5,11.25],"tintindex":0,"rotation":0,"texture":"#1"},"up":{"uv":[11.875,2.0,11.25,1.875],"tintindex":0,"rotation":0,"texture":"#1"},"down":{"uv":[11.875,2.0,11.25,2.125],"tintindex":0,"rotation":0,"texture":"#1"}}}],"display":{"gui":{"rotation":[30,225,0]}}}