{"textures":{"1":"modelengine:entity/azereth"},"elements":[{"from":[9.333333,23.916668,8.916667],"to":[9.416667,24.5,9.25],"faces":{"east":{"uv":[9.125,11.25,9.25,11.5],"tintindex":0,"rotation":0,"texture":"#1"},"south":{"uv":[9.25,11.25,9.375,11.5],"tintindex":0,"rotation":0,"texture":"#1"},"north":{"uv":[11.25,9.0,11.375,9.25],"tintindex":0,"rotation":0,"texture":"#1"},"west":{"uv":[9.375,11.25,9.5,11.5],"tintindex":0,"rotation":0,"texture":"#1"},"up":{"uv":[10.75,4.125,10.625,4.0],"tintindex":0,"rotation":0,"texture":"#1"},"down":{"uv":[10.0,10.625,9.875,10.75],"tintindex":0,"rotation":0,"texture":"#1"}}},{"from":[6.75,23.916668,6.583333],"to":[7.0833335,24.5,6.6666665],"faces":{"east":{"uv":[6.125,10.625,6.25,10.875],"tintindex":0,"rotation":0,"texture":"#1"},"south":{"uv":[6.25,10.625,6.375,10.875],"tintindex":0,"rotation":0,"texture":"#1"},"north":{"uv":[10.5,6.125,10.625,6.375],"tintindex":0,"rotation":0,"texture":"#1"},"west":{"uv":[6.375,10.625,6.5,10.875],"tintindex":0,"rotation":0,"texture":"#1"},"up":{"uv":[9.125,10.375,9.0,10.25],"tintindex":0,"rotation":0,"texture":"#1"},"down":{"uv":[9.25,10.25,9.125,10.375],"tintindex":0,"rotation":0,"texture":"#1"}}},{"from":[6.583333,23.916668,7.8333335],"to":[6.6666665,24.5,8.166667],"faces":{"east":{"uv":[9.625,11.25,9.75,11.5],"tintindex":0,"rotation":0,"texture":"#1"},"south":{"uv":[9.75,11.25,9.875,11.5],"tintindex":0,"rotation":0,"texture":"#1"},"north":{"uv":[9.5,11.25,9.625,11.5],"tintindex":0,"rotation":0,"texture":"#1"},"west":{"uv":[11.25,10.75,11.375,11.0],"tintindex":0,"rotation":0,"texture":"#1"},"up":{"uv":[10.125,10.75,10.0,10.625],"tintindex":0,"rotation":0,"texture":"#1"},"down":{"uv":[10.25,10.625,10.125,10.75],"tintindex":0,"rotation":0,"texture":"#1"}}},{"from":[6.583333,23.916668,6.75],"to":[6.6666665,24.5,7.0833335],"faces":{"east":{"uv":[8.0,11.25,8.125,11.5],"tintindex":0,"rotation":0,"texture":"#1"},"south":{"uv":[8.125,11.25,8.25,11.5],"tintindex":0,"rotation":0,"texture":"#1"},"north":{"uv":[7.875,11.25,8.0,11.5],"tintindex":0,"rotation":0,"texture":"#1"},"west":{"uv":[8.25,11.25,8.375,11.5],"tintindex":0,"rotation":0,"texture":"#1"},"up":{"uv":[10.5,8.625,10.375,8.5],"tintindex":0,"rotation":0,"texture":"#1"},"down":{"uv":[2.125,10.5,2.0,10.625],"tintindex":0,"rotation":0,"texture":"#1"}}},{"from":[6.583333,23.333334,6.583333],"to":[9.416667,23.916668,9.416667],"faces":{"east":{"uv":[10.0,2.375,11.125,2.625],"tintindex":0,"rotation":0,"texture":"#1"},"south":{"uv":[10.0,2.625,11.125,2.875],"tintindex":0,"rotation":0,"texture":"#1"},"north":{"uv":[9.75,4.125,10.875,4.375],"tintindex":0,"rotation":0,"texture":"#1"},"west":{"uv":[10.125,7.625,11.25,7.875],"tintindex":0,"rotation":0,"texture":"#1"},"up":{"uv":[1.125,5.625,0.0,4.5],"tintindex":0,"rotation":0,"texture":"#1"},"down":{"uv":[2.25,4.5,1.125,5.625],"tintindex":0,"rotation":0,"texture":"#1"}}},{"from":[8.916667,23.916668,9.333333],"to":[9.25,24.5,9.416667],"faces":{"east":{"uv":[0.875,11.375,1.0,11.625],"tintindex":0,"rotation":0,"texture":"#1"},"south":{"uv":[1.0,11.375,1.125,11.625],"tintindex":0,"rotation":0,"texture":"#1"},"north":{"uv":[0.75,11.375,0.875,11.625],"tintindex":0,"rotation":0,"texture":"#1"},"west":{"uv":[1.125,11.375,1.25,11.625],"tintindex":0,"rotation":0,"texture":"#1"},"up":{"uv":[4.625,11.0,4.5,10.875],"tintindex":0,"rotation":0,"texture":"#1"},"down":{"uv":[4.75,10.875,4.625,11.0],"tintindex":0,"rotation":0,"texture":"#1"}}},{"from":[9.333333,23.916668,7.8333335],"to":[9.416667,24.5,8.166667],"faces":{"east":{"uv":[11.25,11.25,11.375,11.5],"tintindex":0,"rotation":0,"texture":"#1"},"south":{"uv":[0.0,11.375,0.125,11.625],"tintindex":0,"rotation":0,"texture":"#1"},"north":{"uv":[11.25,11.0,11.375,11.25],"tintindex":0,"rotation":0,"texture":"#1"},"west":{"uv":[0.125,11.375,0.25,11.625],"tintindex":0,"rotation":0,"texture":"#1"},"up":{"uv":[10.375,10.75,10.25,10.625],"tintindex":0,"rotation":0,"texture":"#1"},"down":{"uv":[10.875,4.0,10.75,4.125],"tintindex":0,"rotation":0,"texture":"#1"}}},{"from":[8.916667,23.916668,6.583333],"to":[9.25,24.5,6.6666665],"faces":{"east":{"uv":[0.375,11.375,0.5,11.625],"tintindex":0,"rotation":0,"texture":"#1"},"south":{"uv":[0.5,11.375,0.625,11.625],"tintindex":0,"rotation":0,"texture":"#1"},"north":{"uv":[0.25,11.375,0.375,11.625],"tintindex":0,"rotation":0,"texture":"#1"},"west":{"uv":[0.625,11.375,0.75,11.625],"tintindex":0,"rotation":0,"texture":"#1"},"up":{"uv":[4.375,11.0,4.25,10.875],"tintindex":0,"rotation":0,"texture":"#1"},"down":{"uv":[4.5,10.875,4.375,11.0],"tintindex":0,"rotation":0,"texture":"#1"}}},{"from":[7.8333335,24.5,6.583333],"to":[8.166667,25.083334,6.6666665],"faces":{"east":{"uv":[11.375,6.125,11.5,6.375],"tintindex":0,"rotation":0,"texture":"#1"},"south":{"uv":[11.375,6.375,11.5,6.625],"tintindex":0,"rotation":0,"texture":"#1"},"north":{"uv":[1.25,11.375,1.375,11.625],"tintindex":0,"rotation":0,"texture":"#1"},"west":{"uv":[11.375,6.625,11.5,6.875],"tintindex":0,"rotation":0,"texture":"#1"},"up":{"uv":[9.25,11.0,9.125,10.875],"tintindex":0,"rotation":0,"texture":"#1"},"down":{"uv":[9.375,10.875,9.25,11.0],"tintindex":0,"rotation":0,"texture":"#1"}}},{"from":[9.333333,23.916668,6.75],"to":[9.416667,24.5,7.0833335],"faces":{"east":{"uv":[8.5,11.25,8.625,11.5],"tintindex":0,"rotation":0,"texture":"#1"},"south":{"uv":[11.25,8.5,11.375,8.75],"tintindex":0,"rotation":0,"texture":"#1"},"north":{"uv":[8.375,11.25,8.5,11.5],"tintindex":0,"rotation":0,"texture":"#1"},"west":{"uv":[8.625,11.25,8.75,11.5],"tintindex":0,"rotation":0,"texture":"#1"},"up":{"uv":[2.25,10.625,2.125,10.5],"tintindex":0,"rotation":0,"texture":"#1"},"down":{"uv":[2.375,10.5,2.25,10.625],"tintindex":0,"rotation":0,"texture":"#1"}}},{"from":[6.583333,23.916668,8.916667],"to":[6.6666665,24.5,9.25],"faces":{"east":{"uv":[11.25,8.75,11.375,9.0],"tintindex":0,"rotation":0,"texture":"#1"},"south":{"uv":[8.875,11.25,9.0,11.5],"tintindex":0,"rotation":0,"texture":"#1"},"north":{"uv":[8.75,11.25,8.875,11.5],"tintindex":0,"rotation":0,"texture":"#1"},"west":{"uv":[9.0,11.25,9.125,11.5],"tintindex":0,"rotation":0,"texture":"#1"},"up":{"uv":[10.625,4.125,10.5,4.0],"tintindex":0,"rotation":0,"texture":"#1"},"down":{"uv":[4.875,10.5,4.75,10.625],"tintindex":0,"rotation":0,"texture":"#1"}}},{"from":[7.8333335,23.916668,9.333333],"to":[8.166667,24.5,9.416667],"faces":{"east":{"uv":[11.25,7.5,11.375,7.75],"tintindex":0,"rotation":0,"texture":"#1"},"south":{"uv":[7.625,11.25,7.75,11.5],"tintindex":0,"rotation":0,"texture":"#1"},"north":{"uv":[7.5,11.25,7.625,11.5],"tintindex":0,"rotation":0,"texture":"#1"},"west":{"uv":[7.75,11.25,7.875,11.5],"tintindex":0,"rotation":0,"texture":"#1"},"up":{"uv":[7.625,10.5,7.5,10.375],"tintindex":0,"rotation":0,"texture":"#1"},"down":{"uv":[7.75,10.375,7.625,10.5],"tintindex":0,"rotation":0,"texture":"#1"}}},{"from":[7.75,23.916668,6.583333],"to":[8.25,24.5,6.6666665],"faces":{"east":{"uv":[9.375,7.625,9.5,7.875],"tintindex":0,"rotation":0,"texture":"#1"},"south":{"uv":[5.875,8.875,6.125,9.125],"tintindex":0,"rotation":0,"texture":"#1"},"north":{"uv":[3.5,8.75,3.75,9.0],"tintindex":0,"rotation":0,"texture":"#1"},"west":{"uv":[10.375,6.125,10.5,6.375],"tintindex":0,"rotation":0,"texture":"#1"},"up":{"uv":[7.625,6.0,7.375,5.875],"tintindex":0,"rotation":0,"texture":"#1"},"down":{"uv":[3.0,7.5,2.75,7.625],"tintindex":0,"rotation":0,"texture":"#1"}}},{"from":[6.75,23.916668,9.333333],"to":[7.0833335,24.5,9.416667],"faces":{"east":{"uv":[7.25,11.25,7.375,11.5],"tintindex":0,"rotation":0,"texture":"#1"},"south":{"uv":[11.25,7.25,11.375,7.5],"tintindex":0,"rotation":0,"texture":"#1"},"north":{"uv":[7.125,11.25,7.25,11.5],"tintindex":0,"rotation":0,"texture":"#1"},"west":{"uv":[7.375,11.25,7.5,11.5],"tintindex":0,"rotation":0,"texture":"#1"},"up":{"uv":[4.25,10.5,4.125,10.375],"tintindex":0,"rotation":0,"texture":"#1"},"down":{"uv":[5.5,10.375,5.375,10.5],"tintindex":0,"rotation":0,"texture":"#1"}}}],"display":{"gui":{"rotation":[30,225,0]}}}