{"textures":{"1":"modelengine:entity/azereth"},"elements":[{"from":[7.75,6.5,5.5],"to":[8.25,9.5,10.5],"faces":{"east":{"uv":[1.375,10.5,2.0,10.875],"tintindex":0,"rotation":0,"texture":"#1"},"south":{"uv":[9.0,0.25,9.125,0.625],"tintindex":0,"rotation":0,"texture":"#1"},"north":{"uv":[3.75,8.75,3.875,9.125],"tintindex":0,"rotation":0,"texture":"#1"},"west":{"uv":[10.5,1.5,11.125,1.875],"tintindex":0,"rotation":0,"texture":"#1"},"up":{"uv":[10.625,11.75,10.5,11.125],"tintindex":0,"rotation":0,"texture":"#1"},"down":{"uv":[10.75,11.125,10.625,11.75],"tintindex":0,"rotation":0,"texture":"#1"}}}],"display":{"gui":{"rotation":[30,225,0]}}}