{"textures":{"1":"modelengine:entity/azereth"},"elements":[{"from":[7.75,6.5,5.5],"to":[8.25,9.5,10.5],"faces":{"east":{"uv":[5.375,10.5,6.0,10.875],"tintindex":0,"rotation":0,"texture":"#1"},"south":{"uv":[9.0,9.875,9.125,10.25],"tintindex":0,"rotation":0,"texture":"#1"},"north":{"uv":[9.875,1.875,10.0,2.25],"tintindex":0,"rotation":0,"texture":"#1"},"west":{"uv":[7.5,10.5,8.125,10.875],"tintindex":0,"rotation":0,"texture":"#1"},"up":{"uv":[1.5,11.875,1.375,11.25],"tintindex":0,"rotation":0,"texture":"#1"},"down":{"uv":[1.625,11.25,1.5,11.875],"tintindex":0,"rotation":0,"texture":"#1"}}}],"display":{"gui":{"rotation":[30,225,0]}}}