{"textures":{"1":"modelengine:entity/azereth"},"elements":[{"from":[7.75,6.5,6.25],"to":[8.25,9.5,10.75],"faces":{"east":{"uv":[10.875,5.375,11.5,5.75],"tintindex":0,"rotation":0,"texture":"#1"},"south":{"uv":[6.875,11.25,7.0,11.625],"tintindex":0,"rotation":0,"texture":"#1"},"north":{"uv":[6.75,11.25,6.875,11.625],"tintindex":0,"rotation":0,"texture":"#1"},"west":{"uv":[10.875,5.75,11.5,6.125],"tintindex":0,"rotation":0,"texture":"#1"},"up":{"uv":[5.5,11.875,5.375,11.25],"tintindex":0,"rotation":0,"texture":"#1"},"down":{"uv":[5.625,11.25,5.5,11.875],"tintindex":0,"rotation":0,"texture":"#1"}}}],"display":{"gui":{"rotation":[30,225,0]}}}