{"textures":{"1":"modelengine:entity/azereth"},"elements":[{"from":[7.75,7.0,5.75],"to":[8.25,9.0,11.25],"faces":{"east":{"uv":[4.25,11.0,5.0,11.25],"tintindex":0,"rotation":0,"texture":"#1"},"south":{"uv":[11.375,8.5,11.5,8.75],"tintindex":0,"rotation":0,"texture":"#1"},"north":{"uv":[11.375,8.0,11.5,8.25],"tintindex":0,"rotation":0,"texture":"#1"},"west":{"uv":[9.125,11.0,9.875,11.25],"tintindex":0,"rotation":0,"texture":"#1"},"up":{"uv":[10.125,11.875,10.0,11.125],"tintindex":0,"rotation":0,"texture":"#1"},"down":{"uv":[10.25,11.125,10.125,11.875],"tintindex":0,"rotation":0,"texture":"#1"}}}],"display":{"gui":{"rotation":[30,225,0]}}}