{"textures":{"1":"modelengine:entity/azereth"},"elements":[{"from":[7.75,6.5,5.5],"to":[8.25,9.5,10.5],"faces":{"east":{"uv":[10.5,8.875,11.125,9.25],"tintindex":0,"rotation":0,"texture":"#1"},"south":{"uv":[6.0,10.5,6.125,10.875],"tintindex":0,"rotation":0,"texture":"#1"},"north":{"uv":[5.375,10.0,5.5,10.375],"tintindex":0,"rotation":0,"texture":"#1"},"west":{"uv":[10.625,1.875,11.25,2.25],"tintindex":0,"rotation":0,"texture":"#1"},"up":{"uv":[2.0,11.875,1.875,11.25],"tintindex":0,"rotation":0,"texture":"#1"},"down":{"uv":[2.125,11.25,2.0,11.875],"tintindex":0,"rotation":0,"texture":"#1"}}}],"display":{"gui":{"rotation":[30,225,0]}}}