{"textures":{"1":"modelengine:entity/azereth"},"elements":[{"from":[7.75,7.0,5.25],"to":[8.25,9.0,10.75],"faces":{"east":{"uv":[11.0,0.25,11.75,0.5],"tintindex":0,"rotation":0,"texture":"#1"},"south":{"uv":[11.375,7.625,11.5,7.875],"tintindex":0,"rotation":0,"texture":"#1"},"north":{"uv":[11.375,7.375,11.5,7.625],"tintindex":0,"rotation":0,"texture":"#1"},"west":{"uv":[2.0,11.0,2.75,11.25],"tintindex":0,"rotation":0,"texture":"#1"},"up":{"uv":[11.25,9.25,11.125,8.5],"tintindex":0,"rotation":0,"texture":"#1"},"down":{"uv":[10.0,11.125,9.875,11.875],"tintindex":0,"rotation":0,"texture":"#1"}}}],"display":{"gui":{"rotation":[30,225,0]}}}