{"textures":{"1":"modelengine:entity/azereth"},"elements":[{"from":[7.75,6.5,6.0],"to":[8.25,9.5,11.0],"faces":{"east":{"uv":[10.75,8.0,11.375,8.375],"tintindex":0,"rotation":0,"texture":"#1"},"south":{"uv":[5.875,11.25,6.0,11.625],"tintindex":0,"rotation":0,"texture":"#1"},"north":{"uv":[2.625,10.625,2.75,11.0],"tintindex":0,"rotation":0,"texture":"#1"},"west":{"uv":[9.875,10.75,10.5,11.125],"tintindex":0,"rotation":0,"texture":"#1"},"up":{"uv":[3.875,11.875,3.75,11.25],"tintindex":0,"rotation":0,"texture":"#1"},"down":{"uv":[4.0,11.25,3.875,11.875],"tintindex":0,"rotation":0,"texture":"#1"}}}],"display":{"gui":{"rotation":[30,225,0]}}}