{"textures":{"1":"modelengine:entity/azereth"},"elements":[{"from":[7.75,6.5,5.5],"to":[8.25,9.5,10.5],"faces":{"east":{"uv":[10.5,3.625,11.125,4.0],"tintindex":0,"rotation":0,"texture":"#1"},"south":{"uv":[9.75,8.625,9.875,9.0],"tintindex":0,"rotation":0,"texture":"#1"},"north":{"uv":[9.625,8.625,9.75,9.0],"tintindex":0,"rotation":0,"texture":"#1"},"west":{"uv":[4.125,10.5,4.75,10.875],"tintindex":0,"rotation":0,"texture":"#1"},"up":{"uv":[11.0,11.75,10.875,11.125],"tintindex":0,"rotation":0,"texture":"#1"},"down":{"uv":[11.125,11.125,11.0,11.75],"tintindex":0,"rotation":0,"texture":"#1"}}}],"display":{"gui":{"rotation":[30,225,0]}}}