{"textures":{"1":"modelengine:entity/azereth"},"elements":[{"from":[7.75,6.5,6.0],"to":[8.25,9.5,11.0],"faces":{"east":{"uv":[10.625,6.875,11.25,7.25],"tintindex":0,"rotation":0,"texture":"#1"},"south":{"uv":[0.375,10.625,0.5,11.0],"tintindex":0,"rotation":0,"texture":"#1"},"north":{"uv":[0.25,10.625,0.375,11.0],"tintindex":0,"rotation":0,"texture":"#1"},"west":{"uv":[10.625,7.25,11.25,7.625],"tintindex":0,"rotation":0,"texture":"#1"},"up":{"uv":[2.75,11.875,2.625,11.25],"tintindex":0,"rotation":0,"texture":"#1"},"down":{"uv":[3.75,11.25,3.625,11.875],"tintindex":0,"rotation":0,"texture":"#1"}}}],"display":{"gui":{"rotation":[30,225,0]}}}