{"textures":{"1":"modelengine:entity/azereth"},"elements":[{"from":[7.75,6.5,5.75],"to":[8.25,9.5,10.25],"faces":{"east":{"uv":[10.625,6.125,11.25,6.5],"tintindex":0,"rotation":0,"texture":"#1"},"south":{"uv":[0.125,10.625,0.25,11.0],"tintindex":0,"rotation":0,"texture":"#1"},"north":{"uv":[0.0,10.625,0.125,11.0],"tintindex":0,"rotation":0,"texture":"#1"},"west":{"uv":[10.625,6.5,11.25,6.875],"tintindex":0,"rotation":0,"texture":"#1"},"up":{"uv":[2.5,11.875,2.375,11.25],"tintindex":0,"rotation":0,"texture":"#1"},"down":{"uv":[2.625,11.25,2.5,11.875],"tintindex":0,"rotation":0,"texture":"#1"}}}],"display":{"gui":{"rotation":[30,225,0]}}}