{"textures":{"1":"modelengine:entity/azereth"},"elements":[{"from":[7.75,6.5,5.75],"to":[8.25,9.5,10.25],"faces":{"east":{"uv":[2.0,10.625,2.625,11.0],"tintindex":0,"rotation":0,"texture":"#1"},"south":{"uv":[8.875,10.5,9.0,10.875],"tintindex":0,"rotation":0,"texture":"#1"},"north":{"uv":[8.75,10.5,8.875,10.875],"tintindex":0,"rotation":0,"texture":"#1"},"west":{"uv":[4.75,10.625,5.375,11.0],"tintindex":0,"rotation":0,"texture":"#1"},"up":{"uv":[2.25,11.875,2.125,11.25],"tintindex":0,"rotation":0,"texture":"#1"},"down":{"uv":[2.375,11.25,2.25,11.875],"tintindex":0,"rotation":0,"texture":"#1"}}}],"display":{"gui":{"rotation":[30,225,0]}}}