{"textures":{"1":"modelengine:entity/azereth"},"elements":[{"from":[7.75,6.5,5.5],"to":[8.25,9.5,10.5],"faces":{"east":{"uv":[10.5,2.875,11.125,3.25],"tintindex":0,"rotation":0,"texture":"#1"},"south":{"uv":[9.625,4.625,9.75,5.0],"tintindex":0,"rotation":0,"texture":"#1"},"north":{"uv":[9.25,2.25,9.375,2.625],"tintindex":0,"rotation":0,"texture":"#1"},"west":{"uv":[10.5,3.25,11.125,3.625],"tintindex":0,"rotation":0,"texture":"#1"},"up":{"uv":[10.875,11.75,10.75,11.125],"tintindex":0,"rotation":0,"texture":"#1"},"down":{"uv":[11.25,10.75,11.125,11.375],"tintindex":0,"rotation":0,"texture":"#1"}}}],"display":{"gui":{"rotation":[30,225,0]}}}