{"textures":{"1":"modelengine:entity/azereth"},"elements":[{"from":[7.75,6.5,6.0],"to":[8.25,9.5,11.0],"faces":{"east":{"uv":[10.5,10.75,11.125,11.125],"tintindex":0,"rotation":0,"texture":"#1"},"south":{"uv":[6.125,11.25,6.25,11.625],"tintindex":0,"rotation":0,"texture":"#1"},"north":{"uv":[6.0,11.25,6.125,11.625],"tintindex":0,"rotation":0,"texture":"#1"},"west":{"uv":[10.875,0.5,11.5,0.875],"tintindex":0,"rotation":0,"texture":"#1"},"up":{"uv":[4.125,11.875,4.0,11.25],"tintindex":0,"rotation":0,"texture":"#1"},"down":{"uv":[4.25,11.25,4.125,11.875],"tintindex":0,"rotation":0,"texture":"#1"}}}],"display":{"gui":{"rotation":[30,225,0]}}}