{"textures":{"1":"modelengine:entity/azereth"},"elements":[{"from":[7.75,6.5,5.5],"to":[8.25,9.5,10.5],"faces":{"east":{"uv":[8.125,10.5,8.75,10.875],"tintindex":0,"rotation":0,"texture":"#1"},"south":{"uv":[2.875,10.0,3.0,10.375],"tintindex":0,"rotation":0,"texture":"#1"},"north":{"uv":[9.125,9.875,9.25,10.25],"tintindex":0,"rotation":0,"texture":"#1"},"west":{"uv":[10.5,8.5,11.125,8.875],"tintindex":0,"rotation":0,"texture":"#1"},"up":{"uv":[1.75,11.875,1.625,11.25],"tintindex":0,"rotation":0,"texture":"#1"},"down":{"uv":[1.875,11.25,1.75,11.875],"tintindex":0,"rotation":0,"texture":"#1"}}}],"display":{"gui":{"rotation":[30,225,0]}}}