{"textures":{"1":"modelengine:entity/azereth"},"elements":[{"from":[4.0,8.0,4.0],"to":[12.0,16.0,12.0],"faces":{"east":{"uv":[5.125,1.0,6.125,2.0],"tintindex":0,"rotation":0,"texture":"#1"},"south":{"uv":[5.125,2.0,6.125,3.0],"tintindex":0,"rotation":0,"texture":"#1"},"north":{"uv":[5.125,0.0,6.125,1.0],"tintindex":0,"rotation":0,"texture":"#1"},"west":{"uv":[5.125,3.0,6.125,4.0],"tintindex":0,"rotation":0,"texture":"#1"},"up":{"uv":[6.125,5.0,5.125,4.0],"tintindex":0,"rotation":0,"texture":"#1"},"down":{"uv":[6.125,5.0,5.125,6.0],"tintindex":0,"rotation":0,"texture":"#1"}}}],"display":{"gui":{"rotation":[30,225,0]}}}