{"textures":{"1":"modelengine:entity/azereth"},"elements":[{"from":[6.5,5.5,5.5],"to":[9.0,11.5,10.5],"faces":{"east":{"uv":[8.625,3.375,9.25,4.125],"tintindex":0,"rotation":0,"texture":"#1"},"south":{"uv":[3.25,10.375,3.625,11.125],"tintindex":0,"rotation":0,"texture":"#1"},"north":{"uv":[2.875,10.375,3.25,11.125],"tintindex":0,"rotation":0,"texture":"#1"},"west":{"uv":[8.875,6.875,9.5,7.625],"tintindex":0,"rotation":0,"texture":"#1"},"up":{"uv":[10.875,1.125,10.5,0.5],"tintindex":0,"rotation":0,"texture":"#1"},"down":{"uv":[1.375,10.5,1.0,11.125],"tintindex":0,"rotation":0,"texture":"#1"}}},{"from":[1.0,6.0,6.0],"to":[11.0,10.0,10.0],"faces":{"east":{"uv":[10.375,5.125,10.875,5.625],"tintindex":0,"rotation":0,"texture":"#1"},"south":{"uv":[7.625,6.875,8.875,7.375],"tintindex":0,"rotation":0,"texture":"#1"},"north":{"uv":[1.75,7.625,3.0,8.125],"tintindex":0,"rotation":0,"texture":"#1"},"west":{"uv":[10.375,5.625,10.875,6.125],"tintindex":0,"rotation":0,"texture":"#1"},"up":{"uv":[9.0,6.375,7.75,5.875],"tintindex":0,"rotation":0,"texture":"#1"},"down":{"uv":[9.0,6.375,7.75,6.875],"tintindex":0,"rotation":0,"texture":"#1"}}},{"from":[1.0,5.5,5.5],"to":[6.5,10.5,10.5],"faces":{"east":{"uv":[9.625,8.0,10.25,8.625],"tintindex":0,"rotation":0,"texture":"#1"},"south":{"uv":[9.0,5.125,9.75,5.75],"tintindex":0,"rotation":0,"texture":"#1"},"north":{"uv":[8.875,8.5,9.625,9.125],"tintindex":0,"rotation":0,"texture":"#1"},"west":{"uv":[3.0,9.75,3.625,10.375],"tintindex":0,"rotation":0,"texture":"#1"},"up":{"uv":[9.75,6.375,9.0,5.75],"tintindex":0,"rotation":0,"texture":"#1"},"down":{"uv":[9.875,0.25,9.125,0.875],"tintindex":0,"rotation":0,"texture":"#1"}}}],"display":{"gui":{"rotation":[30,225,0]}}}