{"textures":{"1":"modelengine:entity/azereth"},"elements":[{"from":[1.5,5.75,5.75],"to":[9.0,10.25,10.25],"faces":{"east":{"uv":[2.375,9.375,3.0,10.0],"tintindex":0,"rotation":0,"texture":"#1"},"south":{"uv":[7.5,1.375,8.5,2.0],"tintindex":0,"rotation":0,"texture":"#1"},"north":{"uv":[7.5,0.75,8.5,1.375],"tintindex":0,"rotation":0,"texture":"#1"},"west":{"uv":[9.5,6.75,10.125,7.375],"tintindex":0,"rotation":0,"texture":"#1"},"up":{"uv":[8.5,2.625,7.5,2.0],"tintindex":0,"rotation":0,"texture":"#1"},"down":{"uv":[8.5,2.625,7.5,3.25],"tintindex":0,"rotation":0,"texture":"#1"}}},{"from":[-2.0,6.0,6.0],"to":[8.0,10.0,10.0],"faces":{"east":{"uv":[3.625,10.375,4.125,10.875],"tintindex":0,"rotation":0,"texture":"#1"},"south":{"uv":[7.375,7.375,8.625,7.875],"tintindex":0,"rotation":0,"texture":"#1"},"north":{"uv":[6.125,7.375,7.375,7.875],"tintindex":0,"rotation":0,"texture":"#1"},"west":{"uv":[10.375,4.625,10.875,5.125],"tintindex":0,"rotation":0,"texture":"#1"},"up":{"uv":[8.75,0.75,7.5,0.25],"tintindex":0,"rotation":0,"texture":"#1"},"down":{"uv":[1.75,7.5,0.5,8.0],"tintindex":0,"rotation":0,"texture":"#1"}}}],"display":{"gui":{"rotation":[30,225,0]}}}