{"textures":{"0":"modelengine:entity/redstonegolem"},"elements":[{"name":"cube","from":[5.6,5.6,5.6],"to":[10.4,10.4,10.4],"rotation":{"angle":0.0,"axis":"x","origin":[9.8,4.3999996,10.4]},"faces":{"down":{"uv":[5.75,4.5,4.75,5.5],"rotation":0,"texture":"#0","tintindex":0},"east":{"uv":[4.5,0.75,5.5,1.75],"rotation":0,"texture":"#0","tintindex":0},"north":{"uv":[3.5,0.75,4.5,1.75],"rotation":0,"texture":"#0","tintindex":0},"south":{"uv":[3.75,4.625,4.75,5.625],"rotation":0,"texture":"#0","tintindex":0},"up":{"uv":[5.75,4.5,4.75,3.5],"rotation":0,"texture":"#0","tintindex":0},"west":{"uv":[4.75,1.75,5.75,2.75],"rotation":0,"texture":"#0","tintindex":0}}}],"display":{"head":{"translation":[0.0,-6.4,0.0],"rotation":[0.0,0.0,0.0],"scale":[3.8095,3.8095,3.8095]}}}