{"textures":{"0":"modelengine:entity/redstonegolem"},"elements":[{"name":"cube","from":[5.6,8.0,5.0],"to":[10.4,13.400001,9.8],"rotation":{"angle":0.0,"axis":"x","origin":[9.8,-19.0,6.8]},"faces":{"down":{"uv":[1.0,5.125,0.0,6.125],"rotation":0,"texture":"#0","tintindex":0},"east":{"uv":[3.75,3.5,4.75,4.625],"rotation":0,"texture":"#0","tintindex":0},"north":{"uv":[2.75,3.5,3.75,4.625],"rotation":0,"texture":"#0","tintindex":0},"south":{"uv":[0.0,4.0,1.0,5.125],"rotation":0,"texture":"#0","tintindex":0},"up":{"uv":[2.0,6.0,1.0,5.0],"rotation":0,"texture":"#0","tintindex":0},"west":{"uv":[2.75,4.625,3.75,5.75],"rotation":0,"texture":"#0","tintindex":0}}},{"name":"cube","from":[5.0,11.0,6.2],"to":[8.0,14.0,9.2],"rotation":{"angle":0.0,"axis":"x","origin":[9.8,-19.0,6.8]},"faces":{"down":{"uv":[9.125,8.5,8.5,9.125],"rotation":0,"texture":"#0","tintindex":0},"east":{"uv":[8.5,6.0,9.125,6.625],"rotation":0,"texture":"#0","tintindex":0},"north":{"uv":[6.0,8.5,6.625,9.125],"rotation":0,"texture":"#0","tintindex":0},"south":{"uv":[8.5,6.625,9.125,7.25],"rotation":0,"texture":"#0","tintindex":0},"up":{"uv":[9.125,8.5,8.5,7.875],"rotation":0,"texture":"#0","tintindex":0},"west":{"uv":[8.5,7.25,9.125,7.875],"rotation":0,"texture":"#0","tintindex":0}}},{"name":"cube","from":[4.3999996,12.2,6.8],"to":[5.6,17.0,8.6],"rotation":{"angle":0.0,"axis":"x","origin":[9.8,-19.0,6.8]},"faces":{"down":{"uv":[4.375,9.5,4.125,9.875],"rotation":0,"texture":"#0","tintindex":0},"east":{"uv":[1.875,8.5,2.25,9.5],"rotation":0,"texture":"#0","tintindex":0},"north":{"uv":[1.0,4.0,1.25,5.0],"rotation":0,"texture":"#0","tintindex":0},"south":{"uv":[3.5,5.75,3.75,6.75],"rotation":0,"texture":"#0","tintindex":0},"up":{"uv":[6.0,9.0,5.75,8.625],"rotation":0,"texture":"#0","tintindex":0},"west":{"uv":[8.625,0.625,9.0,1.625],"rotation":0,"texture":"#0","tintindex":0}}}],"display":{"head":{"translation":[0.0,-6.4,0.0],"rotation":[0.0,0.0,0.0],"scale":[3.8095,3.8095,3.8095]}}}