{"textures":{"0":"modelengine:entity/redstonegolem"},"elements":[{"name":"cube","from":[6.2,0.7999997,4.3999996],"to":[9.8,1.9999998,9.8],"rotation":{"angle":0.0,"axis":"x","origin":[14.0,0.7999997,6.8]},"faces":{"down":{"uv":[1.75,6.0,1.0,7.125],"rotation":0,"texture":"#0","tintindex":0},"east":{"uv":[9.0,1.75,10.125,2.0],"rotation":0,"texture":"#0","tintindex":0},"north":{"uv":[9.125,6.5,9.875,6.75],"rotation":0,"texture":"#0","tintindex":0},"south":{"uv":[9.125,6.75,9.875,7.0],"rotation":0,"texture":"#0","tintindex":0},"up":{"uv":[6.5,4.625,5.75,3.5],"rotation":0,"texture":"#0","tintindex":0},"west":{"uv":[9.0,2.0,10.125,2.25],"rotation":0,"texture":"#0","tintindex":0}}},{"name":"cube","from":[6.2,1.9999998,6.8],"to":[9.8,7.4,9.8],"rotation":{"angle":0.0,"axis":"x","origin":[14.0,0.7999997,6.8]},"faces":{"down":{"uv":[8.5,7.125,7.75,7.75],"rotation":0,"texture":"#0","tintindex":0},"east":{"uv":[3.5,6.75,4.125,7.875],"rotation":0,"texture":"#0","tintindex":0},"north":{"uv":[4.5,6.0,5.25,7.125],"rotation":0,"texture":"#0","tintindex":0},"south":{"uv":[5.25,6.0,6.0,7.125],"rotation":0,"texture":"#0","tintindex":0},"up":{"uv":[8.5,7.125,7.75,6.5],"rotation":0,"texture":"#0","tintindex":0},"west":{"uv":[6.0,6.75,6.625,7.875],"rotation":0,"texture":"#0","tintindex":0}}},{"name":"cube","from":[6.8,1.9999998,6.2],"to":[9.2,7.4,6.8],"rotation":{"angle":0.0,"axis":"x","origin":[14.0,0.7999997,6.8]},"faces":{"down":{"uv":[10.0,5.125,9.5,5.25],"rotation":0,"texture":"#0","tintindex":0},"east":{"uv":[5.25,9.25,5.375,10.375],"rotation":0,"texture":"#0","tintindex":0},"north":{"uv":[3.0,6.875,3.5,8.0],"rotation":0,"texture":"#0","tintindex":0},"south":{"uv":[6.875,4.5,7.375,5.625],"rotation":0,"texture":"#0","tintindex":0},"up":{"uv":[10.0,5.125,9.5,5.0],"rotation":0,"texture":"#0","tintindex":0},"west":{"uv":[5.375,9.25,5.5,10.375],"rotation":0,"texture":"#0","tintindex":0}}},{"name":"cube","from":[6.2,7.4,6.2],"to":[9.8,8.0,9.8],"rotation":{"angle":0.0,"axis":"x","origin":[14.0,0.7999997,6.8]},"faces":{"down":{"uv":[1.5,7.125,0.75,7.875],"rotation":0,"texture":"#0","tintindex":0},"east":{"uv":[2.625,9.5,3.375,9.625],"rotation":0,"texture":"#0","tintindex":0},"north":{"uv":[9.5,2.5,10.25,2.625],"rotation":0,"texture":"#0","tintindex":0},"south":{"uv":[9.5,2.625,10.25,2.75],"rotation":0,"texture":"#0","tintindex":0},"up":{"uv":[0.75,7.875,0.0,7.125],"rotation":0,"texture":"#0","tintindex":0},"west":{"uv":[9.5,2.75,10.25,2.875],"rotation":0,"texture":"#0","tintindex":0}}}],"display":{"head":{"translation":[0.0,-6.4,0.0],"rotation":[0.0,0.0,0.0],"scale":[3.8095,3.8095,3.8095]}}}