{"textures":{"0":"modelengine:entity/redstonegolem"},"elements":[{"name":"cube","from":[5.0,3.1999998,6.8],"to":[7.4,5.6,9.2],"rotation":{"angle":0.0,"axis":"x","origin":[12.2,-4.0000005,6.8]},"faces":{"down":{"uv":[3.875,9.125,3.375,9.625],"rotation":0,"texture":"#0","tintindex":0},"east":{"uv":[9.125,0.0,9.625,0.5],"rotation":0,"texture":"#0","tintindex":0},"north":{"uv":[0.0,9.125,0.5,9.625],"rotation":0,"texture":"#0","tintindex":0},"south":{"uv":[0.5,9.125,1.0,9.625],"rotation":0,"texture":"#0","tintindex":0},"up":{"uv":[9.625,3.75,9.125,3.25],"rotation":0,"texture":"#0","tintindex":0},"west":{"uv":[1.0,9.125,1.5,9.625],"rotation":0,"texture":"#0","tintindex":0}}},{"name":"cube","from":[4.3999996,5.6,6.2],"to":[8.0,8.6,9.8],"rotation":{"angle":0.0,"axis":"x","origin":[12.2,-4.0000005,6.8]},"faces":{"down":{"uv":[7.875,2.75,7.125,3.5],"rotation":0,"texture":"#0","tintindex":0},"east":{"uv":[7.875,1.625,8.625,2.25],"rotation":0,"texture":"#0","tintindex":0},"north":{"uv":[1.5,7.875,2.25,8.5],"rotation":0,"texture":"#0","tintindex":0},"south":{"uv":[7.875,2.25,8.625,2.875],"rotation":0,"texture":"#0","tintindex":0},"up":{"uv":[7.875,2.75,7.125,2.0],"rotation":0,"texture":"#0","tintindex":0},"west":{"uv":[7.875,2.875,8.625,3.5],"rotation":0,"texture":"#0","tintindex":0}}}],"display":{"head":{"translation":[0.0,-6.4,0.0],"rotation":[0.0,0.0,0.0],"scale":[3.8095,3.8095,3.8095]}}}