{"textures":{"0":"modelengine:entity/redstonegolem"},"elements":[{"name":"cube","from":[6.5,3.7999997,6.5],"to":[9.5,8.0,9.5],"rotation":{"angle":0.0,"axis":"x","origin":[16.7,-11.200001,6.5]},"faces":{"down":{"uv":[9.125,3.5,8.5,4.125],"rotation":0,"texture":"#0","tintindex":0},"east":{"uv":[7.25,3.5,7.875,4.375],"rotation":0,"texture":"#0","tintindex":0},"north":{"uv":[7.125,6.5,7.75,7.375],"rotation":0,"texture":"#0","tintindex":0},"south":{"uv":[7.375,4.375,8.0,5.25],"rotation":0,"texture":"#0","tintindex":0},"up":{"uv":[4.125,9.125,3.5,8.5],"rotation":0,"texture":"#0","tintindex":0},"west":{"uv":[7.125,7.375,7.75,8.25],"rotation":0,"texture":"#0","tintindex":0}}},{"name":"cube","from":[6.5,2.6,6.5],"to":[8.3,3.7999997,9.5],"rotation":{"angle":0.0,"axis":"x","origin":[16.7,-11.200001,6.5]},"faces":{"down":{"uv":[6.125,9.125,5.75,9.75],"rotation":0,"texture":"#0","tintindex":0},"east":{"uv":[9.5,0.75,10.125,1.0],"rotation":0,"texture":"#0","tintindex":0},"north":{"uv":[9.5,3.75,9.875,4.0],"rotation":0,"texture":"#0","tintindex":0},"south":{"uv":[9.5,4.0,9.875,4.25],"rotation":0,"texture":"#0","tintindex":0},"up":{"uv":[9.5,6.25,9.125,5.625],"rotation":0,"texture":"#0","tintindex":0},"west":{"uv":[9.5,1.0,10.125,1.25],"rotation":0,"texture":"#0","tintindex":0}}},{"name":"cube","from":[6.5,1.9999998,6.5],"to":[9.5,2.6,9.5],"rotation":{"angle":0.0,"axis":"x","origin":[16.7,-11.200001,6.5]},"faces":{"down":{"uv":[9.125,5.375,8.5,6.0],"rotation":0,"texture":"#0","tintindex":0},"east":{"uv":[9.5,4.625,10.125,4.75],"rotation":0,"texture":"#0","tintindex":0},"north":{"uv":[9.5,4.5,10.125,4.625],"rotation":0,"texture":"#0","tintindex":0},"south":{"uv":[9.5,4.75,10.125,4.875],"rotation":0,"texture":"#0","tintindex":0},"up":{"uv":[9.125,5.375,8.5,4.75],"rotation":0,"texture":"#0","tintindex":0},"west":{"uv":[9.5,4.875,10.125,5.0],"rotation":0,"texture":"#0","tintindex":0}}}],"display":{"head":{"translation":[0.0,-6.4,0.0],"rotation":[0.0,0.0,0.0],"scale":[3.8095,3.8095,3.8095]}}}