{"textures":{"0":"modelengine:entity/redstonegolem"},"elements":[{"name":"cube","from":[3.7999997,18.8,8.0],"to":[5.0,20.600002,10.4],"rotation":{"angle":0.0,"axis":"x","origin":[8.0,8.0,8.0]},"faces":{"down":{"uv":[1.0,6.125,0.75,6.625],"rotation":0,"texture":"#0","tintindex":0},"east":{"uv":[6.625,7.875,7.125,8.25],"rotation":0,"texture":"#0","tintindex":0},"north":{"uv":[4.5,5.625,4.75,6.0],"rotation":0,"texture":"#0","tintindex":0},"south":{"uv":[6.875,5.625,7.125,6.0],"rotation":0,"texture":"#0","tintindex":0},"up":{"uv":[3.0,2.25,2.75,1.75],"rotation":0,"texture":"#0","tintindex":0},"west":{"uv":[6.125,9.125,6.625,9.5],"rotation":0,"texture":"#0","tintindex":0}}},{"name":"cube","from":[7.4,18.8,8.0],"to":[8.6,20.600002,10.4],"rotation":{"angle":0.0,"axis":"x","origin":[8.0,8.0,8.0]},"faces":{"down":{"uv":[1.0,6.625,0.75,7.125],"rotation":0,"texture":"#0","tintindex":0},"east":{"uv":[9.125,7.0,9.625,7.375],"rotation":0,"texture":"#0","tintindex":0},"north":{"uv":[2.25,7.125,2.5,7.5],"rotation":0,"texture":"#0","tintindex":0},"south":{"uv":[2.25,7.5,2.5,7.875],"rotation":0,"texture":"#0","tintindex":0},"up":{"uv":[2.75,6.625,2.5,6.125],"rotation":0,"texture":"#0","tintindex":0},"west":{"uv":[9.125,7.375,9.625,7.75],"rotation":0,"texture":"#0","tintindex":0}}},{"name":"cube","from":[1.9999998,20.600002,6.8],"to":[10.4,23.0,11.6],"rotation":{"angle":0.0,"axis":"x","origin":[8.0,8.0,8.0]},"faces":{"down":{"uv":[4.75,1.75,3.0,2.75],"rotation":0,"texture":"#0","tintindex":0},"east":{"uv":[7.5,0.0,8.5,0.5],"rotation":0,"texture":"#0","tintindex":0},"north":{"uv":[4.75,5.5,6.5,6.0],"rotation":0,"texture":"#0","tintindex":0},"south":{"uv":[5.75,0.0,7.5,0.5],"rotation":0,"texture":"#0","tintindex":0},"up":{"uv":[3.0,3.25,1.25,2.25],"rotation":0,"texture":"#0","tintindex":0},"west":{"uv":[7.5,0.5,8.5,1.0],"rotation":0,"texture":"#0","tintindex":0}}}],"display":{"head":{"translation":[0.0,-6.4,0.0],"rotation":[0.0,0.0,0.0],"scale":[3.8095,3.8095,3.8095]}}}