{"textures":{"0":"modelengine:entity/redstonegolem"},"elements":[{"name":"cube","from":[5.6,6.2,6.5],"to":[8.6,9.2,9.5],"rotation":{"angle":0.0,"axis":"x","origin":[15.8,-17.2,6.5]},"faces":{"down":{"uv":[8.5,8.375,7.875,9.0],"rotation":0,"texture":"#0","tintindex":0},"east":{"uv":[4.75,8.0,5.375,8.625],"rotation":0,"texture":"#0","tintindex":0},"north":{"uv":[8.0,4.125,8.625,4.75],"rotation":0,"texture":"#0","tintindex":0},"south":{"uv":[5.375,8.0,6.0,8.625],"rotation":0,"texture":"#0","tintindex":0},"up":{"uv":[7.875,9.0,7.25,8.375],"rotation":0,"texture":"#0","tintindex":0},"west":{"uv":[6.625,8.25,7.25,8.875],"rotation":0,"texture":"#0","tintindex":0}}},{"name":"cube","from":[6.2,1.9999998,7.1],"to":[8.0,6.2,8.9],"rotation":{"angle":0.0,"axis":"x","origin":[15.8,-17.2,6.5]},"faces":{"down":{"uv":[2.625,9.5,2.25,9.875],"rotation":0,"texture":"#0","tintindex":0},"east":{"uv":[4.125,8.625,4.5,9.5],"rotation":0,"texture":"#0","tintindex":0},"north":{"uv":[3.0,8.625,3.375,9.5],"rotation":0,"texture":"#0","tintindex":0},"south":{"uv":[4.5,8.625,4.875,9.5],"rotation":0,"texture":"#0","tintindex":0},"up":{"uv":[2.25,9.875,1.875,9.5],"rotation":0,"texture":"#0","tintindex":0},"west":{"uv":[4.875,8.625,5.25,9.5],"rotation":0,"texture":"#0","tintindex":0}}}],"display":{"head":{"translation":[0.0,-6.4,0.0],"rotation":[0.0,0.0,0.0],"scale":[3.8095,3.8095,3.8095]}}}