{"textures":{"0":"modelengine:entity/redstonegolem"},"elements":[{"name":"cube","from":[6.2,0.7999997,4.3999996],"to":[9.8,1.9999998,9.8],"rotation":{"angle":0.0,"axis":"x","origin":[6.2,12.8,8.0]},"faces":{"down":{"uv":[4.5,5.625,3.75,6.75],"rotation":0,"texture":"#0","tintindex":0},"east":{"uv":[9.0,1.25,10.125,1.5],"rotation":0,"texture":"#0","tintindex":0},"north":{"uv":[5.75,0.5,6.5,0.75],"rotation":0,"texture":"#0","tintindex":0},"south":{"uv":[9.125,6.25,9.875,6.5],"rotation":0,"texture":"#0","tintindex":0},"up":{"uv":[2.75,6.125,2.0,5.0],"rotation":0,"texture":"#0","tintindex":0},"west":{"uv":[9.0,1.5,10.125,1.75],"rotation":0,"texture":"#0","tintindex":0}}},{"name":"cube","from":[6.2,1.9999998,6.8],"to":[9.8,7.4,9.8],"rotation":{"angle":0.0,"axis":"x","origin":[5.6,0.7999997,6.8]},"faces":{"down":{"uv":[8.5,5.875,7.75,6.5],"rotation":0,"texture":"#0","tintindex":0},"east":{"uv":[6.5,1.5,7.125,2.625],"rotation":0,"texture":"#0","tintindex":0},"north":{"uv":[5.75,1.5,6.5,2.625],"rotation":0,"texture":"#0","tintindex":0},"south":{"uv":[2.75,5.75,3.5,6.875],"rotation":0,"texture":"#0","tintindex":0},"up":{"uv":[8.5,5.875,7.75,5.25],"rotation":0,"texture":"#0","tintindex":0},"west":{"uv":[6.5,2.625,7.125,3.75],"rotation":0,"texture":"#0","tintindex":0}}},{"name":"cube","from":[6.8,1.9999998,6.2],"to":[9.2,7.4,6.8],"rotation":{"angle":0.0,"axis":"x","origin":[5.6,0.7999997,6.8]},"faces":{"down":{"uv":[9.125,3.375,8.625,3.5],"rotation":0,"texture":"#0","tintindex":0},"east":{"uv":[3.875,9.125,4.0,10.25],"rotation":0,"texture":"#0","tintindex":0},"north":{"uv":[6.625,6.75,7.125,7.875],"rotation":0,"texture":"#0","tintindex":0},"south":{"uv":[2.5,6.875,3.0,8.0],"rotation":0,"texture":"#0","tintindex":0},"up":{"uv":[7.75,8.375,7.25,8.25],"rotation":0,"texture":"#0","tintindex":0},"west":{"uv":[4.0,9.125,4.125,10.25],"rotation":0,"texture":"#0","tintindex":0}}},{"name":"cube","from":[6.2,7.4,6.2],"to":[9.8,8.0,9.8],"rotation":{"angle":0.0,"axis":"x","origin":[5.6,0.7999997,6.8]},"faces":{"down":{"uv":[7.5,0.5,6.75,1.25],"rotation":0,"texture":"#0","tintindex":0},"east":{"uv":[5.75,5.375,6.5,5.5],"rotation":0,"texture":"#0","tintindex":0},"north":{"uv":[5.75,2.625,6.5,2.75],"rotation":0,"texture":"#0","tintindex":0},"south":{"uv":[9.5,2.25,10.25,2.375],"rotation":0,"texture":"#0","tintindex":0},"up":{"uv":[7.25,4.5,6.5,3.75],"rotation":0,"texture":"#0","tintindex":0},"west":{"uv":[9.5,2.375,10.25,2.5],"rotation":0,"texture":"#0","tintindex":0}}}],"display":{"head":{"translation":[0.0,-6.4,0.0],"rotation":[0.0,0.0,0.0],"scale":[3.8095,3.8095,3.8095]}}}