{"textures":{"0":"modelengine:entity/redstonegolem"},"elements":[{"name":"cube","from":[8.6,3.1999998,6.8],"to":[11.0,5.6,9.2],"rotation":{"angle":0.0,"axis":"x","origin":[7.4,-4.0000005,6.8]},"faces":{"down":{"uv":[8.125,9.0,7.625,9.5],"rotation":0,"texture":"#0","tintindex":0},"east":{"uv":[8.0,4.75,8.5,5.25],"rotation":0,"texture":"#0","tintindex":0},"north":{"uv":[2.25,1.75,2.75,2.25],"rotation":0,"texture":"#0","tintindex":0},"south":{"uv":[9.0,2.25,9.5,2.75],"rotation":0,"texture":"#0","tintindex":0},"up":{"uv":[7.625,9.5,7.125,9.0],"rotation":0,"texture":"#0","tintindex":0},"west":{"uv":[9.0,2.75,9.5,3.25],"rotation":0,"texture":"#0","tintindex":0}}},{"name":"cube","from":[8.0,5.6,6.2],"to":[11.6,8.6,9.8],"rotation":{"angle":0.0,"axis":"x","origin":[7.4,-4.0000005,6.8]},"faces":{"down":{"uv":[2.25,7.125,1.5,7.875],"rotation":0,"texture":"#0","tintindex":0},"east":{"uv":[0.0,7.875,0.75,8.5],"rotation":0,"texture":"#0","tintindex":0},"north":{"uv":[7.75,7.75,8.5,8.375],"rotation":0,"texture":"#0","tintindex":0},"south":{"uv":[0.75,7.875,1.5,8.5],"rotation":0,"texture":"#0","tintindex":0},"up":{"uv":[7.875,2.0,7.125,1.25],"rotation":0,"texture":"#0","tintindex":0},"west":{"uv":[7.875,1.0,8.625,1.625],"rotation":0,"texture":"#0","tintindex":0}}}],"display":{"head":{"translation":[0.0,-6.4,0.0],"rotation":[0.0,0.0,0.0],"scale":[3.8095,3.8095,3.8095]}}}