{"textures":{"0":"modelengine:entity/redstonegolem"},"elements":[{"name":"cube","from":[6.5,3.7999997,6.5],"to":[9.5,8.0,9.5],"rotation":{"angle":0.0,"axis":"x","origin":[2.8999999,-11.200001,6.5]},"faces":{"down":{"uv":[9.125,0.0,8.5,0.625],"rotation":0,"texture":"#0","tintindex":0},"east":{"uv":[4.75,7.125,5.375,8.0],"rotation":0,"texture":"#0","tintindex":0},"north":{"uv":[4.125,7.125,4.75,8.0],"rotation":0,"texture":"#0","tintindex":0},"south":{"uv":[5.375,7.125,6.0,8.0],"rotation":0,"texture":"#0","tintindex":0},"up":{"uv":[0.625,9.125,0.0,8.5],"rotation":0,"texture":"#0","tintindex":0},"west":{"uv":[7.125,5.625,7.75,6.5],"rotation":0,"texture":"#0","tintindex":0}}},{"name":"cube","from":[7.7,2.6,6.5],"to":[9.5,3.7999997,9.5],"rotation":{"angle":0.0,"axis":"x","origin":[2.8999999,-11.200001,6.5]},"faces":{"down":{"uv":[9.5,5.0,9.125,5.625],"rotation":0,"texture":"#0","tintindex":0},"east":{"uv":[8.875,9.25,9.5,9.5],"rotation":0,"texture":"#0","tintindex":0},"north":{"uv":[6.75,1.25,7.125,1.5],"rotation":0,"texture":"#0","tintindex":0},"south":{"uv":[7.5,1.0,7.875,1.25],"rotation":0,"texture":"#0","tintindex":0},"up":{"uv":[9.5,5.0,9.125,4.375],"rotation":0,"texture":"#0","tintindex":0},"west":{"uv":[9.5,0.5,10.125,0.75],"rotation":0,"texture":"#0","tintindex":0}}},{"name":"cube","from":[6.5,1.9999998,6.5],"to":[9.5,2.6,9.5],"rotation":{"angle":0.0,"axis":"x","origin":[2.8999999,-11.200001,6.5]},"faces":{"down":{"uv":[1.875,8.5,1.25,9.125],"rotation":0,"texture":"#0","tintindex":0},"east":{"uv":[9.5,4.25,10.125,4.375],"rotation":0,"texture":"#0","tintindex":0},"north":{"uv":[9.5,3.125,10.125,3.25],"rotation":0,"texture":"#0","tintindex":0},"south":{"uv":[4.375,9.5,5.0,9.625],"rotation":0,"texture":"#0","tintindex":0},"up":{"uv":[1.25,9.125,0.625,8.5],"rotation":0,"texture":"#0","tintindex":0},"west":{"uv":[9.5,4.375,10.125,4.5],"rotation":0,"texture":"#0","tintindex":0}}}],"display":{"head":{"translation":[0.0,-6.4,0.0],"rotation":[0.0,0.0,0.0],"scale":[3.8095,3.8095,3.8095]}}}