{"textures":{"0":"modelengine:entity/redstonegolem"},"elements":[{"name":"cube","from":[8.0,6.2,6.5],"to":[11.0,9.2,9.5],"rotation":{"angle":0.0,"axis":"x","origin":[4.3999996,-17.2,6.5]},"faces":{"down":{"uv":[4.75,8.0,4.125,8.625],"rotation":0,"texture":"#0","tintindex":0},"east":{"uv":[7.875,3.5,8.5,4.125],"rotation":0,"texture":"#0","tintindex":0},"north":{"uv":[3.5,7.875,4.125,8.5],"rotation":0,"texture":"#0","tintindex":0},"south":{"uv":[6.0,7.875,6.625,8.5],"rotation":0,"texture":"#0","tintindex":0},"up":{"uv":[3.5,8.625,2.875,8.0],"rotation":0,"texture":"#0","tintindex":0},"west":{"uv":[2.25,8.0,2.875,8.625],"rotation":0,"texture":"#0","tintindex":0}}},{"name":"cube","from":[8.6,1.9999998,7.1],"to":[10.4,6.2,8.9],"rotation":{"angle":0.0,"axis":"x","origin":[4.3999996,-17.2,6.5]},"faces":{"down":{"uv":[7.75,5.25,7.375,5.625],"rotation":0,"texture":"#0","tintindex":0},"east":{"uv":[2.25,8.625,2.625,9.5],"rotation":0,"texture":"#0","tintindex":0},"north":{"uv":[8.625,1.625,9.0,2.5],"rotation":0,"texture":"#0","tintindex":0},"south":{"uv":[8.625,2.5,9.0,3.375],"rotation":0,"texture":"#0","tintindex":0},"up":{"uv":[4.5,7.125,4.125,6.75],"rotation":0,"texture":"#0","tintindex":0},"west":{"uv":[2.625,8.625,3.0,9.5],"rotation":0,"texture":"#0","tintindex":0}}}],"display":{"head":{"translation":[0.0,-6.4,0.0],"rotation":[0.0,0.0,0.0],"scale":[3.8095,3.8095,3.8095]}}}