{"textures":{"0":"modelengine:entity/redstonegolem"},"elements":[{"name":"cube","from":[5.0,8.0,6.2],"to":[11.0,16.400002,9.8],"rotation":{"angle":0.0,"axis":"x","origin":[8.0,8.0,8.0]},"faces":{"down":{"uv":[6.75,0.75,5.5,1.5],"rotation":0,"texture":"#0","tintindex":0},"east":{"uv":[1.25,3.25,2.0,5.0],"rotation":0,"texture":"#0","tintindex":0},"north":{"uv":[0.0,2.25,1.25,4.0],"rotation":0,"texture":"#0","tintindex":0},"south":{"uv":[2.25,0.0,3.5,1.75],"rotation":0,"texture":"#0","tintindex":0},"up":{"uv":[6.5,3.5,5.25,2.75],"rotation":0,"texture":"#0","tintindex":0},"west":{"uv":[2.0,3.25,2.75,5.0],"rotation":0,"texture":"#0","tintindex":0}}},{"name":"cube","from":[2.6,16.400002,5.6],"to":[13.400001,20.0,11.0],"rotation":{"angle":0.0,"axis":"x","origin":[8.0,8.0,8.0]},"faces":{"down":{"uv":[2.25,1.125,0.0,2.25],"rotation":0,"texture":"#0","tintindex":0},"east":{"uv":[5.75,4.625,6.875,5.375],"rotation":0,"texture":"#0","tintindex":0},"north":{"uv":[3.0,2.75,5.25,3.5],"rotation":0,"texture":"#0","tintindex":0},"south":{"uv":[3.5,0.0,5.75,0.75],"rotation":0,"texture":"#0","tintindex":0},"up":{"uv":[2.25,1.125,0.0,0.0],"rotation":0,"texture":"#0","tintindex":0},"west":{"uv":[6.0,6.0,7.125,6.75],"rotation":0,"texture":"#0","tintindex":0}}},{"name":"cube","from":[3.1999998,13.400001,6.8],"to":[5.0,16.400002,9.2],"rotation":{"angle":0.0,"axis":"x","origin":[8.0,8.0,8.0]},"faces":{"down":{"uv":[9.5,8.25,9.125,8.75],"rotation":0,"texture":"#0","tintindex":0},"east":{"uv":[8.625,4.125,9.125,4.75],"rotation":0,"texture":"#0","tintindex":0},"north":{"uv":[6.5,5.375,6.875,6.0],"rotation":0,"texture":"#0","tintindex":0},"south":{"uv":[8.125,9.0,8.5,9.625],"rotation":0,"texture":"#0","tintindex":0},"up":{"uv":[9.5,8.25,9.125,7.75],"rotation":0,"texture":"#0","tintindex":0},"west":{"uv":[5.25,8.625,5.75,9.25],"rotation":0,"texture":"#0","tintindex":0}}},{"name":"cube","from":[11.0,13.400001,6.8],"to":[12.8,16.400002,9.2],"rotation":{"angle":0.0,"axis":"x","origin":[8.0,8.0,8.0]},"faces":{"down":{"uv":[9.5,8.75,9.125,9.25],"rotation":0,"texture":"#0","tintindex":0},"east":{"uv":[6.625,8.875,7.125,9.5],"rotation":0,"texture":"#0","tintindex":0},"north":{"uv":[1.5,9.125,1.875,9.75],"rotation":0,"texture":"#0","tintindex":0},"south":{"uv":[9.125,3.75,9.5,4.375],"rotation":0,"texture":"#0","tintindex":0},"up":{"uv":[8.875,9.625,8.5,9.125],"rotation":0,"texture":"#0","tintindex":0},"west":{"uv":[9.0,0.625,9.5,1.25],"rotation":0,"texture":"#0","tintindex":0}}},{"name":"cube","from":[6.2,8.0,5.6],"to":[9.8,12.8,6.2],"rotation":{"angle":0.0,"axis":"x","origin":[8.0,8.0,8.0]},"faces":{"down":{"uv":[10.25,3.0,9.5,3.125],"rotation":0,"texture":"#0","tintindex":0},"east":{"uv":[5.5,9.25,5.625,10.25],"rotation":0,"texture":"#0","tintindex":0},"north":{"uv":[0.0,6.125,0.75,7.125],"rotation":0,"texture":"#0","tintindex":0},"south":{"uv":[1.75,6.125,2.5,7.125],"rotation":0,"texture":"#0","tintindex":0},"up":{"uv":[10.25,3.0,9.5,2.875],"rotation":0,"texture":"#0","tintindex":0},"west":{"uv":[5.625,9.25,5.75,10.25],"rotation":0,"texture":"#0","tintindex":0}}}],"display":{"head":{"translation":[0.0,-6.4,0.0],"rotation":[0.0,0.0,0.0],"scale":[3.8095,3.8095,3.8095]}}}