{"textures":{"0":"modelengine:entity/airgolem"},"elements":[{"from":[5.0,8.5,6.5],"to":[9.0,11.5,9.5],"faces":{"east":{"uv":[0.0,7.5,0.75,8.25],"tintindex":0,"rotation":0,"texture":"#0"},"south":{"uv":[6.75,3.5,7.75,4.25],"tintindex":0,"rotation":0,"texture":"#0"},"north":{"uv":[4.75,3.5,5.75,4.25],"tintindex":0,"rotation":0,"texture":"#0"},"west":{"uv":[0.75,7.5,1.5,8.25],"tintindex":0,"rotation":0,"texture":"#0"},"up":{"uv":[7.75,7.25,6.75,6.5],"tintindex":0,"rotation":0,"texture":"#0"},"down":{"uv":[8.0,0.75,7.0,1.5],"tintindex":0,"rotation":0,"texture":"#0"}}},{"from":[6.0,8.0,6.0],"to":[10.0,10.0,10.0],"faces":{"east":{"uv":[1.0,9.0,2.0,9.5],"tintindex":0,"rotation":0,"texture":"#0"},"south":{"uv":[2.0,9.0,3.0,9.5],"tintindex":0,"rotation":0,"texture":"#0"},"north":{"uv":[0.0,9.0,1.0,9.5],"tintindex":0,"rotation":0,"texture":"#0"},"west":{"uv":[9.0,2.0,10.0,2.5],"tintindex":0,"rotation":0,"texture":"#0"},"up":{"uv":[1.0,6.75,0.0,5.75],"tintindex":0,"rotation":0,"texture":"#0"},"down":{"uv":[6.75,0.0,5.75,1.0],"tintindex":0,"rotation":0,"texture":"#0"}}}],"display":{"gui":{"rotation":[30,225,0]}}}