{"textures":{"0":"modelengine:entity/airgolem"},"elements":[{"from":[5.75,6.0,2.0],"to":[9.75,10.0,8.0],"faces":{"east":{"uv":[0.0,2.75,1.5,3.75],"tintindex":0,"rotation":0,"texture":"#0"},"south":{"uv":[3.25,5.25,4.25,6.25],"tintindex":0,"rotation":0,"texture":"#0"},"north":{"uv":[5.0,1.5,6.0,2.5],"tintindex":0,"rotation":0,"texture":"#0"},"west":{"uv":[1.5,2.75,3.0,3.75],"tintindex":0,"rotation":0,"texture":"#0"},"up":{"uv":[4.0,1.5,3.0,0.0],"tintindex":0,"rotation":0,"texture":"#0"},"down":{"uv":[4.0,2.75,3.0,4.25],"tintindex":0,"rotation":0,"texture":"#0"}}}],"display":{"gui":{"rotation":[30,225,0]}}}