{"textures":{"0":"modelengine:entity/moab"},"elements":[{"name":"cube","from":[-1.6000004,-1.6000004,-16.0],"to":[17.6,17.6,-13.599999],"rotation":{"angle":0.0,"axis":"x","origin":[8.0,8.0,-14.799999]},"faces":{"down":{"uv":[11.0,3.5,9.0,3.75],"rotation":0,"texture":"#0","tintindex":0},"east":{"uv":[5.25,8.0,5.5,10.0],"rotation":0,"texture":"#0","tintindex":0},"north":{"uv":[7.0,3.0,9.0,5.0],"rotation":0,"texture":"#0","tintindex":0},"south":{"uv":[7.0,5.0,9.0,7.0],"rotation":0,"texture":"#0","tintindex":0},"up":{"uv":[2.0,9.25,0.0,9.0],"rotation":0,"texture":"#0","tintindex":0},"west":{"uv":[5.5,8.0,5.75,10.0],"rotation":0,"texture":"#0","tintindex":0}}},{"name":"cube","from":[6.8,-11.200001,20.000004],"to":[9.2,27.2,29.600002],"rotation":{"angle":0.0,"axis":"x","origin":[8.0,8.0,24.800003]},"faces":{"down":{"uv":[6.625,8.0,6.375,9.0],"rotation":0,"texture":"#0","tintindex":0},"east":{"uv":[3.0,6.0,4.0,10.0],"rotation":0,"texture":"#0","tintindex":0},"north":{"uv":[4.0,8.0,4.25,12.0],"rotation":0,"texture":"#0","tintindex":0},"south":{"uv":[4.25,8.0,4.5,12.0],"rotation":0,"texture":"#0","tintindex":0},"up":{"uv":[6.375,9.0,6.125,8.0],"rotation":0,"texture":"#0","tintindex":0},"west":{"uv":[7.0,7.0,8.0,11.0],"rotation":0,"texture":"#0","tintindex":0}}},{"name":"cube","from":[-11.200001,6.8,20.000004],"to":[27.2,9.2,29.600002],"rotation":{"angle":0.0,"axis":"x","origin":[8.0,8.0,24.800003]},"faces":{"down":{"uv":[12.0,8.0,8.0,9.0],"rotation":0,"texture":"#0","tintindex":0},"east":{"uv":[2.0,9.0,3.0,9.25],"rotation":0,"texture":"#0","tintindex":0},"north":{"uv":[9.0,3.0,13.0,3.25],"rotation":0,"texture":"#0","tintindex":0},"south":{"uv":[9.0,3.25,13.0,3.5],"rotation":0,"texture":"#0","tintindex":0},"up":{"uv":[12.0,8.0,8.0,7.0],"rotation":0,"texture":"#0","tintindex":0},"west":{"uv":[9.0,3.75,10.0,4.0],"rotation":0,"texture":"#0","tintindex":0}}},{"name":"cube","from":[-6.4000006,-6.4000006,-13.599999],"to":[22.400002,22.400002,24.800003],"rotation":{"angle":0.0,"axis":"x","origin":[8.0,8.0,5.6000023]},"faces":{"down":{"uv":[7.0,4.0,4.0,8.0],"rotation":0,"texture":"#0","tintindex":0},"east":{"uv":[0.0,0.0,4.0,3.0],"rotation":0,"texture":"#0","tintindex":0},"north":{"uv":[0.0,6.0,3.0,9.0],"rotation":0,"texture":"#0","tintindex":0},"south":{"uv":[7.0,0.0,10.0,3.0],"rotation":0,"texture":"#0","tintindex":0},"up":{"uv":[7.0,4.0,4.0,0.0],"rotation":0,"texture":"#0","tintindex":0},"west":{"uv":[0.0,3.0,4.0,6.0],"rotation":0,"texture":"#0","tintindex":0}}}],"display":{"head":{"translation":[0.0,-6.4,-7.8400087],"rotation":[0.0,0.0,0.0],"scale":[3.8095,3.8095,3.8095]}}}