{"textures":{"0":"modelengine:entity/moab"},"elements":[{"name":"cube","from":[6.2,-1.6000004,7.1],"to":[9.8,17.6,8.9],"rotation":{"angle":0.0,"axis":"x","origin":[8.0,8.0,8.0]},"faces":{"down":{"uv":[7.0,8.1875,6.625,8.375],"rotation":0,"texture":"#0","tintindex":0},"east":{"uv":[5.75,8.0,5.9375,10.0],"rotation":0,"texture":"#0","tintindex":0},"north":{"uv":[4.5,8.0,4.875,10.0],"rotation":0,"texture":"#0","tintindex":0},"south":{"uv":[4.875,8.0,5.25,10.0],"rotation":0,"texture":"#0","tintindex":0},"up":{"uv":[7.0,8.1875,6.625,8.0],"rotation":0,"texture":"#0","tintindex":0},"west":{"uv":[5.9375,8.0,6.125,10.0],"rotation":0,"texture":"#0","tintindex":0}}}],"display":{"head":{"translation":[0.0,-6.4,0.0],"rotation":[0.0,0.0,0.0],"scale":[3.8095,3.8095,3.8095]}}}